mint,burned,burn_utc,burn_signature,current_raw_owner,current_world_staked,current_beneficial_owner,current_world_staking_wallet,latest_event_utc,latest_signature,quest_user_wallet,quest_staking_wallet,current_stake_deposit_utc,current_stake_deposit_signature,best_known_last_qualifying_quest_utc,best_known_last_qualifying_quest_signature,quest_history_source,deep_history_status
13Xdnkx9y344akK1NWbG1GNdJ3TJvdmbRf9q8PXfYwCZ,0,,,FYL4LRChq2a6w8PenydNEd1ExoKpBVNpueitXAXanSGy,1,FpqrjWJpTNwv1b1nu3Kouzn7KRZeAxcvyXfHgkGFQ9Gd,FYL4LRChq2a6w8PenydNEd1ExoKpBVNpueitXAXanSGy,2025-04-19T15:12:14Z,3cJSGsPbnfKGdXGc83SLEnxUt2a438qfmKHpJ3jYhPie3yKXJpTbfbqYQsBtR31xw3HF1YTmjvg2VbcyW5rG5xRq,FpqrjWJpTNwv1b1nu3Kouzn7KRZeAxcvyXfHgkGFQ9Gd,FYL4LRChq2a6w8PenydNEd1ExoKpBVNpueitXAXanSGy,2025-04-19T15:12:14Z,3cJSGsPbnfKGdXGc83SLEnxUt2a438qfmKHpJ3jYhPie3yKXJpTbfbqYQsBtR31xw3HF1YTmjvg2VbcyW5rG5xRq,2026-08-24T04:22:35.000Z,5oK95ozVzmUYxqJmZd7NLGb2U4oYDLVTieQMPA7TJve19iKQ41uaDdvJ8VHYNmcxSnH1A7BK2NrfTFFcJbTUKTey,DUNE_LIVE,LIVE_POST_BASELINE
21zAiHG2QTVxJjDbWJHxDEKBCQERHnpphv5ZqbDVS1nC,0,,,DM5YNogviE6YxVESWYG9TaZ9q4qiBLAJmxnA1LQRFMGZ,1,B1Pv8HZNHGdXC8qTsNGLCJKpnoetE2Y52RyeoJW9pE5Z,DM5YNogviE6YxVESWYG9TaZ9q4qiBLAJmxnA1LQRFMGZ,2026-04-09T04:02:20Z,2x27znupJwk5FTB6VdzvrJMy5CxT6DbDHG8Qz2h92z6h9KcTeA7f3EckrXRPfZBqb4yQhHehgF37fT8oEgb4dLPE,B1Pv8HZNHGdXC8qTsNGLCJKpnoetE2Y52RyeoJW9pE5Z,DM5YNogviE6YxVESWYG9TaZ9q4qiBLAJmxnA1LQRFMGZ,2026-04-09T04:02:20Z,2x27znupJwk5FTB6VdzvrJMy5CxT6DbDHG8Qz2h92z6h9KcTeA7f3EckrXRPfZBqb4yQhHehgF37fT8oEgb4dLPE,2026-08-31T09:39:48Z,5rqET3n1SkPB9jrcz8yM3KNBt6b2Q925G69tDBYwhL5yd6cLZzD3gSDSSgsbFqwtJkuaCoAvuRNq3eCNaKxhpdWi,INDEPENDENT_LIVE,LIVE_POST_CUTOVER
238BUv4jpqafs4Hw2VgPHobqeZXGYqmcUEJyD6czhcp4,1,2026-08-24T15:31:42.000Z,4dTQUg4zs1QUbQXrH5H6ctfngozoSNt3STP24n8vzTwqE4TmJ7KUoywWM2UYzVkWJXKTHhEU1hRccRLvGht6Srt4,,0,,,2026-08-24T15:31:42.000Z,4dTQUg4zs1QUbQXrH5H6ctfngozoSNt3STP24n8vzTwqE4TmJ7KUoywWM2UYzVkWJXKTHhEU1hRccRLvGht6Srt4,,,,,,,,
23MTRWTVz8vYD68F5AEyq5wdm97zCVAXVQL4DMyvd1vw,0,,,8TAx5eRzjvYioRmc83vrzWuEzhav63ccEs7ZuzndxddU,1,Cwg4F9HnwEKktX662TLjYvUjvZStpQHss9BasJYSaGPj,8TAx5eRzjvYioRmc83vrzWuEzhav63ccEs7ZuzndxddU,2023-08-28T01:48:46Z,4qKDWGBLuBURmUA3dnK9M4Hzq1zcpyKMkpHUuAkKrLrLNyaPtX3ebJErUqFZaPExKaBE28NCvjfz888pZGnGvBVj,Cwg4F9HnwEKktX662TLjYvUjvZStpQHss9BasJYSaGPj,8TAx5eRzjvYioRmc83vrzWuEzhav63ccEs7ZuzndxddU,2023-08-28T01:48:46Z,4qKDWGBLuBURmUA3dnK9M4Hzq1zcpyKMkpHUuAkKrLrLNyaPtX3ebJErUqFZaPExKaBE28NCvjfz888pZGnGvBVj,2026-08-28T06:25:53Z,3wyPJbJFHo4Fvu7Und18ezfHzbJFeq5FuiuZQzTTQAzrrC7RmAWXjXmonJge3e898SwmhStEUrJE6grUaYQ74KcV,INDEPENDENT_LIVE,LIVE_POST_CUTOVER
25i4SufSYwrCEPSV55X6aHvrGuTVskfcrwu3s2vohSvu,1,2026-08-24T15:31:42.000Z,4Y7JsfpHd8ivMHVPRohCucXgdGa4NhkahMknyFUv6y46vMFrd4ErCXU56vy7ZvpmTeTbb7uysBwZdNbfEMddj16M,,0,,,2026-08-24T15:31:42.000Z,4Y7JsfpHd8ivMHVPRohCucXgdGa4NhkahMknyFUv6y46vMFrd4ErCXU56vy7ZvpmTeTbb7uysBwZdNbfEMddj16M,,,,,,,,
273cUusEnTTrjB4iFXUHfQz2BKNTtgUqT8yFJq4Mn2BF,0,,,Db1meMQEgj8dCwzhR5W6coWt1yV4iEaQsYPKKDyGRUqW,1,Do9VaY2ru9QtaTWdhmuwc2Z9rj4rZ7D6EShdLTvxnp6h,Db1meMQEgj8dCwzhR5W6coWt1yV4iEaQsYPKKDyGRUqW,2025-07-01T07:08:38Z,5Aqj9z5KX73DwKGFttxS73LEQTkWN4K41PEMM7tuuaErUgpE7vDwCS8w7TKBgGySvVBLmhXCGUkRYtAxQukShTAa,Do9VaY2ru9QtaTWdhmuwc2Z9rj4rZ7D6EShdLTvxnp6h,Db1meMQEgj8dCwzhR5W6coWt1yV4iEaQsYPKKDyGRUqW,2025-07-01T07:08:38Z,5Aqj9z5KX73DwKGFttxS73LEQTkWN4K41PEMM7tuuaErUgpE7vDwCS8w7TKBgGySvVBLmhXCGUkRYtAxQukShTAa,2026-08-26T21:34:16Z,5y9KKMidZA2pNm3QLD2z2j7BfPbwsAQt6HEVyCQMK7sSkCy7PRQUy35JJG3GRnTBDLDeD6YVxYpw9nXSayk6pTiK,INDEPENDENT_LIVE,LIVE_POST_CUTOVER
292m8vXKm5sWDEKfsdgNZprnt5MUvdoka3ne1qL5wv3C,0,,,FYL4LRChq2a6w8PenydNEd1ExoKpBVNpueitXAXanSGy,1,FpqrjWJpTNwv1b1nu3Kouzn7KRZeAxcvyXfHgkGFQ9Gd,FYL4LRChq2a6w8PenydNEd1ExoKpBVNpueitXAXanSGy,2025-04-19T15:18:06Z,5aRocLMBxK92r7fZdm8pJqKPFpTvK6zQrZhabkQ8XG6CMeMEGu2jf979rqoY8C8dWSS1WU6iogVmoA9jWfSi3xkN,FpqrjWJpTNwv1b1nu3Kouzn7KRZeAxcvyXfHgkGFQ9Gd,FYL4LRChq2a6w8PenydNEd1ExoKpBVNpueitXAXanSGy,2025-04-19T15:18:06Z,5aRocLMBxK92r7fZdm8pJqKPFpTvK6zQrZhabkQ8XG6CMeMEGu2jf979rqoY8C8dWSS1WU6iogVmoA9jWfSi3xkN,2026-08-24T04:22:35.000Z,5oK95ozVzmUYxqJmZd7NLGb2U4oYDLVTieQMPA7TJve19iKQ41uaDdvJ8VHYNmcxSnH1A7BK2NrfTFFcJbTUKTey,DUNE_LIVE,LIVE_POST_BASELINE
294PpgRgawWbZze4YHVbrdUVe2UNveWDLgJi1QkS972F,0,,,Db1meMQEgj8dCwzhR5W6coWt1yV4iEaQsYPKKDyGRUqW,1,Do9VaY2ru9QtaTWdhmuwc2Z9rj4rZ7D6EShdLTvxnp6h,Db1meMQEgj8dCwzhR5W6coWt1yV4iEaQsYPKKDyGRUqW,2025-11-03T11:30:36Z,3fiL4SfaEnBUTNuK2MtW1rryjPRz3CED5f6irVgyUquuLJgumGnh1VUUDBEscgQ2WrXyUhXXDeVk1CgyrqRnXS3C,Do9VaY2ru9QtaTWdhmuwc2Z9rj4rZ7D6EShdLTvxnp6h,Db1meMQEgj8dCwzhR5W6coWt1yV4iEaQsYPKKDyGRUqW,2025-11-03T11:30:36Z,3fiL4SfaEnBUTNuK2MtW1rryjPRz3CED5f6irVgyUquuLJgumGnh1VUUDBEscgQ2WrXyUhXXDeVk1CgyrqRnXS3C,2026-08-26T21:34:16Z,5y9KKMidZA2pNm3QLD2z2j7BfPbwsAQt6HEVyCQMK7sSkCy7PRQUy35JJG3GRnTBDLDeD6YVxYpw9nXSayk6pTiK,INDEPENDENT_LIVE,LIVE_POST_CUTOVER
29aCaVmnyx27XoWTpd37BWu3zJT1kBoepfhTF6obwj6U,0,,,FYL4LRChq2a6w8PenydNEd1ExoKpBVNpueitXAXanSGy,1,FpqrjWJpTNwv1b1nu3Kouzn7KRZeAxcvyXfHgkGFQ9Gd,FYL4LRChq2a6w8PenydNEd1ExoKpBVNpueitXAXanSGy,2025-04-19T15:15:06Z,3ewAkmPuUp2zrf12Ad6F45NekvmU3vg2a9a4RU4MqaJJXtKD92BX3BgLtAqFoh8CLtJEnT3k8Hi8GtTvnR4Afaec,FpqrjWJpTNwv1b1nu3Kouzn7KRZeAxcvyXfHgkGFQ9Gd,FYL4LRChq2a6w8PenydNEd1ExoKpBVNpueitXAXanSGy,2025-04-19T15:15:06Z,3ewAkmPuUp2zrf12Ad6F45NekvmU3vg2a9a4RU4MqaJJXtKD92BX3BgLtAqFoh8CLtJEnT3k8Hi8GtTvnR4Afaec,2026-08-24T04:22:35.000Z,5oK95ozVzmUYxqJmZd7NLGb2U4oYDLVTieQMPA7TJve19iKQ41uaDdvJ8VHYNmcxSnH1A7BK2NrfTFFcJbTUKTey,DUNE_LIVE,LIVE_POST_BASELINE
2B75tZ3GWUz4AMenAwgpjio2GQzzynaUyALi9joDr9XT,0,,,FYL4LRChq2a6w8PenydNEd1ExoKpBVNpueitXAXanSGy,1,FpqrjWJpTNwv1b1nu3Kouzn7KRZeAxcvyXfHgkGFQ9Gd,FYL4LRChq2a6w8PenydNEd1ExoKpBVNpueitXAXanSGy,2025-04-19T15:14:35Z,5PjQPXRQrR2k9BhLPQqcrUiYZZjWghhVLMTBGBq5eosNquehgGsovRr13RD5Tu1fbP1cWpoFAFSQq3izqTMTYFGy,FpqrjWJpTNwv1b1nu3Kouzn7KRZeAxcvyXfHgkGFQ9Gd,FYL4LRChq2a6w8PenydNEd1ExoKpBVNpueitXAXanSGy,2025-04-19T15:14:35Z,5PjQPXRQrR2k9BhLPQqcrUiYZZjWghhVLMTBGBq5eosNquehgGsovRr13RD5Tu1fbP1cWpoFAFSQq3izqTMTYFGy,2026-08-24T04:22:35.000Z,5oK95ozVzmUYxqJmZd7NLGb2U4oYDLVTieQMPA7TJve19iKQ41uaDdvJ8VHYNmcxSnH1A7BK2NrfTFFcJbTUKTey,DUNE_LIVE,LIVE_POST_BASELINE
2BPHCgkN275wfc254j43HGoizvkJjHTdYxMTk9PfyDRg,1,2026-08-24T15:31:42.000Z,54oJe2oJDBhroMKTnrn12RYSy2ghMEaQX5WygXeGPNeSLnjKxjXLX6pHkMetwERqDm8izcrsFUFoTYvm4VB6E6Yy,,0,,,2026-08-24T15:31:42.000Z,54oJe2oJDBhroMKTnrn12RYSy2ghMEaQX5WygXeGPNeSLnjKxjXLX6pHkMetwERqDm8izcrsFUFoTYvm4VB6E6Yy,,,,,,,,
2C5zZaNZXLgb7xvMoBJ8wgFao6Eq9gZb8viDrpvB6B9P,0,,,BfBqvwoNLVSEvrjukaRUdex72PEF234oY8RogGtqFRZv,1,7LscpY288mvuC8kBax5KhcxH9BucLs9cCndo2HUi5xWb,BfBqvwoNLVSEvrjukaRUdex72PEF234oY8RogGtqFRZv,2025-12-01T14:21:07Z,3bNYuaeMeQYs57FV7gqZtMX4qVpvLtMXR6AuCqhSoUBrPi2M8HKYivgYprD4w6m4fGLrX5C2F5z3wcveKr2ZsPhw,7LscpY288mvuC8kBax5KhcxH9BucLs9cCndo2HUi5xWb,BfBqvwoNLVSEvrjukaRUdex72PEF234oY8RogGtqFRZv,2025-12-01T14:21:07Z,3bNYuaeMeQYs57FV7gqZtMX4qVpvLtMXR6AuCqhSoUBrPi2M8HKYivgYprD4w6m4fGLrX5C2F5z3wcveKr2ZsPhw,2026-08-25T07:31:11.000Z,4rtP3LQdxEFrF724Pcfj9eTdaMqDrbmvi11ewwfNYdLQTN1Zi9niu13zAFrmkA5n1V2cgfjmM8vUtzGWXEcmBYKc,DUNE_LIVE,LIVE_POST_BASELINE
2CYeDvMiMGYVDi1r4NP32b8oj2ZSYEfFALVrUJspdtLt,0,,,BfBqvwoNLVSEvrjukaRUdex72PEF234oY8RogGtqFRZv,1,7LscpY288mvuC8kBax5KhcxH9BucLs9cCndo2HUi5xWb,BfBqvwoNLVSEvrjukaRUdex72PEF234oY8RogGtqFRZv,2025-12-01T14:34:53Z,5qLVPfSkoUTSjV9qjs67h7XJWf9kPtCDP7VhCwgN2kM7vUHcW1rLoJvkezPgKhAX9jN7u1DWg9ahmwSwAJBsaQVo,7LscpY288mvuC8kBax5KhcxH9BucLs9cCndo2HUi5xWb,BfBqvwoNLVSEvrjukaRUdex72PEF234oY8RogGtqFRZv,2025-12-01T14:34:53Z,5qLVPfSkoUTSjV9qjs67h7XJWf9kPtCDP7VhCwgN2kM7vUHcW1rLoJvkezPgKhAX9jN7u1DWg9ahmwSwAJBsaQVo,2026-08-25T07:31:11.000Z,4rtP3LQdxEFrF724Pcfj9eTdaMqDrbmvi11ewwfNYdLQTN1Zi9niu13zAFrmkA5n1V2cgfjmM8vUtzGWXEcmBYKc,DUNE_LIVE,LIVE_POST_BASELINE
2DZWmJWk6qrAgAbpfUMkryQjuDz9CvwUcDyYSFdr6oRN,1,2026-08-24T15:31:42.000Z,5ARbAonBGTcFmtMuUqoy75CkZVxVYLUj1X6H43zBfaasJxG9hYd5fWSq1byWty1sgZ7iZ19rjs3QpiGCukNxV9Yp,,0,,,2026-08-24T15:31:42.000Z,5ARbAonBGTcFmtMuUqoy75CkZVxVYLUj1X6H43zBfaasJxG9hYd5fWSq1byWty1sgZ7iZ19rjs3QpiGCukNxV9Yp,,,,,,,,
2EFu22hNQYWBeFw5R6L592k4K15fd275x2GnztZ63DSM,0,,,38Bj4DFXhAkDxB6Atj66kdxGZfhZEC3ejRX1HDh1YFKj,1,8Vpqxxbon9s4Hnk2eMhysjx6XKjHiUgEUAm3MSq9yQv2,38Bj4DFXhAkDxB6Atj66kdxGZfhZEC3ejRX1HDh1YFKj,2025-04-26T14:29:18Z,4QaTnkLAwRmDNpscaHUufWWP7WyQSTdsDL3TiWh3vGzjy3eNaefVVHS4VYga5YiBCPUwWECPuXiTZmFbPLPkXKjM,8Vpqxxbon9s4Hnk2eMhysjx6XKjHiUgEUAm3MSq9yQv2,38Bj4DFXhAkDxB6Atj66kdxGZfhZEC3ejRX1HDh1YFKj,2025-04-26T14:29:18Z,4QaTnkLAwRmDNpscaHUufWWP7WyQSTdsDL3TiWh3vGzjy3eNaefVVHS4VYga5YiBCPUwWECPuXiTZmFbPLPkXKjM,2026-08-21T19:39:25.000Z,4AT1PFFkyADXcz2QFJi78yrTeP8dAhFkfWJU5JCvpEx2a7pWsAxn14owrdqpvwkTU7bAzxxCYoBijEksgty9W6qe,DUNE_LIVE,LIVE_POST_BASELINE
2G1FDAwZnDw3JkUos12mwpaLcadqJcMw7cfsAbevrks7,0,,,BfBqvwoNLVSEvrjukaRUdex72PEF234oY8RogGtqFRZv,1,7LscpY288mvuC8kBax5KhcxH9BucLs9cCndo2HUi5xWb,BfBqvwoNLVSEvrjukaRUdex72PEF234oY8RogGtqFRZv,2025-10-16T10:17:16Z,sSBeer9roy3LF6VydGXkeyANFKUtdqhH6auJ71mDE8jRBxD9XR7PEMYMnFigPKveHb1z487q2MmTT5LqLeQ232A,7LscpY288mvuC8kBax5KhcxH9BucLs9cCndo2HUi5xWb,BfBqvwoNLVSEvrjukaRUdex72PEF234oY8RogGtqFRZv,2025-10-16T10:17:16Z,sSBeer9roy3LF6VydGXkeyANFKUtdqhH6auJ71mDE8jRBxD9XR7PEMYMnFigPKveHb1z487q2MmTT5LqLeQ232A,2026-08-25T07:31:11.000Z,4rtP3LQdxEFrF724Pcfj9eTdaMqDrbmvi11ewwfNYdLQTN1Zi9niu13zAFrmkA5n1V2cgfjmM8vUtzGWXEcmBYKc,DUNE_LIVE,LIVE_POST_BASELINE
2GVRAXtc3ZT4D7e5Yb8fKAuqaZPJyjwxbgpxUSfYXTpV,0,,,BFpTSgrkFXFycgvaraoSt75osy6EgKEeivXUgxz3AdEz,1,FnqEYzRtDV1zHUaEFycnGS6F3SCmjAvMLsNQQrnQcLPN,BFpTSgrkFXFycgvaraoSt75osy6EgKEeivXUgxz3AdEz,2025-04-22T14:15:59Z,2gXTXQLAnLVkzv8QvKpe9yMm2xXX4jWBLG8t1FJQpxBf7sMRkLyZJEBVH5CggrNHtTc2XwBBRjYvsvskxhwS5yy2,FnqEYzRtDV1zHUaEFycnGS6F3SCmjAvMLsNQQrnQcLPN,BFpTSgrkFXFycgvaraoSt75osy6EgKEeivXUgxz3AdEz,2025-04-22T14:15:59Z,2gXTXQLAnLVkzv8QvKpe9yMm2xXX4jWBLG8t1FJQpxBf7sMRkLyZJEBVH5CggrNHtTc2XwBBRjYvsvskxhwS5yy2,2026-08-30T18:20:59Z,4rGPKBHqqLhzjS6Y5dbuTSUCxKq4LmSxk1LUGZhanbv1vBDdiFLqSGyEReA7P3gTAkqXnVWTFdxGw69fkJjsw87Z,INDEPENDENT_LIVE,LIVE_POST_CUTOVER
2HAadAuik2aZU56cwypsbF6yioNhgQPdw8cN2C6TroQW,0,,,BfBqvwoNLVSEvrjukaRUdex72PEF234oY8RogGtqFRZv,1,7LscpY288mvuC8kBax5KhcxH9BucLs9cCndo2HUi5xWb,BfBqvwoNLVSEvrjukaRUdex72PEF234oY8RogGtqFRZv,2025-12-01T14:39:39Z,5GcNbYR4A9vtas8kwhEXW4yKpHZveUhHGnGcSsm6pFG3putHBEBZPxukQpUevmzm64BPCJ9dhCo1BWbG4SKMGyoj,7LscpY288mvuC8kBax5KhcxH9BucLs9cCndo2HUi5xWb,BfBqvwoNLVSEvrjukaRUdex72PEF234oY8RogGtqFRZv,2025-12-01T14:39:39Z,5GcNbYR4A9vtas8kwhEXW4yKpHZveUhHGnGcSsm6pFG3putHBEBZPxukQpUevmzm64BPCJ9dhCo1BWbG4SKMGyoj,2026-08-25T07:31:11.000Z,4rtP3LQdxEFrF724Pcfj9eTdaMqDrbmvi11ewwfNYdLQTN1Zi9niu13zAFrmkA5n1V2cgfjmM8vUtzGWXEcmBYKc,DUNE_LIVE,LIVE_POST_BASELINE
2Hjzu95hji7tPxfU6wLxPChhw7XycsQhhi3zS2iKrZmP,0,,,8TAx5eRzjvYioRmc83vrzWuEzhav63ccEs7ZuzndxddU,1,Cwg4F9HnwEKktX662TLjYvUjvZStpQHss9BasJYSaGPj,8TAx5eRzjvYioRmc83vrzWuEzhav63ccEs7ZuzndxddU,2026-06-29T18:48:28Z,t3LAHbgWf1cma1sSEdipM3QeFpHXwHBFT56NLyx8S6zG2zCxKwsdsprvgoN4ACDoxGQz8N2yvGnTpSqQRzSGk9Y,Cwg4F9HnwEKktX662TLjYvUjvZStpQHss9BasJYSaGPj,8TAx5eRzjvYioRmc83vrzWuEzhav63ccEs7ZuzndxddU,2026-06-29T18:48:28Z,t3LAHbgWf1cma1sSEdipM3QeFpHXwHBFT56NLyx8S6zG2zCxKwsdsprvgoN4ACDoxGQz8N2yvGnTpSqQRzSGk9Y,2026-08-28T06:25:53Z,3wyPJbJFHo4Fvu7Und18ezfHzbJFeq5FuiuZQzTTQAzrrC7RmAWXjXmonJge3e898SwmhStEUrJE6grUaYQ74KcV,INDEPENDENT_LIVE,LIVE_POST_CUTOVER
2JFrUKNxbn7Cyafv2JErkuWLrhegXifj83ryvxz9hW5s,0,,,BfBqvwoNLVSEvrjukaRUdex72PEF234oY8RogGtqFRZv,1,7LscpY288mvuC8kBax5KhcxH9BucLs9cCndo2HUi5xWb,BfBqvwoNLVSEvrjukaRUdex72PEF234oY8RogGtqFRZv,2025-12-01T14:32:57Z,2ti3MabtTKTwhCddSsWXmkL2i3hysQMvGr9vJXx9rMXCCjZNtXPddePxgRBMCUKAJFEvaHPiUtyV4GAXbM4GDr7X,7LscpY288mvuC8kBax5KhcxH9BucLs9cCndo2HUi5xWb,BfBqvwoNLVSEvrjukaRUdex72PEF234oY8RogGtqFRZv,2025-12-01T14:32:57Z,2ti3MabtTKTwhCddSsWXmkL2i3hysQMvGr9vJXx9rMXCCjZNtXPddePxgRBMCUKAJFEvaHPiUtyV4GAXbM4GDr7X,2026-08-25T07:31:11.000Z,4rtP3LQdxEFrF724Pcfj9eTdaMqDrbmvi11ewwfNYdLQTN1Zi9niu13zAFrmkA5n1V2cgfjmM8vUtzGWXEcmBYKc,DUNE_LIVE,LIVE_POST_BASELINE
2JrHhx1jF8FVMaxCYTGqsnK7Vb7QSgntt8dTsfeqWbEU,0,,,8TAx5eRzjvYioRmc83vrzWuEzhav63ccEs7ZuzndxddU,1,Cwg4F9HnwEKktX662TLjYvUjvZStpQHss9BasJYSaGPj,8TAx5eRzjvYioRmc83vrzWuEzhav63ccEs7ZuzndxddU,2026-04-04T01:29:45Z,2mAs6eopb1G29EnBsB6nm5a8tkf1TGZ5DRyr8Dm1Amry6vLX2icGqh7vsVCugkKtRvEJ3guz9nBUEBFVJkzAjKeQ,Cwg4F9HnwEKktX662TLjYvUjvZStpQHss9BasJYSaGPj,8TAx5eRzjvYioRmc83vrzWuEzhav63ccEs7ZuzndxddU,2026-04-04T01:29:45Z,2mAs6eopb1G29EnBsB6nm5a8tkf1TGZ5DRyr8Dm1Amry6vLX2icGqh7vsVCugkKtRvEJ3guz9nBUEBFVJkzAjKeQ,2026-08-28T06:25:53Z,3wyPJbJFHo4Fvu7Und18ezfHzbJFeq5FuiuZQzTTQAzrrC7RmAWXjXmonJge3e898SwmhStEUrJE6grUaYQ74KcV,INDEPENDENT_LIVE,LIVE_POST_CUTOVER
2KWHDLK3L5FfUGEwZZayDTM3FaaDe7aLbq4oGgrxc84m,0,,,BfBqvwoNLVSEvrjukaRUdex72PEF234oY8RogGtqFRZv,1,7LscpY288mvuC8kBax5KhcxH9BucLs9cCndo2HUi5xWb,BfBqvwoNLVSEvrjukaRUdex72PEF234oY8RogGtqFRZv,2025-04-13T04:48:53Z,4XA3MfH2USMmRKF2vkTTQwW3tRuX4rYZpc4HadkaE6Q3HRyK8LnQaykWtqvDe3xdeE7DDxFH56g2pGMzMpaMWo2g,7LscpY288mvuC8kBax5KhcxH9BucLs9cCndo2HUi5xWb,BfBqvwoNLVSEvrjukaRUdex72PEF234oY8RogGtqFRZv,2025-04-13T04:48:53Z,4XA3MfH2USMmRKF2vkTTQwW3tRuX4rYZpc4HadkaE6Q3HRyK8LnQaykWtqvDe3xdeE7DDxFH56g2pGMzMpaMWo2g,2026-08-25T07:31:11.000Z,4rtP3LQdxEFrF724Pcfj9eTdaMqDrbmvi11ewwfNYdLQTN1Zi9niu13zAFrmkA5n1V2cgfjmM8vUtzGWXEcmBYKc,DUNE_LIVE,LIVE_POST_BASELINE
2L4x5ecJp9S22fj7N46ipYp5DF5ifLZS7yWzyMeg4PuM,0,,,5ByLqbLYQcBZd5pwTFtDcU9cJXgqMBxnbEbynTdmqDPZ,1,DXaSLA5KS5fCAQvtGorUyUPRD4dVX5tB12zv8QyDUtBL,5ByLqbLYQcBZd5pwTFtDcU9cJXgqMBxnbEbynTdmqDPZ,2025-04-22T10:01:12+00:00,3Rxu2rr86EhKDDsdRNVc3rb7adoJcSRSzKSHp88DGBza47yg7fXD8RVgCpuzZjL5DKHv68mJxcgkJEeBB2guAjkN,DXaSLA5KS5fCAQvtGorUyUPRD4dVX5tB12zv8QyDUtBL,5ByLqbLYQcBZd5pwTFtDcU9cJXgqMBxnbEbynTdmqDPZ,2025-04-22T10:01:12+00:00,3Rxu2rr86EhKDDsdRNVc3rb7adoJcSRSzKSHp88DGBza47yg7fXD8RVgCpuzZjL5DKHv68mJxcgkJEeBB2guAjkN,2026-08-27T12:12:14Z,36BeMmDBLYZkVBpuYpxjRDekbJRsk2MHBpreJqqzCN2vzKzY4QX3U5Jc2RVrGDqjF5KZPR2y3vmZdY4QLsQVP6k8,INDEPENDENT_LIVE,LIVE_POST_CUTOVER
2LEj55sn4bWccnWct2jgVSRJcvcbb6reDetdudHvK1VE,0,,,8TAx5eRzjvYioRmc83vrzWuEzhav63ccEs7ZuzndxddU,1,Cwg4F9HnwEKktX662TLjYvUjvZStpQHss9BasJYSaGPj,8TAx5eRzjvYioRmc83vrzWuEzhav63ccEs7ZuzndxddU,2026-02-17T16:17:28Z,TEiYGj8TngmX8ZGtFnYXhz1Fj3EuXvWXhcARVbqoFXJwGcerjcLw4cTHjwpjwhyfSfVq8uz3epMDaTEYz7mHkUU,Cwg4F9HnwEKktX662TLjYvUjvZStpQHss9BasJYSaGPj,8TAx5eRzjvYioRmc83vrzWuEzhav63ccEs7ZuzndxddU,2026-02-17T16:17:28Z,TEiYGj8TngmX8ZGtFnYXhz1Fj3EuXvWXhcARVbqoFXJwGcerjcLw4cTHjwpjwhyfSfVq8uz3epMDaTEYz7mHkUU,2026-08-28T06:25:53Z,3wyPJbJFHo4Fvu7Und18ezfHzbJFeq5FuiuZQzTTQAzrrC7RmAWXjXmonJge3e898SwmhStEUrJE6grUaYQ74KcV,INDEPENDENT_LIVE,LIVE_POST_CUTOVER
2MsGC77rdtb7tGPbHQTAU6pcRiv9UWiaYVjNHbDxdRSW,0,,,8TAx5eRzjvYioRmc83vrzWuEzhav63ccEs7ZuzndxddU,1,Cwg4F9HnwEKktX662TLjYvUjvZStpQHss9BasJYSaGPj,8TAx5eRzjvYioRmc83vrzWuEzhav63ccEs7ZuzndxddU,2022-08-25T08:36:08Z,2MzLymp2Z3rMteH494x58UeJXNeiEDUT3aF6KxVfgHoG66ES95Yrca12inpVfGK2r9KCdt9oe9RSpPHVdoUkDBtd,Cwg4F9HnwEKktX662TLjYvUjvZStpQHss9BasJYSaGPj,8TAx5eRzjvYioRmc83vrzWuEzhav63ccEs7ZuzndxddU,2022-08-25T08:36:08Z,2MzLymp2Z3rMteH494x58UeJXNeiEDUT3aF6KxVfgHoG66ES95Yrca12inpVfGK2r9KCdt9oe9RSpPHVdoUkDBtd,2026-08-28T06:25:53Z,3wyPJbJFHo4Fvu7Und18ezfHzbJFeq5FuiuZQzTTQAzrrC7RmAWXjXmonJge3e898SwmhStEUrJE6grUaYQ74KcV,INDEPENDENT_LIVE,LIVE_POST_CUTOVER
2N9GrnTc2vNk8mgNCnpdy5mRASXbkZPRkJK54BuqmW75,0,,,DM5YNogviE6YxVESWYG9TaZ9q4qiBLAJmxnA1LQRFMGZ,1,B1Pv8HZNHGdXC8qTsNGLCJKpnoetE2Y52RyeoJW9pE5Z,DM5YNogviE6YxVESWYG9TaZ9q4qiBLAJmxnA1LQRFMGZ,2025-04-15T02:13:22Z,55YSrZGUQ2bMsv9HLTjF2vLKuwmD48Ppr3FytsgAFUnEYbv5PzkviA6zS89bM88RjVpEvuZ6ZL5h7rBfnGPh34yM,B1Pv8HZNHGdXC8qTsNGLCJKpnoetE2Y52RyeoJW9pE5Z,DM5YNogviE6YxVESWYG9TaZ9q4qiBLAJmxnA1LQRFMGZ,2025-04-15T02:13:22Z,55YSrZGUQ2bMsv9HLTjF2vLKuwmD48Ppr3FytsgAFUnEYbv5PzkviA6zS89bM88RjVpEvuZ6ZL5h7rBfnGPh34yM,2026-08-31T09:39:48Z,5rqET3n1SkPB9jrcz8yM3KNBt6b2Q925G69tDBYwhL5yd6cLZzD3gSDSSgsbFqwtJkuaCoAvuRNq3eCNaKxhpdWi,INDEPENDENT_LIVE,LIVE_POST_CUTOVER
2NWmog1ckHBRRLjtCtkjLxhSziTS8CNAprkFdFqzFnzw,0,,,FYL4LRChq2a6w8PenydNEd1ExoKpBVNpueitXAXanSGy,1,FpqrjWJpTNwv1b1nu3Kouzn7KRZeAxcvyXfHgkGFQ9Gd,FYL4LRChq2a6w8PenydNEd1ExoKpBVNpueitXAXanSGy,2025-04-19T15:09:33Z,3rc2gBpL6MbbT2yLH3Lmefx4aPsyqWKkL4seDMF4cn2xHo29ZtjRo5UaTa26tGQvmPmXKvhCdW5dmd31iP4Jjt2T,FpqrjWJpTNwv1b1nu3Kouzn7KRZeAxcvyXfHgkGFQ9Gd,FYL4LRChq2a6w8PenydNEd1ExoKpBVNpueitXAXanSGy,2025-04-19T15:09:33Z,3rc2gBpL6MbbT2yLH3Lmefx4aPsyqWKkL4seDMF4cn2xHo29ZtjRo5UaTa26tGQvmPmXKvhCdW5dmd31iP4Jjt2T,2026-08-24T04:22:35.000Z,5oK95ozVzmUYxqJmZd7NLGb2U4oYDLVTieQMPA7TJve19iKQ41uaDdvJ8VHYNmcxSnH1A7BK2NrfTFFcJbTUKTey,DUNE_LIVE,LIVE_POST_BASELINE
2PRqVaEvuJ8p9QX9bL58hUmLfiNJf7ihChwQZVhfDVuF,0,,,BVEk4Tz91vwEbCL6eMTejE5nxXkAso3mBSwJcbqoB2Vj,1,86ThTZQ2X5TVWzy8GCbgzt9vfJZFkWE27Ns9Vdv2T5f9,BVEk4Tz91vwEbCL6eMTejE5nxXkAso3mBSwJcbqoB2Vj,2022-06-02T21:44:37Z,nF46aajCJSv54uvwZRfKVucKXFabrMWBbTuiVTP5B2KeGocr7mFdcpZJNSPUcxqQpZFiJvgjTyMcnHW2We3B7Gu,86ThTZQ2X5TVWzy8GCbgzt9vfJZFkWE27Ns9Vdv2T5f9,BVEk4Tz91vwEbCL6eMTejE5nxXkAso3mBSwJcbqoB2Vj,2022-06-02T21:44:37Z,nF46aajCJSv54uvwZRfKVucKXFabrMWBbTuiVTP5B2KeGocr7mFdcpZJNSPUcxqQpZFiJvgjTyMcnHW2We3B7Gu,2026-08-29T16:34:58Z,4Nuqkdp9aT4nJeCP967hSU1hPo8aXzRtFYZpHikKKAXrzSP5Qi99AvAG1K7C8BsTp3CKbDNvki6V9u7imfn9cYr2,INDEPENDENT_LIVE,LIVE_POST_CUTOVER
2QH3f4Jb1b8kXq81HhY2uwPxxNMjUfoKeXNfE1iqkivK,0,,,BfBqvwoNLVSEvrjukaRUdex72PEF234oY8RogGtqFRZv,1,7LscpY288mvuC8kBax5KhcxH9BucLs9cCndo2HUi5xWb,BfBqvwoNLVSEvrjukaRUdex72PEF234oY8RogGtqFRZv,2025-04-13T04:36:38Z,3DtVrTsLeepSMj3FHkojTB5WYcWuB9gCRRouWfhnjYajrJyzk9zSE1sZg1ouBWxk7cBmyy63unpG7QxbFcpAWYx3,7LscpY288mvuC8kBax5KhcxH9BucLs9cCndo2HUi5xWb,BfBqvwoNLVSEvrjukaRUdex72PEF234oY8RogGtqFRZv,2025-04-13T04:36:38Z,3DtVrTsLeepSMj3FHkojTB5WYcWuB9gCRRouWfhnjYajrJyzk9zSE1sZg1ouBWxk7cBmyy63unpG7QxbFcpAWYx3,2026-08-25T07:31:11.000Z,4rtP3LQdxEFrF724Pcfj9eTdaMqDrbmvi11ewwfNYdLQTN1Zi9niu13zAFrmkA5n1V2cgfjmM8vUtzGWXEcmBYKc,DUNE_LIVE,LIVE_POST_BASELINE
2Qo7mJUcwrrSRrazaPi2FEjy9Ccu161yusfocJTqjxfy,0,,,8TAx5eRzjvYioRmc83vrzWuEzhav63ccEs7ZuzndxddU,1,Cwg4F9HnwEKktX662TLjYvUjvZStpQHss9BasJYSaGPj,8TAx5eRzjvYioRmc83vrzWuEzhav63ccEs7ZuzndxddU,2026-02-17T16:18:28Z,4Fka6qZGFtqV7JR3EjbMTkxBTyenYN3wtuSA4f3X9fg3TZT1De9TLXW3sqrfhj7zVYLMCz7cB1wwiwqnkySfqjhQ,Cwg4F9HnwEKktX662TLjYvUjvZStpQHss9BasJYSaGPj,8TAx5eRzjvYioRmc83vrzWuEzhav63ccEs7ZuzndxddU,2026-02-17T16:18:28Z,4Fka6qZGFtqV7JR3EjbMTkxBTyenYN3wtuSA4f3X9fg3TZT1De9TLXW3sqrfhj7zVYLMCz7cB1wwiwqnkySfqjhQ,2026-08-28T06:25:53Z,3wyPJbJFHo4Fvu7Und18ezfHzbJFeq5FuiuZQzTTQAzrrC7RmAWXjXmonJge3e898SwmhStEUrJE6grUaYQ74KcV,INDEPENDENT_LIVE,LIVE_POST_CUTOVER
2R51rAmtZePEDbP5mAxJkM82NEfWELW7v9WotBHPjoiV,0,,,BfBqvwoNLVSEvrjukaRUdex72PEF234oY8RogGtqFRZv,1,7LscpY288mvuC8kBax5KhcxH9BucLs9cCndo2HUi5xWb,BfBqvwoNLVSEvrjukaRUdex72PEF234oY8RogGtqFRZv,2025-12-01T14:48:12Z,4RVXXWd4NHBqRGfMu4TJpwy4ENnEJ5oZwmxGpDWZKGdMAbigVLSAMy6TYezAAxEikNm6YCYXRJLvuchMvnv9TXnj,7LscpY288mvuC8kBax5KhcxH9BucLs9cCndo2HUi5xWb,BfBqvwoNLVSEvrjukaRUdex72PEF234oY8RogGtqFRZv,2025-12-01T14:48:12Z,4RVXXWd4NHBqRGfMu4TJpwy4ENnEJ5oZwmxGpDWZKGdMAbigVLSAMy6TYezAAxEikNm6YCYXRJLvuchMvnv9TXnj,2026-08-25T07:31:11.000Z,4rtP3LQdxEFrF724Pcfj9eTdaMqDrbmvi11ewwfNYdLQTN1Zi9niu13zAFrmkA5n1V2cgfjmM8vUtzGWXEcmBYKc,DUNE_LIVE,LIVE_POST_BASELINE
2RPEf3mbVQGreqTmRr3hXV6Xb4kRR9dFjS5BSesCYNbb,0,,,BfBqvwoNLVSEvrjukaRUdex72PEF234oY8RogGtqFRZv,1,7LscpY288mvuC8kBax5KhcxH9BucLs9cCndo2HUi5xWb,BfBqvwoNLVSEvrjukaRUdex72PEF234oY8RogGtqFRZv,2025-12-01T14:34:06Z,bvvGMUmuQ2fZ3fXNhAuNRgbcTaJj6UqdPtCD1dA6rC1ZHot87eCvCmCF5Uv1jXZx77LGZRRMSHsJJnR8nC3eyGw,7LscpY288mvuC8kBax5KhcxH9BucLs9cCndo2HUi5xWb,BfBqvwoNLVSEvrjukaRUdex72PEF234oY8RogGtqFRZv,2025-12-01T14:34:06Z,bvvGMUmuQ2fZ3fXNhAuNRgbcTaJj6UqdPtCD1dA6rC1ZHot87eCvCmCF5Uv1jXZx77LGZRRMSHsJJnR8nC3eyGw,2026-08-25T07:31:11.000Z,4rtP3LQdxEFrF724Pcfj9eTdaMqDrbmvi11ewwfNYdLQTN1Zi9niu13zAFrmkA5n1V2cgfjmM8vUtzGWXEcmBYKc,DUNE_LIVE,LIVE_POST_BASELINE
2S3CNGZKkhupoVX1CUxeqUYNGkrZF3YDWpTtZJZC3WHJ,0,,,8TAx5eRzjvYioRmc83vrzWuEzhav63ccEs7ZuzndxddU,1,Cwg4F9HnwEKktX662TLjYvUjvZStpQHss9BasJYSaGPj,8TAx5eRzjvYioRmc83vrzWuEzhav63ccEs7ZuzndxddU,2026-02-17T16:18:08Z,4A1Zgru9vPXcRF9xuHEN354Nop6wx5Kc7gHe4PC1Y6ieQzyHKdee27eEvgtrAR1wCTokFXSfaB8YmgHLUDgiwQ9X,Cwg4F9HnwEKktX662TLjYvUjvZStpQHss9BasJYSaGPj,8TAx5eRzjvYioRmc83vrzWuEzhav63ccEs7ZuzndxddU,2026-02-17T16:18:08Z,4A1Zgru9vPXcRF9xuHEN354Nop6wx5Kc7gHe4PC1Y6ieQzyHKdee27eEvgtrAR1wCTokFXSfaB8YmgHLUDgiwQ9X,2026-08-28T06:25:53Z,3wyPJbJFHo4Fvu7Und18ezfHzbJFeq5FuiuZQzTTQAzrrC7RmAWXjXmonJge3e898SwmhStEUrJE6grUaYQ74KcV,INDEPENDENT_LIVE,LIVE_POST_CUTOVER
2SvqCd3kuoi572Ep8anvooeDjM4Phnaw9P5m4x2C7p3f,0,,,FYL4LRChq2a6w8PenydNEd1ExoKpBVNpueitXAXanSGy,1,FpqrjWJpTNwv1b1nu3Kouzn7KRZeAxcvyXfHgkGFQ9Gd,FYL4LRChq2a6w8PenydNEd1ExoKpBVNpueitXAXanSGy,2025-04-19T15:13:48Z,32KfJuFdR4mwPp7cawz35ghwh2QCjL7zKhd6hBGHotXCvmnLbLRQh3FXeQ2mniicaAwM2CSEKgDfyJUb8JdyE4bW,FpqrjWJpTNwv1b1nu3Kouzn7KRZeAxcvyXfHgkGFQ9Gd,FYL4LRChq2a6w8PenydNEd1ExoKpBVNpueitXAXanSGy,2025-04-19T15:13:48Z,32KfJuFdR4mwPp7cawz35ghwh2QCjL7zKhd6hBGHotXCvmnLbLRQh3FXeQ2mniicaAwM2CSEKgDfyJUb8JdyE4bW,2026-08-24T04:22:35.000Z,5oK95ozVzmUYxqJmZd7NLGb2U4oYDLVTieQMPA7TJve19iKQ41uaDdvJ8VHYNmcxSnH1A7BK2NrfTFFcJbTUKTey,DUNE_LIVE,LIVE_POST_BASELINE
2T3VTzt82bLwy7xkmX9oJ5B4uookaSbZ8swuU3PMf3zD,0,,,BfBqvwoNLVSEvrjukaRUdex72PEF234oY8RogGtqFRZv,1,7LscpY288mvuC8kBax5KhcxH9BucLs9cCndo2HUi5xWb,BfBqvwoNLVSEvrjukaRUdex72PEF234oY8RogGtqFRZv,2025-04-13T04:54:44Z,cmohGFUqUCunWEBR5sK82f38wBkFdpLRe94hGiVWXHRvimQ57d4LfVDW1NN9wpkkftLybisEvsjAHQYU4ivNZcf,7LscpY288mvuC8kBax5KhcxH9BucLs9cCndo2HUi5xWb,BfBqvwoNLVSEvrjukaRUdex72PEF234oY8RogGtqFRZv,2025-04-13T04:54:44Z,cmohGFUqUCunWEBR5sK82f38wBkFdpLRe94hGiVWXHRvimQ57d4LfVDW1NN9wpkkftLybisEvsjAHQYU4ivNZcf,2026-08-25T07:31:11.000Z,4rtP3LQdxEFrF724Pcfj9eTdaMqDrbmvi11ewwfNYdLQTN1Zi9niu13zAFrmkA5n1V2cgfjmM8vUtzGWXEcmBYKc,DUNE_LIVE,LIVE_POST_BASELINE
2TDWu2Q63ehkpaVxWBnHhfiQMtLN8YMgKAFUCtU4ENbA,0,,,DM5YNogviE6YxVESWYG9TaZ9q4qiBLAJmxnA1LQRFMGZ,1,B1Pv8HZNHGdXC8qTsNGLCJKpnoetE2Y52RyeoJW9pE5Z,DM5YNogviE6YxVESWYG9TaZ9q4qiBLAJmxnA1LQRFMGZ,2025-04-15T02:13:45Z,5Zyo7ErGx5upfHzsw99wbpa2agJKGzKTMwfq17nDVorEC8UcdmwKPCLSnMJdDWcrgCU18itvEvEYnseU79hhf4AX,B1Pv8HZNHGdXC8qTsNGLCJKpnoetE2Y52RyeoJW9pE5Z,DM5YNogviE6YxVESWYG9TaZ9q4qiBLAJmxnA1LQRFMGZ,2025-04-15T02:13:45Z,5Zyo7ErGx5upfHzsw99wbpa2agJKGzKTMwfq17nDVorEC8UcdmwKPCLSnMJdDWcrgCU18itvEvEYnseU79hhf4AX,2026-08-31T09:39:48Z,5rqET3n1SkPB9jrcz8yM3KNBt6b2Q925G69tDBYwhL5yd6cLZzD3gSDSSgsbFqwtJkuaCoAvuRNq3eCNaKxhpdWi,INDEPENDENT_LIVE,LIVE_POST_CUTOVER
2TFpLBQe4vk9a37HKcNy5yKBMMhMRTAwoDwCcCo5CnaH,0,,,5ByLqbLYQcBZd5pwTFtDcU9cJXgqMBxnbEbynTdmqDPZ,1,DXaSLA5KS5fCAQvtGorUyUPRD4dVX5tB12zv8QyDUtBL,5ByLqbLYQcBZd5pwTFtDcU9cJXgqMBxnbEbynTdmqDPZ,2025-04-22T10:00:29+00:00,53XdY8uBFquou12asqBFb9Dbm7pjP5sGQAM96TCYDn1M3jTHJMMrpANPKd7PFz5GCDV3JyZLiFXJYaHzNBhyaEVw,DXaSLA5KS5fCAQvtGorUyUPRD4dVX5tB12zv8QyDUtBL,5ByLqbLYQcBZd5pwTFtDcU9cJXgqMBxnbEbynTdmqDPZ,2025-04-22T10:00:29+00:00,53XdY8uBFquou12asqBFb9Dbm7pjP5sGQAM96TCYDn1M3jTHJMMrpANPKd7PFz5GCDV3JyZLiFXJYaHzNBhyaEVw,2026-08-27T12:12:14Z,36BeMmDBLYZkVBpuYpxjRDekbJRsk2MHBpreJqqzCN2vzKzY4QX3U5Jc2RVrGDqjF5KZPR2y3vmZdY4QLsQVP6k8,INDEPENDENT_LIVE,LIVE_POST_CUTOVER
2TXYuKKiyGp3QB6p9Vyc8GKM8EYXKJXFXdepbHWf7ufa,0,,,38Bj4DFXhAkDxB6Atj66kdxGZfhZEC3ejRX1HDh1YFKj,1,8Vpqxxbon9s4Hnk2eMhysjx6XKjHiUgEUAm3MSq9yQv2,38Bj4DFXhAkDxB6Atj66kdxGZfhZEC3ejRX1HDh1YFKj,2025-04-26T14:28:31Z,31E9JTypSyzFUFnaM5C8snFhGxGf19PsnSiGVsV33Tih1Jpu9bNpHeDLSAsZsQxJhcFCQvWeFGMHR8MMYvgTpyEQ,8Vpqxxbon9s4Hnk2eMhysjx6XKjHiUgEUAm3MSq9yQv2,38Bj4DFXhAkDxB6Atj66kdxGZfhZEC3ejRX1HDh1YFKj,2025-04-26T14:28:31Z,31E9JTypSyzFUFnaM5C8snFhGxGf19PsnSiGVsV33Tih1Jpu9bNpHeDLSAsZsQxJhcFCQvWeFGMHR8MMYvgTpyEQ,2026-08-21T19:39:25.000Z,4AT1PFFkyADXcz2QFJi78yrTeP8dAhFkfWJU5JCvpEx2a7pWsAxn14owrdqpvwkTU7bAzxxCYoBijEksgty9W6qe,DUNE_LIVE,LIVE_POST_BASELINE
2UVjiGFCMU96FZvZ8j9iMbXqKHV767EJvmcedh7fcddx,0,,,8TAx5eRzjvYioRmc83vrzWuEzhav63ccEs7ZuzndxddU,1,Cwg4F9HnwEKktX662TLjYvUjvZStpQHss9BasJYSaGPj,8TAx5eRzjvYioRmc83vrzWuEzhav63ccEs7ZuzndxddU,2026-02-07T15:34:10Z,2ZkaHNX6cD5ndrwWGtRozkHbEWPSsWAetzi4RmuJfhCLDqnoyj4e13f4HP647ohyAK2RkK1vRqDsLWmnZvj4GLLC,Cwg4F9HnwEKktX662TLjYvUjvZStpQHss9BasJYSaGPj,8TAx5eRzjvYioRmc83vrzWuEzhav63ccEs7ZuzndxddU,2026-02-07T15:34:10Z,2ZkaHNX6cD5ndrwWGtRozkHbEWPSsWAetzi4RmuJfhCLDqnoyj4e13f4HP647ohyAK2RkK1vRqDsLWmnZvj4GLLC,2026-08-28T06:25:53Z,3wyPJbJFHo4Fvu7Und18ezfHzbJFeq5FuiuZQzTTQAzrrC7RmAWXjXmonJge3e898SwmhStEUrJE6grUaYQ74KcV,INDEPENDENT_LIVE,LIVE_POST_CUTOVER
2Uqc7VbomztJNFwyML2hro96uAJhyNBFctAATaZF8tTo,1,2026-08-24T15:31:42.000Z,4dTQUg4zs1QUbQXrH5H6ctfngozoSNt3STP24n8vzTwqE4TmJ7KUoywWM2UYzVkWJXKTHhEU1hRccRLvGht6Srt4,,0,,,2026-08-24T15:31:42.000Z,4dTQUg4zs1QUbQXrH5H6ctfngozoSNt3STP24n8vzTwqE4TmJ7KUoywWM2UYzVkWJXKTHhEU1hRccRLvGht6Srt4,,,,,,,,
2VYM9teL32oUFQLYP4S4DX4qcKFkQDXDi1P48RQiTdfh,0,,,BfBqvwoNLVSEvrjukaRUdex72PEF234oY8RogGtqFRZv,1,7LscpY288mvuC8kBax5KhcxH9BucLs9cCndo2HUi5xWb,BfBqvwoNLVSEvrjukaRUdex72PEF234oY8RogGtqFRZv,2025-12-01T14:21:50Z,3W6js4wH7xuUwsSS4FZ4myJJHxcPmaBLSufi1AKYoXhSqrTBWqDTMbedruSyrCtBtoys9D4N5cBbptmSFuw711ug,7LscpY288mvuC8kBax5KhcxH9BucLs9cCndo2HUi5xWb,BfBqvwoNLVSEvrjukaRUdex72PEF234oY8RogGtqFRZv,2025-12-01T14:21:50Z,3W6js4wH7xuUwsSS4FZ4myJJHxcPmaBLSufi1AKYoXhSqrTBWqDTMbedruSyrCtBtoys9D4N5cBbptmSFuw711ug,2026-08-25T07:31:11.000Z,4rtP3LQdxEFrF724Pcfj9eTdaMqDrbmvi11ewwfNYdLQTN1Zi9niu13zAFrmkA5n1V2cgfjmM8vUtzGWXEcmBYKc,DUNE_LIVE,LIVE_POST_BASELINE
2WW6SenKUVtpMcc3tLApTMDWt3aHCXovPrgaLzRouWWZ,0,,,8TAx5eRzjvYioRmc83vrzWuEzhav63ccEs7ZuzndxddU,1,Cwg4F9HnwEKktX662TLjYvUjvZStpQHss9BasJYSaGPj,8TAx5eRzjvYioRmc83vrzWuEzhav63ccEs7ZuzndxddU,2026-02-07T15:33:44Z,KGPChEdpBY6WTqhUxtAaACwJe4kJmiFH6k5R3Ms6SnibP8tfmRCBjmXGTAYrmydpwPDkhpXyQs1aM1bRUtuxxXE,Cwg4F9HnwEKktX662TLjYvUjvZStpQHss9BasJYSaGPj,8TAx5eRzjvYioRmc83vrzWuEzhav63ccEs7ZuzndxddU,2026-02-07T15:33:44Z,KGPChEdpBY6WTqhUxtAaACwJe4kJmiFH6k5R3Ms6SnibP8tfmRCBjmXGTAYrmydpwPDkhpXyQs1aM1bRUtuxxXE,2026-08-28T06:25:53Z,3wyPJbJFHo4Fvu7Und18ezfHzbJFeq5FuiuZQzTTQAzrrC7RmAWXjXmonJge3e898SwmhStEUrJE6grUaYQ74KcV,INDEPENDENT_LIVE,LIVE_POST_CUTOVER
2Wd55u3PZGRqaNy6PvczEjUXkw4bnTm9gZaLTmPk6abm,1,2026-08-24T15:31:42.000Z,38RGhLbf1RuuiUikt2uuPdQJg6f5sqD1ToLTxqQyjXbFG5pi1BCGjMNSjkTTYzY2BwShr9eGvDBnMRZLJi2Z5hQx,,0,,,2026-08-24T15:31:42.000Z,38RGhLbf1RuuiUikt2uuPdQJg6f5sqD1ToLTxqQyjXbFG5pi1BCGjMNSjkTTYzY2BwShr9eGvDBnMRZLJi2Z5hQx,,,,,,,,
2WiPdMF9cYcPn5P8VaFhoFHHiicvuJHX7JxddU2A2jCw,0,,,BfBqvwoNLVSEvrjukaRUdex72PEF234oY8RogGtqFRZv,1,7LscpY288mvuC8kBax5KhcxH9BucLs9cCndo2HUi5xWb,BfBqvwoNLVSEvrjukaRUdex72PEF234oY8RogGtqFRZv,2025-12-01T14:31:28Z,NJiQ24Zpk4Wo7LehensvqZUh65nZrVsejNBoD6wwN66LXAdYXVkZpQk4uREagNg6wysC2RT8x4fTtAitbqETANe,7LscpY288mvuC8kBax5KhcxH9BucLs9cCndo2HUi5xWb,BfBqvwoNLVSEvrjukaRUdex72PEF234oY8RogGtqFRZv,2025-12-01T14:31:28Z,NJiQ24Zpk4Wo7LehensvqZUh65nZrVsejNBoD6wwN66LXAdYXVkZpQk4uREagNg6wysC2RT8x4fTtAitbqETANe,2026-08-25T07:31:11.000Z,4rtP3LQdxEFrF724Pcfj9eTdaMqDrbmvi11ewwfNYdLQTN1Zi9niu13zAFrmkA5n1V2cgfjmM8vUtzGWXEcmBYKc,DUNE_LIVE,LIVE_POST_BASELINE
2YitQjwnoMGSuhFz7xfTHux4XdKEN7tjuVTsELDvxZ8j,0,,,DM5YNogviE6YxVESWYG9TaZ9q4qiBLAJmxnA1LQRFMGZ,1,B1Pv8HZNHGdXC8qTsNGLCJKpnoetE2Y52RyeoJW9pE5Z,DM5YNogviE6YxVESWYG9TaZ9q4qiBLAJmxnA1LQRFMGZ,2025-07-25T15:01:23Z,2Pb4rHRnpYAnwnxP3x5ELragKzXKebHRTZt9f4QoP2KVGbCAcFcCbB7RpjBggpXrP4crcT1q5K12xFmzXnBGup4j,B1Pv8HZNHGdXC8qTsNGLCJKpnoetE2Y52RyeoJW9pE5Z,DM5YNogviE6YxVESWYG9TaZ9q4qiBLAJmxnA1LQRFMGZ,2025-07-25T15:01:23Z,2Pb4rHRnpYAnwnxP3x5ELragKzXKebHRTZt9f4QoP2KVGbCAcFcCbB7RpjBggpXrP4crcT1q5K12xFmzXnBGup4j,2026-08-31T09:39:48Z,5rqET3n1SkPB9jrcz8yM3KNBt6b2Q925G69tDBYwhL5yd6cLZzD3gSDSSgsbFqwtJkuaCoAvuRNq3eCNaKxhpdWi,INDEPENDENT_LIVE,LIVE_POST_CUTOVER
2Zm3e9daK8CDgpR5AAif13N6kiZgj8nu6T27fZEmLyq5,0,,,BfBqvwoNLVSEvrjukaRUdex72PEF234oY8RogGtqFRZv,1,7LscpY288mvuC8kBax5KhcxH9BucLs9cCndo2HUi5xWb,BfBqvwoNLVSEvrjukaRUdex72PEF234oY8RogGtqFRZv,2025-12-01T14:25:01Z,3B9q21KnM1Y8Yvx9RKJ8NkWgBm1ybVX5SxSAvRsmy5XzLxzdNazSpYvL4ZsxLPVFHvLQ11Cv4i21BnaSBTcA3NbZ,7LscpY288mvuC8kBax5KhcxH9BucLs9cCndo2HUi5xWb,BfBqvwoNLVSEvrjukaRUdex72PEF234oY8RogGtqFRZv,2025-12-01T14:25:01Z,3B9q21KnM1Y8Yvx9RKJ8NkWgBm1ybVX5SxSAvRsmy5XzLxzdNazSpYvL4ZsxLPVFHvLQ11Cv4i21BnaSBTcA3NbZ,2026-08-25T07:31:11.000Z,4rtP3LQdxEFrF724Pcfj9eTdaMqDrbmvi11ewwfNYdLQTN1Zi9niu13zAFrmkA5n1V2cgfjmM8vUtzGWXEcmBYKc,DUNE_LIVE,LIVE_POST_BASELINE
2ac6kESKgGLUvgWDQV2H1WUFe88jEjNJMVLBCEQbWzix,0,,,ALWioRV1zqeqLZcL6HdnWBCpRj1eGsoiyDsJxqaATh5L,1,7ZYrmZdkRw6hp3MANNWePNoheqNZJyeCTQFfwQXPzE2v,ALWioRV1zqeqLZcL6HdnWBCpRj1eGsoiyDsJxqaATh5L,2025-04-22T10:04:25+00:00,3xV2R5Hdz1M8jugjgSp3yzcTU4artzt6KzGcW9zG9yh6UvU7Mmk882DXHViDZjistTZH7KCec5bN2GVR8fWy1GUr,7ZYrmZdkRw6hp3MANNWePNoheqNZJyeCTQFfwQXPzE2v,ALWioRV1zqeqLZcL6HdnWBCpRj1eGsoiyDsJxqaATh5L,2025-04-22T10:04:25+00:00,3xV2R5Hdz1M8jugjgSp3yzcTU4artzt6KzGcW9zG9yh6UvU7Mmk882DXHViDZjistTZH7KCec5bN2GVR8fWy1GUr,2026-08-27T12:11:33Z,CGZcRiGwJCA2fBTAEuB5eD25LwsdPtAWvA6SZRJ9DM2xBTpy3s42ZkZgqGjCekTQa4twKYrHnbEQ6KDAX4F6A6K,INDEPENDENT_LIVE,LIVE_POST_CUTOVER
2b11kbrFjWFmcB3B61dcv2CDq5mnTjksAbVT9uvyLCDQ,0,,,FYL4LRChq2a6w8PenydNEd1ExoKpBVNpueitXAXanSGy,1,FpqrjWJpTNwv1b1nu3Kouzn7KRZeAxcvyXfHgkGFQ9Gd,FYL4LRChq2a6w8PenydNEd1ExoKpBVNpueitXAXanSGy,2025-04-19T15:16:43Z,4bDxKRNwXSP6AwqPJEsXS8UR7hWmNCruVCiNq3nPTaKD1A6byk11HursQA3YyHfCMir2mvev9cg31XguccnWim6W,FpqrjWJpTNwv1b1nu3Kouzn7KRZeAxcvyXfHgkGFQ9Gd,FYL4LRChq2a6w8PenydNEd1ExoKpBVNpueitXAXanSGy,2025-04-19T15:16:43Z,4bDxKRNwXSP6AwqPJEsXS8UR7hWmNCruVCiNq3nPTaKD1A6byk11HursQA3YyHfCMir2mvev9cg31XguccnWim6W,2026-08-24T04:22:35.000Z,5oK95ozVzmUYxqJmZd7NLGb2U4oYDLVTieQMPA7TJve19iKQ41uaDdvJ8VHYNmcxSnH1A7BK2NrfTFFcJbTUKTey,DUNE_LIVE,LIVE_POST_BASELINE
2bUaX4L6Rcw3wUnupPZndP8xUmsgxC9P2viv8ZYBmujg,0,,,BfBqvwoNLVSEvrjukaRUdex72PEF234oY8RogGtqFRZv,1,7LscpY288mvuC8kBax5KhcxH9BucLs9cCndo2HUi5xWb,BfBqvwoNLVSEvrjukaRUdex72PEF234oY8RogGtqFRZv,2025-07-01T14:10:02Z,2Hhic7uBu8HMd9R7HrPgxFyi51b8Ja6iDNWMQgvNDAG4AERBB7K9LLvPGAEjL4zDwTMmr6D7JC685JQYJnGL7yJG,7LscpY288mvuC8kBax5KhcxH9BucLs9cCndo2HUi5xWb,BfBqvwoNLVSEvrjukaRUdex72PEF234oY8RogGtqFRZv,2025-07-01T14:10:02Z,2Hhic7uBu8HMd9R7HrPgxFyi51b8Ja6iDNWMQgvNDAG4AERBB7K9LLvPGAEjL4zDwTMmr6D7JC685JQYJnGL7yJG,2026-08-25T07:31:11.000Z,4rtP3LQdxEFrF724Pcfj9eTdaMqDrbmvi11ewwfNYdLQTN1Zi9niu13zAFrmkA5n1V2cgfjmM8vUtzGWXEcmBYKc,DUNE_LIVE,LIVE_POST_BASELINE
2cwd97MHKFrABDW9iWypRf5DH9Cac6CeamMNWWgxvpH4,0,,,BfBqvwoNLVSEvrjukaRUdex72PEF234oY8RogGtqFRZv,1,7LscpY288mvuC8kBax5KhcxH9BucLs9cCndo2HUi5xWb,BfBqvwoNLVSEvrjukaRUdex72PEF234oY8RogGtqFRZv,2025-12-01T14:43:00Z,27eDaxVBMqJm1mDgYfnWeQy7nZPrCL34sKmZaEjAmKhR8T53b7oFyZFdHagiix2qqNTqsUk6YBrfW4vEqgPtpvee,7LscpY288mvuC8kBax5KhcxH9BucLs9cCndo2HUi5xWb,BfBqvwoNLVSEvrjukaRUdex72PEF234oY8RogGtqFRZv,2025-12-01T14:43:00Z,27eDaxVBMqJm1mDgYfnWeQy7nZPrCL34sKmZaEjAmKhR8T53b7oFyZFdHagiix2qqNTqsUk6YBrfW4vEqgPtpvee,2026-08-25T07:31:11.000Z,4rtP3LQdxEFrF724Pcfj9eTdaMqDrbmvi11ewwfNYdLQTN1Zi9niu13zAFrmkA5n1V2cgfjmM8vUtzGWXEcmBYKc,DUNE_LIVE,LIVE_POST_BASELINE
2dCoDgModtfHU6PnW4mMhKqucJXsHq7pPiTEzPF9G9GN,0,,,8TAx5eRzjvYioRmc83vrzWuEzhav63ccEs7ZuzndxddU,1,Cwg4F9HnwEKktX662TLjYvUjvZStpQHss9BasJYSaGPj,8TAx5eRzjvYioRmc83vrzWuEzhav63ccEs7ZuzndxddU,2022-11-18T17:14:50Z,2i36QWnMmfg1431UG2zkJHaTxcF6Ueuvt14YxiuVkiCgrmScV5yVCgTgbGYfeY4ZfcE8vWfvtM2amBjZQVJERiRa,Cwg4F9HnwEKktX662TLjYvUjvZStpQHss9BasJYSaGPj,8TAx5eRzjvYioRmc83vrzWuEzhav63ccEs7ZuzndxddU,2022-11-18T17:14:50Z,2i36QWnMmfg1431UG2zkJHaTxcF6Ueuvt14YxiuVkiCgrmScV5yVCgTgbGYfeY4ZfcE8vWfvtM2amBjZQVJERiRa,2026-08-28T06:25:53Z,3wyPJbJFHo4Fvu7Und18ezfHzbJFeq5FuiuZQzTTQAzrrC7RmAWXjXmonJge3e898SwmhStEUrJE6grUaYQ74KcV,INDEPENDENT_LIVE,LIVE_POST_CUTOVER
2dZSybwZJTh93GqBppuowGLyyqMGmCVtcayCTLob7sCg,0,,,5ByLqbLYQcBZd5pwTFtDcU9cJXgqMBxnbEbynTdmqDPZ,1,DXaSLA5KS5fCAQvtGorUyUPRD4dVX5tB12zv8QyDUtBL,5ByLqbLYQcBZd5pwTFtDcU9cJXgqMBxnbEbynTdmqDPZ,2025-04-22T10:01:29+00:00,2gTadsiHneaggHq8CnMey4thKeeBfwgVn5GyfJhWwxM4ZL7qYE5U4bVD63K4HhZu3c83SnS7JSBECAwra8yQCrN2,DXaSLA5KS5fCAQvtGorUyUPRD4dVX5tB12zv8QyDUtBL,5ByLqbLYQcBZd5pwTFtDcU9cJXgqMBxnbEbynTdmqDPZ,2025-04-22T10:01:29+00:00,2gTadsiHneaggHq8CnMey4thKeeBfwgVn5GyfJhWwxM4ZL7qYE5U4bVD63K4HhZu3c83SnS7JSBECAwra8yQCrN2,2026-08-27T12:12:14Z,36BeMmDBLYZkVBpuYpxjRDekbJRsk2MHBpreJqqzCN2vzKzY4QX3U5Jc2RVrGDqjF5KZPR2y3vmZdY4QLsQVP6k8,INDEPENDENT_LIVE,LIVE_POST_CUTOVER
2dcPoPqD7HSc6MBEnBueyqejoS3ay1X1E674Bqwg8HYY,0,,,8TAx5eRzjvYioRmc83vrzWuEzhav63ccEs7ZuzndxddU,1,Cwg4F9HnwEKktX662TLjYvUjvZStpQHss9BasJYSaGPj,8TAx5eRzjvYioRmc83vrzWuEzhav63ccEs7ZuzndxddU,2023-04-18T19:28:30Z,5JqzCsMC93uuVU1VbAxhyrhFUon5Hb4ibLWj47FdAfeLeP1Feqcg8UVhqRQRB5SGCo6SHBtJbinXaK2twoXxUkY8,Cwg4F9HnwEKktX662TLjYvUjvZStpQHss9BasJYSaGPj,8TAx5eRzjvYioRmc83vrzWuEzhav63ccEs7ZuzndxddU,2023-04-18T19:28:30Z,5JqzCsMC93uuVU1VbAxhyrhFUon5Hb4ibLWj47FdAfeLeP1Feqcg8UVhqRQRB5SGCo6SHBtJbinXaK2twoXxUkY8,2026-08-28T06:25:53Z,3wyPJbJFHo4Fvu7Und18ezfHzbJFeq5FuiuZQzTTQAzrrC7RmAWXjXmonJge3e898SwmhStEUrJE6grUaYQ74KcV,INDEPENDENT_LIVE,LIVE_POST_CUTOVER
2dqB6XWfXYw3oViyp2GJRHAGHqM1r9kGNZqo5gyJaH2C,0,,,BfBqvwoNLVSEvrjukaRUdex72PEF234oY8RogGtqFRZv,1,7LscpY288mvuC8kBax5KhcxH9BucLs9cCndo2HUi5xWb,BfBqvwoNLVSEvrjukaRUdex72PEF234oY8RogGtqFRZv,2025-12-13T07:43:02Z,5VdeDkeFnnS6my7JChYaGWLn8Mm7KUZByd4aTGZgxviWGmhqPjYy3cQ5GNipu9wkZbpykXMMwqRgER24QY5PAQ2C,7LscpY288mvuC8kBax5KhcxH9BucLs9cCndo2HUi5xWb,BfBqvwoNLVSEvrjukaRUdex72PEF234oY8RogGtqFRZv,2025-12-13T07:43:02Z,5VdeDkeFnnS6my7JChYaGWLn8Mm7KUZByd4aTGZgxviWGmhqPjYy3cQ5GNipu9wkZbpykXMMwqRgER24QY5PAQ2C,2026-08-25T07:31:11.000Z,4rtP3LQdxEFrF724Pcfj9eTdaMqDrbmvi11ewwfNYdLQTN1Zi9niu13zAFrmkA5n1V2cgfjmM8vUtzGWXEcmBYKc,DUNE_LIVE,LIVE_POST_BASELINE
2dqip25NyH36psobkn4eb7jibBrcq2rvqj1sedjfcBSD,0,,,Db1meMQEgj8dCwzhR5W6coWt1yV4iEaQsYPKKDyGRUqW,1,Do9VaY2ru9QtaTWdhmuwc2Z9rj4rZ7D6EShdLTvxnp6h,Db1meMQEgj8dCwzhR5W6coWt1yV4iEaQsYPKKDyGRUqW,2025-04-14T13:13:40Z,4SjhmgoLp8cp2KvjJNwdenNhx24iD4FJF9WURasuSFShxpyJXqWrqLi1wWLa4EWtS1vU9wCwDEFiQRF6WPTKupkm,Do9VaY2ru9QtaTWdhmuwc2Z9rj4rZ7D6EShdLTvxnp6h,Db1meMQEgj8dCwzhR5W6coWt1yV4iEaQsYPKKDyGRUqW,2025-04-14T13:13:40Z,4SjhmgoLp8cp2KvjJNwdenNhx24iD4FJF9WURasuSFShxpyJXqWrqLi1wWLa4EWtS1vU9wCwDEFiQRF6WPTKupkm,2026-08-26T21:34:16Z,5y9KKMidZA2pNm3QLD2z2j7BfPbwsAQt6HEVyCQMK7sSkCy7PRQUy35JJG3GRnTBDLDeD6YVxYpw9nXSayk6pTiK,INDEPENDENT_LIVE,LIVE_POST_CUTOVER
2dtvUt8qYcV8DWpKXXzXJLs2zjnaNR3wA3jFmhcZMXic,0,,,8TAx5eRzjvYioRmc83vrzWuEzhav63ccEs7ZuzndxddU,1,Cwg4F9HnwEKktX662TLjYvUjvZStpQHss9BasJYSaGPj,8TAx5eRzjvYioRmc83vrzWuEzhav63ccEs7ZuzndxddU,2026-06-29T18:48:15Z,5w453JdQjaaSKXDbrKXU9hdm2JmobyPvxDxro1VEGdhmiVUPdbzQ33Xvg1BjGVza1ooRcEo17JniPtihouNcEoQ1,Cwg4F9HnwEKktX662TLjYvUjvZStpQHss9BasJYSaGPj,8TAx5eRzjvYioRmc83vrzWuEzhav63ccEs7ZuzndxddU,2026-06-29T18:48:15Z,5w453JdQjaaSKXDbrKXU9hdm2JmobyPvxDxro1VEGdhmiVUPdbzQ33Xvg1BjGVza1ooRcEo17JniPtihouNcEoQ1,2026-08-28T06:25:53Z,3wyPJbJFHo4Fvu7Und18ezfHzbJFeq5FuiuZQzTTQAzrrC7RmAWXjXmonJge3e898SwmhStEUrJE6grUaYQ74KcV,INDEPENDENT_LIVE,LIVE_POST_CUTOVER
2f4SVhXrX3yoiK3Wosq8DtwrRab7rjLYwX8scSXS6KST,0,,,8TAx5eRzjvYioRmc83vrzWuEzhav63ccEs7ZuzndxddU,1,Cwg4F9HnwEKktX662TLjYvUjvZStpQHss9BasJYSaGPj,8TAx5eRzjvYioRmc83vrzWuEzhav63ccEs7ZuzndxddU,2022-10-24T13:08:09Z,4iuWfiWEudWp3DJZsHyZCR7DBpJ5RJ7K7wgiuUnAuqnmFrTdtw6dbTJAuf1U9Di3PEUDuHXCfsDPC8S2SGg248bh,Cwg4F9HnwEKktX662TLjYvUjvZStpQHss9BasJYSaGPj,8TAx5eRzjvYioRmc83vrzWuEzhav63ccEs7ZuzndxddU,2022-10-24T13:08:09Z,4iuWfiWEudWp3DJZsHyZCR7DBpJ5RJ7K7wgiuUnAuqnmFrTdtw6dbTJAuf1U9Di3PEUDuHXCfsDPC8S2SGg248bh,2026-08-28T06:25:53Z,3wyPJbJFHo4Fvu7Und18ezfHzbJFeq5FuiuZQzTTQAzrrC7RmAWXjXmonJge3e898SwmhStEUrJE6grUaYQ74KcV,INDEPENDENT_LIVE,LIVE_POST_CUTOVER
2fqPtaJisGgyC4kRCPzaUU1yoWPEcz5zTmGvA1pFLNpy,0,,,38Bj4DFXhAkDxB6Atj66kdxGZfhZEC3ejRX1HDh1YFKj,1,8Vpqxxbon9s4Hnk2eMhysjx6XKjHiUgEUAm3MSq9yQv2,38Bj4DFXhAkDxB6Atj66kdxGZfhZEC3ejRX1HDh1YFKj,2025-04-26T14:25:11Z,2qWgFDfJeYAXE3caAQPMBYhXQUWHgB6wSDV3kt54oCoHoDabv6zkUjDfz2G931GrrE1NMEsQuXEMJRaxTnDmhmhF,8Vpqxxbon9s4Hnk2eMhysjx6XKjHiUgEUAm3MSq9yQv2,38Bj4DFXhAkDxB6Atj66kdxGZfhZEC3ejRX1HDh1YFKj,2025-04-26T14:25:11Z,2qWgFDfJeYAXE3caAQPMBYhXQUWHgB6wSDV3kt54oCoHoDabv6zkUjDfz2G931GrrE1NMEsQuXEMJRaxTnDmhmhF,2026-08-21T19:39:25.000Z,4AT1PFFkyADXcz2QFJi78yrTeP8dAhFkfWJU5JCvpEx2a7pWsAxn14owrdqpvwkTU7bAzxxCYoBijEksgty9W6qe,DUNE_LIVE,LIVE_POST_BASELINE
2gGPRfV9U3G2F2dpGChQCNDenpqMRK7WbgGe6y7gD5QV,0,,,BfBqvwoNLVSEvrjukaRUdex72PEF234oY8RogGtqFRZv,1,7LscpY288mvuC8kBax5KhcxH9BucLs9cCndo2HUi5xWb,BfBqvwoNLVSEvrjukaRUdex72PEF234oY8RogGtqFRZv,2025-12-13T07:43:10Z,NmBEWcYsjC16ypG4HMxY22UPSbHJoJddH4hB54LDzhdEjNXHjutGQXiykT4LSQzZaGqqJJoVUAMefUXgRA3aAiD,7LscpY288mvuC8kBax5KhcxH9BucLs9cCndo2HUi5xWb,BfBqvwoNLVSEvrjukaRUdex72PEF234oY8RogGtqFRZv,2025-12-13T07:43:10Z,NmBEWcYsjC16ypG4HMxY22UPSbHJoJddH4hB54LDzhdEjNXHjutGQXiykT4LSQzZaGqqJJoVUAMefUXgRA3aAiD,2026-08-25T07:31:11.000Z,4rtP3LQdxEFrF724Pcfj9eTdaMqDrbmvi11ewwfNYdLQTN1Zi9niu13zAFrmkA5n1V2cgfjmM8vUtzGWXEcmBYKc,DUNE_LIVE,LIVE_POST_BASELINE
2j71xjsLeNCwgvRJzv7av4J8uh6RWNYSuVcrUN8oTBAE,0,,,BfBqvwoNLVSEvrjukaRUdex72PEF234oY8RogGtqFRZv,1,7LscpY288mvuC8kBax5KhcxH9BucLs9cCndo2HUi5xWb,BfBqvwoNLVSEvrjukaRUdex72PEF234oY8RogGtqFRZv,2025-12-01T14:30:06Z,3KVVcorfo9Emu2aCwQcGGPjXpsXRAVxrp2RffQszBNgVxGkhqxW7cbaV2aSW69XRBb7v1EFXaD95N3rGrFcUTy7d,7LscpY288mvuC8kBax5KhcxH9BucLs9cCndo2HUi5xWb,BfBqvwoNLVSEvrjukaRUdex72PEF234oY8RogGtqFRZv,2025-12-01T14:30:06Z,3KVVcorfo9Emu2aCwQcGGPjXpsXRAVxrp2RffQszBNgVxGkhqxW7cbaV2aSW69XRBb7v1EFXaD95N3rGrFcUTy7d,2026-08-25T07:31:11.000Z,4rtP3LQdxEFrF724Pcfj9eTdaMqDrbmvi11ewwfNYdLQTN1Zi9niu13zAFrmkA5n1V2cgfjmM8vUtzGWXEcmBYKc,DUNE_LIVE,LIVE_POST_BASELINE
2jRu7fE7SAErru3HHXrnaWNh3V9p7mUgDv9YU8zSrkvs,0,,,38Bj4DFXhAkDxB6Atj66kdxGZfhZEC3ejRX1HDh1YFKj,1,8Vpqxxbon9s4Hnk2eMhysjx6XKjHiUgEUAm3MSq9yQv2,38Bj4DFXhAkDxB6Atj66kdxGZfhZEC3ejRX1HDh1YFKj,2025-04-26T14:36:49Z,LmgcJVWUn2Embi8vAY5jrFmv9MKouvbXwPhUXSUKfEHgemHEdBoKHw65ZVDEgC7sdjvEvw75uFCfgUi7KKJhcJs,8Vpqxxbon9s4Hnk2eMhysjx6XKjHiUgEUAm3MSq9yQv2,38Bj4DFXhAkDxB6Atj66kdxGZfhZEC3ejRX1HDh1YFKj,2025-04-26T14:36:49Z,LmgcJVWUn2Embi8vAY5jrFmv9MKouvbXwPhUXSUKfEHgemHEdBoKHw65ZVDEgC7sdjvEvw75uFCfgUi7KKJhcJs,2026-08-21T19:39:25.000Z,4AT1PFFkyADXcz2QFJi78yrTeP8dAhFkfWJU5JCvpEx2a7pWsAxn14owrdqpvwkTU7bAzxxCYoBijEksgty9W6qe,DUNE_LIVE,LIVE_POST_BASELINE
2jWZqCibKje3mQxzTunHZiCfKaQxYvkdKzbuf61qN8NR,0,,,38Bj4DFXhAkDxB6Atj66kdxGZfhZEC3ejRX1HDh1YFKj,1,8Vpqxxbon9s4Hnk2eMhysjx6XKjHiUgEUAm3MSq9yQv2,38Bj4DFXhAkDxB6Atj66kdxGZfhZEC3ejRX1HDh1YFKj,2025-04-26T14:32:02Z,dkSpHUhUw5bzMvQAfUKvBLUBa51McywENVkfdWQMMzudBWMKxbe2aBERsD6UKd1ZyVbDkbxpWVaZcBYkotodZPt,8Vpqxxbon9s4Hnk2eMhysjx6XKjHiUgEUAm3MSq9yQv2,38Bj4DFXhAkDxB6Atj66kdxGZfhZEC3ejRX1HDh1YFKj,2025-04-26T14:32:02Z,dkSpHUhUw5bzMvQAfUKvBLUBa51McywENVkfdWQMMzudBWMKxbe2aBERsD6UKd1ZyVbDkbxpWVaZcBYkotodZPt,2026-08-21T19:39:25.000Z,4AT1PFFkyADXcz2QFJi78yrTeP8dAhFkfWJU5JCvpEx2a7pWsAxn14owrdqpvwkTU7bAzxxCYoBijEksgty9W6qe,DUNE_LIVE,LIVE_POST_BASELINE
2jrByWEw1WbftAScTY7jmdaDm6XdGd3mVMLzMN8mNSou,1,2026-08-24T15:31:42.000Z,5RG7QVCgmURrQKrXPjBmLrgpNyRoVT4PfymFZqCgwLU5sytYremPsTvkA5UUce9q89FdPbaAaKXL5ARJ2mAzrND9,,0,,,2026-08-24T15:31:42.000Z,5RG7QVCgmURrQKrXPjBmLrgpNyRoVT4PfymFZqCgwLU5sytYremPsTvkA5UUce9q89FdPbaAaKXL5ARJ2mAzrND9,,,,,,,,
2kpGX7PQP2SUvZKWroxHAAMdVBqNzekGEdPAKDWVTun3,0,,,BfBqvwoNLVSEvrjukaRUdex72PEF234oY8RogGtqFRZv,1,7LscpY288mvuC8kBax5KhcxH9BucLs9cCndo2HUi5xWb,BfBqvwoNLVSEvrjukaRUdex72PEF234oY8RogGtqFRZv,2025-12-01T14:44:53Z,4baRAsaLhg6LyBFWEochkdRVFYj2KZc4rXBhRDS18KxvMx1y4ZsvcCzogsJtLx3qVPKvwGKAQBydAVpZw4kLuzPY,7LscpY288mvuC8kBax5KhcxH9BucLs9cCndo2HUi5xWb,BfBqvwoNLVSEvrjukaRUdex72PEF234oY8RogGtqFRZv,2025-12-01T14:44:53Z,4baRAsaLhg6LyBFWEochkdRVFYj2KZc4rXBhRDS18KxvMx1y4ZsvcCzogsJtLx3qVPKvwGKAQBydAVpZw4kLuzPY,2026-08-25T07:31:11.000Z,4rtP3LQdxEFrF724Pcfj9eTdaMqDrbmvi11ewwfNYdLQTN1Zi9niu13zAFrmkA5n1V2cgfjmM8vUtzGWXEcmBYKc,DUNE_LIVE,LIVE_POST_BASELINE
2m3HoAQgL13Ui1nafpsXYK2U3nvPFWX386etqHeHhoSi,0,,,BfBqvwoNLVSEvrjukaRUdex72PEF234oY8RogGtqFRZv,1,7LscpY288mvuC8kBax5KhcxH9BucLs9cCndo2HUi5xWb,BfBqvwoNLVSEvrjukaRUdex72PEF234oY8RogGtqFRZv,2025-12-01T14:28:37Z,26FooH5PP3YGbJYQXKRVsY3AYqWvn7g7xUQ365YjTdobGkVw9vzgvYvfftVPkCgze1V7xNaDv37Y57dEjf29cAy1,7LscpY288mvuC8kBax5KhcxH9BucLs9cCndo2HUi5xWb,BfBqvwoNLVSEvrjukaRUdex72PEF234oY8RogGtqFRZv,2025-12-01T14:28:37Z,26FooH5PP3YGbJYQXKRVsY3AYqWvn7g7xUQ365YjTdobGkVw9vzgvYvfftVPkCgze1V7xNaDv37Y57dEjf29cAy1,2026-08-25T07:31:11.000Z,4rtP3LQdxEFrF724Pcfj9eTdaMqDrbmvi11ewwfNYdLQTN1Zi9niu13zAFrmkA5n1V2cgfjmM8vUtzGWXEcmBYKc,DUNE_LIVE,LIVE_POST_BASELINE
2maMyUPPx5su8z45JS7QQiW8dZzjg9JeJpekL9VATXBg,0,,,8TAx5eRzjvYioRmc83vrzWuEzhav63ccEs7ZuzndxddU,1,Cwg4F9HnwEKktX662TLjYvUjvZStpQHss9BasJYSaGPj,8TAx5eRzjvYioRmc83vrzWuEzhav63ccEs7ZuzndxddU,2022-07-21T06:00:58Z,2m731ZsGvDqXSqPbXRTMWbf8EMQ1a2hwtxfufuu8dSPtxoGrVocQ4cm3S9eHwxqKGK8tM5bK5fCpjVfBZgfVmmb6,Cwg4F9HnwEKktX662TLjYvUjvZStpQHss9BasJYSaGPj,8TAx5eRzjvYioRmc83vrzWuEzhav63ccEs7ZuzndxddU,2022-07-21T06:00:58Z,2m731ZsGvDqXSqPbXRTMWbf8EMQ1a2hwtxfufuu8dSPtxoGrVocQ4cm3S9eHwxqKGK8tM5bK5fCpjVfBZgfVmmb6,2026-08-28T06:25:53Z,3wyPJbJFHo4Fvu7Und18ezfHzbJFeq5FuiuZQzTTQAzrrC7RmAWXjXmonJge3e898SwmhStEUrJE6grUaYQ74KcV,INDEPENDENT_LIVE,LIVE_POST_CUTOVER
2nBkx9ci74aS4zxJFFtqFfFEpwknvieCXJ1BeTMgMBND,0,,,8TAx5eRzjvYioRmc83vrzWuEzhav63ccEs7ZuzndxddU,1,Cwg4F9HnwEKktX662TLjYvUjvZStpQHss9BasJYSaGPj,8TAx5eRzjvYioRmc83vrzWuEzhav63ccEs7ZuzndxddU,2022-08-20T08:19:23Z,3RrW7FjaEw54AB4CUiUB7KhT7SMAAkK49bBbAZSc1ddS2E1SkWaBfvkEZXafhMF6urzwFnfdDBcJvG1okEUgUz8Z,Cwg4F9HnwEKktX662TLjYvUjvZStpQHss9BasJYSaGPj,8TAx5eRzjvYioRmc83vrzWuEzhav63ccEs7ZuzndxddU,2022-08-20T08:19:23Z,3RrW7FjaEw54AB4CUiUB7KhT7SMAAkK49bBbAZSc1ddS2E1SkWaBfvkEZXafhMF6urzwFnfdDBcJvG1okEUgUz8Z,2026-08-28T06:25:53Z,3wyPJbJFHo4Fvu7Und18ezfHzbJFeq5FuiuZQzTTQAzrrC7RmAWXjXmonJge3e898SwmhStEUrJE6grUaYQ74KcV,INDEPENDENT_LIVE,LIVE_POST_CUTOVER
2nRoS9C5tnH7gQiCzMVMNU9rMQEk64HhhgchB6iJqqek,0,,,BfBqvwoNLVSEvrjukaRUdex72PEF234oY8RogGtqFRZv,1,7LscpY288mvuC8kBax5KhcxH9BucLs9cCndo2HUi5xWb,BfBqvwoNLVSEvrjukaRUdex72PEF234oY8RogGtqFRZv,2025-12-01T14:28:31Z,LumN6VrdrhA96LPwQSNatwFjbYgQkxhvvT1oTQYycS5e8pJnc5kqT7HcfdmTjcE1qVYHBDfFQfiJT3NiaZvDiiF,7LscpY288mvuC8kBax5KhcxH9BucLs9cCndo2HUi5xWb,BfBqvwoNLVSEvrjukaRUdex72PEF234oY8RogGtqFRZv,2025-12-01T14:28:31Z,LumN6VrdrhA96LPwQSNatwFjbYgQkxhvvT1oTQYycS5e8pJnc5kqT7HcfdmTjcE1qVYHBDfFQfiJT3NiaZvDiiF,2026-08-25T07:31:11.000Z,4rtP3LQdxEFrF724Pcfj9eTdaMqDrbmvi11ewwfNYdLQTN1Zi9niu13zAFrmkA5n1V2cgfjmM8vUtzGWXEcmBYKc,DUNE_LIVE,LIVE_POST_BASELINE
2oBiHFfnMPzEYjvzfLhdQZU32ShmgHQopLFNDkd8caK7,0,,,BfBqvwoNLVSEvrjukaRUdex72PEF234oY8RogGtqFRZv,1,7LscpY288mvuC8kBax5KhcxH9BucLs9cCndo2HUi5xWb,BfBqvwoNLVSEvrjukaRUdex72PEF234oY8RogGtqFRZv,2025-04-13T04:32:00Z,5NmPHxUJrPW38YJvGYVx4GrFCnUkxdz4D4GPy8URo55anZ5FMJFFm2NYipKu38yr8gxP3Y5chJHUSvpG4CCo52re,7LscpY288mvuC8kBax5KhcxH9BucLs9cCndo2HUi5xWb,BfBqvwoNLVSEvrjukaRUdex72PEF234oY8RogGtqFRZv,2025-04-13T04:32:00Z,5NmPHxUJrPW38YJvGYVx4GrFCnUkxdz4D4GPy8URo55anZ5FMJFFm2NYipKu38yr8gxP3Y5chJHUSvpG4CCo52re,2026-08-25T07:31:11.000Z,4rtP3LQdxEFrF724Pcfj9eTdaMqDrbmvi11ewwfNYdLQTN1Zi9niu13zAFrmkA5n1V2cgfjmM8vUtzGWXEcmBYKc,DUNE_LIVE,LIVE_POST_BASELINE
2pvcDPeshygxA268xKf5qHQRrnmq7oPSMCzYkjGBPU5P,0,,,DM5YNogviE6YxVESWYG9TaZ9q4qiBLAJmxnA1LQRFMGZ,1,B1Pv8HZNHGdXC8qTsNGLCJKpnoetE2Y52RyeoJW9pE5Z,DM5YNogviE6YxVESWYG9TaZ9q4qiBLAJmxnA1LQRFMGZ,2025-04-15T02:19:28Z,5BvFRqnGGEcnkuoY8uycWJCgtSVJRkRujDruSNr7iv9HJmNVxEaqwyRo1Fasoo9FHScZkdVE6L5RwJgk1qSa3KGV,B1Pv8HZNHGdXC8qTsNGLCJKpnoetE2Y52RyeoJW9pE5Z,DM5YNogviE6YxVESWYG9TaZ9q4qiBLAJmxnA1LQRFMGZ,2025-04-15T02:19:28Z,5BvFRqnGGEcnkuoY8uycWJCgtSVJRkRujDruSNr7iv9HJmNVxEaqwyRo1Fasoo9FHScZkdVE6L5RwJgk1qSa3KGV,2026-08-31T09:39:48Z,5rqET3n1SkPB9jrcz8yM3KNBt6b2Q925G69tDBYwhL5yd6cLZzD3gSDSSgsbFqwtJkuaCoAvuRNq3eCNaKxhpdWi,INDEPENDENT_LIVE,LIVE_POST_CUTOVER
2qhwyMyiHPD9wNMsXWvxyQEDefmuqJZXSQ5sx4Koe5Hm,0,,,38Bj4DFXhAkDxB6Atj66kdxGZfhZEC3ejRX1HDh1YFKj,1,8Vpqxxbon9s4Hnk2eMhysjx6XKjHiUgEUAm3MSq9yQv2,38Bj4DFXhAkDxB6Atj66kdxGZfhZEC3ejRX1HDh1YFKj,2025-04-26T14:26:38Z,36U5C2qXG5R3ygyWV6QGAU2syr7rtACg7rgosRxvZA7tZo3CkxVjAtEcz791a8EzQGYvq36VRRhfBfyMF2uiSxzf,8Vpqxxbon9s4Hnk2eMhysjx6XKjHiUgEUAm3MSq9yQv2,38Bj4DFXhAkDxB6Atj66kdxGZfhZEC3ejRX1HDh1YFKj,2025-04-26T14:26:38Z,36U5C2qXG5R3ygyWV6QGAU2syr7rtACg7rgosRxvZA7tZo3CkxVjAtEcz791a8EzQGYvq36VRRhfBfyMF2uiSxzf,2026-08-21T19:39:25.000Z,4AT1PFFkyADXcz2QFJi78yrTeP8dAhFkfWJU5JCvpEx2a7pWsAxn14owrdqpvwkTU7bAzxxCYoBijEksgty9W6qe,DUNE_LIVE,LIVE_POST_BASELINE
2rEkGpJJae92aXeyAVS178oouoVvHTBQisR57EvgBrMf,0,,,BfBqvwoNLVSEvrjukaRUdex72PEF234oY8RogGtqFRZv,1,7LscpY288mvuC8kBax5KhcxH9BucLs9cCndo2HUi5xWb,BfBqvwoNLVSEvrjukaRUdex72PEF234oY8RogGtqFRZv,2025-12-01T14:28:49Z,2GbUwuE6TfbNXLRQDPAAf6g9ynFoYVd5rdTm2QEErLmv4wZUEZNsTXrA2VCUWU82EbCkJPzppyKHV9mTT646YiP1,7LscpY288mvuC8kBax5KhcxH9BucLs9cCndo2HUi5xWb,BfBqvwoNLVSEvrjukaRUdex72PEF234oY8RogGtqFRZv,2025-12-01T14:28:49Z,2GbUwuE6TfbNXLRQDPAAf6g9ynFoYVd5rdTm2QEErLmv4wZUEZNsTXrA2VCUWU82EbCkJPzppyKHV9mTT646YiP1,2026-08-25T07:31:11.000Z,4rtP3LQdxEFrF724Pcfj9eTdaMqDrbmvi11ewwfNYdLQTN1Zi9niu13zAFrmkA5n1V2cgfjmM8vUtzGWXEcmBYKc,DUNE_LIVE,LIVE_POST_BASELINE
2rfYKDZYa7NkUK3U12Ywm3yz5kAgPCNbKCHadeSTJNox,0,,,8TAx5eRzjvYioRmc83vrzWuEzhav63ccEs7ZuzndxddU,1,Cwg4F9HnwEKktX662TLjYvUjvZStpQHss9BasJYSaGPj,8TAx5eRzjvYioRmc83vrzWuEzhav63ccEs7ZuzndxddU,2023-08-02T18:52:09Z,ZXdZZr9zz4qHbopPB96UtjaUENxgk6DuX7hJSuDoHJf6Xg7ej4qnJujTvjetaaWNBZxbWMkYqvmqRGsmQ7LNujy,Cwg4F9HnwEKktX662TLjYvUjvZStpQHss9BasJYSaGPj,8TAx5eRzjvYioRmc83vrzWuEzhav63ccEs7ZuzndxddU,2023-08-02T18:52:09Z,ZXdZZr9zz4qHbopPB96UtjaUENxgk6DuX7hJSuDoHJf6Xg7ej4qnJujTvjetaaWNBZxbWMkYqvmqRGsmQ7LNujy,2026-08-28T06:25:53Z,3wyPJbJFHo4Fvu7Und18ezfHzbJFeq5FuiuZQzTTQAzrrC7RmAWXjXmonJge3e898SwmhStEUrJE6grUaYQ74KcV,INDEPENDENT_LIVE,LIVE_POST_CUTOVER
2sLnmjD5DSm1Qm52WN9dGygoqfQqaHvwWXQkPSrhDU7B,0,,,8TAx5eRzjvYioRmc83vrzWuEzhav63ccEs7ZuzndxddU,1,Cwg4F9HnwEKktX662TLjYvUjvZStpQHss9BasJYSaGPj,8TAx5eRzjvYioRmc83vrzWuEzhav63ccEs7ZuzndxddU,2026-02-02T15:00:02Z,wQmfQSGPtzof6YRNZW7qD4UbYbe1bWr2A3SzQR44ReLcxr7wKvnAhUwzRzyLtrZ4K4nYdUQnfP3bGxZqpakHnKQ,Cwg4F9HnwEKktX662TLjYvUjvZStpQHss9BasJYSaGPj,8TAx5eRzjvYioRmc83vrzWuEzhav63ccEs7ZuzndxddU,2026-02-02T15:00:02Z,wQmfQSGPtzof6YRNZW7qD4UbYbe1bWr2A3SzQR44ReLcxr7wKvnAhUwzRzyLtrZ4K4nYdUQnfP3bGxZqpakHnKQ,2026-08-28T06:25:53Z,3wyPJbJFHo4Fvu7Und18ezfHzbJFeq5FuiuZQzTTQAzrrC7RmAWXjXmonJge3e898SwmhStEUrJE6grUaYQ74KcV,INDEPENDENT_LIVE,LIVE_POST_CUTOVER
2sa7Pyn29H3fWsBdWYBSZfGxee8YCwbuynrfUA85gD8b,0,,,BfBqvwoNLVSEvrjukaRUdex72PEF234oY8RogGtqFRZv,1,7LscpY288mvuC8kBax5KhcxH9BucLs9cCndo2HUi5xWb,BfBqvwoNLVSEvrjukaRUdex72PEF234oY8RogGtqFRZv,2025-12-01T14:34:00Z,4LbLHLAhAN1d2TtRokqyzKJDiZGTSS4rmkmWhpzQK8guvouryiNrSrGy2w7v9fjZjBYkdKdhQRWiQdTGjHYCFXxZ,7LscpY288mvuC8kBax5KhcxH9BucLs9cCndo2HUi5xWb,BfBqvwoNLVSEvrjukaRUdex72PEF234oY8RogGtqFRZv,2025-12-01T14:34:00Z,4LbLHLAhAN1d2TtRokqyzKJDiZGTSS4rmkmWhpzQK8guvouryiNrSrGy2w7v9fjZjBYkdKdhQRWiQdTGjHYCFXxZ,2026-08-25T07:31:11.000Z,4rtP3LQdxEFrF724Pcfj9eTdaMqDrbmvi11ewwfNYdLQTN1Zi9niu13zAFrmkA5n1V2cgfjmM8vUtzGWXEcmBYKc,DUNE_LIVE,LIVE_POST_BASELINE
2sx3KsD25o3af3sBXaRHjttXbjZ1KFiTVXxzEmmiJvhi,0,,,BfBqvwoNLVSEvrjukaRUdex72PEF234oY8RogGtqFRZv,1,7LscpY288mvuC8kBax5KhcxH9BucLs9cCndo2HUi5xWb,BfBqvwoNLVSEvrjukaRUdex72PEF234oY8RogGtqFRZv,2025-12-13T07:43:06Z,5FssXMYkHmKJrCA26yWSoPYDTbh6HW7F1Xh2oCUaSwBw5oCUZHKvHV2riUhmpHAPZVkfJgB3TaEtoXgLUQiiRJVU,7LscpY288mvuC8kBax5KhcxH9BucLs9cCndo2HUi5xWb,BfBqvwoNLVSEvrjukaRUdex72PEF234oY8RogGtqFRZv,2025-12-13T07:43:06Z,5FssXMYkHmKJrCA26yWSoPYDTbh6HW7F1Xh2oCUaSwBw5oCUZHKvHV2riUhmpHAPZVkfJgB3TaEtoXgLUQiiRJVU,2026-08-25T07:31:11.000Z,4rtP3LQdxEFrF724Pcfj9eTdaMqDrbmvi11ewwfNYdLQTN1Zi9niu13zAFrmkA5n1V2cgfjmM8vUtzGWXEcmBYKc,DUNE_LIVE,LIVE_POST_BASELINE
2sxJ75snp8DwK7MNMsVrh7WhFLas59du94nGzxBHUEyo,0,,,FYL4LRChq2a6w8PenydNEd1ExoKpBVNpueitXAXanSGy,1,FpqrjWJpTNwv1b1nu3Kouzn7KRZeAxcvyXfHgkGFQ9Gd,FYL4LRChq2a6w8PenydNEd1ExoKpBVNpueitXAXanSGy,2025-04-19T15:13:57Z,3QjHTeQKamND88Pss72CvNPhLeC7FGdDbHzRzhmq3RUDniWYnwKvLtB97XEAmVUWhEtm9H5pn3i7ZfdF9UUJw8T6,FpqrjWJpTNwv1b1nu3Kouzn7KRZeAxcvyXfHgkGFQ9Gd,FYL4LRChq2a6w8PenydNEd1ExoKpBVNpueitXAXanSGy,2025-04-19T15:13:57Z,3QjHTeQKamND88Pss72CvNPhLeC7FGdDbHzRzhmq3RUDniWYnwKvLtB97XEAmVUWhEtm9H5pn3i7ZfdF9UUJw8T6,2026-08-24T04:22:35.000Z,5oK95ozVzmUYxqJmZd7NLGb2U4oYDLVTieQMPA7TJve19iKQ41uaDdvJ8VHYNmcxSnH1A7BK2NrfTFFcJbTUKTey,DUNE_LIVE,LIVE_POST_BASELINE
2thNixWM7ReTZT4JwXcMH1ihmJb7DtaSPJTL1VU3Y4d5,1,2026-08-24T15:31:42.000Z,3Aab2BVqbaGFbTt3utdq5tM4ukdukQqxVmFmiytNXVFgVvMEq37tX7rW237gtB1gPYjwnmB8uLg8mHxFHyxP5dWE,,0,,,2026-08-24T15:31:42.000Z,3Aab2BVqbaGFbTt3utdq5tM4ukdukQqxVmFmiytNXVFgVvMEq37tX7rW237gtB1gPYjwnmB8uLg8mHxFHyxP5dWE,,,,,,,,
2tiAeaVRgAg22xB4nNTCM5Lnhp311dr4CVGFfah2eJzz,0,,,BfBqvwoNLVSEvrjukaRUdex72PEF234oY8RogGtqFRZv,1,7LscpY288mvuC8kBax5KhcxH9BucLs9cCndo2HUi5xWb,BfBqvwoNLVSEvrjukaRUdex72PEF234oY8RogGtqFRZv,2025-12-01T14:46:06Z,2atpSAqExEhYyRbSwzNxst8AwhmDgum8tnEH8r8YLrsfkdLrUMf5m2mh3VZiyhKXKY29DMbB3VBw1mKfjDKvaUix,7LscpY288mvuC8kBax5KhcxH9BucLs9cCndo2HUi5xWb,BfBqvwoNLVSEvrjukaRUdex72PEF234oY8RogGtqFRZv,2025-12-01T14:46:06Z,2atpSAqExEhYyRbSwzNxst8AwhmDgum8tnEH8r8YLrsfkdLrUMf5m2mh3VZiyhKXKY29DMbB3VBw1mKfjDKvaUix,2026-08-25T07:31:11.000Z,4rtP3LQdxEFrF724Pcfj9eTdaMqDrbmvi11ewwfNYdLQTN1Zi9niu13zAFrmkA5n1V2cgfjmM8vUtzGWXEcmBYKc,DUNE_LIVE,LIVE_POST_BASELINE
2u87b39YVv4XtpBrqGwHztLKZmvmhF5mqTX1ZYAamaoo,0,,,8TAx5eRzjvYioRmc83vrzWuEzhav63ccEs7ZuzndxddU,1,Cwg4F9HnwEKktX662TLjYvUjvZStpQHss9BasJYSaGPj,8TAx5eRzjvYioRmc83vrzWuEzhav63ccEs7ZuzndxddU,2023-09-07T05:17:38Z,PEW8JAxQvJxYMheZ3YhMQzN2RYvoAZFLuoq1eUMiDuU9HJU3akb4x6MYBB3bbRoBF5Dv69HCDRVgKP5A3LZEiZX,Cwg4F9HnwEKktX662TLjYvUjvZStpQHss9BasJYSaGPj,8TAx5eRzjvYioRmc83vrzWuEzhav63ccEs7ZuzndxddU,2023-09-07T05:17:38Z,PEW8JAxQvJxYMheZ3YhMQzN2RYvoAZFLuoq1eUMiDuU9HJU3akb4x6MYBB3bbRoBF5Dv69HCDRVgKP5A3LZEiZX,2026-08-28T06:25:53Z,3wyPJbJFHo4Fvu7Und18ezfHzbJFeq5FuiuZQzTTQAzrrC7RmAWXjXmonJge3e898SwmhStEUrJE6grUaYQ74KcV,INDEPENDENT_LIVE,LIVE_POST_CUTOVER
2uVbHv1kpxkbYd1BNPDEzWu72rMH1UgZKvX95xEcEeEs,0,,,8TAx5eRzjvYioRmc83vrzWuEzhav63ccEs7ZuzndxddU,1,Cwg4F9HnwEKktX662TLjYvUjvZStpQHss9BasJYSaGPj,8TAx5eRzjvYioRmc83vrzWuEzhav63ccEs7ZuzndxddU,2023-08-02T18:51:02Z,5u6DFnhtvdFxvnerMhjCcPp7XicNPhum6gZFYLmSbcTRF5S8GC6ARzwbZgv1EE93NdYSof3tEzx2VoieSjnDRw95,Cwg4F9HnwEKktX662TLjYvUjvZStpQHss9BasJYSaGPj,8TAx5eRzjvYioRmc83vrzWuEzhav63ccEs7ZuzndxddU,2023-08-02T18:51:02Z,5u6DFnhtvdFxvnerMhjCcPp7XicNPhum6gZFYLmSbcTRF5S8GC6ARzwbZgv1EE93NdYSof3tEzx2VoieSjnDRw95,2026-08-28T06:25:53Z,3wyPJbJFHo4Fvu7Und18ezfHzbJFeq5FuiuZQzTTQAzrrC7RmAWXjXmonJge3e898SwmhStEUrJE6grUaYQ74KcV,INDEPENDENT_LIVE,LIVE_POST_CUTOVER
2vPFoMBBJNBwsWzY6wLDCgFJD9GJBVeNm52WxcQJwWLV,0,,,BfBqvwoNLVSEvrjukaRUdex72PEF234oY8RogGtqFRZv,1,7LscpY288mvuC8kBax5KhcxH9BucLs9cCndo2HUi5xWb,BfBqvwoNLVSEvrjukaRUdex72PEF234oY8RogGtqFRZv,2025-12-01T14:25:49Z,4gb5Q8sgUY1abcRWeURMzPX9S1AjjhWjsoZu9eua7gWF9PVk6sbEtC2jhsFhpP7spNbsW4zy273VSCqX4zsSNdr7,7LscpY288mvuC8kBax5KhcxH9BucLs9cCndo2HUi5xWb,BfBqvwoNLVSEvrjukaRUdex72PEF234oY8RogGtqFRZv,2025-12-01T14:25:49Z,4gb5Q8sgUY1abcRWeURMzPX9S1AjjhWjsoZu9eua7gWF9PVk6sbEtC2jhsFhpP7spNbsW4zy273VSCqX4zsSNdr7,2026-08-25T07:31:11.000Z,4rtP3LQdxEFrF724Pcfj9eTdaMqDrbmvi11ewwfNYdLQTN1Zi9niu13zAFrmkA5n1V2cgfjmM8vUtzGWXEcmBYKc,DUNE_LIVE,LIVE_POST_BASELINE
2xyFGnFgV3LXtgRRLJaiEtEK8uAsdJ8rhmnv3CxErYgn,0,,,DM5YNogviE6YxVESWYG9TaZ9q4qiBLAJmxnA1LQRFMGZ,1,B1Pv8HZNHGdXC8qTsNGLCJKpnoetE2Y52RyeoJW9pE5Z,DM5YNogviE6YxVESWYG9TaZ9q4qiBLAJmxnA1LQRFMGZ,2025-04-13T07:11:25Z,62nhHZcRdvpCCcWNT2qJRTdNWFZvTFJaAhFsoVLGLezewJSBYpz4evk1y62km7GgnFBPmgVR4JfVjZwCnpcCzioV,B1Pv8HZNHGdXC8qTsNGLCJKpnoetE2Y52RyeoJW9pE5Z,DM5YNogviE6YxVESWYG9TaZ9q4qiBLAJmxnA1LQRFMGZ,2025-04-13T07:11:25Z,62nhHZcRdvpCCcWNT2qJRTdNWFZvTFJaAhFsoVLGLezewJSBYpz4evk1y62km7GgnFBPmgVR4JfVjZwCnpcCzioV,2026-08-31T09:39:48Z,5rqET3n1SkPB9jrcz8yM3KNBt6b2Q925G69tDBYwhL5yd6cLZzD3gSDSSgsbFqwtJkuaCoAvuRNq3eCNaKxhpdWi,INDEPENDENT_LIVE,LIVE_POST_CUTOVER
2z3Hy3TTdWPYtVES9DgpmoVEYKC41K9AbdBsz6oQ38wv,0,,,Db1meMQEgj8dCwzhR5W6coWt1yV4iEaQsYPKKDyGRUqW,1,Do9VaY2ru9QtaTWdhmuwc2Z9rj4rZ7D6EShdLTvxnp6h,Db1meMQEgj8dCwzhR5W6coWt1yV4iEaQsYPKKDyGRUqW,2025-04-14T13:06:22Z,5LtXShheEcwQahsMtAbEFbQZgCYX8SQmhyzYZ19Q3fw96e4UsJCvXs8972wiqfCGjNFcftq25WTu8xQdcRRErjYT,Do9VaY2ru9QtaTWdhmuwc2Z9rj4rZ7D6EShdLTvxnp6h,Db1meMQEgj8dCwzhR5W6coWt1yV4iEaQsYPKKDyGRUqW,2025-04-14T13:06:22Z,5LtXShheEcwQahsMtAbEFbQZgCYX8SQmhyzYZ19Q3fw96e4UsJCvXs8972wiqfCGjNFcftq25WTu8xQdcRRErjYT,2026-08-26T21:34:16Z,5y9KKMidZA2pNm3QLD2z2j7BfPbwsAQt6HEVyCQMK7sSkCy7PRQUy35JJG3GRnTBDLDeD6YVxYpw9nXSayk6pTiK,INDEPENDENT_LIVE,LIVE_POST_CUTOVER
2z5Q1RcYUXxvzE2jB53C5ve61bmdqS61yZgX6f1bQwxA,0,,,BfBqvwoNLVSEvrjukaRUdex72PEF234oY8RogGtqFRZv,1,7LscpY288mvuC8kBax5KhcxH9BucLs9cCndo2HUi5xWb,BfBqvwoNLVSEvrjukaRUdex72PEF234oY8RogGtqFRZv,2025-09-09T12:32:02Z,LYmnQSV2L4jz4td8chZ1bGjybpks96TmtjMsQdfqrBaMtv1RwVNKYKvkRypEJQ7uL8RAQ6bkTJtBqeYhkceTf46,7LscpY288mvuC8kBax5KhcxH9BucLs9cCndo2HUi5xWb,BfBqvwoNLVSEvrjukaRUdex72PEF234oY8RogGtqFRZv,2025-09-09T12:32:02Z,LYmnQSV2L4jz4td8chZ1bGjybpks96TmtjMsQdfqrBaMtv1RwVNKYKvkRypEJQ7uL8RAQ6bkTJtBqeYhkceTf46,2026-08-25T07:31:11.000Z,4rtP3LQdxEFrF724Pcfj9eTdaMqDrbmvi11ewwfNYdLQTN1Zi9niu13zAFrmkA5n1V2cgfjmM8vUtzGWXEcmBYKc,DUNE_LIVE,LIVE_POST_BASELINE
31dV3W1Y13D4adqjrg47gq7u6K5qRNrozrFDvpc1dtUB,0,,,8TAx5eRzjvYioRmc83vrzWuEzhav63ccEs7ZuzndxddU,1,Cwg4F9HnwEKktX662TLjYvUjvZStpQHss9BasJYSaGPj,8TAx5eRzjvYioRmc83vrzWuEzhav63ccEs7ZuzndxddU,2023-08-02T18:51:07Z,4VqyxTL4YcWDhuk4c62BEN9xeBm6fgXe3UHjyZrEKkqgT1qEYFW9DmCBjnYX7pWGXWU2SGVz4wGtrjN7xV4YX7Yo,Cwg4F9HnwEKktX662TLjYvUjvZStpQHss9BasJYSaGPj,8TAx5eRzjvYioRmc83vrzWuEzhav63ccEs7ZuzndxddU,2023-08-02T18:51:07Z,4VqyxTL4YcWDhuk4c62BEN9xeBm6fgXe3UHjyZrEKkqgT1qEYFW9DmCBjnYX7pWGXWU2SGVz4wGtrjN7xV4YX7Yo,2026-08-28T06:25:53Z,3wyPJbJFHo4Fvu7Und18ezfHzbJFeq5FuiuZQzTTQAzrrC7RmAWXjXmonJge3e898SwmhStEUrJE6grUaYQ74KcV,INDEPENDENT_LIVE,LIVE_POST_CUTOVER
332rFruV1wZFT7itibdgrFH6nTCxdF6zZ3vxbDvzQVoA,0,,,BfBqvwoNLVSEvrjukaRUdex72PEF234oY8RogGtqFRZv,1,7LscpY288mvuC8kBax5KhcxH9BucLs9cCndo2HUi5xWb,BfBqvwoNLVSEvrjukaRUdex72PEF234oY8RogGtqFRZv,2025-12-01T14:32:05Z,4Aib1sFATEQ3qQREUQn4pQCVkM44B3GRh78WKsrtkM28GUbEVanFdQjXi75AKzkLQLeva1NtrzWhUAi2aVu88P2o,7LscpY288mvuC8kBax5KhcxH9BucLs9cCndo2HUi5xWb,BfBqvwoNLVSEvrjukaRUdex72PEF234oY8RogGtqFRZv,2025-12-01T14:32:05Z,4Aib1sFATEQ3qQREUQn4pQCVkM44B3GRh78WKsrtkM28GUbEVanFdQjXi75AKzkLQLeva1NtrzWhUAi2aVu88P2o,2026-08-25T07:31:11.000Z,4rtP3LQdxEFrF724Pcfj9eTdaMqDrbmvi11ewwfNYdLQTN1Zi9niu13zAFrmkA5n1V2cgfjmM8vUtzGWXEcmBYKc,DUNE_LIVE,LIVE_POST_BASELINE
33aKQdbwd3964YyetMTDZKr8bqcLCNR7aSJbesMpywzG,0,,,38Bj4DFXhAkDxB6Atj66kdxGZfhZEC3ejRX1HDh1YFKj,1,8Vpqxxbon9s4Hnk2eMhysjx6XKjHiUgEUAm3MSq9yQv2,38Bj4DFXhAkDxB6Atj66kdxGZfhZEC3ejRX1HDh1YFKj,2025-04-26T14:25:45Z,5qub74wy2QDUmVmuprGbMRgsFheR8MorEmKj5CcW9nvX62GxwvNb9N1phomaGn9r6tiXixumfetFL7B7BPa2HTb1,8Vpqxxbon9s4Hnk2eMhysjx6XKjHiUgEUAm3MSq9yQv2,38Bj4DFXhAkDxB6Atj66kdxGZfhZEC3ejRX1HDh1YFKj,2025-04-26T14:25:45Z,5qub74wy2QDUmVmuprGbMRgsFheR8MorEmKj5CcW9nvX62GxwvNb9N1phomaGn9r6tiXixumfetFL7B7BPa2HTb1,2026-08-21T19:39:25.000Z,4AT1PFFkyADXcz2QFJi78yrTeP8dAhFkfWJU5JCvpEx2a7pWsAxn14owrdqpvwkTU7bAzxxCYoBijEksgty9W6qe,DUNE_LIVE,LIVE_POST_BASELINE
34syLuseLQAhgfJEN5dhnZ8LxYGuQUzsAY8joUcZqmD2,0,,,BfBqvwoNLVSEvrjukaRUdex72PEF234oY8RogGtqFRZv,1,7LscpY288mvuC8kBax5KhcxH9BucLs9cCndo2HUi5xWb,BfBqvwoNLVSEvrjukaRUdex72PEF234oY8RogGtqFRZv,2025-12-01T14:38:02Z,3QjTFMYEmvZ7HHRMBQeKYJWa5rwXCJQ8zboJoCZhNMfLVe7iKgyPFJK5ye4c2N79diznseDP9MRMjsfypRjhPTxv,7LscpY288mvuC8kBax5KhcxH9BucLs9cCndo2HUi5xWb,BfBqvwoNLVSEvrjukaRUdex72PEF234oY8RogGtqFRZv,2025-12-01T14:38:02Z,3QjTFMYEmvZ7HHRMBQeKYJWa5rwXCJQ8zboJoCZhNMfLVe7iKgyPFJK5ye4c2N79diznseDP9MRMjsfypRjhPTxv,2026-08-25T07:31:11.000Z,4rtP3LQdxEFrF724Pcfj9eTdaMqDrbmvi11ewwfNYdLQTN1Zi9niu13zAFrmkA5n1V2cgfjmM8vUtzGWXEcmBYKc,DUNE_LIVE,LIVE_POST_BASELINE
35HPkF318KY8nCwnudE7tE6NfNh7KUippGDn1iBpVYH3,0,,,8TAx5eRzjvYioRmc83vrzWuEzhav63ccEs7ZuzndxddU,1,Cwg4F9HnwEKktX662TLjYvUjvZStpQHss9BasJYSaGPj,8TAx5eRzjvYioRmc83vrzWuEzhav63ccEs7ZuzndxddU,2022-07-16T05:51:26Z,4UicfG26FVs1Tp2Hp9ePfsWsryszpdzZkzvVzGqm2jkVYV5GuEv1cFYKRjF5Txn5Zv7V8HcKDpcHsjqAUYNEhsoY,Cwg4F9HnwEKktX662TLjYvUjvZStpQHss9BasJYSaGPj,8TAx5eRzjvYioRmc83vrzWuEzhav63ccEs7ZuzndxddU,2022-07-16T05:51:26Z,4UicfG26FVs1Tp2Hp9ePfsWsryszpdzZkzvVzGqm2jkVYV5GuEv1cFYKRjF5Txn5Zv7V8HcKDpcHsjqAUYNEhsoY,2026-08-28T06:25:53Z,3wyPJbJFHo4Fvu7Und18ezfHzbJFeq5FuiuZQzTTQAzrrC7RmAWXjXmonJge3e898SwmhStEUrJE6grUaYQ74KcV,INDEPENDENT_LIVE,LIVE_POST_CUTOVER
36rtkmwwA4cM5apdLLMWDcLrxr8Hn3amWqEyAcAtR6yo,0,,,BfBqvwoNLVSEvrjukaRUdex72PEF234oY8RogGtqFRZv,1,7LscpY288mvuC8kBax5KhcxH9BucLs9cCndo2HUi5xWb,BfBqvwoNLVSEvrjukaRUdex72PEF234oY8RogGtqFRZv,2025-12-01T14:30:12Z,3u68o7aWDdNU8bTZJpc4ijh3Lhb2fs2x7st7xoiQ3CP9yKh6TehfxAqdcfUHwQzegAdhEh5eSDdrZ8c4ENSL6rHj,7LscpY288mvuC8kBax5KhcxH9BucLs9cCndo2HUi5xWb,BfBqvwoNLVSEvrjukaRUdex72PEF234oY8RogGtqFRZv,2025-12-01T14:30:12Z,3u68o7aWDdNU8bTZJpc4ijh3Lhb2fs2x7st7xoiQ3CP9yKh6TehfxAqdcfUHwQzegAdhEh5eSDdrZ8c4ENSL6rHj,2026-08-25T07:31:11.000Z,4rtP3LQdxEFrF724Pcfj9eTdaMqDrbmvi11ewwfNYdLQTN1Zi9niu13zAFrmkA5n1V2cgfjmM8vUtzGWXEcmBYKc,DUNE_LIVE,LIVE_POST_BASELINE
379rFHCWiU1Xgi7adNh8FmPY2q8dUSmHRAdpaLfWUMk8,0,,,8TAx5eRzjvYioRmc83vrzWuEzhav63ccEs7ZuzndxddU,1,Cwg4F9HnwEKktX662TLjYvUjvZStpQHss9BasJYSaGPj,8TAx5eRzjvYioRmc83vrzWuEzhav63ccEs7ZuzndxddU,2022-08-20T08:30:07Z,xFiyYcDsyi9dexFLsBydBir5u22HsisuPZYmXyMyLNLk8S1uhGnWJJtFihBnGFUkhBuPosNe7NJ1Vynwb6NQCkq,Cwg4F9HnwEKktX662TLjYvUjvZStpQHss9BasJYSaGPj,8TAx5eRzjvYioRmc83vrzWuEzhav63ccEs7ZuzndxddU,2022-08-20T08:30:07Z,xFiyYcDsyi9dexFLsBydBir5u22HsisuPZYmXyMyLNLk8S1uhGnWJJtFihBnGFUkhBuPosNe7NJ1Vynwb6NQCkq,2026-08-28T06:25:53Z,3wyPJbJFHo4Fvu7Und18ezfHzbJFeq5FuiuZQzTTQAzrrC7RmAWXjXmonJge3e898SwmhStEUrJE6grUaYQ74KcV,INDEPENDENT_LIVE,LIVE_POST_CUTOVER
37NKhNGDySAKBLfWBKiznXSro5goSx2H16uENkKeVqgE,0,,,8TAx5eRzjvYioRmc83vrzWuEzhav63ccEs7ZuzndxddU,1,Cwg4F9HnwEKktX662TLjYvUjvZStpQHss9BasJYSaGPj,8TAx5eRzjvYioRmc83vrzWuEzhav63ccEs7ZuzndxddU,2026-01-18T07:53:12Z,T6FmHsuXpgFg9cTNYgZreryNZs6zq1yjGhLZRoX5Rxxng8cP2gyKGH5vwp2GHPtgxUpFDpHpZmP4yXz3fhUNn6Z,Cwg4F9HnwEKktX662TLjYvUjvZStpQHss9BasJYSaGPj,8TAx5eRzjvYioRmc83vrzWuEzhav63ccEs7ZuzndxddU,2026-01-18T07:53:12Z,T6FmHsuXpgFg9cTNYgZreryNZs6zq1yjGhLZRoX5Rxxng8cP2gyKGH5vwp2GHPtgxUpFDpHpZmP4yXz3fhUNn6Z,2026-08-28T06:25:53Z,3wyPJbJFHo4Fvu7Und18ezfHzbJFeq5FuiuZQzTTQAzrrC7RmAWXjXmonJge3e898SwmhStEUrJE6grUaYQ74KcV,INDEPENDENT_LIVE,LIVE_POST_CUTOVER
38hx9MDFfPYNfbDnysKX9bGSp7rvv6RdGHvwtE39ijhs,0,,,BfBqvwoNLVSEvrjukaRUdex72PEF234oY8RogGtqFRZv,1,7LscpY288mvuC8kBax5KhcxH9BucLs9cCndo2HUi5xWb,BfBqvwoNLVSEvrjukaRUdex72PEF234oY8RogGtqFRZv,2025-12-01T14:47:04Z,3RtoZYcYcyYsbgkjEAVDxmBfRBmbhR9RTuYeFNsPbt8vAWSpun6GVdKAehThzTSxrWEoytqCP38hiEM23NKjZcqZ,7LscpY288mvuC8kBax5KhcxH9BucLs9cCndo2HUi5xWb,BfBqvwoNLVSEvrjukaRUdex72PEF234oY8RogGtqFRZv,2025-12-01T14:47:04Z,3RtoZYcYcyYsbgkjEAVDxmBfRBmbhR9RTuYeFNsPbt8vAWSpun6GVdKAehThzTSxrWEoytqCP38hiEM23NKjZcqZ,2026-08-25T07:31:11.000Z,4rtP3LQdxEFrF724Pcfj9eTdaMqDrbmvi11ewwfNYdLQTN1Zi9niu13zAFrmkA5n1V2cgfjmM8vUtzGWXEcmBYKc,DUNE_LIVE,LIVE_POST_BASELINE
393xQfmMkDrhY2yoGoqqtSkdV5mdbeYa78U6EiV8og4a,0,,,8TAx5eRzjvYioRmc83vrzWuEzhav63ccEs7ZuzndxddU,1,Cwg4F9HnwEKktX662TLjYvUjvZStpQHss9BasJYSaGPj,8TAx5eRzjvYioRmc83vrzWuEzhav63ccEs7ZuzndxddU,2026-02-17T16:17:34Z,5N2TDLxNEQndM6ZEFE2C9nxypyFEkuqXKSrAYe9uR4gBDkyf22vx4mVQFzX7JxFTkUcpAUwqA2KKLaCtQKDYb3E9,Cwg4F9HnwEKktX662TLjYvUjvZStpQHss9BasJYSaGPj,8TAx5eRzjvYioRmc83vrzWuEzhav63ccEs7ZuzndxddU,2026-02-17T16:17:34Z,5N2TDLxNEQndM6ZEFE2C9nxypyFEkuqXKSrAYe9uR4gBDkyf22vx4mVQFzX7JxFTkUcpAUwqA2KKLaCtQKDYb3E9,2026-08-28T06:25:53Z,3wyPJbJFHo4Fvu7Und18ezfHzbJFeq5FuiuZQzTTQAzrrC7RmAWXjXmonJge3e898SwmhStEUrJE6grUaYQ74KcV,INDEPENDENT_LIVE,LIVE_POST_CUTOVER
3A7Tw6V4Kz8RwvcuoF6an5BXWPZp1FifhXbnYJE7UXZJ,0,,,DM5YNogviE6YxVESWYG9TaZ9q4qiBLAJmxnA1LQRFMGZ,1,B1Pv8HZNHGdXC8qTsNGLCJKpnoetE2Y52RyeoJW9pE5Z,DM5YNogviE6YxVESWYG9TaZ9q4qiBLAJmxnA1LQRFMGZ,2025-09-30T14:08:47Z,127WPqgfN7uYi37tPNkFViLJoroXoUwnom5irjqdp47RT8FitM3tPFQxuQkVZGgtqhLguPWodXvsv2HCoVrEoF7S,B1Pv8HZNHGdXC8qTsNGLCJKpnoetE2Y52RyeoJW9pE5Z,DM5YNogviE6YxVESWYG9TaZ9q4qiBLAJmxnA1LQRFMGZ,2025-09-30T14:08:47Z,127WPqgfN7uYi37tPNkFViLJoroXoUwnom5irjqdp47RT8FitM3tPFQxuQkVZGgtqhLguPWodXvsv2HCoVrEoF7S,2026-08-31T09:39:48Z,5rqET3n1SkPB9jrcz8yM3KNBt6b2Q925G69tDBYwhL5yd6cLZzD3gSDSSgsbFqwtJkuaCoAvuRNq3eCNaKxhpdWi,INDEPENDENT_LIVE,LIVE_POST_CUTOVER
3AVF8zfmGa3VqJKowrrYehuD7fuN7wxDsnssdnFnQqY6,0,,,38Bj4DFXhAkDxB6Atj66kdxGZfhZEC3ejRX1HDh1YFKj,1,8Vpqxxbon9s4Hnk2eMhysjx6XKjHiUgEUAm3MSq9yQv2,38Bj4DFXhAkDxB6Atj66kdxGZfhZEC3ejRX1HDh1YFKj,2025-04-26T14:30:36Z,4tFoiSKSVjWPuHrr34E3yDocbqgMumcCExUiWKjZdKrQZsPSGooU7AJDTUW8zaQt28V3Ce86cQdX5JiPyTR2aU3P,8Vpqxxbon9s4Hnk2eMhysjx6XKjHiUgEUAm3MSq9yQv2,38Bj4DFXhAkDxB6Atj66kdxGZfhZEC3ejRX1HDh1YFKj,2025-04-26T14:30:36Z,4tFoiSKSVjWPuHrr34E3yDocbqgMumcCExUiWKjZdKrQZsPSGooU7AJDTUW8zaQt28V3Ce86cQdX5JiPyTR2aU3P,2026-08-21T19:39:25.000Z,4AT1PFFkyADXcz2QFJi78yrTeP8dAhFkfWJU5JCvpEx2a7pWsAxn14owrdqpvwkTU7bAzxxCYoBijEksgty9W6qe,DUNE_LIVE,LIVE_POST_BASELINE
3B6osheKL43xSXNDWnVp7zwTfQYSbumr7wfMdcLJncBv,0,,,BfBqvwoNLVSEvrjukaRUdex72PEF234oY8RogGtqFRZv,1,7LscpY288mvuC8kBax5KhcxH9BucLs9cCndo2HUi5xWb,BfBqvwoNLVSEvrjukaRUdex72PEF234oY8RogGtqFRZv,2025-12-01T14:37:41Z,5qRDLxHjUDLLKHWoiZUcUkUMWR5QrifGfPtz6LJbnvMa8pPn89nwRnPHhBCdgdguyz5U3cPmjg1chcmQiGioRCE6,7LscpY288mvuC8kBax5KhcxH9BucLs9cCndo2HUi5xWb,BfBqvwoNLVSEvrjukaRUdex72PEF234oY8RogGtqFRZv,2025-12-01T14:37:41Z,5qRDLxHjUDLLKHWoiZUcUkUMWR5QrifGfPtz6LJbnvMa8pPn89nwRnPHhBCdgdguyz5U3cPmjg1chcmQiGioRCE6,2026-08-25T07:31:11.000Z,4rtP3LQdxEFrF724Pcfj9eTdaMqDrbmvi11ewwfNYdLQTN1Zi9niu13zAFrmkA5n1V2cgfjmM8vUtzGWXEcmBYKc,DUNE_LIVE,LIVE_POST_BASELINE
3BQ8y9VZQfzJqmhqHnYvzMTrMmA9GzzZrwejyLjjUoSV,1,2026-08-24T15:31:42.000Z,5RG7QVCgmURrQKrXPjBmLrgpNyRoVT4PfymFZqCgwLU5sytYremPsTvkA5UUce9q89FdPbaAaKXL5ARJ2mAzrND9,,0,,,2026-08-24T15:31:42.000Z,5RG7QVCgmURrQKrXPjBmLrgpNyRoVT4PfymFZqCgwLU5sytYremPsTvkA5UUce9q89FdPbaAaKXL5ARJ2mAzrND9,,,,,,,,
3BZWcRawNo5LFXS2jHyKJmz4ak8Gv58keYrtNdVwR9FM,0,,,8TAx5eRzjvYioRmc83vrzWuEzhav63ccEs7ZuzndxddU,1,Cwg4F9HnwEKktX662TLjYvUjvZStpQHss9BasJYSaGPj,8TAx5eRzjvYioRmc83vrzWuEzhav63ccEs7ZuzndxddU,2026-06-29T18:48:40Z,2uWB2q1pB9X4eRuU4P6RdCqEZJZ4UqGeeooeYVETLZFi9awgN65iyp6vjuiNC7TTyZRaM3GEYJQRpCmBYKJmUq8M,Cwg4F9HnwEKktX662TLjYvUjvZStpQHss9BasJYSaGPj,8TAx5eRzjvYioRmc83vrzWuEzhav63ccEs7ZuzndxddU,2026-06-29T18:48:40Z,2uWB2q1pB9X4eRuU4P6RdCqEZJZ4UqGeeooeYVETLZFi9awgN65iyp6vjuiNC7TTyZRaM3GEYJQRpCmBYKJmUq8M,2026-08-28T06:25:53Z,3wyPJbJFHo4Fvu7Und18ezfHzbJFeq5FuiuZQzTTQAzrrC7RmAWXjXmonJge3e898SwmhStEUrJE6grUaYQ74KcV,INDEPENDENT_LIVE,LIVE_POST_CUTOVER
3BnhP7P3CjCgSnVpCAkeRRUyU7Re51mCppGXrEnK3TjU,0,,,8TAx5eRzjvYioRmc83vrzWuEzhav63ccEs7ZuzndxddU,1,Cwg4F9HnwEKktX662TLjYvUjvZStpQHss9BasJYSaGPj,8TAx5eRzjvYioRmc83vrzWuEzhav63ccEs7ZuzndxddU,2023-08-28T01:48:51Z,5gN6zWVpt4S2aSvT1JTjnLAHDqo71Lv1VE21Fk91twT4Nr8etSnqWjYvXpaxdsyk2Jkq5fGjt6DK8LYYrGpxVJvp,Cwg4F9HnwEKktX662TLjYvUjvZStpQHss9BasJYSaGPj,8TAx5eRzjvYioRmc83vrzWuEzhav63ccEs7ZuzndxddU,2023-08-28T01:48:51Z,5gN6zWVpt4S2aSvT1JTjnLAHDqo71Lv1VE21Fk91twT4Nr8etSnqWjYvXpaxdsyk2Jkq5fGjt6DK8LYYrGpxVJvp,2026-08-28T06:25:53Z,3wyPJbJFHo4Fvu7Und18ezfHzbJFeq5FuiuZQzTTQAzrrC7RmAWXjXmonJge3e898SwmhStEUrJE6grUaYQ74KcV,INDEPENDENT_LIVE,LIVE_POST_CUTOVER
3DDLtz6JSQUd3CdvffuCDwW2ej66dyqjJ7nM8VaxVLs2,0,,,8TAx5eRzjvYioRmc83vrzWuEzhav63ccEs7ZuzndxddU,1,Cwg4F9HnwEKktX662TLjYvUjvZStpQHss9BasJYSaGPj,8TAx5eRzjvYioRmc83vrzWuEzhav63ccEs7ZuzndxddU,2026-01-18T07:52:39Z,3MrrNqzCUAcaAr4fG6oyoufmwi531GXWGNhNqVQMXbhRNjEhgTiopiw3euawuVH9uP851rgHWhAj8BufetaKGGRW,Cwg4F9HnwEKktX662TLjYvUjvZStpQHss9BasJYSaGPj,8TAx5eRzjvYioRmc83vrzWuEzhav63ccEs7ZuzndxddU,2026-01-18T07:52:39Z,3MrrNqzCUAcaAr4fG6oyoufmwi531GXWGNhNqVQMXbhRNjEhgTiopiw3euawuVH9uP851rgHWhAj8BufetaKGGRW,2026-08-28T06:25:53Z,3wyPJbJFHo4Fvu7Und18ezfHzbJFeq5FuiuZQzTTQAzrrC7RmAWXjXmonJge3e898SwmhStEUrJE6grUaYQ74KcV,INDEPENDENT_LIVE,LIVE_POST_CUTOVER
3JRpiNwdaFZmzoqqzLtNH6EM4wi5fxnkJeztcWQ5xqyL,0,,,DM5YNogviE6YxVESWYG9TaZ9q4qiBLAJmxnA1LQRFMGZ,1,B1Pv8HZNHGdXC8qTsNGLCJKpnoetE2Y52RyeoJW9pE5Z,DM5YNogviE6YxVESWYG9TaZ9q4qiBLAJmxnA1LQRFMGZ,2025-04-15T02:17:07Z,5Leoy8uXZeGxW7B78G2EGQ3ncmD5Ld3dBC4YHrLMEMEtWdiLNAqHypeV8jAnz9rMajZir8yK3gyPoLRz4LFAq8E5,B1Pv8HZNHGdXC8qTsNGLCJKpnoetE2Y52RyeoJW9pE5Z,DM5YNogviE6YxVESWYG9TaZ9q4qiBLAJmxnA1LQRFMGZ,2025-04-15T02:17:07Z,5Leoy8uXZeGxW7B78G2EGQ3ncmD5Ld3dBC4YHrLMEMEtWdiLNAqHypeV8jAnz9rMajZir8yK3gyPoLRz4LFAq8E5,2026-08-31T09:39:48Z,5rqET3n1SkPB9jrcz8yM3KNBt6b2Q925G69tDBYwhL5yd6cLZzD3gSDSSgsbFqwtJkuaCoAvuRNq3eCNaKxhpdWi,INDEPENDENT_LIVE,LIVE_POST_CUTOVER
3JWuhZjo73pdp5EhnKnvFRn1Rr95T8ShntqESX3AhubL,0,,,BfBqvwoNLVSEvrjukaRUdex72PEF234oY8RogGtqFRZv,1,7LscpY288mvuC8kBax5KhcxH9BucLs9cCndo2HUi5xWb,BfBqvwoNLVSEvrjukaRUdex72PEF234oY8RogGtqFRZv,2025-12-01T14:23:36Z,5SRCFWzibji5cP5Xu1ES3sDcMUfS3MNXqsG6mCR9RFkQbTyBFZT2QaWf8kqZdmXTgTFvpgx5F71b5JieZ9vW31Hn,7LscpY288mvuC8kBax5KhcxH9BucLs9cCndo2HUi5xWb,BfBqvwoNLVSEvrjukaRUdex72PEF234oY8RogGtqFRZv,2025-12-01T14:23:36Z,5SRCFWzibji5cP5Xu1ES3sDcMUfS3MNXqsG6mCR9RFkQbTyBFZT2QaWf8kqZdmXTgTFvpgx5F71b5JieZ9vW31Hn,2026-08-25T07:31:11.000Z,4rtP3LQdxEFrF724Pcfj9eTdaMqDrbmvi11ewwfNYdLQTN1Zi9niu13zAFrmkA5n1V2cgfjmM8vUtzGWXEcmBYKc,DUNE_LIVE,LIVE_POST_BASELINE
3JY4ZjjdGYeWac1oAsZCDE87tLApza9UKyLvnLhi2tdi,1,2026-08-24T15:31:42.000Z,54nowwHehMPfQL3fQ19jfSa9ZaTp83sweY9rhtavA54rV25vCJsPXyuxPNGnzo6P5RBDSRYRcyYpKK3nNPZtzRoY,,0,,,2026-08-24T15:31:42.000Z,54nowwHehMPfQL3fQ19jfSa9ZaTp83sweY9rhtavA54rV25vCJsPXyuxPNGnzo6P5RBDSRYRcyYpKK3nNPZtzRoY,,,,,,,,
3NPLCuvxv8SynHBBhYBy3EQj6PktMbEFfTZKGJTxyRyY,0,,,8TAx5eRzjvYioRmc83vrzWuEzhav63ccEs7ZuzndxddU,1,Cwg4F9HnwEKktX662TLjYvUjvZStpQHss9BasJYSaGPj,8TAx5eRzjvYioRmc83vrzWuEzhav63ccEs7ZuzndxddU,2026-01-18T07:53:17Z,3zkQEgztEBzt1zaq8a2ZrijygAnLDezqTB8RCFG1jq5XbPhjXY81UPD2RRb7G6gfWCpJTUMyCpLDBnC5vqKXKqXD,Cwg4F9HnwEKktX662TLjYvUjvZStpQHss9BasJYSaGPj,8TAx5eRzjvYioRmc83vrzWuEzhav63ccEs7ZuzndxddU,2026-01-18T07:53:17Z,3zkQEgztEBzt1zaq8a2ZrijygAnLDezqTB8RCFG1jq5XbPhjXY81UPD2RRb7G6gfWCpJTUMyCpLDBnC5vqKXKqXD,2026-08-28T06:25:53Z,3wyPJbJFHo4Fvu7Und18ezfHzbJFeq5FuiuZQzTTQAzrrC7RmAWXjXmonJge3e898SwmhStEUrJE6grUaYQ74KcV,INDEPENDENT_LIVE,LIVE_POST_CUTOVER
3QG3ffwvHnpyE9srAU55qEHWXm2sfsUJm5UpMz9YzxPx,0,,,BfBqvwoNLVSEvrjukaRUdex72PEF234oY8RogGtqFRZv,1,7LscpY288mvuC8kBax5KhcxH9BucLs9cCndo2HUi5xWb,BfBqvwoNLVSEvrjukaRUdex72PEF234oY8RogGtqFRZv,2025-12-01T14:22:47Z,356ydNdW8Ad8RYg3YXP16Cv9geJEvU7WrWuzYVBXPpiMMS18WsQBqHSW7P5fzr9kToLbDknJ9uYVXheC8rgGm9TL,7LscpY288mvuC8kBax5KhcxH9BucLs9cCndo2HUi5xWb,BfBqvwoNLVSEvrjukaRUdex72PEF234oY8RogGtqFRZv,2025-12-01T14:22:47Z,356ydNdW8Ad8RYg3YXP16Cv9geJEvU7WrWuzYVBXPpiMMS18WsQBqHSW7P5fzr9kToLbDknJ9uYVXheC8rgGm9TL,2026-08-25T07:31:11.000Z,4rtP3LQdxEFrF724Pcfj9eTdaMqDrbmvi11ewwfNYdLQTN1Zi9niu13zAFrmkA5n1V2cgfjmM8vUtzGWXEcmBYKc,DUNE_LIVE,LIVE_POST_BASELINE
3QsqCGX6Fv1ZCkiTtwfSgRcwvdqNdR9GoPuZNqYRcEMa,0,,,BfBqvwoNLVSEvrjukaRUdex72PEF234oY8RogGtqFRZv,1,7LscpY288mvuC8kBax5KhcxH9BucLs9cCndo2HUi5xWb,BfBqvwoNLVSEvrjukaRUdex72PEF234oY8RogGtqFRZv,2025-12-01T14:33:47Z,tv1qmE7zjHMozGFDmWYuUv44ABQndzEyp2MGLZY5htnvHSR6y8XYH5M322QiJ78wE22oZ8eceHMfrZbe4s8Re5z,7LscpY288mvuC8kBax5KhcxH9BucLs9cCndo2HUi5xWb,BfBqvwoNLVSEvrjukaRUdex72PEF234oY8RogGtqFRZv,2025-12-01T14:33:47Z,tv1qmE7zjHMozGFDmWYuUv44ABQndzEyp2MGLZY5htnvHSR6y8XYH5M322QiJ78wE22oZ8eceHMfrZbe4s8Re5z,2026-08-25T07:31:11.000Z,4rtP3LQdxEFrF724Pcfj9eTdaMqDrbmvi11ewwfNYdLQTN1Zi9niu13zAFrmkA5n1V2cgfjmM8vUtzGWXEcmBYKc,DUNE_LIVE,LIVE_POST_BASELINE
3TSNDLDr88NoLrtX9wjX3jLJqZ8QwLXP7mN83SY1guXk,0,,,38Bj4DFXhAkDxB6Atj66kdxGZfhZEC3ejRX1HDh1YFKj,1,8Vpqxxbon9s4Hnk2eMhysjx6XKjHiUgEUAm3MSq9yQv2,38Bj4DFXhAkDxB6Atj66kdxGZfhZEC3ejRX1HDh1YFKj,2025-04-26T14:32:57Z,2QAk7hWDY2wSc61G5n5UbAVkRRoVGX3JJGjxKt6u3qPkGrGCAtxFBjsht6vWGfx183kXqf3L6anf2NvGtDFSNSib,8Vpqxxbon9s4Hnk2eMhysjx6XKjHiUgEUAm3MSq9yQv2,38Bj4DFXhAkDxB6Atj66kdxGZfhZEC3ejRX1HDh1YFKj,2025-04-26T14:32:57Z,2QAk7hWDY2wSc61G5n5UbAVkRRoVGX3JJGjxKt6u3qPkGrGCAtxFBjsht6vWGfx183kXqf3L6anf2NvGtDFSNSib,2026-08-21T19:39:25.000Z,4AT1PFFkyADXcz2QFJi78yrTeP8dAhFkfWJU5JCvpEx2a7pWsAxn14owrdqpvwkTU7bAzxxCYoBijEksgty9W6qe,DUNE_LIVE,LIVE_POST_BASELINE
3VYxc4QzuJLGCoZgcef52FRA8fzfM9Vrie36tTG2FFfo,0,,,8TAx5eRzjvYioRmc83vrzWuEzhav63ccEs7ZuzndxddU,1,Cwg4F9HnwEKktX662TLjYvUjvZStpQHss9BasJYSaGPj,8TAx5eRzjvYioRmc83vrzWuEzhav63ccEs7ZuzndxddU,2026-02-07T15:33:29Z,49nw4TKfm73QVNVgQpcMPhkpGA2CHZUpge668HxLxCzk3JoFw6UAxeMeTWzJxoG7Kqmm62jPbtB7bFr1ciSjDFvi,Cwg4F9HnwEKktX662TLjYvUjvZStpQHss9BasJYSaGPj,8TAx5eRzjvYioRmc83vrzWuEzhav63ccEs7ZuzndxddU,2026-02-07T15:33:29Z,49nw4TKfm73QVNVgQpcMPhkpGA2CHZUpge668HxLxCzk3JoFw6UAxeMeTWzJxoG7Kqmm62jPbtB7bFr1ciSjDFvi,2026-08-28T06:25:53Z,3wyPJbJFHo4Fvu7Und18ezfHzbJFeq5FuiuZQzTTQAzrrC7RmAWXjXmonJge3e898SwmhStEUrJE6grUaYQ74KcV,INDEPENDENT_LIVE,LIVE_POST_CUTOVER
3Vs35MeqefNsgPyuW5rEoYibPJjmYqF94WQ9YsTnbwns,0,,,BfBqvwoNLVSEvrjukaRUdex72PEF234oY8RogGtqFRZv,1,7LscpY288mvuC8kBax5KhcxH9BucLs9cCndo2HUi5xWb,BfBqvwoNLVSEvrjukaRUdex72PEF234oY8RogGtqFRZv,2025-12-01T14:32:11Z,3B8Foh54pjrwRpHuPZzBrmBYf6EWcdvXjfyqWDhBBijUdEW96JdLddZWN1ewfFG5UPHZpiQBheygvLQMeN99cMGQ,7LscpY288mvuC8kBax5KhcxH9BucLs9cCndo2HUi5xWb,BfBqvwoNLVSEvrjukaRUdex72PEF234oY8RogGtqFRZv,2025-12-01T14:32:11Z,3B8Foh54pjrwRpHuPZzBrmBYf6EWcdvXjfyqWDhBBijUdEW96JdLddZWN1ewfFG5UPHZpiQBheygvLQMeN99cMGQ,2026-08-25T07:31:11.000Z,4rtP3LQdxEFrF724Pcfj9eTdaMqDrbmvi11ewwfNYdLQTN1Zi9niu13zAFrmkA5n1V2cgfjmM8vUtzGWXEcmBYKc,DUNE_LIVE,LIVE_POST_BASELINE
3WYwTNWRf2uZVLYpAKwz4DS6VADeiXfdAJLA1FCbncwu,1,2026-08-24T15:31:42.000Z,4uNxNnK3Pnc9wk6JLT2kweSUZEMBc555gZjcanvgmnK6CQxfRuGuV4KBViyHx3Cr3NJEy9N556Dwex61nq1JSuw8,,0,,,2026-08-24T15:31:42.000Z,4uNxNnK3Pnc9wk6JLT2kweSUZEMBc555gZjcanvgmnK6CQxfRuGuV4KBViyHx3Cr3NJEy9N556Dwex61nq1JSuw8,,,,,,,,
3bJ88CSYwXJ11DiW6aaeQixgDs11UdeBWizMfATT1c8T,0,,,BfBqvwoNLVSEvrjukaRUdex72PEF234oY8RogGtqFRZv,1,7LscpY288mvuC8kBax5KhcxH9BucLs9cCndo2HUi5xWb,BfBqvwoNLVSEvrjukaRUdex72PEF234oY8RogGtqFRZv,2025-12-01T14:44:11Z,4MYcVRPTXCfQnhwqyA6gz7SzQGtJpAdsy8cAkcAjjvAQGMrfu1TaSnGXGATvPFzhSdbVddaGeoUBiUa6d3itQ391,7LscpY288mvuC8kBax5KhcxH9BucLs9cCndo2HUi5xWb,BfBqvwoNLVSEvrjukaRUdex72PEF234oY8RogGtqFRZv,2025-12-01T14:44:11Z,4MYcVRPTXCfQnhwqyA6gz7SzQGtJpAdsy8cAkcAjjvAQGMrfu1TaSnGXGATvPFzhSdbVddaGeoUBiUa6d3itQ391,2026-08-25T07:31:11.000Z,4rtP3LQdxEFrF724Pcfj9eTdaMqDrbmvi11ewwfNYdLQTN1Zi9niu13zAFrmkA5n1V2cgfjmM8vUtzGWXEcmBYKc,DUNE_LIVE,LIVE_POST_BASELINE
3dyoh47SXw4UTTRAmKXU72RYFU2arwvjcGExBhgRgTgo,0,,,Db1meMQEgj8dCwzhR5W6coWt1yV4iEaQsYPKKDyGRUqW,1,Do9VaY2ru9QtaTWdhmuwc2Z9rj4rZ7D6EShdLTvxnp6h,Db1meMQEgj8dCwzhR5W6coWt1yV4iEaQsYPKKDyGRUqW,2025-04-14T13:13:23Z,63ybPfjMs52h2BVuPBAGzYuoYcnWkAw7k8eysQLuchzqeYy4PQsiJHbqj93gztSYwNeVfCSGnaT6cCKAxX3AMDBb,Do9VaY2ru9QtaTWdhmuwc2Z9rj4rZ7D6EShdLTvxnp6h,Db1meMQEgj8dCwzhR5W6coWt1yV4iEaQsYPKKDyGRUqW,2025-04-14T13:13:23Z,63ybPfjMs52h2BVuPBAGzYuoYcnWkAw7k8eysQLuchzqeYy4PQsiJHbqj93gztSYwNeVfCSGnaT6cCKAxX3AMDBb,2026-08-26T21:34:16Z,5y9KKMidZA2pNm3QLD2z2j7BfPbwsAQt6HEVyCQMK7sSkCy7PRQUy35JJG3GRnTBDLDeD6YVxYpw9nXSayk6pTiK,INDEPENDENT_LIVE,LIVE_POST_CUTOVER
3etqjXn74kHhj6z16ZQSw4FWs4MBN4x4pcamG2PKko6F,1,2026-08-24T15:31:42.000Z,4hcoBi6PQHM1NqUvmEoKvzQ9uUkyCFcGfabRVA431Matv7E3LSKvKfVTGsktjNYmD36oE53kyhGmGCyDJp5E3oHK,,0,,,2026-08-24T15:31:42.000Z,4hcoBi6PQHM1NqUvmEoKvzQ9uUkyCFcGfabRVA431Matv7E3LSKvKfVTGsktjNYmD36oE53kyhGmGCyDJp5E3oHK,,,,,,,,
3gfDduFRLpeg7kGgmdTRvKUC2ie7SW8DAxMHWLDG6pdp,0,,,BfBqvwoNLVSEvrjukaRUdex72PEF234oY8RogGtqFRZv,1,7LscpY288mvuC8kBax5KhcxH9BucLs9cCndo2HUi5xWb,BfBqvwoNLVSEvrjukaRUdex72PEF234oY8RogGtqFRZv,2025-12-01T14:40:18Z,2M8pnur2NdTpwBy5GXqzyVSB1seqisqFAtBdYDemSYdmjkMqtutp6BacPEGLXri88nwUAH4dWDJWaDmiJoxktbvo,7LscpY288mvuC8kBax5KhcxH9BucLs9cCndo2HUi5xWb,BfBqvwoNLVSEvrjukaRUdex72PEF234oY8RogGtqFRZv,2025-12-01T14:40:18Z,2M8pnur2NdTpwBy5GXqzyVSB1seqisqFAtBdYDemSYdmjkMqtutp6BacPEGLXri88nwUAH4dWDJWaDmiJoxktbvo,2026-08-25T07:31:11.000Z,4rtP3LQdxEFrF724Pcfj9eTdaMqDrbmvi11ewwfNYdLQTN1Zi9niu13zAFrmkA5n1V2cgfjmM8vUtzGWXEcmBYKc,DUNE_LIVE,LIVE_POST_BASELINE
3hdUwwjWHdREvpmHZJeo2FMEdrgDvJZvaciNX1m7WHJ8,0,,,38Bj4DFXhAkDxB6Atj66kdxGZfhZEC3ejRX1HDh1YFKj,1,8Vpqxxbon9s4Hnk2eMhysjx6XKjHiUgEUAm3MSq9yQv2,38Bj4DFXhAkDxB6Atj66kdxGZfhZEC3ejRX1HDh1YFKj,2025-04-26T14:36:44Z,5cdpBNM7ANY7EWabxu3FhrJT1jNVogTenNcLmRrvdYMhbVEAMvFvukcnmgQaEb1WsrX3xqrvGaDFFd6ao7iq2pAZ,8Vpqxxbon9s4Hnk2eMhysjx6XKjHiUgEUAm3MSq9yQv2,38Bj4DFXhAkDxB6Atj66kdxGZfhZEC3ejRX1HDh1YFKj,2025-04-26T14:36:44Z,5cdpBNM7ANY7EWabxu3FhrJT1jNVogTenNcLmRrvdYMhbVEAMvFvukcnmgQaEb1WsrX3xqrvGaDFFd6ao7iq2pAZ,2026-08-21T19:39:25.000Z,4AT1PFFkyADXcz2QFJi78yrTeP8dAhFkfWJU5JCvpEx2a7pWsAxn14owrdqpvwkTU7bAzxxCYoBijEksgty9W6qe,DUNE_LIVE,LIVE_POST_BASELINE
3hnsweRULYqTsHwpKF4NEVv2BdV8sCBTt41E1kEZUYc2,0,,,8TAx5eRzjvYioRmc83vrzWuEzhav63ccEs7ZuzndxddU,1,Cwg4F9HnwEKktX662TLjYvUjvZStpQHss9BasJYSaGPj,8TAx5eRzjvYioRmc83vrzWuEzhav63ccEs7ZuzndxddU,2023-08-02T18:51:13Z,5M2czUKfF2bdX4X2VsEgHiEDsz51GoFQmarNaGtrEEXFFj2KjJgKQDzoLQxxSXaFfhwWjcvbUYyypjLK8ZpphpL8,Cwg4F9HnwEKktX662TLjYvUjvZStpQHss9BasJYSaGPj,8TAx5eRzjvYioRmc83vrzWuEzhav63ccEs7ZuzndxddU,2023-08-02T18:51:13Z,5M2czUKfF2bdX4X2VsEgHiEDsz51GoFQmarNaGtrEEXFFj2KjJgKQDzoLQxxSXaFfhwWjcvbUYyypjLK8ZpphpL8,2026-08-28T06:25:53Z,3wyPJbJFHo4Fvu7Und18ezfHzbJFeq5FuiuZQzTTQAzrrC7RmAWXjXmonJge3e898SwmhStEUrJE6grUaYQ74KcV,INDEPENDENT_LIVE,LIVE_POST_CUTOVER
3hp9vpYn2XCYkEbMwsiNfMrNgXWTgqyvAkRVcYvJDH1x,0,,,8TAx5eRzjvYioRmc83vrzWuEzhav63ccEs7ZuzndxddU,1,Cwg4F9HnwEKktX662TLjYvUjvZStpQHss9BasJYSaGPj,8TAx5eRzjvYioRmc83vrzWuEzhav63ccEs7ZuzndxddU,2026-02-07T15:33:11Z,5jwSD9SAQt6Py9hd6s944xUC7o3dtM4Loj97HpLrpo5RSMYaVkCV681KsYtappuLxGxibzhvfhwYxhXw1EkPEfhS,Cwg4F9HnwEKktX662TLjYvUjvZStpQHss9BasJYSaGPj,8TAx5eRzjvYioRmc83vrzWuEzhav63ccEs7ZuzndxddU,2026-02-07T15:33:11Z,5jwSD9SAQt6Py9hd6s944xUC7o3dtM4Loj97HpLrpo5RSMYaVkCV681KsYtappuLxGxibzhvfhwYxhXw1EkPEfhS,2026-08-28T06:25:53Z,3wyPJbJFHo4Fvu7Und18ezfHzbJFeq5FuiuZQzTTQAzrrC7RmAWXjXmonJge3e898SwmhStEUrJE6grUaYQ74KcV,INDEPENDENT_LIVE,LIVE_POST_CUTOVER
3iaPz7VMcALUinRxSPZe1LgZLdNY55gocUdzx24dj6QA,0,,,DM5YNogviE6YxVESWYG9TaZ9q4qiBLAJmxnA1LQRFMGZ,1,B1Pv8HZNHGdXC8qTsNGLCJKpnoetE2Y52RyeoJW9pE5Z,DM5YNogviE6YxVESWYG9TaZ9q4qiBLAJmxnA1LQRFMGZ,2025-04-15T02:15:53Z,2fH3eDzLCH7fBcGpt3NZ1HQU5qhnNnKu3vxypyffSp3gVa2kPsL1BMSQCzmEbF8NAKD4fNGhyYVJVAWVm3PTkzGA,B1Pv8HZNHGdXC8qTsNGLCJKpnoetE2Y52RyeoJW9pE5Z,DM5YNogviE6YxVESWYG9TaZ9q4qiBLAJmxnA1LQRFMGZ,2025-04-15T02:15:53Z,2fH3eDzLCH7fBcGpt3NZ1HQU5qhnNnKu3vxypyffSp3gVa2kPsL1BMSQCzmEbF8NAKD4fNGhyYVJVAWVm3PTkzGA,2026-08-31T09:39:48Z,5rqET3n1SkPB9jrcz8yM3KNBt6b2Q925G69tDBYwhL5yd6cLZzD3gSDSSgsbFqwtJkuaCoAvuRNq3eCNaKxhpdWi,INDEPENDENT_LIVE,LIVE_POST_CUTOVER
3mAoEBsNjdtRALNgcJ4MWZRfucvAehqLSo5Lghko5Dj7,0,,,BFpTSgrkFXFycgvaraoSt75osy6EgKEeivXUgxz3AdEz,1,FnqEYzRtDV1zHUaEFycnGS6F3SCmjAvMLsNQQrnQcLPN,BFpTSgrkFXFycgvaraoSt75osy6EgKEeivXUgxz3AdEz,2025-11-16T05:38:19Z,4cMiViRX413JykJAUHUog9CL82mkCdg1DVn4VL1DmsZwPFjhjXJMzrcv2Qu3LzpfQfTC75ascfnr2tiaGfKJTxkj,FnqEYzRtDV1zHUaEFycnGS6F3SCmjAvMLsNQQrnQcLPN,BFpTSgrkFXFycgvaraoSt75osy6EgKEeivXUgxz3AdEz,2025-11-16T05:38:19Z,4cMiViRX413JykJAUHUog9CL82mkCdg1DVn4VL1DmsZwPFjhjXJMzrcv2Qu3LzpfQfTC75ascfnr2tiaGfKJTxkj,2026-08-30T18:20:59Z,4rGPKBHqqLhzjS6Y5dbuTSUCxKq4LmSxk1LUGZhanbv1vBDdiFLqSGyEReA7P3gTAkqXnVWTFdxGw69fkJjsw87Z,INDEPENDENT_LIVE,LIVE_POST_CUTOVER
3mP5T8xE4ExLm11R6K8FVDYHeFyXN2W92k6gB7VUiZ43,0,,,BfBqvwoNLVSEvrjukaRUdex72PEF234oY8RogGtqFRZv,1,7LscpY288mvuC8kBax5KhcxH9BucLs9cCndo2HUi5xWb,BfBqvwoNLVSEvrjukaRUdex72PEF234oY8RogGtqFRZv,2025-12-01T14:23:03Z,43W79f9c6nyju9Z5QcY4vytzCHtoyDyyH9guPabg49LhzF2dTvu8g35LGv7kew5Ka1yEnhjATroEdtgkuKzMge74,7LscpY288mvuC8kBax5KhcxH9BucLs9cCndo2HUi5xWb,BfBqvwoNLVSEvrjukaRUdex72PEF234oY8RogGtqFRZv,2025-12-01T14:23:03Z,43W79f9c6nyju9Z5QcY4vytzCHtoyDyyH9guPabg49LhzF2dTvu8g35LGv7kew5Ka1yEnhjATroEdtgkuKzMge74,2026-08-25T07:31:11.000Z,4rtP3LQdxEFrF724Pcfj9eTdaMqDrbmvi11ewwfNYdLQTN1Zi9niu13zAFrmkA5n1V2cgfjmM8vUtzGWXEcmBYKc,DUNE_LIVE,LIVE_POST_BASELINE
3nTnCHPF8bq5N44V8VV21ZZkjL55JfsPNDdnvzqQB2Eg,0,,,BfBqvwoNLVSEvrjukaRUdex72PEF234oY8RogGtqFRZv,1,7LscpY288mvuC8kBax5KhcxH9BucLs9cCndo2HUi5xWb,BfBqvwoNLVSEvrjukaRUdex72PEF234oY8RogGtqFRZv,2025-12-01T14:46:17Z,3AsfsG3YYVUDCoGRioobmC3uo8jZjQAszTw4kDTiNreTiXJ91i2RpFfACGUNtHcS7D15brWkZiA9H2tChD3RHdCv,7LscpY288mvuC8kBax5KhcxH9BucLs9cCndo2HUi5xWb,BfBqvwoNLVSEvrjukaRUdex72PEF234oY8RogGtqFRZv,2025-12-01T14:46:17Z,3AsfsG3YYVUDCoGRioobmC3uo8jZjQAszTw4kDTiNreTiXJ91i2RpFfACGUNtHcS7D15brWkZiA9H2tChD3RHdCv,2026-08-25T07:31:11.000Z,4rtP3LQdxEFrF724Pcfj9eTdaMqDrbmvi11ewwfNYdLQTN1Zi9niu13zAFrmkA5n1V2cgfjmM8vUtzGWXEcmBYKc,DUNE_LIVE,LIVE_POST_BASELINE
3p2vQj7JUSeaVFjAYVqLzpdTeZVbAfoip3eGV636qPir,0,,,8TAx5eRzjvYioRmc83vrzWuEzhav63ccEs7ZuzndxddU,1,Cwg4F9HnwEKktX662TLjYvUjvZStpQHss9BasJYSaGPj,8TAx5eRzjvYioRmc83vrzWuEzhav63ccEs7ZuzndxddU,2026-06-29T18:48:45Z,3iCwTMhkuqqWtCHKMC9wMeY93D3wbDPiVp6n4saX3Hk3xbLE87ryiKV5fNzkSHiG9WMz77nYjPEvafnqbGedqQPs,Cwg4F9HnwEKktX662TLjYvUjvZStpQHss9BasJYSaGPj,8TAx5eRzjvYioRmc83vrzWuEzhav63ccEs7ZuzndxddU,2026-06-29T18:48:45Z,3iCwTMhkuqqWtCHKMC9wMeY93D3wbDPiVp6n4saX3Hk3xbLE87ryiKV5fNzkSHiG9WMz77nYjPEvafnqbGedqQPs,2026-08-28T06:25:53Z,3wyPJbJFHo4Fvu7Und18ezfHzbJFeq5FuiuZQzTTQAzrrC7RmAWXjXmonJge3e898SwmhStEUrJE6grUaYQ74KcV,INDEPENDENT_LIVE,LIVE_POST_CUTOVER
3qXCUUTj75rSbfH3RKXAqhE7E6oyoUDCpgLqoMxbFhFS,0,,,DM5YNogviE6YxVESWYG9TaZ9q4qiBLAJmxnA1LQRFMGZ,1,B1Pv8HZNHGdXC8qTsNGLCJKpnoetE2Y52RyeoJW9pE5Z,DM5YNogviE6YxVESWYG9TaZ9q4qiBLAJmxnA1LQRFMGZ,2025-04-15T02:12:43Z,JRHy2QS7tJgkBt2u8VbxHa9u8wdzyEiB77BReLq6MvpvcsU72NP8QGXNRhfM7LaoeGQiDh31EKVnFWCZsdzmUDK,B1Pv8HZNHGdXC8qTsNGLCJKpnoetE2Y52RyeoJW9pE5Z,DM5YNogviE6YxVESWYG9TaZ9q4qiBLAJmxnA1LQRFMGZ,2025-04-15T02:12:43Z,JRHy2QS7tJgkBt2u8VbxHa9u8wdzyEiB77BReLq6MvpvcsU72NP8QGXNRhfM7LaoeGQiDh31EKVnFWCZsdzmUDK,2026-08-31T09:39:48Z,5rqET3n1SkPB9jrcz8yM3KNBt6b2Q925G69tDBYwhL5yd6cLZzD3gSDSSgsbFqwtJkuaCoAvuRNq3eCNaKxhpdWi,INDEPENDENT_LIVE,LIVE_POST_CUTOVER
3ruQYkig6NbuGfTf4KTauoRfG2BUYZdxfLv4Gh7GPKrZ,0,,,BfBqvwoNLVSEvrjukaRUdex72PEF234oY8RogGtqFRZv,1,7LscpY288mvuC8kBax5KhcxH9BucLs9cCndo2HUi5xWb,BfBqvwoNLVSEvrjukaRUdex72PEF234oY8RogGtqFRZv,2025-12-01T14:41:33Z,JipQSk9asuMTGCVHtoeYBJXDkL1mvmGhwQhft7kSLxtyyGBvvePfT5s1GEAD51hhTwLhkXQ5HohXdo7XvYcDF2m,7LscpY288mvuC8kBax5KhcxH9BucLs9cCndo2HUi5xWb,BfBqvwoNLVSEvrjukaRUdex72PEF234oY8RogGtqFRZv,2025-12-01T14:41:33Z,JipQSk9asuMTGCVHtoeYBJXDkL1mvmGhwQhft7kSLxtyyGBvvePfT5s1GEAD51hhTwLhkXQ5HohXdo7XvYcDF2m,2026-08-25T07:31:11.000Z,4rtP3LQdxEFrF724Pcfj9eTdaMqDrbmvi11ewwfNYdLQTN1Zi9niu13zAFrmkA5n1V2cgfjmM8vUtzGWXEcmBYKc,DUNE_LIVE,LIVE_POST_BASELINE
3s3EH3JumMRuDEa3Zup9FEZE7Na4hYLQnSjChuRihEqr,0,,,BfBqvwoNLVSEvrjukaRUdex72PEF234oY8RogGtqFRZv,1,7LscpY288mvuC8kBax5KhcxH9BucLs9cCndo2HUi5xWb,BfBqvwoNLVSEvrjukaRUdex72PEF234oY8RogGtqFRZv,2025-12-01T14:47:32Z,2MaG7JbFvJ1FtcQ4h6CsYcFpShtihMMHR8MFqVeBUY9mTe8U7ChsEnjWP71kWyJEjAcMf6WHkzoQrQShPGieCVxv,7LscpY288mvuC8kBax5KhcxH9BucLs9cCndo2HUi5xWb,BfBqvwoNLVSEvrjukaRUdex72PEF234oY8RogGtqFRZv,2025-12-01T14:47:32Z,2MaG7JbFvJ1FtcQ4h6CsYcFpShtihMMHR8MFqVeBUY9mTe8U7ChsEnjWP71kWyJEjAcMf6WHkzoQrQShPGieCVxv,2026-08-25T07:31:11.000Z,4rtP3LQdxEFrF724Pcfj9eTdaMqDrbmvi11ewwfNYdLQTN1Zi9niu13zAFrmkA5n1V2cgfjmM8vUtzGWXEcmBYKc,DUNE_LIVE,LIVE_POST_BASELINE
3tTeBTfUrbjvVUZyMpctbHrDE6qZtJCmoNc7XtNkkjsg,1,2026-08-24T15:31:42.000Z,4dTQUg4zs1QUbQXrH5H6ctfngozoSNt3STP24n8vzTwqE4TmJ7KUoywWM2UYzVkWJXKTHhEU1hRccRLvGht6Srt4,,0,,,2026-08-24T15:31:42.000Z,4dTQUg4zs1QUbQXrH5H6ctfngozoSNt3STP24n8vzTwqE4TmJ7KUoywWM2UYzVkWJXKTHhEU1hRccRLvGht6Srt4,,,,,,,,
3u3xXFCpzp6pTZE5GY5cBWatF734QPechEPF86fDEsun,0,,,FYL4LRChq2a6w8PenydNEd1ExoKpBVNpueitXAXanSGy,1,FpqrjWJpTNwv1b1nu3Kouzn7KRZeAxcvyXfHgkGFQ9Gd,FYL4LRChq2a6w8PenydNEd1ExoKpBVNpueitXAXanSGy,2025-04-19T15:06:27Z,5ZhXzExXLvhLw3XWjA4Rvh4A6VVadVp8BmVfptJGgCTyXpdK9vbm9w5afEqyrRBAZqTfznG59tPXPNbwNjXCQmpi,FpqrjWJpTNwv1b1nu3Kouzn7KRZeAxcvyXfHgkGFQ9Gd,FYL4LRChq2a6w8PenydNEd1ExoKpBVNpueitXAXanSGy,2025-04-19T15:06:27Z,5ZhXzExXLvhLw3XWjA4Rvh4A6VVadVp8BmVfptJGgCTyXpdK9vbm9w5afEqyrRBAZqTfznG59tPXPNbwNjXCQmpi,2026-08-24T04:22:35.000Z,5oK95ozVzmUYxqJmZd7NLGb2U4oYDLVTieQMPA7TJve19iKQ41uaDdvJ8VHYNmcxSnH1A7BK2NrfTFFcJbTUKTey,DUNE_LIVE,LIVE_POST_BASELINE
3uCmWnq7JDPT3qw5xweC8jnCQuzmeKTx7S1SRzdBiT2r,0,,,8TAx5eRzjvYioRmc83vrzWuEzhav63ccEs7ZuzndxddU,1,Cwg4F9HnwEKktX662TLjYvUjvZStpQHss9BasJYSaGPj,8TAx5eRzjvYioRmc83vrzWuEzhav63ccEs7ZuzndxddU,2022-11-23T17:17:34Z,52yhF7inkz5fPt6EtAoVUcqsAoJJLpPj7shXhd31cEnjefRKCDThB95Dh58m83MHkq1y52y5Ss8swF4RUvAAQxMz,Cwg4F9HnwEKktX662TLjYvUjvZStpQHss9BasJYSaGPj,8TAx5eRzjvYioRmc83vrzWuEzhav63ccEs7ZuzndxddU,2022-11-23T17:17:34Z,52yhF7inkz5fPt6EtAoVUcqsAoJJLpPj7shXhd31cEnjefRKCDThB95Dh58m83MHkq1y52y5Ss8swF4RUvAAQxMz,2026-08-28T06:25:53Z,3wyPJbJFHo4Fvu7Und18ezfHzbJFeq5FuiuZQzTTQAzrrC7RmAWXjXmonJge3e898SwmhStEUrJE6grUaYQ74KcV,INDEPENDENT_LIVE,LIVE_POST_CUTOVER
3upeqCghz5HT1wZXny3cixnji4MvLhQXGBbb44UAYWaN,1,2026-08-24T15:31:42.000Z,4hcoBi6PQHM1NqUvmEoKvzQ9uUkyCFcGfabRVA431Matv7E3LSKvKfVTGsktjNYmD36oE53kyhGmGCyDJp5E3oHK,,0,,,2026-08-24T15:31:42.000Z,4hcoBi6PQHM1NqUvmEoKvzQ9uUkyCFcGfabRVA431Matv7E3LSKvKfVTGsktjNYmD36oE53kyhGmGCyDJp5E3oHK,,,,,,,,
3xSH7H5MCuYvHcA1Z2B3actTkvXz1vQL81qHAWQVmxNh,0,,,FYL4LRChq2a6w8PenydNEd1ExoKpBVNpueitXAXanSGy,1,FpqrjWJpTNwv1b1nu3Kouzn7KRZeAxcvyXfHgkGFQ9Gd,FYL4LRChq2a6w8PenydNEd1ExoKpBVNpueitXAXanSGy,2025-04-19T15:11:15Z,39WcQV8ZFdG2797B14sfS3yU9nQd4vEkr5u1KfrKL8KvBAXArM5AqGavcovbXxby3WZvY9G5eokS7tBcyEYtLzQ9,FpqrjWJpTNwv1b1nu3Kouzn7KRZeAxcvyXfHgkGFQ9Gd,FYL4LRChq2a6w8PenydNEd1ExoKpBVNpueitXAXanSGy,2025-04-19T15:11:15Z,39WcQV8ZFdG2797B14sfS3yU9nQd4vEkr5u1KfrKL8KvBAXArM5AqGavcovbXxby3WZvY9G5eokS7tBcyEYtLzQ9,2026-08-24T04:22:35.000Z,5oK95ozVzmUYxqJmZd7NLGb2U4oYDLVTieQMPA7TJve19iKQ41uaDdvJ8VHYNmcxSnH1A7BK2NrfTFFcJbTUKTey,DUNE_LIVE,LIVE_POST_BASELINE
3yerzRibw5dNL3VcKBKXqGGQvctjm4bhaYPAquK1oVni,0,,,BfBqvwoNLVSEvrjukaRUdex72PEF234oY8RogGtqFRZv,1,7LscpY288mvuC8kBax5KhcxH9BucLs9cCndo2HUi5xWb,BfBqvwoNLVSEvrjukaRUdex72PEF234oY8RogGtqFRZv,2025-12-01T14:34:19Z,3axwyrVaFJVCmLJZcJ6dvKYG1XW8L3UE1Q4fRimrbk6Ryw9gDRJkaDckLgytUETXu3yzg6xq5k6bmfax4P1aKASu,7LscpY288mvuC8kBax5KhcxH9BucLs9cCndo2HUi5xWb,BfBqvwoNLVSEvrjukaRUdex72PEF234oY8RogGtqFRZv,2025-12-01T14:34:19Z,3axwyrVaFJVCmLJZcJ6dvKYG1XW8L3UE1Q4fRimrbk6Ryw9gDRJkaDckLgytUETXu3yzg6xq5k6bmfax4P1aKASu,2026-08-25T07:31:11.000Z,4rtP3LQdxEFrF724Pcfj9eTdaMqDrbmvi11ewwfNYdLQTN1Zi9niu13zAFrmkA5n1V2cgfjmM8vUtzGWXEcmBYKc,DUNE_LIVE,LIVE_POST_BASELINE
3ynyLVUhaPzgeuRnKzcwWt8zVwRwaQUdNNw2i7scEExq,0,,,38Bj4DFXhAkDxB6Atj66kdxGZfhZEC3ejRX1HDh1YFKj,1,8Vpqxxbon9s4Hnk2eMhysjx6XKjHiUgEUAm3MSq9yQv2,38Bj4DFXhAkDxB6Atj66kdxGZfhZEC3ejRX1HDh1YFKj,2025-04-26T14:30:17Z,48VohA6wv1ndCkVVDKgFL6gp3pqokjZHR2AGnJkPPzs5uRhXzUpF5ZxER71bEbanX4dvrLAGdr2Phuquwda55Z1D,8Vpqxxbon9s4Hnk2eMhysjx6XKjHiUgEUAm3MSq9yQv2,38Bj4DFXhAkDxB6Atj66kdxGZfhZEC3ejRX1HDh1YFKj,2025-04-26T14:30:17Z,48VohA6wv1ndCkVVDKgFL6gp3pqokjZHR2AGnJkPPzs5uRhXzUpF5ZxER71bEbanX4dvrLAGdr2Phuquwda55Z1D,2026-08-21T19:39:25.000Z,4AT1PFFkyADXcz2QFJi78yrTeP8dAhFkfWJU5JCvpEx2a7pWsAxn14owrdqpvwkTU7bAzxxCYoBijEksgty9W6qe,DUNE_LIVE,LIVE_POST_BASELINE
3zjNa51CTNQZoJx41ioo6xCGEDzLZZZB4isQMt3GkgUv,0,,,FYL4LRChq2a6w8PenydNEd1ExoKpBVNpueitXAXanSGy,1,FpqrjWJpTNwv1b1nu3Kouzn7KRZeAxcvyXfHgkGFQ9Gd,FYL4LRChq2a6w8PenydNEd1ExoKpBVNpueitXAXanSGy,2025-04-19T15:05:59Z,Nr2DgnupCtnBve3LwqPchAqLkZAgDoYxubuN42eFqaRVKQBe1aoxCffknsxcRNuS1CCGvUqZEbKhmnJPyjChwdL,FpqrjWJpTNwv1b1nu3Kouzn7KRZeAxcvyXfHgkGFQ9Gd,FYL4LRChq2a6w8PenydNEd1ExoKpBVNpueitXAXanSGy,2025-04-19T15:05:59Z,Nr2DgnupCtnBve3LwqPchAqLkZAgDoYxubuN42eFqaRVKQBe1aoxCffknsxcRNuS1CCGvUqZEbKhmnJPyjChwdL,2026-08-24T04:22:35.000Z,5oK95ozVzmUYxqJmZd7NLGb2U4oYDLVTieQMPA7TJve19iKQ41uaDdvJ8VHYNmcxSnH1A7BK2NrfTFFcJbTUKTey,DUNE_LIVE,LIVE_POST_BASELINE
41g7hujqBYKwc4FezVQHXSUVD55Q3wVY9fnCd5ot99d5,0,,,DM5YNogviE6YxVESWYG9TaZ9q4qiBLAJmxnA1LQRFMGZ,1,B1Pv8HZNHGdXC8qTsNGLCJKpnoetE2Y52RyeoJW9pE5Z,DM5YNogviE6YxVESWYG9TaZ9q4qiBLAJmxnA1LQRFMGZ,2025-05-11T05:20:59Z,3YScfFXbqfzMKbdvWB7c811eCuaR7yET8sMkUjaALteNHxGd1115ynGRa1HvN9w7qd57pX2PcNiidwUrionYBjGX,B1Pv8HZNHGdXC8qTsNGLCJKpnoetE2Y52RyeoJW9pE5Z,DM5YNogviE6YxVESWYG9TaZ9q4qiBLAJmxnA1LQRFMGZ,2025-05-11T05:20:59Z,3YScfFXbqfzMKbdvWB7c811eCuaR7yET8sMkUjaALteNHxGd1115ynGRa1HvN9w7qd57pX2PcNiidwUrionYBjGX,2026-08-31T09:39:48Z,5rqET3n1SkPB9jrcz8yM3KNBt6b2Q925G69tDBYwhL5yd6cLZzD3gSDSSgsbFqwtJkuaCoAvuRNq3eCNaKxhpdWi,INDEPENDENT_LIVE,LIVE_POST_CUTOVER
424ZTPncksNMDn3aQuQJG8jXeBqHLtN4tXRsdYKLycW6,0,,,DM5YNogviE6YxVESWYG9TaZ9q4qiBLAJmxnA1LQRFMGZ,1,B1Pv8HZNHGdXC8qTsNGLCJKpnoetE2Y52RyeoJW9pE5Z,DM5YNogviE6YxVESWYG9TaZ9q4qiBLAJmxnA1LQRFMGZ,2026-03-10T11:02:00Z,2f1WUxgX6u5cQkq6CyYtPeHHdHAFNVvyTWu8yzCaTBM8WHDmww4GLiTuoFNZjUazaS7KoqEUDsojHHKsZgeCswTm,B1Pv8HZNHGdXC8qTsNGLCJKpnoetE2Y52RyeoJW9pE5Z,DM5YNogviE6YxVESWYG9TaZ9q4qiBLAJmxnA1LQRFMGZ,2026-03-10T11:02:00Z,2f1WUxgX6u5cQkq6CyYtPeHHdHAFNVvyTWu8yzCaTBM8WHDmww4GLiTuoFNZjUazaS7KoqEUDsojHHKsZgeCswTm,2026-08-31T09:39:48Z,5rqET3n1SkPB9jrcz8yM3KNBt6b2Q925G69tDBYwhL5yd6cLZzD3gSDSSgsbFqwtJkuaCoAvuRNq3eCNaKxhpdWi,INDEPENDENT_LIVE,LIVE_POST_CUTOVER
42fbRuRGkW1v2MtjrvRM1eUEka7PmurBjb6LfFMd7yYh,0,,,BfBqvwoNLVSEvrjukaRUdex72PEF234oY8RogGtqFRZv,1,7LscpY288mvuC8kBax5KhcxH9BucLs9cCndo2HUi5xWb,BfBqvwoNLVSEvrjukaRUdex72PEF234oY8RogGtqFRZv,2025-09-25T10:38:45Z,4YWjt4SXrd6TJvpbVYcA4ZeDkCJ76JRikkFnSkPYcChGLX9YLFkWi9q8s93cvUgzfWb8bgTYfpNwbbmGAvTT9BWi,7LscpY288mvuC8kBax5KhcxH9BucLs9cCndo2HUi5xWb,BfBqvwoNLVSEvrjukaRUdex72PEF234oY8RogGtqFRZv,2025-09-25T10:38:45Z,4YWjt4SXrd6TJvpbVYcA4ZeDkCJ76JRikkFnSkPYcChGLX9YLFkWi9q8s93cvUgzfWb8bgTYfpNwbbmGAvTT9BWi,2026-08-25T07:31:11.000Z,4rtP3LQdxEFrF724Pcfj9eTdaMqDrbmvi11ewwfNYdLQTN1Zi9niu13zAFrmkA5n1V2cgfjmM8vUtzGWXEcmBYKc,DUNE_LIVE,LIVE_POST_BASELINE
42sJCwBXTzHt8BkzqcXDWnjEDazfhAf4KtTGVdfKJ6uV,0,,,BfBqvwoNLVSEvrjukaRUdex72PEF234oY8RogGtqFRZv,1,7LscpY288mvuC8kBax5KhcxH9BucLs9cCndo2HUi5xWb,BfBqvwoNLVSEvrjukaRUdex72PEF234oY8RogGtqFRZv,2025-04-13T04:31:18Z,4yjZsvZ3dH149jZiKNM4QDKKcmBCC9GjkxMtzLWtXYWe97tV2wrwtBYHYTP4ZTR9VZS1d6JCJANZro6PyTS9gNwS,7LscpY288mvuC8kBax5KhcxH9BucLs9cCndo2HUi5xWb,BfBqvwoNLVSEvrjukaRUdex72PEF234oY8RogGtqFRZv,2025-04-13T04:31:18Z,4yjZsvZ3dH149jZiKNM4QDKKcmBCC9GjkxMtzLWtXYWe97tV2wrwtBYHYTP4ZTR9VZS1d6JCJANZro6PyTS9gNwS,2026-08-25T07:31:11.000Z,4rtP3LQdxEFrF724Pcfj9eTdaMqDrbmvi11ewwfNYdLQTN1Zi9niu13zAFrmkA5n1V2cgfjmM8vUtzGWXEcmBYKc,DUNE_LIVE,LIVE_POST_BASELINE
43UNeY8h7wzgpeRSHzajhZiZFfHHzUdEihQHjNLtShKE,0,,,BfBqvwoNLVSEvrjukaRUdex72PEF234oY8RogGtqFRZv,1,7LscpY288mvuC8kBax5KhcxH9BucLs9cCndo2HUi5xWb,BfBqvwoNLVSEvrjukaRUdex72PEF234oY8RogGtqFRZv,2025-12-01T14:46:21Z,2MDo9AWKG2FwqEYPJ4r2F4znsjj62AsiUhtC7Qfkkmvw2vkoj4rnzbMAx2spx9BFiUZbt5hUXFxaLLJrn5swWqMQ,7LscpY288mvuC8kBax5KhcxH9BucLs9cCndo2HUi5xWb,BfBqvwoNLVSEvrjukaRUdex72PEF234oY8RogGtqFRZv,2025-12-01T14:46:21Z,2MDo9AWKG2FwqEYPJ4r2F4znsjj62AsiUhtC7Qfkkmvw2vkoj4rnzbMAx2spx9BFiUZbt5hUXFxaLLJrn5swWqMQ,2026-08-25T07:31:11.000Z,4rtP3LQdxEFrF724Pcfj9eTdaMqDrbmvi11ewwfNYdLQTN1Zi9niu13zAFrmkA5n1V2cgfjmM8vUtzGWXEcmBYKc,DUNE_LIVE,LIVE_POST_BASELINE
45xnQW85CCcS1XrGaZULdewi3LRcEHXWMSj2HmnerkWs,0,,,FYL4LRChq2a6w8PenydNEd1ExoKpBVNpueitXAXanSGy,1,FpqrjWJpTNwv1b1nu3Kouzn7KRZeAxcvyXfHgkGFQ9Gd,FYL4LRChq2a6w8PenydNEd1ExoKpBVNpueitXAXanSGy,2025-04-19T15:07:28Z,hmUzxePW7G5dJCfDL2zfMBxL6DHq6SCEzgLdsJKQpxPFrmBxbCKJPDeBywE3LcYYPZHjXDdGhZ8N1BuXzTZxiYh,FpqrjWJpTNwv1b1nu3Kouzn7KRZeAxcvyXfHgkGFQ9Gd,FYL4LRChq2a6w8PenydNEd1ExoKpBVNpueitXAXanSGy,2025-04-19T15:07:28Z,hmUzxePW7G5dJCfDL2zfMBxL6DHq6SCEzgLdsJKQpxPFrmBxbCKJPDeBywE3LcYYPZHjXDdGhZ8N1BuXzTZxiYh,2026-08-24T04:22:35.000Z,5oK95ozVzmUYxqJmZd7NLGb2U4oYDLVTieQMPA7TJve19iKQ41uaDdvJ8VHYNmcxSnH1A7BK2NrfTFFcJbTUKTey,DUNE_LIVE,LIVE_POST_BASELINE
464STSd2sKVVgjv66nRipMb4dsLrg7YD4SJuGRsX2kvZ,0,,,DM5YNogviE6YxVESWYG9TaZ9q4qiBLAJmxnA1LQRFMGZ,1,B1Pv8HZNHGdXC8qTsNGLCJKpnoetE2Y52RyeoJW9pE5Z,DM5YNogviE6YxVESWYG9TaZ9q4qiBLAJmxnA1LQRFMGZ,2025-04-13T07:12:03Z,5D5DCWGKutrYDBWYc18U9q6DBhmuBmnZwiDZaV3XWrFPTQmRKkFrUbwCg6powC2RBzikSm294rzXA4MfHAMnJv77,B1Pv8HZNHGdXC8qTsNGLCJKpnoetE2Y52RyeoJW9pE5Z,DM5YNogviE6YxVESWYG9TaZ9q4qiBLAJmxnA1LQRFMGZ,2025-04-13T07:12:03Z,5D5DCWGKutrYDBWYc18U9q6DBhmuBmnZwiDZaV3XWrFPTQmRKkFrUbwCg6powC2RBzikSm294rzXA4MfHAMnJv77,2026-08-31T09:39:48Z,5rqET3n1SkPB9jrcz8yM3KNBt6b2Q925G69tDBYwhL5yd6cLZzD3gSDSSgsbFqwtJkuaCoAvuRNq3eCNaKxhpdWi,INDEPENDENT_LIVE,LIVE_POST_CUTOVER
47ez4u58YiWf43EPk1Rav3PkTUdcjNjgiikUKpm1WPew,0,,,8TAx5eRzjvYioRmc83vrzWuEzhav63ccEs7ZuzndxddU,1,Cwg4F9HnwEKktX662TLjYvUjvZStpQHss9BasJYSaGPj,8TAx5eRzjvYioRmc83vrzWuEzhav63ccEs7ZuzndxddU,2026-02-22T16:21:01Z,3ACgZnNA5YGGY2WLy7hZSnYiZKwdH4c6xaydR59kBS8FdaXmhFhDvemsQZjwxE75kMRZLnz22LQ2HAN31o8nuWKN,Cwg4F9HnwEKktX662TLjYvUjvZStpQHss9BasJYSaGPj,8TAx5eRzjvYioRmc83vrzWuEzhav63ccEs7ZuzndxddU,2026-02-22T16:21:01Z,3ACgZnNA5YGGY2WLy7hZSnYiZKwdH4c6xaydR59kBS8FdaXmhFhDvemsQZjwxE75kMRZLnz22LQ2HAN31o8nuWKN,2026-08-28T06:25:53Z,3wyPJbJFHo4Fvu7Und18ezfHzbJFeq5FuiuZQzTTQAzrrC7RmAWXjXmonJge3e898SwmhStEUrJE6grUaYQ74KcV,INDEPENDENT_LIVE,LIVE_POST_CUTOVER
47pPz3NNrVcNdEczMGwQdRBWs2VY1RBnHEoP7fbUDZfN,0,,,FYL4LRChq2a6w8PenydNEd1ExoKpBVNpueitXAXanSGy,1,FpqrjWJpTNwv1b1nu3Kouzn7KRZeAxcvyXfHgkGFQ9Gd,FYL4LRChq2a6w8PenydNEd1ExoKpBVNpueitXAXanSGy,2025-04-19T15:12:32Z,3zAxhtYXm2nsW7M7Y4eNQ9hSQ1nxso8JpXm5xBxi9UZm3BxcTYwkNJBnGTsPmvan4kFcVCmPRVVgdzoZFurmLpqo,FpqrjWJpTNwv1b1nu3Kouzn7KRZeAxcvyXfHgkGFQ9Gd,FYL4LRChq2a6w8PenydNEd1ExoKpBVNpueitXAXanSGy,2025-04-19T15:12:32Z,3zAxhtYXm2nsW7M7Y4eNQ9hSQ1nxso8JpXm5xBxi9UZm3BxcTYwkNJBnGTsPmvan4kFcVCmPRVVgdzoZFurmLpqo,2026-08-24T04:22:35.000Z,5oK95ozVzmUYxqJmZd7NLGb2U4oYDLVTieQMPA7TJve19iKQ41uaDdvJ8VHYNmcxSnH1A7BK2NrfTFFcJbTUKTey,DUNE_LIVE,LIVE_POST_BASELINE
48XgNzH5MgNjM3p4uHGRwUrfaWor7FnQXHGebf37Z1iY,0,,,BfBqvwoNLVSEvrjukaRUdex72PEF234oY8RogGtqFRZv,1,7LscpY288mvuC8kBax5KhcxH9BucLs9cCndo2HUi5xWb,BfBqvwoNLVSEvrjukaRUdex72PEF234oY8RogGtqFRZv,2025-12-01T14:39:24Z,3K6y8ybxeeVp6u7yBTBgVZa8WTkpeb9SUhD8Q11LgowdefnhAzGZDCWh4x7eEF687NqCUZnXXeCrDz24ospk6Zr,7LscpY288mvuC8kBax5KhcxH9BucLs9cCndo2HUi5xWb,BfBqvwoNLVSEvrjukaRUdex72PEF234oY8RogGtqFRZv,2025-12-01T14:39:24Z,3K6y8ybxeeVp6u7yBTBgVZa8WTkpeb9SUhD8Q11LgowdefnhAzGZDCWh4x7eEF687NqCUZnXXeCrDz24ospk6Zr,2026-08-25T07:31:11.000Z,4rtP3LQdxEFrF724Pcfj9eTdaMqDrbmvi11ewwfNYdLQTN1Zi9niu13zAFrmkA5n1V2cgfjmM8vUtzGWXEcmBYKc,DUNE_LIVE,LIVE_POST_BASELINE
48sfR1mvLa8BQ49vWSUdtjDBrc6amyRVoCRapKPh3nMV,0,,,BfBqvwoNLVSEvrjukaRUdex72PEF234oY8RogGtqFRZv,1,7LscpY288mvuC8kBax5KhcxH9BucLs9cCndo2HUi5xWb,BfBqvwoNLVSEvrjukaRUdex72PEF234oY8RogGtqFRZv,2025-10-16T10:32:28Z,4tBENpni5bc9S1M8WVtqvmfQEQEWw3pkjy9qSGXTdu7jFi2NYzUow6JWJkcTbZaYcEh1BbcvRjRXoq22ZaUxnfYC,7LscpY288mvuC8kBax5KhcxH9BucLs9cCndo2HUi5xWb,BfBqvwoNLVSEvrjukaRUdex72PEF234oY8RogGtqFRZv,2025-10-16T10:32:28Z,4tBENpni5bc9S1M8WVtqvmfQEQEWw3pkjy9qSGXTdu7jFi2NYzUow6JWJkcTbZaYcEh1BbcvRjRXoq22ZaUxnfYC,2026-08-25T07:31:11.000Z,4rtP3LQdxEFrF724Pcfj9eTdaMqDrbmvi11ewwfNYdLQTN1Zi9niu13zAFrmkA5n1V2cgfjmM8vUtzGWXEcmBYKc,DUNE_LIVE,LIVE_POST_BASELINE
4944yU3cmJg4j5qkVLEheQ3F568491UirT5iXrGxKNF9,0,,,BfBqvwoNLVSEvrjukaRUdex72PEF234oY8RogGtqFRZv,1,7LscpY288mvuC8kBax5KhcxH9BucLs9cCndo2HUi5xWb,BfBqvwoNLVSEvrjukaRUdex72PEF234oY8RogGtqFRZv,2025-04-13T04:45:53Z,4JeBcasC4bGWKzMGkUcyCjzbT9kNhL2XdPLTRVwYpzwNsPXQYnma9CbvLV6UMt3igsoCXWPL1YYp79QRQBjwcxvy,7LscpY288mvuC8kBax5KhcxH9BucLs9cCndo2HUi5xWb,BfBqvwoNLVSEvrjukaRUdex72PEF234oY8RogGtqFRZv,2025-04-13T04:45:53Z,4JeBcasC4bGWKzMGkUcyCjzbT9kNhL2XdPLTRVwYpzwNsPXQYnma9CbvLV6UMt3igsoCXWPL1YYp79QRQBjwcxvy,2026-08-25T07:31:11.000Z,4rtP3LQdxEFrF724Pcfj9eTdaMqDrbmvi11ewwfNYdLQTN1Zi9niu13zAFrmkA5n1V2cgfjmM8vUtzGWXEcmBYKc,DUNE_LIVE,LIVE_POST_BASELINE
49c75aVapGCo9kx92h1pcXaqviKumbUwU4BFk6a7BPPg,0,,,BfBqvwoNLVSEvrjukaRUdex72PEF234oY8RogGtqFRZv,1,7LscpY288mvuC8kBax5KhcxH9BucLs9cCndo2HUi5xWb,BfBqvwoNLVSEvrjukaRUdex72PEF234oY8RogGtqFRZv,2025-12-01T14:47:47Z,4hyXGJcrDAuKyhkvoD3P893yBVVpF8VVu4RwCEqn8ozAVxWC4K137KmtyF6jJLLdENkxMQ4p79niGu5BGzAQrU8o,7LscpY288mvuC8kBax5KhcxH9BucLs9cCndo2HUi5xWb,BfBqvwoNLVSEvrjukaRUdex72PEF234oY8RogGtqFRZv,2025-12-01T14:47:47Z,4hyXGJcrDAuKyhkvoD3P893yBVVpF8VVu4RwCEqn8ozAVxWC4K137KmtyF6jJLLdENkxMQ4p79niGu5BGzAQrU8o,2026-08-25T07:31:11.000Z,4rtP3LQdxEFrF724Pcfj9eTdaMqDrbmvi11ewwfNYdLQTN1Zi9niu13zAFrmkA5n1V2cgfjmM8vUtzGWXEcmBYKc,DUNE_LIVE,LIVE_POST_BASELINE
4C2GFZBG2hDAvhyHH81pwoFWEV3G4NnDB9apQkDJDmX8,0,,,DM5YNogviE6YxVESWYG9TaZ9q4qiBLAJmxnA1LQRFMGZ,1,B1Pv8HZNHGdXC8qTsNGLCJKpnoetE2Y52RyeoJW9pE5Z,DM5YNogviE6YxVESWYG9TaZ9q4qiBLAJmxnA1LQRFMGZ,2025-04-15T02:14:35Z,2769V6EY69UECZV3QkEpRpv44dkfEa9V9n4XrmRrEd8rKtiPrTR1YFGRrGFq4MUAMNvZfpvHMqdn516EeGTSEyTh,B1Pv8HZNHGdXC8qTsNGLCJKpnoetE2Y52RyeoJW9pE5Z,DM5YNogviE6YxVESWYG9TaZ9q4qiBLAJmxnA1LQRFMGZ,2025-04-15T02:14:35Z,2769V6EY69UECZV3QkEpRpv44dkfEa9V9n4XrmRrEd8rKtiPrTR1YFGRrGFq4MUAMNvZfpvHMqdn516EeGTSEyTh,2026-08-31T09:39:48Z,5rqET3n1SkPB9jrcz8yM3KNBt6b2Q925G69tDBYwhL5yd6cLZzD3gSDSSgsbFqwtJkuaCoAvuRNq3eCNaKxhpdWi,INDEPENDENT_LIVE,LIVE_POST_CUTOVER
4Cd6CvdXvZmeSDKHoMgZeDmZ8XB815Rgb3jFAcPbAf3r,0,,,8TAx5eRzjvYioRmc83vrzWuEzhav63ccEs7ZuzndxddU,1,Cwg4F9HnwEKktX662TLjYvUjvZStpQHss9BasJYSaGPj,8TAx5eRzjvYioRmc83vrzWuEzhav63ccEs7ZuzndxddU,2026-02-22T16:21:05Z,q16Q1fkevdfG61sPGzfA3eKMHft2tPQ9FspEpjVXrdvht2S7AsC9jsdHQZ41y6xAts5MXuzvGTUz54TX5hXTcF6,Cwg4F9HnwEKktX662TLjYvUjvZStpQHss9BasJYSaGPj,8TAx5eRzjvYioRmc83vrzWuEzhav63ccEs7ZuzndxddU,2026-02-22T16:21:05Z,q16Q1fkevdfG61sPGzfA3eKMHft2tPQ9FspEpjVXrdvht2S7AsC9jsdHQZ41y6xAts5MXuzvGTUz54TX5hXTcF6,2026-08-28T06:25:53Z,3wyPJbJFHo4Fvu7Und18ezfHzbJFeq5FuiuZQzTTQAzrrC7RmAWXjXmonJge3e898SwmhStEUrJE6grUaYQ74KcV,INDEPENDENT_LIVE,LIVE_POST_CUTOVER
4CyqJLt8RW4begdKqFJMq4L41iNyBBtd9FXyEugQjmAR,0,,,BfBqvwoNLVSEvrjukaRUdex72PEF234oY8RogGtqFRZv,1,7LscpY288mvuC8kBax5KhcxH9BucLs9cCndo2HUi5xWb,BfBqvwoNLVSEvrjukaRUdex72PEF234oY8RogGtqFRZv,2025-12-01T14:27:40Z,44pPoAt6eQYHoFMLAEoNC4vL2gWtozNweS1x1VMEMqZQsJievdbPdcod5AoYSL8Rdr4bsDqUeuyypbfsRG3qGSmt,7LscpY288mvuC8kBax5KhcxH9BucLs9cCndo2HUi5xWb,BfBqvwoNLVSEvrjukaRUdex72PEF234oY8RogGtqFRZv,2025-12-01T14:27:40Z,44pPoAt6eQYHoFMLAEoNC4vL2gWtozNweS1x1VMEMqZQsJievdbPdcod5AoYSL8Rdr4bsDqUeuyypbfsRG3qGSmt,2026-08-25T07:31:11.000Z,4rtP3LQdxEFrF724Pcfj9eTdaMqDrbmvi11ewwfNYdLQTN1Zi9niu13zAFrmkA5n1V2cgfjmM8vUtzGWXEcmBYKc,DUNE_LIVE,LIVE_POST_BASELINE
4Cyra4nNmTSD7UE1TcUFhFFGLo82XKytRxN6xVXnx4ix,0,,,BfBqvwoNLVSEvrjukaRUdex72PEF234oY8RogGtqFRZv,1,7LscpY288mvuC8kBax5KhcxH9BucLs9cCndo2HUi5xWb,BfBqvwoNLVSEvrjukaRUdex72PEF234oY8RogGtqFRZv,2025-09-09T12:32:22Z,439WAB5s34f6inhEVP1hUDNrr4KESCTkEgVLdeovdJYbQcUHPod5PzBYHBVmogJ2vEKEZ9cqBocBQ7nEXNMTGkQB,7LscpY288mvuC8kBax5KhcxH9BucLs9cCndo2HUi5xWb,BfBqvwoNLVSEvrjukaRUdex72PEF234oY8RogGtqFRZv,2025-09-09T12:32:22Z,439WAB5s34f6inhEVP1hUDNrr4KESCTkEgVLdeovdJYbQcUHPod5PzBYHBVmogJ2vEKEZ9cqBocBQ7nEXNMTGkQB,2026-08-25T07:31:11.000Z,4rtP3LQdxEFrF724Pcfj9eTdaMqDrbmvi11ewwfNYdLQTN1Zi9niu13zAFrmkA5n1V2cgfjmM8vUtzGWXEcmBYKc,DUNE_LIVE,LIVE_POST_BASELINE
4EKdNsmqRMSekFCF6QcA9xEXAG3HVMKSJdXcqK6oqvk2,0,,,ALWioRV1zqeqLZcL6HdnWBCpRj1eGsoiyDsJxqaATh5L,1,7ZYrmZdkRw6hp3MANNWePNoheqNZJyeCTQFfwQXPzE2v,ALWioRV1zqeqLZcL6HdnWBCpRj1eGsoiyDsJxqaATh5L,2025-04-22T10:05:23+00:00,4JzET5rKLeXZATWjgBrRQx3uBrnGzvYXEVc7QjG1rk7uxXDFbENipURYMpwiPCL9zMLwc9gLUzDEJk24rppKFqLG,7ZYrmZdkRw6hp3MANNWePNoheqNZJyeCTQFfwQXPzE2v,ALWioRV1zqeqLZcL6HdnWBCpRj1eGsoiyDsJxqaATh5L,2025-04-22T10:05:23+00:00,4JzET5rKLeXZATWjgBrRQx3uBrnGzvYXEVc7QjG1rk7uxXDFbENipURYMpwiPCL9zMLwc9gLUzDEJk24rppKFqLG,2026-08-27T12:11:33Z,CGZcRiGwJCA2fBTAEuB5eD25LwsdPtAWvA6SZRJ9DM2xBTpy3s42ZkZgqGjCekTQa4twKYrHnbEQ6KDAX4F6A6K,INDEPENDENT_LIVE,LIVE_POST_CUTOVER
4F3mfzJ7QGADGVKBRrhYPX45TaELjyhW3H4ZuypKxLNV,0,,,BfBqvwoNLVSEvrjukaRUdex72PEF234oY8RogGtqFRZv,1,7LscpY288mvuC8kBax5KhcxH9BucLs9cCndo2HUi5xWb,BfBqvwoNLVSEvrjukaRUdex72PEF234oY8RogGtqFRZv,2025-06-26T10:39:13Z,3VT3MDDM6dwfiqug76ebtRA3pAyJJbYjDBQDKC7YmkQXyaeUt4yN7aNUiYxhGRJ2k4KG5JyGfA3osZpjKcH8yjAg,7LscpY288mvuC8kBax5KhcxH9BucLs9cCndo2HUi5xWb,BfBqvwoNLVSEvrjukaRUdex72PEF234oY8RogGtqFRZv,2025-06-26T10:39:13Z,3VT3MDDM6dwfiqug76ebtRA3pAyJJbYjDBQDKC7YmkQXyaeUt4yN7aNUiYxhGRJ2k4KG5JyGfA3osZpjKcH8yjAg,2026-08-25T07:31:11.000Z,4rtP3LQdxEFrF724Pcfj9eTdaMqDrbmvi11ewwfNYdLQTN1Zi9niu13zAFrmkA5n1V2cgfjmM8vUtzGWXEcmBYKc,DUNE_LIVE,LIVE_POST_BASELINE
4Fe8VQKw22XDw5PcmBSdPatyZ8ms8oNmzCEj9VRct9vA,0,,,BfBqvwoNLVSEvrjukaRUdex72PEF234oY8RogGtqFRZv,1,7LscpY288mvuC8kBax5KhcxH9BucLs9cCndo2HUi5xWb,BfBqvwoNLVSEvrjukaRUdex72PEF234oY8RogGtqFRZv,2025-12-01T14:45:23Z,5CnJFsLcKNRkQ9NTmuECSEpyBZME4dP993ygk26ooDFEaAB6CYgxjHTqmhrPPqjZyhfZjEMnCBRN7CachGJRDioT,7LscpY288mvuC8kBax5KhcxH9BucLs9cCndo2HUi5xWb,BfBqvwoNLVSEvrjukaRUdex72PEF234oY8RogGtqFRZv,2025-12-01T14:45:23Z,5CnJFsLcKNRkQ9NTmuECSEpyBZME4dP993ygk26ooDFEaAB6CYgxjHTqmhrPPqjZyhfZjEMnCBRN7CachGJRDioT,2026-08-25T07:31:11.000Z,4rtP3LQdxEFrF724Pcfj9eTdaMqDrbmvi11ewwfNYdLQTN1Zi9niu13zAFrmkA5n1V2cgfjmM8vUtzGWXEcmBYKc,DUNE_LIVE,LIVE_POST_BASELINE
4FoXJmSUSsRupPRR4u95bQhs5qZTiyXC1beRZdY1wmXT,0,,,FYL4LRChq2a6w8PenydNEd1ExoKpBVNpueitXAXanSGy,1,FpqrjWJpTNwv1b1nu3Kouzn7KRZeAxcvyXfHgkGFQ9Gd,FYL4LRChq2a6w8PenydNEd1ExoKpBVNpueitXAXanSGy,2025-04-19T15:08:40Z,2TyN9SkA5CpHAEF5i7BLFvA8A9f7qSyeNdnLAAMPHXhMrJBLUnEy67a8a1EpQUqN4AC8kZ52XArxEZCfKfhSj6av,FpqrjWJpTNwv1b1nu3Kouzn7KRZeAxcvyXfHgkGFQ9Gd,FYL4LRChq2a6w8PenydNEd1ExoKpBVNpueitXAXanSGy,2025-04-19T15:08:40Z,2TyN9SkA5CpHAEF5i7BLFvA8A9f7qSyeNdnLAAMPHXhMrJBLUnEy67a8a1EpQUqN4AC8kZ52XArxEZCfKfhSj6av,2026-08-24T04:22:35.000Z,5oK95ozVzmUYxqJmZd7NLGb2U4oYDLVTieQMPA7TJve19iKQ41uaDdvJ8VHYNmcxSnH1A7BK2NrfTFFcJbTUKTey,DUNE_LIVE,LIVE_POST_BASELINE
4H5m98jh93Fe93DpvrgfT5WfkonXEG9uXqJMf8dJU1k9,0,,,FYL4LRChq2a6w8PenydNEd1ExoKpBVNpueitXAXanSGy,1,FpqrjWJpTNwv1b1nu3Kouzn7KRZeAxcvyXfHgkGFQ9Gd,FYL4LRChq2a6w8PenydNEd1ExoKpBVNpueitXAXanSGy,2025-04-19T15:13:41Z,FkL3D7eTKmWoRFMNAdxX11K2r92ZJSLRL6f9cMbrMuKzeki7G78knbS219VgKQV9nDjEPJqDD6JmM3HKpMWFky7,FpqrjWJpTNwv1b1nu3Kouzn7KRZeAxcvyXfHgkGFQ9Gd,FYL4LRChq2a6w8PenydNEd1ExoKpBVNpueitXAXanSGy,2025-04-19T15:13:41Z,FkL3D7eTKmWoRFMNAdxX11K2r92ZJSLRL6f9cMbrMuKzeki7G78knbS219VgKQV9nDjEPJqDD6JmM3HKpMWFky7,2026-08-24T04:22:35.000Z,5oK95ozVzmUYxqJmZd7NLGb2U4oYDLVTieQMPA7TJve19iKQ41uaDdvJ8VHYNmcxSnH1A7BK2NrfTFFcJbTUKTey,DUNE_LIVE,LIVE_POST_BASELINE
4JF2BL2h3M6u1iEHynmtBzmUF7q2tfEUbnVBMCE37o3y,0,,,BfBqvwoNLVSEvrjukaRUdex72PEF234oY8RogGtqFRZv,1,7LscpY288mvuC8kBax5KhcxH9BucLs9cCndo2HUi5xWb,BfBqvwoNLVSEvrjukaRUdex72PEF234oY8RogGtqFRZv,2025-12-01T14:32:28Z,23MWpakgHt4EZ7y4BH83che2utw7E47Rvdg62rtaiV2CY7m2m1eJahHqAW8yPudnKwngtmVQ9z9N6KGYyMdRuDw1,7LscpY288mvuC8kBax5KhcxH9BucLs9cCndo2HUi5xWb,BfBqvwoNLVSEvrjukaRUdex72PEF234oY8RogGtqFRZv,2025-12-01T14:32:28Z,23MWpakgHt4EZ7y4BH83che2utw7E47Rvdg62rtaiV2CY7m2m1eJahHqAW8yPudnKwngtmVQ9z9N6KGYyMdRuDw1,2026-08-25T07:31:11.000Z,4rtP3LQdxEFrF724Pcfj9eTdaMqDrbmvi11ewwfNYdLQTN1Zi9niu13zAFrmkA5n1V2cgfjmM8vUtzGWXEcmBYKc,DUNE_LIVE,LIVE_POST_BASELINE
4JucnGoQAbcV5YRzFP6o1dYdaQxdkEiH9dRQVsZ4hCMs,0,,,8TAx5eRzjvYioRmc83vrzWuEzhav63ccEs7ZuzndxddU,1,Cwg4F9HnwEKktX662TLjYvUjvZStpQHss9BasJYSaGPj,8TAx5eRzjvYioRmc83vrzWuEzhav63ccEs7ZuzndxddU,2022-11-13T16:55:06Z,5gQBD2Gf5EM1BFPk6pfy4fZVxgcSrbcKdh4d78gRwU68YqQtjvJu4qJCPf3nrtmucNAmBwFsayNATQBqgeyNgNz9,Cwg4F9HnwEKktX662TLjYvUjvZStpQHss9BasJYSaGPj,8TAx5eRzjvYioRmc83vrzWuEzhav63ccEs7ZuzndxddU,2022-11-13T16:55:06Z,5gQBD2Gf5EM1BFPk6pfy4fZVxgcSrbcKdh4d78gRwU68YqQtjvJu4qJCPf3nrtmucNAmBwFsayNATQBqgeyNgNz9,2026-08-28T06:25:53Z,3wyPJbJFHo4Fvu7Und18ezfHzbJFeq5FuiuZQzTTQAzrrC7RmAWXjXmonJge3e898SwmhStEUrJE6grUaYQ74KcV,INDEPENDENT_LIVE,LIVE_POST_CUTOVER
4KLpCHZnZNrJS8zVRBHxFqhDpnSKAzJB1PTLecdvdajb,0,,,5ByLqbLYQcBZd5pwTFtDcU9cJXgqMBxnbEbynTdmqDPZ,1,DXaSLA5KS5fCAQvtGorUyUPRD4dVX5tB12zv8QyDUtBL,5ByLqbLYQcBZd5pwTFtDcU9cJXgqMBxnbEbynTdmqDPZ,2025-04-22T10:00:52+00:00,3iPk5Bfk246T7C8jGRMTezcVSw2cNAMgNE6pBnTDFmqobugK82u2g5f2PNGjkDwxjMCjEpNWymPRK8odBS2RLENW,DXaSLA5KS5fCAQvtGorUyUPRD4dVX5tB12zv8QyDUtBL,5ByLqbLYQcBZd5pwTFtDcU9cJXgqMBxnbEbynTdmqDPZ,2025-04-22T10:00:52+00:00,3iPk5Bfk246T7C8jGRMTezcVSw2cNAMgNE6pBnTDFmqobugK82u2g5f2PNGjkDwxjMCjEpNWymPRK8odBS2RLENW,2026-08-27T12:12:14Z,36BeMmDBLYZkVBpuYpxjRDekbJRsk2MHBpreJqqzCN2vzKzY4QX3U5Jc2RVrGDqjF5KZPR2y3vmZdY4QLsQVP6k8,INDEPENDENT_LIVE,LIVE_POST_CUTOVER
4LMMmbhH7RzJR4sBieVe2W2QAkoq6HBTj3nf6YHBffed,0,,,BfBqvwoNLVSEvrjukaRUdex72PEF234oY8RogGtqFRZv,1,7LscpY288mvuC8kBax5KhcxH9BucLs9cCndo2HUi5xWb,BfBqvwoNLVSEvrjukaRUdex72PEF234oY8RogGtqFRZv,2025-12-01T14:37:19Z,2kYUfDPUM6LicYEUb9ecwruxfS5ouH4cBiR9vwYLtJHUc7HwUu8TBmrY7kEjVH8b83q9mkMRnwZJQZ8YP9nZdRJM,7LscpY288mvuC8kBax5KhcxH9BucLs9cCndo2HUi5xWb,BfBqvwoNLVSEvrjukaRUdex72PEF234oY8RogGtqFRZv,2025-12-01T14:37:19Z,2kYUfDPUM6LicYEUb9ecwruxfS5ouH4cBiR9vwYLtJHUc7HwUu8TBmrY7kEjVH8b83q9mkMRnwZJQZ8YP9nZdRJM,2026-08-25T07:31:11.000Z,4rtP3LQdxEFrF724Pcfj9eTdaMqDrbmvi11ewwfNYdLQTN1Zi9niu13zAFrmkA5n1V2cgfjmM8vUtzGWXEcmBYKc,DUNE_LIVE,LIVE_POST_BASELINE
4LW48DdHm23xcoEvbXqtvH2ZQUdADGJA2rCDsMdoGZnq,0,,,BfBqvwoNLVSEvrjukaRUdex72PEF234oY8RogGtqFRZv,1,7LscpY288mvuC8kBax5KhcxH9BucLs9cCndo2HUi5xWb,BfBqvwoNLVSEvrjukaRUdex72PEF234oY8RogGtqFRZv,2025-12-01T14:38:47Z,5PRqcu2SEakq2yqRzYm1gnHyGCt9xw3gXov63LvyhAu2fjugg36c5cAt4eL7pcArf4VZqB6zkwtughu2kZPEVctX,7LscpY288mvuC8kBax5KhcxH9BucLs9cCndo2HUi5xWb,BfBqvwoNLVSEvrjukaRUdex72PEF234oY8RogGtqFRZv,2025-12-01T14:38:47Z,5PRqcu2SEakq2yqRzYm1gnHyGCt9xw3gXov63LvyhAu2fjugg36c5cAt4eL7pcArf4VZqB6zkwtughu2kZPEVctX,2026-08-25T07:31:11.000Z,4rtP3LQdxEFrF724Pcfj9eTdaMqDrbmvi11ewwfNYdLQTN1Zi9niu13zAFrmkA5n1V2cgfjmM8vUtzGWXEcmBYKc,DUNE_LIVE,LIVE_POST_BASELINE
4MBJLTuo6wNXiMekKhYGEcNHfjREPF5VsaaBCp3iUW4j,0,,,FYL4LRChq2a6w8PenydNEd1ExoKpBVNpueitXAXanSGy,1,FpqrjWJpTNwv1b1nu3Kouzn7KRZeAxcvyXfHgkGFQ9Gd,FYL4LRChq2a6w8PenydNEd1ExoKpBVNpueitXAXanSGy,2025-04-19T15:09:58Z,217iVh2m2LnysoFFMhkThmnEt2kahFtvo1enrLFjmps5ASgf7ARSxfXm668zyHaEvxnFM1zXt5JeVaCVYJn5qMxV,FpqrjWJpTNwv1b1nu3Kouzn7KRZeAxcvyXfHgkGFQ9Gd,FYL4LRChq2a6w8PenydNEd1ExoKpBVNpueitXAXanSGy,2025-04-19T15:09:58Z,217iVh2m2LnysoFFMhkThmnEt2kahFtvo1enrLFjmps5ASgf7ARSxfXm668zyHaEvxnFM1zXt5JeVaCVYJn5qMxV,2026-08-24T04:22:35.000Z,5oK95ozVzmUYxqJmZd7NLGb2U4oYDLVTieQMPA7TJve19iKQ41uaDdvJ8VHYNmcxSnH1A7BK2NrfTFFcJbTUKTey,DUNE_LIVE,LIVE_POST_BASELINE
4MiU8XdG46B3d3hEPH5ZKdUbBAu3GdKRYFugrnon9s5b,0,,,DM5YNogviE6YxVESWYG9TaZ9q4qiBLAJmxnA1LQRFMGZ,1,B1Pv8HZNHGdXC8qTsNGLCJKpnoetE2Y52RyeoJW9pE5Z,DM5YNogviE6YxVESWYG9TaZ9q4qiBLAJmxnA1LQRFMGZ,2026-03-10T11:01:51Z,LUXxpWDA5N3vtH2PrW5FHd8RttugXXLWEXWEf5bB1ofAnvgq9ew2TrVAiLarcJKUzBTzR1ZRCg5fuDupGjNaGNu,B1Pv8HZNHGdXC8qTsNGLCJKpnoetE2Y52RyeoJW9pE5Z,DM5YNogviE6YxVESWYG9TaZ9q4qiBLAJmxnA1LQRFMGZ,2026-03-10T11:01:51Z,LUXxpWDA5N3vtH2PrW5FHd8RttugXXLWEXWEf5bB1ofAnvgq9ew2TrVAiLarcJKUzBTzR1ZRCg5fuDupGjNaGNu,2026-08-31T09:39:48Z,5rqET3n1SkPB9jrcz8yM3KNBt6b2Q925G69tDBYwhL5yd6cLZzD3gSDSSgsbFqwtJkuaCoAvuRNq3eCNaKxhpdWi,INDEPENDENT_LIVE,LIVE_POST_CUTOVER
4PD6T9N7ba987sKZB9TAFPZyyCiFCgwoKZps7WP8juKx,0,,,FYL4LRChq2a6w8PenydNEd1ExoKpBVNpueitXAXanSGy,1,FpqrjWJpTNwv1b1nu3Kouzn7KRZeAxcvyXfHgkGFQ9Gd,FYL4LRChq2a6w8PenydNEd1ExoKpBVNpueitXAXanSGy,2025-04-19T15:14:04Z,4UdQwimonnBQeJ43HKzXHDBu13jkQW7topi5prBwN5jEBGtZJZ3vbVhfFdhNLMyKTexgMz9VfKTjzCvLTBVddBtm,FpqrjWJpTNwv1b1nu3Kouzn7KRZeAxcvyXfHgkGFQ9Gd,FYL4LRChq2a6w8PenydNEd1ExoKpBVNpueitXAXanSGy,2025-04-19T15:14:04Z,4UdQwimonnBQeJ43HKzXHDBu13jkQW7topi5prBwN5jEBGtZJZ3vbVhfFdhNLMyKTexgMz9VfKTjzCvLTBVddBtm,2026-08-24T04:22:35.000Z,5oK95ozVzmUYxqJmZd7NLGb2U4oYDLVTieQMPA7TJve19iKQ41uaDdvJ8VHYNmcxSnH1A7BK2NrfTFFcJbTUKTey,DUNE_LIVE,LIVE_POST_BASELINE
4PJVWDgnXJRZK6wG4Gk442btxHSNgt2K1GTrFvh7uuCh,0,,,BFpTSgrkFXFycgvaraoSt75osy6EgKEeivXUgxz3AdEz,1,FnqEYzRtDV1zHUaEFycnGS6F3SCmjAvMLsNQQrnQcLPN,BFpTSgrkFXFycgvaraoSt75osy6EgKEeivXUgxz3AdEz,2026-02-15T07:33:27Z,5EWdyYZNuVFpAgs8kxiictD8sLaiPF6HjJhoy7rkAK2RXyaXPfWqvvxeoit5b5n9KU42NTk8C1LZRjojv3XBGPdJ,FnqEYzRtDV1zHUaEFycnGS6F3SCmjAvMLsNQQrnQcLPN,BFpTSgrkFXFycgvaraoSt75osy6EgKEeivXUgxz3AdEz,2026-02-15T07:33:27Z,5EWdyYZNuVFpAgs8kxiictD8sLaiPF6HjJhoy7rkAK2RXyaXPfWqvvxeoit5b5n9KU42NTk8C1LZRjojv3XBGPdJ,2026-08-30T18:20:59Z,4rGPKBHqqLhzjS6Y5dbuTSUCxKq4LmSxk1LUGZhanbv1vBDdiFLqSGyEReA7P3gTAkqXnVWTFdxGw69fkJjsw87Z,INDEPENDENT_LIVE,LIVE_POST_CUTOVER
4UA6twEs5DYiSqrHQ663xFSrPikF5ASy9t5RfkCo4AgE,0,,,FYL4LRChq2a6w8PenydNEd1ExoKpBVNpueitXAXanSGy,1,FpqrjWJpTNwv1b1nu3Kouzn7KRZeAxcvyXfHgkGFQ9Gd,FYL4LRChq2a6w8PenydNEd1ExoKpBVNpueitXAXanSGy,2025-04-19T15:15:42Z,emv8dnAtFTzGpyviNC5uvAxHiCTtNemEHSCFXFjds1BHoeapXvWd6Dp8MUD1EU4KCLu8GAui6DnpwCwnXS18ppD,FpqrjWJpTNwv1b1nu3Kouzn7KRZeAxcvyXfHgkGFQ9Gd,FYL4LRChq2a6w8PenydNEd1ExoKpBVNpueitXAXanSGy,2025-04-19T15:15:42Z,emv8dnAtFTzGpyviNC5uvAxHiCTtNemEHSCFXFjds1BHoeapXvWd6Dp8MUD1EU4KCLu8GAui6DnpwCwnXS18ppD,2026-08-24T04:22:35.000Z,5oK95ozVzmUYxqJmZd7NLGb2U4oYDLVTieQMPA7TJve19iKQ41uaDdvJ8VHYNmcxSnH1A7BK2NrfTFFcJbTUKTey,DUNE_LIVE,LIVE_POST_BASELINE
4Wvj6VRwmFF23sDgXLchvc5DZBeyVm3JwhQu2v4d3Ehh,1,2026-08-24T15:31:42.000Z,5RG7QVCgmURrQKrXPjBmLrgpNyRoVT4PfymFZqCgwLU5sytYremPsTvkA5UUce9q89FdPbaAaKXL5ARJ2mAzrND9,,0,,,2026-08-24T15:31:42.000Z,5RG7QVCgmURrQKrXPjBmLrgpNyRoVT4PfymFZqCgwLU5sytYremPsTvkA5UUce9q89FdPbaAaKXL5ARJ2mAzrND9,,,,,,,,
4X7JNrTz5t8NQgfvbcnP1PBVRahwFks19vwAFBPP4J5W,0,,,8TAx5eRzjvYioRmc83vrzWuEzhav63ccEs7ZuzndxddU,1,Cwg4F9HnwEKktX662TLjYvUjvZStpQHss9BasJYSaGPj,8TAx5eRzjvYioRmc83vrzWuEzhav63ccEs7ZuzndxddU,2023-08-02T18:51:24Z,xYfRLiTqyMAYZAg3m4StXC4dJzbEeRhU21tBzeZJ3qJ2bi6ymKeF3JPx2KBnpfuAZ7Zo9zEa5NAnb9tktrFZNV1,Cwg4F9HnwEKktX662TLjYvUjvZStpQHss9BasJYSaGPj,8TAx5eRzjvYioRmc83vrzWuEzhav63ccEs7ZuzndxddU,2023-08-02T18:51:24Z,xYfRLiTqyMAYZAg3m4StXC4dJzbEeRhU21tBzeZJ3qJ2bi6ymKeF3JPx2KBnpfuAZ7Zo9zEa5NAnb9tktrFZNV1,2026-08-28T06:25:53Z,3wyPJbJFHo4Fvu7Und18ezfHzbJFeq5FuiuZQzTTQAzrrC7RmAWXjXmonJge3e898SwmhStEUrJE6grUaYQ74KcV,INDEPENDENT_LIVE,LIVE_POST_CUTOVER
4XaMkQXVFkbhuaJvkS3hGLu4HXHtYw84yrbzqcTW2YwF,0,,,BCdR4tGAsJCV2PiD4y7LvUgSpoKhaEqj9cWLA68hCkzA,1,2hx9Je3RCTArTNhWJ4JYKreKxa1NPdTQqXZyBrgtUiKS,BCdR4tGAsJCV2PiD4y7LvUgSpoKhaEqj9cWLA68hCkzA,2024-01-16T20:54:49Z,4BpxtdjfpaKC99zqaRKVxusfXrVkn7KbuszMC7VG7umLA65HSHdoRtBdYPucmconSEtRArJwBpeXvUTnadiaXXqP,2hx9Je3RCTArTNhWJ4JYKreKxa1NPdTQqXZyBrgtUiKS,BCdR4tGAsJCV2PiD4y7LvUgSpoKhaEqj9cWLA68hCkzA,2024-01-16T20:54:49Z,4BpxtdjfpaKC99zqaRKVxusfXrVkn7KbuszMC7VG7umLA65HSHdoRtBdYPucmconSEtRArJwBpeXvUTnadiaXXqP,2026-08-28T07:33:31Z,3WnMgm1LaiyZF2QCBQCTGZxjKwxzixaRBAx5TYVVxU6iycjepqfBCzFeHYMVPPtNuwzRpoycy5tvW8jd3JHkLV6F,INDEPENDENT_LIVE,LIVE_POST_CUTOVER
4ZjHpRsPfJ1Xw8v9tZqeWWGNrEcVW1FxG9EhaNUkpKZ3,0,,,BfBqvwoNLVSEvrjukaRUdex72PEF234oY8RogGtqFRZv,1,7LscpY288mvuC8kBax5KhcxH9BucLs9cCndo2HUi5xWb,BfBqvwoNLVSEvrjukaRUdex72PEF234oY8RogGtqFRZv,2025-12-01T14:24:51Z,56ut7WH6Ac4J52Yuzg3ftmriWpNV29U6QqZLVDcxkzGHPvw7S3ifEH1X5fs6Xm11DyLE4sK8umpRPFMxJCKnDaUT,7LscpY288mvuC8kBax5KhcxH9BucLs9cCndo2HUi5xWb,BfBqvwoNLVSEvrjukaRUdex72PEF234oY8RogGtqFRZv,2025-12-01T14:24:51Z,56ut7WH6Ac4J52Yuzg3ftmriWpNV29U6QqZLVDcxkzGHPvw7S3ifEH1X5fs6Xm11DyLE4sK8umpRPFMxJCKnDaUT,2026-08-25T07:31:11.000Z,4rtP3LQdxEFrF724Pcfj9eTdaMqDrbmvi11ewwfNYdLQTN1Zi9niu13zAFrmkA5n1V2cgfjmM8vUtzGWXEcmBYKc,DUNE_LIVE,LIVE_POST_BASELINE
4aQaTKR5qz2nKS25UUEN6d6HcyJto5HT9x29MshZPQY8,0,,,BfBqvwoNLVSEvrjukaRUdex72PEF234oY8RogGtqFRZv,1,7LscpY288mvuC8kBax5KhcxH9BucLs9cCndo2HUi5xWb,BfBqvwoNLVSEvrjukaRUdex72PEF234oY8RogGtqFRZv,2025-12-01T14:24:47Z,3DSyS1n425Y2Xu5bk9Uaa3TZaCvRceR8nkBnR2VidPPLzxUiJSHHss4cdLen3Swq22hRjaWR2nPZe3jkALAFPnGb,7LscpY288mvuC8kBax5KhcxH9BucLs9cCndo2HUi5xWb,BfBqvwoNLVSEvrjukaRUdex72PEF234oY8RogGtqFRZv,2025-12-01T14:24:47Z,3DSyS1n425Y2Xu5bk9Uaa3TZaCvRceR8nkBnR2VidPPLzxUiJSHHss4cdLen3Swq22hRjaWR2nPZe3jkALAFPnGb,2026-08-25T07:31:11.000Z,4rtP3LQdxEFrF724Pcfj9eTdaMqDrbmvi11ewwfNYdLQTN1Zi9niu13zAFrmkA5n1V2cgfjmM8vUtzGWXEcmBYKc,DUNE_LIVE,LIVE_POST_BASELINE
4bCM29i8CraVn5WtnKzW9k32MPYupi8UydERVkchiCjP,0,,,BfBqvwoNLVSEvrjukaRUdex72PEF234oY8RogGtqFRZv,1,7LscpY288mvuC8kBax5KhcxH9BucLs9cCndo2HUi5xWb,BfBqvwoNLVSEvrjukaRUdex72PEF234oY8RogGtqFRZv,2025-12-01T14:23:47Z,2poMkYZkAS9q2hqBsNgyHbCJySX9HE53ctMG2emjoWaw4X6cRTifY3TLcL5VMyjQf2xucEbYGSjTKS1H76gg3vKZ,7LscpY288mvuC8kBax5KhcxH9BucLs9cCndo2HUi5xWb,BfBqvwoNLVSEvrjukaRUdex72PEF234oY8RogGtqFRZv,2025-12-01T14:23:47Z,2poMkYZkAS9q2hqBsNgyHbCJySX9HE53ctMG2emjoWaw4X6cRTifY3TLcL5VMyjQf2xucEbYGSjTKS1H76gg3vKZ,2026-08-25T07:31:11.000Z,4rtP3LQdxEFrF724Pcfj9eTdaMqDrbmvi11ewwfNYdLQTN1Zi9niu13zAFrmkA5n1V2cgfjmM8vUtzGWXEcmBYKc,DUNE_LIVE,LIVE_POST_BASELINE
4btUogDjiX6zJSxuNR7QcTNo6SgcvmrXVmP48yJ4Y2Vt,0,,,Db1meMQEgj8dCwzhR5W6coWt1yV4iEaQsYPKKDyGRUqW,1,Do9VaY2ru9QtaTWdhmuwc2Z9rj4rZ7D6EShdLTvxnp6h,Db1meMQEgj8dCwzhR5W6coWt1yV4iEaQsYPKKDyGRUqW,2026-03-31T15:01:53Z,4BVxnuW1iDEZFdxGT5PadkpC77JLCb4G87Kujwd7e6mRoZBQ7Zz91QgMGUaxh9FcVrw9dN6QJHXG1s4GbY7Ws1qA,Do9VaY2ru9QtaTWdhmuwc2Z9rj4rZ7D6EShdLTvxnp6h,Db1meMQEgj8dCwzhR5W6coWt1yV4iEaQsYPKKDyGRUqW,2026-03-31T15:01:53Z,4BVxnuW1iDEZFdxGT5PadkpC77JLCb4G87Kujwd7e6mRoZBQ7Zz91QgMGUaxh9FcVrw9dN6QJHXG1s4GbY7Ws1qA,2026-08-26T21:34:16Z,5y9KKMidZA2pNm3QLD2z2j7BfPbwsAQt6HEVyCQMK7sSkCy7PRQUy35JJG3GRnTBDLDeD6YVxYpw9nXSayk6pTiK,INDEPENDENT_LIVE,LIVE_POST_CUTOVER
4dM1qpab79kBNufGijjNHXdAWggqcFurzZGv7VzNrEdi,0,,,FYL4LRChq2a6w8PenydNEd1ExoKpBVNpueitXAXanSGy,1,FpqrjWJpTNwv1b1nu3Kouzn7KRZeAxcvyXfHgkGFQ9Gd,FYL4LRChq2a6w8PenydNEd1ExoKpBVNpueitXAXanSGy,2025-04-19T15:15:57Z,2vpbMKsuQZYG7m3AJWSgw11Grrb8UfFPog1sCcHa8RUgEppY9XAw8F8PJys85DQtDEkYpmbGMCpVDH3F7vcKSJBt,FpqrjWJpTNwv1b1nu3Kouzn7KRZeAxcvyXfHgkGFQ9Gd,FYL4LRChq2a6w8PenydNEd1ExoKpBVNpueitXAXanSGy,2025-04-19T15:15:57Z,2vpbMKsuQZYG7m3AJWSgw11Grrb8UfFPog1sCcHa8RUgEppY9XAw8F8PJys85DQtDEkYpmbGMCpVDH3F7vcKSJBt,2026-08-24T04:22:35.000Z,5oK95ozVzmUYxqJmZd7NLGb2U4oYDLVTieQMPA7TJve19iKQ41uaDdvJ8VHYNmcxSnH1A7BK2NrfTFFcJbTUKTey,DUNE_LIVE,LIVE_POST_BASELINE
4dseDEBhiUkXjJfeZZvDKZg1Y7JACYesgoxBuQUNXRCs,0,,,38Bj4DFXhAkDxB6Atj66kdxGZfhZEC3ejRX1HDh1YFKj,1,8Vpqxxbon9s4Hnk2eMhysjx6XKjHiUgEUAm3MSq9yQv2,38Bj4DFXhAkDxB6Atj66kdxGZfhZEC3ejRX1HDh1YFKj,2025-04-26T14:28:49Z,3rPSqcBrHjaLsfdL6MgabqiEnGZQRRR4eR7rK4rUhp1wG7CinxDuU5MxZYTddcLVXUNPfEjCsRpxfqKKGTYGnQig,8Vpqxxbon9s4Hnk2eMhysjx6XKjHiUgEUAm3MSq9yQv2,38Bj4DFXhAkDxB6Atj66kdxGZfhZEC3ejRX1HDh1YFKj,2025-04-26T14:28:49Z,3rPSqcBrHjaLsfdL6MgabqiEnGZQRRR4eR7rK4rUhp1wG7CinxDuU5MxZYTddcLVXUNPfEjCsRpxfqKKGTYGnQig,2026-08-21T19:39:25.000Z,4AT1PFFkyADXcz2QFJi78yrTeP8dAhFkfWJU5JCvpEx2a7pWsAxn14owrdqpvwkTU7bAzxxCYoBijEksgty9W6qe,DUNE_LIVE,LIVE_POST_BASELINE
4dy92zhFgWX9ACUQGg2VUbZBgA5LxwHPCaiEY6VNLPXw,0,,,8TAx5eRzjvYioRmc83vrzWuEzhav63ccEs7ZuzndxddU,1,Cwg4F9HnwEKktX662TLjYvUjvZStpQHss9BasJYSaGPj,8TAx5eRzjvYioRmc83vrzWuEzhav63ccEs7ZuzndxddU,2026-03-19T17:06:56Z,2SoVWxRJsZiMMqexRHQPmZB94PT8gsVJyoW4yB4zbsPpsJ7rz5ZpeqGHWyT8PaBEr73rPCeWBz8qhUshNULCxo65,Cwg4F9HnwEKktX662TLjYvUjvZStpQHss9BasJYSaGPj,8TAx5eRzjvYioRmc83vrzWuEzhav63ccEs7ZuzndxddU,2026-03-19T17:06:56Z,2SoVWxRJsZiMMqexRHQPmZB94PT8gsVJyoW4yB4zbsPpsJ7rz5ZpeqGHWyT8PaBEr73rPCeWBz8qhUshNULCxo65,2026-08-28T06:25:53Z,3wyPJbJFHo4Fvu7Und18ezfHzbJFeq5FuiuZQzTTQAzrrC7RmAWXjXmonJge3e898SwmhStEUrJE6grUaYQ74KcV,INDEPENDENT_LIVE,LIVE_POST_CUTOVER
4e3zYjrKJqfULq65rKpU16RAQFDZJCUPkGKNHXHNaHXd,0,,,8TAx5eRzjvYioRmc83vrzWuEzhav63ccEs7ZuzndxddU,1,Cwg4F9HnwEKktX662TLjYvUjvZStpQHss9BasJYSaGPj,8TAx5eRzjvYioRmc83vrzWuEzhav63ccEs7ZuzndxddU,2022-08-30T08:46:30Z,2PnetjShLfUXXEPSXCx648vedKYwTNH9GccAgtS8Ar4eJNDxQhf7PmmuY1AhtXMJNAGQt8ufA3L73bQCsZ1QgBvH,Cwg4F9HnwEKktX662TLjYvUjvZStpQHss9BasJYSaGPj,8TAx5eRzjvYioRmc83vrzWuEzhav63ccEs7ZuzndxddU,2022-08-30T08:46:30Z,2PnetjShLfUXXEPSXCx648vedKYwTNH9GccAgtS8Ar4eJNDxQhf7PmmuY1AhtXMJNAGQt8ufA3L73bQCsZ1QgBvH,2026-08-28T06:25:53Z,3wyPJbJFHo4Fvu7Und18ezfHzbJFeq5FuiuZQzTTQAzrrC7RmAWXjXmonJge3e898SwmhStEUrJE6grUaYQ74KcV,INDEPENDENT_LIVE,LIVE_POST_CUTOVER
4mBed1LLhvTQ5CK3jFwzRAybXL573o4MchPXSHhvwESv,0,,,Db1meMQEgj8dCwzhR5W6coWt1yV4iEaQsYPKKDyGRUqW,1,Do9VaY2ru9QtaTWdhmuwc2Z9rj4rZ7D6EShdLTvxnp6h,Db1meMQEgj8dCwzhR5W6coWt1yV4iEaQsYPKKDyGRUqW,2026-04-30T12:28:17Z,2iMKxMfqDUhuMWuzAqaap1mXEaHYuEeikJWGWDSk85fMpDvx4gJQAQ99UT7jSA2jYsaEPtbyqb5Gm7HA3Xq8ELiN,Do9VaY2ru9QtaTWdhmuwc2Z9rj4rZ7D6EShdLTvxnp6h,Db1meMQEgj8dCwzhR5W6coWt1yV4iEaQsYPKKDyGRUqW,2026-04-30T12:28:17Z,2iMKxMfqDUhuMWuzAqaap1mXEaHYuEeikJWGWDSk85fMpDvx4gJQAQ99UT7jSA2jYsaEPtbyqb5Gm7HA3Xq8ELiN,2026-08-26T21:34:16Z,5y9KKMidZA2pNm3QLD2z2j7BfPbwsAQt6HEVyCQMK7sSkCy7PRQUy35JJG3GRnTBDLDeD6YVxYpw9nXSayk6pTiK,INDEPENDENT_LIVE,LIVE_POST_CUTOVER
4mLBLR1UA1DC6mYWDxuzJNGWXRzq4hHtpzjE2qTWuzmw,0,,,Db1meMQEgj8dCwzhR5W6coWt1yV4iEaQsYPKKDyGRUqW,1,Do9VaY2ru9QtaTWdhmuwc2Z9rj4rZ7D6EShdLTvxnp6h,Db1meMQEgj8dCwzhR5W6coWt1yV4iEaQsYPKKDyGRUqW,2025-10-09T13:02:43Z,3GbF6kUs4K12d5Xahv9Da7WXDRYwsEDsHnPCeYkXTF3KwBthNVBGynsDYVQGkpZibjpNpxxSiQS7MrJniHWoeUNk,Do9VaY2ru9QtaTWdhmuwc2Z9rj4rZ7D6EShdLTvxnp6h,Db1meMQEgj8dCwzhR5W6coWt1yV4iEaQsYPKKDyGRUqW,2025-10-09T13:02:43Z,3GbF6kUs4K12d5Xahv9Da7WXDRYwsEDsHnPCeYkXTF3KwBthNVBGynsDYVQGkpZibjpNpxxSiQS7MrJniHWoeUNk,2026-08-26T21:34:16Z,5y9KKMidZA2pNm3QLD2z2j7BfPbwsAQt6HEVyCQMK7sSkCy7PRQUy35JJG3GRnTBDLDeD6YVxYpw9nXSayk6pTiK,INDEPENDENT_LIVE,LIVE_POST_CUTOVER
4nCm4FZkQxBhpQnVCofBpn3uUJnXRUrTqe9x53uXQY4h,0,,,8TAx5eRzjvYioRmc83vrzWuEzhav63ccEs7ZuzndxddU,1,Cwg4F9HnwEKktX662TLjYvUjvZStpQHss9BasJYSaGPj,8TAx5eRzjvYioRmc83vrzWuEzhav63ccEs7ZuzndxddU,2022-08-20T08:29:45Z,jU3o8h57fjZcrxRbBqNCosLPUhMGPDZhAkbp6eYT6vaKfVUrKqYZ5YS3ypS78p9P4DrvYi4ymkBuquvkP2giaJR,Cwg4F9HnwEKktX662TLjYvUjvZStpQHss9BasJYSaGPj,8TAx5eRzjvYioRmc83vrzWuEzhav63ccEs7ZuzndxddU,2022-08-20T08:29:45Z,jU3o8h57fjZcrxRbBqNCosLPUhMGPDZhAkbp6eYT6vaKfVUrKqYZ5YS3ypS78p9P4DrvYi4ymkBuquvkP2giaJR,2026-08-28T06:25:53Z,3wyPJbJFHo4Fvu7Und18ezfHzbJFeq5FuiuZQzTTQAzrrC7RmAWXjXmonJge3e898SwmhStEUrJE6grUaYQ74KcV,INDEPENDENT_LIVE,LIVE_POST_CUTOVER
4oCEmSCA6xMbWvW5QnRKS9kU1ctZNU9G9L7wYEHjb92B,0,,,CqNYeYsqQ8B7WXuo3EJrUe8ZXL7Jwd8esprgfJ5dy8Ks,1,J5PmDvfYhrsmeqeo8MxtJiQu4p2dE6uVAF4wiFKvLQBQ,CqNYeYsqQ8B7WXuo3EJrUe8ZXL7Jwd8esprgfJ5dy8Ks,2022-06-01T17:12:36+00:00,4Te1vvapZv7FRgKZQBRK1dUS8C8qxxStdgBAyHuvLu31MaTWTVg3UthvnZLUyDkXZHyBosG3w9KCuBzw6RurQvbv,J5PmDvfYhrsmeqeo8MxtJiQu4p2dE6uVAF4wiFKvLQBQ,CqNYeYsqQ8B7WXuo3EJrUe8ZXL7Jwd8esprgfJ5dy8Ks,2022-06-01T17:12:36+00:00,4Te1vvapZv7FRgKZQBRK1dUS8C8qxxStdgBAyHuvLu31MaTWTVg3UthvnZLUyDkXZHyBosG3w9KCuBzw6RurQvbv,2026-08-30T02:38:23Z,2NdWdgrvAL9Coz9Au1AWsj7hNDHKXjGqK5pVVjLCyR6cS55DwaRhT4mS9iU5ehpstKwp6DwrAGeWrpNCMjQJVNSN,INDEPENDENT_LIVE,LIVE_POST_CUTOVER
4pUukkwEXQttrK1g1q1FpcbED9dtGTXXjzBJAmmgthuL,0,,,8TAx5eRzjvYioRmc83vrzWuEzhav63ccEs7ZuzndxddU,1,Cwg4F9HnwEKktX662TLjYvUjvZStpQHss9BasJYSaGPj,8TAx5eRzjvYioRmc83vrzWuEzhav63ccEs7ZuzndxddU,2026-02-07T15:33:04Z,3dxGFfCZCS2vDwJAfdnjoiryBkkZiFmczYQDdoLaK1T4XdK6x2bXt4QCcohVMZ8cwKQCVirS2WEcraJBANgg9zdH,Cwg4F9HnwEKktX662TLjYvUjvZStpQHss9BasJYSaGPj,8TAx5eRzjvYioRmc83vrzWuEzhav63ccEs7ZuzndxddU,2026-02-07T15:33:04Z,3dxGFfCZCS2vDwJAfdnjoiryBkkZiFmczYQDdoLaK1T4XdK6x2bXt4QCcohVMZ8cwKQCVirS2WEcraJBANgg9zdH,2026-08-28T06:25:53Z,3wyPJbJFHo4Fvu7Und18ezfHzbJFeq5FuiuZQzTTQAzrrC7RmAWXjXmonJge3e898SwmhStEUrJE6grUaYQ74KcV,INDEPENDENT_LIVE,LIVE_POST_CUTOVER
4qfMQnupbXGqbN65WND3vDcR9Qwip4JE66ESmkndWHVP,0,,,8TAx5eRzjvYioRmc83vrzWuEzhav63ccEs7ZuzndxddU,1,Cwg4F9HnwEKktX662TLjYvUjvZStpQHss9BasJYSaGPj,8TAx5eRzjvYioRmc83vrzWuEzhav63ccEs7ZuzndxddU,2022-08-20T08:31:21Z,5W8VpUAusS35nUQkLkSyzMoTEztVzrLeb69RRk9brvFRgpaiUPfbAMRK5PWWcv3cERDQraTvRY3m3nrzWhRsoojx,Cwg4F9HnwEKktX662TLjYvUjvZStpQHss9BasJYSaGPj,8TAx5eRzjvYioRmc83vrzWuEzhav63ccEs7ZuzndxddU,2022-08-20T08:31:21Z,5W8VpUAusS35nUQkLkSyzMoTEztVzrLeb69RRk9brvFRgpaiUPfbAMRK5PWWcv3cERDQraTvRY3m3nrzWhRsoojx,2026-08-28T06:25:53Z,3wyPJbJFHo4Fvu7Und18ezfHzbJFeq5FuiuZQzTTQAzrrC7RmAWXjXmonJge3e898SwmhStEUrJE6grUaYQ74KcV,INDEPENDENT_LIVE,LIVE_POST_CUTOVER
4rgvHGSpYN6C4d2Ce12JzuohhzsAcgVnaWgaDRsTAjvP,0,,,BfBqvwoNLVSEvrjukaRUdex72PEF234oY8RogGtqFRZv,1,7LscpY288mvuC8kBax5KhcxH9BucLs9cCndo2HUi5xWb,BfBqvwoNLVSEvrjukaRUdex72PEF234oY8RogGtqFRZv,2025-10-21T11:05:54Z,59YtQ7fQnMASaKgK44TTqCnJaQdS6Vhs2uMNufuNMJP9SDn7Lpkeg6U83WHhi5uZRy6jxyvAXmgKLoRQNwiv6xjA,7LscpY288mvuC8kBax5KhcxH9BucLs9cCndo2HUi5xWb,BfBqvwoNLVSEvrjukaRUdex72PEF234oY8RogGtqFRZv,2025-10-21T11:05:54Z,59YtQ7fQnMASaKgK44TTqCnJaQdS6Vhs2uMNufuNMJP9SDn7Lpkeg6U83WHhi5uZRy6jxyvAXmgKLoRQNwiv6xjA,2026-08-25T07:31:11.000Z,4rtP3LQdxEFrF724Pcfj9eTdaMqDrbmvi11ewwfNYdLQTN1Zi9niu13zAFrmkA5n1V2cgfjmM8vUtzGWXEcmBYKc,DUNE_LIVE,LIVE_POST_BASELINE
4ryeconAuuM6qQKjuxDmtZE8kUBkgfhqYz4uc9K7A8Er,0,,,Db1meMQEgj8dCwzhR5W6coWt1yV4iEaQsYPKKDyGRUqW,1,Do9VaY2ru9QtaTWdhmuwc2Z9rj4rZ7D6EShdLTvxnp6h,Db1meMQEgj8dCwzhR5W6coWt1yV4iEaQsYPKKDyGRUqW,2025-04-14T13:06:53Z,3suEKjV942PvE2XsFKfhzjSzoQNB96szi8PdpmKGdnpGatrvXH5kHUoa7fJVAEjXyBSN6jXDwZKEuR3deqKUhJ5C,Do9VaY2ru9QtaTWdhmuwc2Z9rj4rZ7D6EShdLTvxnp6h,Db1meMQEgj8dCwzhR5W6coWt1yV4iEaQsYPKKDyGRUqW,2025-04-14T13:06:53Z,3suEKjV942PvE2XsFKfhzjSzoQNB96szi8PdpmKGdnpGatrvXH5kHUoa7fJVAEjXyBSN6jXDwZKEuR3deqKUhJ5C,2026-08-26T21:34:16Z,5y9KKMidZA2pNm3QLD2z2j7BfPbwsAQt6HEVyCQMK7sSkCy7PRQUy35JJG3GRnTBDLDeD6YVxYpw9nXSayk6pTiK,INDEPENDENT_LIVE,LIVE_POST_CUTOVER
4sxjLYkdBDWwq45QrUt1AijZZgYg7KndeoYyeZgM1c2Z,0,,,FYL4LRChq2a6w8PenydNEd1ExoKpBVNpueitXAXanSGy,1,FpqrjWJpTNwv1b1nu3Kouzn7KRZeAxcvyXfHgkGFQ9Gd,FYL4LRChq2a6w8PenydNEd1ExoKpBVNpueitXAXanSGy,2025-04-19T15:11:30Z,5YRWp36UWFdGaoVBWw3hHfJxUxi184JSYM5R7SWafunZ584zkyD4q4sFdVMrXj7D8phKQ57RHbAx3hGQsE8L2CC8,FpqrjWJpTNwv1b1nu3Kouzn7KRZeAxcvyXfHgkGFQ9Gd,FYL4LRChq2a6w8PenydNEd1ExoKpBVNpueitXAXanSGy,2025-04-19T15:11:30Z,5YRWp36UWFdGaoVBWw3hHfJxUxi184JSYM5R7SWafunZ584zkyD4q4sFdVMrXj7D8phKQ57RHbAx3hGQsE8L2CC8,2026-08-24T04:22:35.000Z,5oK95ozVzmUYxqJmZd7NLGb2U4oYDLVTieQMPA7TJve19iKQ41uaDdvJ8VHYNmcxSnH1A7BK2NrfTFFcJbTUKTey,DUNE_LIVE,LIVE_POST_BASELINE
4txaTu52gqVrxKpznt5Fm9pSDD1ZDE8BjfBuWgiAT9qg,0,,,8TAx5eRzjvYioRmc83vrzWuEzhav63ccEs7ZuzndxddU,1,Cwg4F9HnwEKktX662TLjYvUjvZStpQHss9BasJYSaGPj,8TAx5eRzjvYioRmc83vrzWuEzhav63ccEs7ZuzndxddU,2022-08-15T08:15:08Z,5MuTmYTeewHgGqDuPJw8KkwXdHnPnoZtbPsRHGAuzS1gCeTiSohWPpaRToispSaCpJK9azkgsP1tMKT8qj7sjzgx,Cwg4F9HnwEKktX662TLjYvUjvZStpQHss9BasJYSaGPj,8TAx5eRzjvYioRmc83vrzWuEzhav63ccEs7ZuzndxddU,2022-08-15T08:15:08Z,5MuTmYTeewHgGqDuPJw8KkwXdHnPnoZtbPsRHGAuzS1gCeTiSohWPpaRToispSaCpJK9azkgsP1tMKT8qj7sjzgx,2026-08-28T06:25:53Z,3wyPJbJFHo4Fvu7Und18ezfHzbJFeq5FuiuZQzTTQAzrrC7RmAWXjXmonJge3e898SwmhStEUrJE6grUaYQ74KcV,INDEPENDENT_LIVE,LIVE_POST_CUTOVER
4wK2hee7p7foXhSCaAxgAGj9WjPRqS5Uok9RbetLfsLH,0,,,BfBqvwoNLVSEvrjukaRUdex72PEF234oY8RogGtqFRZv,1,7LscpY288mvuC8kBax5KhcxH9BucLs9cCndo2HUi5xWb,BfBqvwoNLVSEvrjukaRUdex72PEF234oY8RogGtqFRZv,2025-12-01T14:27:18Z,ZQJxvgCAJn4WAQCQuLEJacZqupYCsostVsQWWACdSAAHVaHJ2xdUfNvK31RLHs91bDkvFwsCavp2ePPmhiraj6g,7LscpY288mvuC8kBax5KhcxH9BucLs9cCndo2HUi5xWb,BfBqvwoNLVSEvrjukaRUdex72PEF234oY8RogGtqFRZv,2025-12-01T14:27:18Z,ZQJxvgCAJn4WAQCQuLEJacZqupYCsostVsQWWACdSAAHVaHJ2xdUfNvK31RLHs91bDkvFwsCavp2ePPmhiraj6g,2026-08-25T07:31:11.000Z,4rtP3LQdxEFrF724Pcfj9eTdaMqDrbmvi11ewwfNYdLQTN1Zi9niu13zAFrmkA5n1V2cgfjmM8vUtzGWXEcmBYKc,DUNE_LIVE,LIVE_POST_BASELINE
4xSJXQwV1z4Mf9HVZ5PywNGeZ2eSUTMzzbVqzigvGvuq,0,,,Db1meMQEgj8dCwzhR5W6coWt1yV4iEaQsYPKKDyGRUqW,1,Do9VaY2ru9QtaTWdhmuwc2Z9rj4rZ7D6EShdLTvxnp6h,Db1meMQEgj8dCwzhR5W6coWt1yV4iEaQsYPKKDyGRUqW,2026-07-23T06:43:18Z,3fyspQ7Hzy2Y59BezSdV1H3vnJzzCfqe8BCYNQDUzJ7ckjWctAc1a6NSgm5BnN9HLUFbtM1gc3pHrs2Mfzc2exZP,Do9VaY2ru9QtaTWdhmuwc2Z9rj4rZ7D6EShdLTvxnp6h,Db1meMQEgj8dCwzhR5W6coWt1yV4iEaQsYPKKDyGRUqW,2026-07-23T06:43:18Z,3fyspQ7Hzy2Y59BezSdV1H3vnJzzCfqe8BCYNQDUzJ7ckjWctAc1a6NSgm5BnN9HLUFbtM1gc3pHrs2Mfzc2exZP,2026-08-26T21:34:16Z,5y9KKMidZA2pNm3QLD2z2j7BfPbwsAQt6HEVyCQMK7sSkCy7PRQUy35JJG3GRnTBDLDeD6YVxYpw9nXSayk6pTiK,INDEPENDENT_LIVE,LIVE_POST_CUTOVER
4xcoDeJKL3ttrbhTCDxq29Xx7DFRXdRZwqo347c8ghfS,0,,,8TAx5eRzjvYioRmc83vrzWuEzhav63ccEs7ZuzndxddU,1,Cwg4F9HnwEKktX662TLjYvUjvZStpQHss9BasJYSaGPj,8TAx5eRzjvYioRmc83vrzWuEzhav63ccEs7ZuzndxddU,2023-04-08T19:19:16Z,2oxXVE9XSevHNvo5WoJFKc2CPnWprkpJZUHcGno2XiKMSARdDqXEmjWYh5HnRa1dQaB8GfX2ToW6JjfosBJCmvSu,Cwg4F9HnwEKktX662TLjYvUjvZStpQHss9BasJYSaGPj,8TAx5eRzjvYioRmc83vrzWuEzhav63ccEs7ZuzndxddU,2023-04-08T19:19:16Z,2oxXVE9XSevHNvo5WoJFKc2CPnWprkpJZUHcGno2XiKMSARdDqXEmjWYh5HnRa1dQaB8GfX2ToW6JjfosBJCmvSu,2026-08-28T06:25:53Z,3wyPJbJFHo4Fvu7Und18ezfHzbJFeq5FuiuZQzTTQAzrrC7RmAWXjXmonJge3e898SwmhStEUrJE6grUaYQ74KcV,INDEPENDENT_LIVE,LIVE_POST_CUTOVER
4y1cUgGsuefsRGqip8TcM73SV6pPkdaZbrx2P99AhUiY,0,,,FYL4LRChq2a6w8PenydNEd1ExoKpBVNpueitXAXanSGy,1,FpqrjWJpTNwv1b1nu3Kouzn7KRZeAxcvyXfHgkGFQ9Gd,FYL4LRChq2a6w8PenydNEd1ExoKpBVNpueitXAXanSGy,2025-04-19T15:14:19Z,2znHB4Z3D6AbGGrVygSpt2F7ihZ78pkUy7W7cFxvJrv8ZD2DC51L4Bg3m6AHAaRSaXP9iHpkjYoqaeGQvXKFKwGT,FpqrjWJpTNwv1b1nu3Kouzn7KRZeAxcvyXfHgkGFQ9Gd,FYL4LRChq2a6w8PenydNEd1ExoKpBVNpueitXAXanSGy,2025-04-19T15:14:19Z,2znHB4Z3D6AbGGrVygSpt2F7ihZ78pkUy7W7cFxvJrv8ZD2DC51L4Bg3m6AHAaRSaXP9iHpkjYoqaeGQvXKFKwGT,2026-08-24T04:22:35.000Z,5oK95ozVzmUYxqJmZd7NLGb2U4oYDLVTieQMPA7TJve19iKQ41uaDdvJ8VHYNmcxSnH1A7BK2NrfTFFcJbTUKTey,DUNE_LIVE,LIVE_POST_BASELINE
4yCdhUHyTuZqPYLDKGHTnWQvkw5FVTKd6zYjspV2TXMk,0,,,8TAx5eRzjvYioRmc83vrzWuEzhav63ccEs7ZuzndxddU,1,Cwg4F9HnwEKktX662TLjYvUjvZStpQHss9BasJYSaGPj,8TAx5eRzjvYioRmc83vrzWuEzhav63ccEs7ZuzndxddU,2026-01-18T07:52:43Z,5HFALdTBBbvPqhCuY6qc2EjnVMZn5EpP6z2p6r3vURYDTGr4RKFjQVzZkXbk8KKKZ3KjSdjNtMMLwwPn6STvyDnL,Cwg4F9HnwEKktX662TLjYvUjvZStpQHss9BasJYSaGPj,8TAx5eRzjvYioRmc83vrzWuEzhav63ccEs7ZuzndxddU,2026-01-18T07:52:43Z,5HFALdTBBbvPqhCuY6qc2EjnVMZn5EpP6z2p6r3vURYDTGr4RKFjQVzZkXbk8KKKZ3KjSdjNtMMLwwPn6STvyDnL,2026-08-28T06:25:53Z,3wyPJbJFHo4Fvu7Und18ezfHzbJFeq5FuiuZQzTTQAzrrC7RmAWXjXmonJge3e898SwmhStEUrJE6grUaYQ74KcV,INDEPENDENT_LIVE,LIVE_POST_CUTOVER
5182W4t75FguT7M7NyVST2ZsvqzRgpBkvAfsSTpxax5b,0,,,BfBqvwoNLVSEvrjukaRUdex72PEF234oY8RogGtqFRZv,1,7LscpY288mvuC8kBax5KhcxH9BucLs9cCndo2HUi5xWb,BfBqvwoNLVSEvrjukaRUdex72PEF234oY8RogGtqFRZv,2025-12-01T14:32:21Z,2AEPQqXFd7PwVHpHk7oMF99xJRyVuoAax9ewGWP4MsLtkZrAkFuQ1cc5fmcGBdgtPgh1u7b1gYHfrCcFKnNkFEm3,7LscpY288mvuC8kBax5KhcxH9BucLs9cCndo2HUi5xWb,BfBqvwoNLVSEvrjukaRUdex72PEF234oY8RogGtqFRZv,2025-12-01T14:32:21Z,2AEPQqXFd7PwVHpHk7oMF99xJRyVuoAax9ewGWP4MsLtkZrAkFuQ1cc5fmcGBdgtPgh1u7b1gYHfrCcFKnNkFEm3,2026-08-25T07:31:11.000Z,4rtP3LQdxEFrF724Pcfj9eTdaMqDrbmvi11ewwfNYdLQTN1Zi9niu13zAFrmkA5n1V2cgfjmM8vUtzGWXEcmBYKc,DUNE_LIVE,LIVE_POST_BASELINE
51U3Zfpr28T4Br9bG9ZtfDw9VXDHq3CeQToiLFiArXha,0,,,Db1meMQEgj8dCwzhR5W6coWt1yV4iEaQsYPKKDyGRUqW,1,Do9VaY2ru9QtaTWdhmuwc2Z9rj4rZ7D6EShdLTvxnp6h,Db1meMQEgj8dCwzhR5W6coWt1yV4iEaQsYPKKDyGRUqW,2025-04-14T13:06:04Z,3Vz3DXTmJ4V3p1SF8Dpx5hrBSTB7hhrqyD9m63ks4NzhFZczNvtbrk7qQDgw6fPiy17q5nn2ussh39SqBn3PJ2s3,Do9VaY2ru9QtaTWdhmuwc2Z9rj4rZ7D6EShdLTvxnp6h,Db1meMQEgj8dCwzhR5W6coWt1yV4iEaQsYPKKDyGRUqW,2025-04-14T13:06:04Z,3Vz3DXTmJ4V3p1SF8Dpx5hrBSTB7hhrqyD9m63ks4NzhFZczNvtbrk7qQDgw6fPiy17q5nn2ussh39SqBn3PJ2s3,2026-08-26T21:34:16Z,5y9KKMidZA2pNm3QLD2z2j7BfPbwsAQt6HEVyCQMK7sSkCy7PRQUy35JJG3GRnTBDLDeD6YVxYpw9nXSayk6pTiK,INDEPENDENT_LIVE,LIVE_POST_CUTOVER
52oW6J63s2bgG8sPujsnrPCnL3nrWQ3ktNUjgi5m7qMt,0,,,BfBqvwoNLVSEvrjukaRUdex72PEF234oY8RogGtqFRZv,1,7LscpY288mvuC8kBax5KhcxH9BucLs9cCndo2HUi5xWb,BfBqvwoNLVSEvrjukaRUdex72PEF234oY8RogGtqFRZv,2025-12-01T14:39:33Z,ASJnRRboGhoSWQfg4Nd7Q1VoxfRG1v4cDyb7La57Ai3htNPvZkkCe4dH84NvBfDrVG7syW7nWYs8xikEMkuYsCE,7LscpY288mvuC8kBax5KhcxH9BucLs9cCndo2HUi5xWb,BfBqvwoNLVSEvrjukaRUdex72PEF234oY8RogGtqFRZv,2025-12-01T14:39:33Z,ASJnRRboGhoSWQfg4Nd7Q1VoxfRG1v4cDyb7La57Ai3htNPvZkkCe4dH84NvBfDrVG7syW7nWYs8xikEMkuYsCE,2026-08-25T07:31:11.000Z,4rtP3LQdxEFrF724Pcfj9eTdaMqDrbmvi11ewwfNYdLQTN1Zi9niu13zAFrmkA5n1V2cgfjmM8vUtzGWXEcmBYKc,DUNE_LIVE,LIVE_POST_BASELINE
547rW3RnVcoykRf3Hk78SzkdE77iQASv3oXL7nLRbM8G,0,,,ALWioRV1zqeqLZcL6HdnWBCpRj1eGsoiyDsJxqaATh5L,1,7ZYrmZdkRw6hp3MANNWePNoheqNZJyeCTQFfwQXPzE2v,ALWioRV1zqeqLZcL6HdnWBCpRj1eGsoiyDsJxqaATh5L,2025-04-22T10:05:35+00:00,57C4B8iWEMipFENjMSXuCufWqvBsHYZgVSuYxVtnbghs3CVuhQXtCoagJ6HPyGUjuu1EcP1tSPypLbfmm43Etxsw,7ZYrmZdkRw6hp3MANNWePNoheqNZJyeCTQFfwQXPzE2v,ALWioRV1zqeqLZcL6HdnWBCpRj1eGsoiyDsJxqaATh5L,2025-04-22T10:05:35+00:00,57C4B8iWEMipFENjMSXuCufWqvBsHYZgVSuYxVtnbghs3CVuhQXtCoagJ6HPyGUjuu1EcP1tSPypLbfmm43Etxsw,2026-08-27T12:11:33Z,CGZcRiGwJCA2fBTAEuB5eD25LwsdPtAWvA6SZRJ9DM2xBTpy3s42ZkZgqGjCekTQa4twKYrHnbEQ6KDAX4F6A6K,INDEPENDENT_LIVE,LIVE_POST_CUTOVER
55VakKwD8TRt4zMqjefenLxXHsUpFBdaQ3JsMZuNXMMG,0,,,BfBqvwoNLVSEvrjukaRUdex72PEF234oY8RogGtqFRZv,1,7LscpY288mvuC8kBax5KhcxH9BucLs9cCndo2HUi5xWb,BfBqvwoNLVSEvrjukaRUdex72PEF234oY8RogGtqFRZv,2025-12-01T14:21:33Z,64vCSdRN2XQ1AoifeMpmdxANepkDEuKfp8WMjAYHjiDzE5VCWoxwNFS9x6ZgnJnBYLTK5HzoLpYuAzgmSxX6QZah,7LscpY288mvuC8kBax5KhcxH9BucLs9cCndo2HUi5xWb,BfBqvwoNLVSEvrjukaRUdex72PEF234oY8RogGtqFRZv,2025-12-01T14:21:33Z,64vCSdRN2XQ1AoifeMpmdxANepkDEuKfp8WMjAYHjiDzE5VCWoxwNFS9x6ZgnJnBYLTK5HzoLpYuAzgmSxX6QZah,2026-08-25T07:31:11.000Z,4rtP3LQdxEFrF724Pcfj9eTdaMqDrbmvi11ewwfNYdLQTN1Zi9niu13zAFrmkA5n1V2cgfjmM8vUtzGWXEcmBYKc,DUNE_LIVE,LIVE_POST_BASELINE
56L2Pw4UBwwYRf8SGFDVArZYpzhd6mjjLhjZ4xpC4ACe,0,,,8TAx5eRzjvYioRmc83vrzWuEzhav63ccEs7ZuzndxddU,1,Cwg4F9HnwEKktX662TLjYvUjvZStpQHss9BasJYSaGPj,8TAx5eRzjvYioRmc83vrzWuEzhav63ccEs7ZuzndxddU,2022-09-09T09:25:19Z,4zawroLWqqwxPhDcvhJzo2tZXMq9R1B92hbYF2MW26g7d7qGwhxScWTSNaVEwErXaUHsg5nr7J7xFvgDfiLBcF4f,Cwg4F9HnwEKktX662TLjYvUjvZStpQHss9BasJYSaGPj,8TAx5eRzjvYioRmc83vrzWuEzhav63ccEs7ZuzndxddU,2022-09-09T09:25:19Z,4zawroLWqqwxPhDcvhJzo2tZXMq9R1B92hbYF2MW26g7d7qGwhxScWTSNaVEwErXaUHsg5nr7J7xFvgDfiLBcF4f,2026-08-28T06:25:53Z,3wyPJbJFHo4Fvu7Und18ezfHzbJFeq5FuiuZQzTTQAzrrC7RmAWXjXmonJge3e898SwmhStEUrJE6grUaYQ74KcV,INDEPENDENT_LIVE,LIVE_POST_CUTOVER
56rG9xzAJVWDS8Qc6hh6VeUJjAsaztV9cSzaNkNEP3ic,0,,,8TAx5eRzjvYioRmc83vrzWuEzhav63ccEs7ZuzndxddU,1,Cwg4F9HnwEKktX662TLjYvUjvZStpQHss9BasJYSaGPj,8TAx5eRzjvYioRmc83vrzWuEzhav63ccEs7ZuzndxddU,2023-08-02T18:50:50Z,5vR4Ab4mNX7sJfkZAfmEvLquv4iVuEUZCBBSq4w2KH7V1b5f67Xq2jGeacGKfA6iZ3rSKHFLkFRbTE96SXDCB39j,Cwg4F9HnwEKktX662TLjYvUjvZStpQHss9BasJYSaGPj,8TAx5eRzjvYioRmc83vrzWuEzhav63ccEs7ZuzndxddU,2023-08-02T18:50:50Z,5vR4Ab4mNX7sJfkZAfmEvLquv4iVuEUZCBBSq4w2KH7V1b5f67Xq2jGeacGKfA6iZ3rSKHFLkFRbTE96SXDCB39j,2026-08-28T06:25:53Z,3wyPJbJFHo4Fvu7Und18ezfHzbJFeq5FuiuZQzTTQAzrrC7RmAWXjXmonJge3e898SwmhStEUrJE6grUaYQ74KcV,INDEPENDENT_LIVE,LIVE_POST_CUTOVER
577q4Bsm3cWLyipmhpVdGnQatfRuYCFHEpDzkgcB3pfc,0,,,BfBqvwoNLVSEvrjukaRUdex72PEF234oY8RogGtqFRZv,1,7LscpY288mvuC8kBax5KhcxH9BucLs9cCndo2HUi5xWb,BfBqvwoNLVSEvrjukaRUdex72PEF234oY8RogGtqFRZv,2025-04-13T04:44:54Z,2NcQ9U1hd24wSVMbUPj1LwEd2eQShk6kgVRtiNjEDbuGMCdYQPq4BxyiN12xUxA42SRG8w4KuVSTTZjJbCWGnT3E,7LscpY288mvuC8kBax5KhcxH9BucLs9cCndo2HUi5xWb,BfBqvwoNLVSEvrjukaRUdex72PEF234oY8RogGtqFRZv,2025-04-13T04:44:54Z,2NcQ9U1hd24wSVMbUPj1LwEd2eQShk6kgVRtiNjEDbuGMCdYQPq4BxyiN12xUxA42SRG8w4KuVSTTZjJbCWGnT3E,2026-08-25T07:31:11.000Z,4rtP3LQdxEFrF724Pcfj9eTdaMqDrbmvi11ewwfNYdLQTN1Zi9niu13zAFrmkA5n1V2cgfjmM8vUtzGWXEcmBYKc,DUNE_LIVE,LIVE_POST_BASELINE
57i7X6wzRxSmL9Cm6Xvzd8gGeLZwBa1Hq3DoV34ZVbLK,0,,,8TAx5eRzjvYioRmc83vrzWuEzhav63ccEs7ZuzndxddU,1,Cwg4F9HnwEKktX662TLjYvUjvZStpQHss9BasJYSaGPj,8TAx5eRzjvYioRmc83vrzWuEzhav63ccEs7ZuzndxddU,2022-09-04T09:13:40Z,5634ZfVEUTcALbBsrRne3Xqj22hhe6e5T5sKqDk2jZHk53UCpH5532rNdsCiNq4XsRJp1EJ25ktiGbYe9G56Ctoe,Cwg4F9HnwEKktX662TLjYvUjvZStpQHss9BasJYSaGPj,8TAx5eRzjvYioRmc83vrzWuEzhav63ccEs7ZuzndxddU,2022-09-04T09:13:40Z,5634ZfVEUTcALbBsrRne3Xqj22hhe6e5T5sKqDk2jZHk53UCpH5532rNdsCiNq4XsRJp1EJ25ktiGbYe9G56Ctoe,2026-08-28T06:25:53Z,3wyPJbJFHo4Fvu7Und18ezfHzbJFeq5FuiuZQzTTQAzrrC7RmAWXjXmonJge3e898SwmhStEUrJE6grUaYQ74KcV,INDEPENDENT_LIVE,LIVE_POST_CUTOVER
57ouvEjDUqz255gnVFerkZYi3zRavxDHYhcfK2oP3uEt,0,,,FYL4LRChq2a6w8PenydNEd1ExoKpBVNpueitXAXanSGy,1,FpqrjWJpTNwv1b1nu3Kouzn7KRZeAxcvyXfHgkGFQ9Gd,FYL4LRChq2a6w8PenydNEd1ExoKpBVNpueitXAXanSGy,2025-04-19T15:05:17Z,22UPTNtFavYpb79ZRqbiJjnJmJebkWccCae3HMs5WLm2VcgHDWhtU68v59hpBdU8GvwkBE9eWNqNbqW8joKv1kqJ,FpqrjWJpTNwv1b1nu3Kouzn7KRZeAxcvyXfHgkGFQ9Gd,FYL4LRChq2a6w8PenydNEd1ExoKpBVNpueitXAXanSGy,2025-04-19T15:05:17Z,22UPTNtFavYpb79ZRqbiJjnJmJebkWccCae3HMs5WLm2VcgHDWhtU68v59hpBdU8GvwkBE9eWNqNbqW8joKv1kqJ,2026-08-24T04:22:35.000Z,5oK95ozVzmUYxqJmZd7NLGb2U4oYDLVTieQMPA7TJve19iKQ41uaDdvJ8VHYNmcxSnH1A7BK2NrfTFFcJbTUKTey,DUNE_LIVE,LIVE_POST_BASELINE
5AZAT349MmofrtbfW9U29yjBbnj8QerbYuHtHLmACk9E,0,,,BfBqvwoNLVSEvrjukaRUdex72PEF234oY8RogGtqFRZv,1,7LscpY288mvuC8kBax5KhcxH9BucLs9cCndo2HUi5xWb,BfBqvwoNLVSEvrjukaRUdex72PEF234oY8RogGtqFRZv,2025-12-01T14:30:00Z,5rybGBkfde2WjdJ8htRk9ZPuiG6a7jfv53j8cqxykQU8up3BrvAgSuZupiosCEwji5xH1yqE1FD1c3sjD9EwDmsa,7LscpY288mvuC8kBax5KhcxH9BucLs9cCndo2HUi5xWb,BfBqvwoNLVSEvrjukaRUdex72PEF234oY8RogGtqFRZv,2025-12-01T14:30:00Z,5rybGBkfde2WjdJ8htRk9ZPuiG6a7jfv53j8cqxykQU8up3BrvAgSuZupiosCEwji5xH1yqE1FD1c3sjD9EwDmsa,2026-08-25T07:31:11.000Z,4rtP3LQdxEFrF724Pcfj9eTdaMqDrbmvi11ewwfNYdLQTN1Zi9niu13zAFrmkA5n1V2cgfjmM8vUtzGWXEcmBYKc,DUNE_LIVE,LIVE_POST_BASELINE
5BAqoVuQKRpYDqwF7fpLog5UjYqugxj7KKqMRxSJ8Gf2,0,,,BfBqvwoNLVSEvrjukaRUdex72PEF234oY8RogGtqFRZv,1,7LscpY288mvuC8kBax5KhcxH9BucLs9cCndo2HUi5xWb,BfBqvwoNLVSEvrjukaRUdex72PEF234oY8RogGtqFRZv,2025-12-01T14:25:25Z,3rRXx7RzcCHCzpKgzs3zJNJcqaSMA3a8q4TK5XC5pGkSoFVrNXe5MyiSjA3DgYCb7pFRo5w3zviNSGy1NuoXdrQq,7LscpY288mvuC8kBax5KhcxH9BucLs9cCndo2HUi5xWb,BfBqvwoNLVSEvrjukaRUdex72PEF234oY8RogGtqFRZv,2025-12-01T14:25:25Z,3rRXx7RzcCHCzpKgzs3zJNJcqaSMA3a8q4TK5XC5pGkSoFVrNXe5MyiSjA3DgYCb7pFRo5w3zviNSGy1NuoXdrQq,2026-08-25T07:31:11.000Z,4rtP3LQdxEFrF724Pcfj9eTdaMqDrbmvi11ewwfNYdLQTN1Zi9niu13zAFrmkA5n1V2cgfjmM8vUtzGWXEcmBYKc,DUNE_LIVE,LIVE_POST_BASELINE
5BFEAoT5VVYxMs6QJfkFkDVwRw19Jm8NQ4vEG1ZEnMke,0,,,8TAx5eRzjvYioRmc83vrzWuEzhav63ccEs7ZuzndxddU,1,Cwg4F9HnwEKktX662TLjYvUjvZStpQHss9BasJYSaGPj,8TAx5eRzjvYioRmc83vrzWuEzhav63ccEs7ZuzndxddU,2022-11-18T17:14:43Z,QLo8uQxeDKD1rFCZNwuJexT7FMy6X3T9k63n59JjV9UtHP4xrpwn1iVM43oNT67VQsXZjRD8rEdZEXePkprowcd,Cwg4F9HnwEKktX662TLjYvUjvZStpQHss9BasJYSaGPj,8TAx5eRzjvYioRmc83vrzWuEzhav63ccEs7ZuzndxddU,2022-11-18T17:14:43Z,QLo8uQxeDKD1rFCZNwuJexT7FMy6X3T9k63n59JjV9UtHP4xrpwn1iVM43oNT67VQsXZjRD8rEdZEXePkprowcd,2026-08-28T06:25:53Z,3wyPJbJFHo4Fvu7Und18ezfHzbJFeq5FuiuZQzTTQAzrrC7RmAWXjXmonJge3e898SwmhStEUrJE6grUaYQ74KcV,INDEPENDENT_LIVE,LIVE_POST_CUTOVER
5Brf89JkNkF9XmNshWhL2wy2zpGUdDyFMLuX5fQ4cK6p,0,,,Db1meMQEgj8dCwzhR5W6coWt1yV4iEaQsYPKKDyGRUqW,1,Do9VaY2ru9QtaTWdhmuwc2Z9rj4rZ7D6EShdLTvxnp6h,Db1meMQEgj8dCwzhR5W6coWt1yV4iEaQsYPKKDyGRUqW,2025-04-14T13:08:29Z,4ZxV2TMM4tYG6NszamsZT1iBaRxWFJEwo9uXixKhQLYSDBMqRPD73c24XGT8ohpKtJ3NDsEnN44q1sM36b5BhYB6,Do9VaY2ru9QtaTWdhmuwc2Z9rj4rZ7D6EShdLTvxnp6h,Db1meMQEgj8dCwzhR5W6coWt1yV4iEaQsYPKKDyGRUqW,2025-04-14T13:08:29Z,4ZxV2TMM4tYG6NszamsZT1iBaRxWFJEwo9uXixKhQLYSDBMqRPD73c24XGT8ohpKtJ3NDsEnN44q1sM36b5BhYB6,2026-08-26T21:34:16Z,5y9KKMidZA2pNm3QLD2z2j7BfPbwsAQt6HEVyCQMK7sSkCy7PRQUy35JJG3GRnTBDLDeD6YVxYpw9nXSayk6pTiK,INDEPENDENT_LIVE,LIVE_POST_CUTOVER
5CTUtwe2iRJL3CNfmXdKQ4TCWk84a85gVr4sgzmpVBJj,0,,,8TAx5eRzjvYioRmc83vrzWuEzhav63ccEs7ZuzndxddU,1,Cwg4F9HnwEKktX662TLjYvUjvZStpQHss9BasJYSaGPj,8TAx5eRzjvYioRmc83vrzWuEzhav63ccEs7ZuzndxddU,2022-09-09T09:24:59Z,2cRSPtscvR74danJfcXscVaHRCAaKcijp8HDjvDg9cDcWfgLTvk6rGvK3gbepSMKiqe6WEoSHTGPLapB1jEHWKL4,Cwg4F9HnwEKktX662TLjYvUjvZStpQHss9BasJYSaGPj,8TAx5eRzjvYioRmc83vrzWuEzhav63ccEs7ZuzndxddU,2022-09-09T09:24:59Z,2cRSPtscvR74danJfcXscVaHRCAaKcijp8HDjvDg9cDcWfgLTvk6rGvK3gbepSMKiqe6WEoSHTGPLapB1jEHWKL4,2026-08-28T06:25:53Z,3wyPJbJFHo4Fvu7Und18ezfHzbJFeq5FuiuZQzTTQAzrrC7RmAWXjXmonJge3e898SwmhStEUrJE6grUaYQ74KcV,INDEPENDENT_LIVE,LIVE_POST_CUTOVER
5DHyQWpGZQ3b3vYGY9NYwUHZz5J498sjXu4SXan9UdGc,0,,,BfBqvwoNLVSEvrjukaRUdex72PEF234oY8RogGtqFRZv,1,7LscpY288mvuC8kBax5KhcxH9BucLs9cCndo2HUi5xWb,BfBqvwoNLVSEvrjukaRUdex72PEF234oY8RogGtqFRZv,2025-04-13T04:37:39Z,rfSh7aLWRR2RYixNFwWr5CLmqXNmuymPH3cgnYYzYEY5PHGDqa16WmmAUnJ3PjXzW8ER6SX4EUEk3JeBjf5mDuu,7LscpY288mvuC8kBax5KhcxH9BucLs9cCndo2HUi5xWb,BfBqvwoNLVSEvrjukaRUdex72PEF234oY8RogGtqFRZv,2025-04-13T04:37:39Z,rfSh7aLWRR2RYixNFwWr5CLmqXNmuymPH3cgnYYzYEY5PHGDqa16WmmAUnJ3PjXzW8ER6SX4EUEk3JeBjf5mDuu,2026-08-25T07:31:11.000Z,4rtP3LQdxEFrF724Pcfj9eTdaMqDrbmvi11ewwfNYdLQTN1Zi9niu13zAFrmkA5n1V2cgfjmM8vUtzGWXEcmBYKc,DUNE_LIVE,LIVE_POST_BASELINE
5DL7TZZnqaAughS2WBF2MknYdvKEMEgiiPVg5cx8LFah,0,,,8TAx5eRzjvYioRmc83vrzWuEzhav63ccEs7ZuzndxddU,1,Cwg4F9HnwEKktX662TLjYvUjvZStpQHss9BasJYSaGPj,8TAx5eRzjvYioRmc83vrzWuEzhav63ccEs7ZuzndxddU,2022-11-13T16:54:58Z,29UG7m9hjwECYz2UBto6K5PhVmUVazRGZ93x2edF4HYnzUTzJ4RwKy5y3mY5EJApxZp1N1bzw4Scp4oxXxJswWJj,Cwg4F9HnwEKktX662TLjYvUjvZStpQHss9BasJYSaGPj,8TAx5eRzjvYioRmc83vrzWuEzhav63ccEs7ZuzndxddU,2022-11-13T16:54:58Z,29UG7m9hjwECYz2UBto6K5PhVmUVazRGZ93x2edF4HYnzUTzJ4RwKy5y3mY5EJApxZp1N1bzw4Scp4oxXxJswWJj,2026-08-28T06:25:53Z,3wyPJbJFHo4Fvu7Und18ezfHzbJFeq5FuiuZQzTTQAzrrC7RmAWXjXmonJge3e898SwmhStEUrJE6grUaYQ74KcV,INDEPENDENT_LIVE,LIVE_POST_CUTOVER
5E7S55MZNm4BFZowTJ6r9y5R3iuy6cv9QpxNn2UFcZ4t,0,,,BfBqvwoNLVSEvrjukaRUdex72PEF234oY8RogGtqFRZv,1,7LscpY288mvuC8kBax5KhcxH9BucLs9cCndo2HUi5xWb,BfBqvwoNLVSEvrjukaRUdex72PEF234oY8RogGtqFRZv,2025-12-01T14:24:16Z,j2VdPrDSQ4mGX1puxaoJQLYEjWjXG89Hjr9Lo9vUihi7fth1H5Yr7uyJTSP5KThWipjp84sEw8Dzp6U2miMUH68,7LscpY288mvuC8kBax5KhcxH9BucLs9cCndo2HUi5xWb,BfBqvwoNLVSEvrjukaRUdex72PEF234oY8RogGtqFRZv,2025-12-01T14:24:16Z,j2VdPrDSQ4mGX1puxaoJQLYEjWjXG89Hjr9Lo9vUihi7fth1H5Yr7uyJTSP5KThWipjp84sEw8Dzp6U2miMUH68,2026-08-25T07:31:11.000Z,4rtP3LQdxEFrF724Pcfj9eTdaMqDrbmvi11ewwfNYdLQTN1Zi9niu13zAFrmkA5n1V2cgfjmM8vUtzGWXEcmBYKc,DUNE_LIVE,LIVE_POST_BASELINE
5EEJcqGicMGPDcz1gYNuh1gjERSRp2JCtCWLqF1eL3fz,0,,,8TAx5eRzjvYioRmc83vrzWuEzhav63ccEs7ZuzndxddU,1,Cwg4F9HnwEKktX662TLjYvUjvZStpQHss9BasJYSaGPj,8TAx5eRzjvYioRmc83vrzWuEzhav63ccEs7ZuzndxddU,2026-02-07T15:34:04Z,64s3wrtvWjrekfZRQjxxvYeSb3KG2vYW9wB1b4Ho6QVhf23dEU4CTgJWBUjTG5h3HvS3HyikaXMCeAjLL8dMR77D,Cwg4F9HnwEKktX662TLjYvUjvZStpQHss9BasJYSaGPj,8TAx5eRzjvYioRmc83vrzWuEzhav63ccEs7ZuzndxddU,2026-02-07T15:34:04Z,64s3wrtvWjrekfZRQjxxvYeSb3KG2vYW9wB1b4Ho6QVhf23dEU4CTgJWBUjTG5h3HvS3HyikaXMCeAjLL8dMR77D,2026-08-28T06:25:53Z,3wyPJbJFHo4Fvu7Und18ezfHzbJFeq5FuiuZQzTTQAzrrC7RmAWXjXmonJge3e898SwmhStEUrJE6grUaYQ74KcV,INDEPENDENT_LIVE,LIVE_POST_CUTOVER
5ENPJWEccWFLDAq88t6Tv71soz2dULxiEbBLVbmiJkoU,0,,,BfBqvwoNLVSEvrjukaRUdex72PEF234oY8RogGtqFRZv,1,7LscpY288mvuC8kBax5KhcxH9BucLs9cCndo2HUi5xWb,BfBqvwoNLVSEvrjukaRUdex72PEF234oY8RogGtqFRZv,2025-12-01T14:46:53Z,2rQR8tZkyaCYbUCXmzLT2cJCtge542Zb3uRb6dCH32zHwNVZFpajPM8ZgfnEzYYy4BPt2sowPaKKjqJTzgkfk5hu,7LscpY288mvuC8kBax5KhcxH9BucLs9cCndo2HUi5xWb,BfBqvwoNLVSEvrjukaRUdex72PEF234oY8RogGtqFRZv,2025-12-01T14:46:53Z,2rQR8tZkyaCYbUCXmzLT2cJCtge542Zb3uRb6dCH32zHwNVZFpajPM8ZgfnEzYYy4BPt2sowPaKKjqJTzgkfk5hu,2026-08-25T07:31:11.000Z,4rtP3LQdxEFrF724Pcfj9eTdaMqDrbmvi11ewwfNYdLQTN1Zi9niu13zAFrmkA5n1V2cgfjmM8vUtzGWXEcmBYKc,DUNE_LIVE,LIVE_POST_BASELINE
5F2Vp4yzpKVCqajKcB3VigGZoxWbpKA6vK4sEZZ1j9M9,0,,,38Bj4DFXhAkDxB6Atj66kdxGZfhZEC3ejRX1HDh1YFKj,1,8Vpqxxbon9s4Hnk2eMhysjx6XKjHiUgEUAm3MSq9yQv2,38Bj4DFXhAkDxB6Atj66kdxGZfhZEC3ejRX1HDh1YFKj,2025-04-26T14:36:26Z,2wJDhkFsmruW3CxonZc3UaS4i3iGGmGgnkiqQdv5h5xsmJXD3ufjRUspHZ3xHRCsM2nqrc13FXKTuYBispvGLtYM,8Vpqxxbon9s4Hnk2eMhysjx6XKjHiUgEUAm3MSq9yQv2,38Bj4DFXhAkDxB6Atj66kdxGZfhZEC3ejRX1HDh1YFKj,2025-04-26T14:36:26Z,2wJDhkFsmruW3CxonZc3UaS4i3iGGmGgnkiqQdv5h5xsmJXD3ufjRUspHZ3xHRCsM2nqrc13FXKTuYBispvGLtYM,2026-08-21T19:39:25.000Z,4AT1PFFkyADXcz2QFJi78yrTeP8dAhFkfWJU5JCvpEx2a7pWsAxn14owrdqpvwkTU7bAzxxCYoBijEksgty9W6qe,DUNE_LIVE,LIVE_POST_BASELINE
5GBU1h1M4wTybzksHpUF4WdxFRGs31xquB9f9u2cFyRJ,0,,,8TAx5eRzjvYioRmc83vrzWuEzhav63ccEs7ZuzndxddU,1,Cwg4F9HnwEKktX662TLjYvUjvZStpQHss9BasJYSaGPj,8TAx5eRzjvYioRmc83vrzWuEzhav63ccEs7ZuzndxddU,2026-02-12T15:50:17Z,23jd1N5Q6LkVvA3AgaUxubQyeqVivLSrvApj8U8QdHj9MEXcGKpreZYp5pa2PA31QeQbBW76oE3cEVaodtzFeXu2,Cwg4F9HnwEKktX662TLjYvUjvZStpQHss9BasJYSaGPj,8TAx5eRzjvYioRmc83vrzWuEzhav63ccEs7ZuzndxddU,2026-02-12T15:50:17Z,23jd1N5Q6LkVvA3AgaUxubQyeqVivLSrvApj8U8QdHj9MEXcGKpreZYp5pa2PA31QeQbBW76oE3cEVaodtzFeXu2,2026-08-28T06:25:53Z,3wyPJbJFHo4Fvu7Und18ezfHzbJFeq5FuiuZQzTTQAzrrC7RmAWXjXmonJge3e898SwmhStEUrJE6grUaYQ74KcV,INDEPENDENT_LIVE,LIVE_POST_CUTOVER
5GoAshr3dxnpnpYatYVzWDL9vHDPAb2upbxGvZh9Fi2i,0,,,BFpTSgrkFXFycgvaraoSt75osy6EgKEeivXUgxz3AdEz,1,FnqEYzRtDV1zHUaEFycnGS6F3SCmjAvMLsNQQrnQcLPN,BFpTSgrkFXFycgvaraoSt75osy6EgKEeivXUgxz3AdEz,2025-04-22T14:15:42Z,4tPbMLz9uWD97Q9EHCBhJDqiXyCY5f3rPxwhGz5t6JtwHzWHxDtPqqu5XNWeQvXivhYHGvxGBdaF5SGkaPeP8t6a,FnqEYzRtDV1zHUaEFycnGS6F3SCmjAvMLsNQQrnQcLPN,BFpTSgrkFXFycgvaraoSt75osy6EgKEeivXUgxz3AdEz,2025-04-22T14:15:42Z,4tPbMLz9uWD97Q9EHCBhJDqiXyCY5f3rPxwhGz5t6JtwHzWHxDtPqqu5XNWeQvXivhYHGvxGBdaF5SGkaPeP8t6a,2026-08-30T18:20:59Z,4rGPKBHqqLhzjS6Y5dbuTSUCxKq4LmSxk1LUGZhanbv1vBDdiFLqSGyEReA7P3gTAkqXnVWTFdxGw69fkJjsw87Z,INDEPENDENT_LIVE,LIVE_POST_CUTOVER
5H3yQFszfmzzQRjMXB3QnyHXNecn9A7JVMMRpAr7Rq2u,0,,,8Vpqxxbon9s4Hnk2eMhysjx6XKjHiUgEUAm3MSq9yQv2,0,8Vpqxxbon9s4Hnk2eMhysjx6XKjHiUgEUAm3MSq9yQv2,,2026-08-20T08:14:46.000Z,4R2Lvzw8AvtcGR2rKw2iRoBomDirwbVL4LSYBwEndWRN6uWiEx7c7YPK9jtjoUA4hb7vLPZ3XgbK9bdmNQwZHun3,,,,,,,,
5HnJBS53U34DMsM2giWukBvZgpvBM4wZWKuUv24LjFch,0,,,8TAx5eRzjvYioRmc83vrzWuEzhav63ccEs7ZuzndxddU,1,Cwg4F9HnwEKktX662TLjYvUjvZStpQHss9BasJYSaGPj,8TAx5eRzjvYioRmc83vrzWuEzhav63ccEs7ZuzndxddU,2023-08-02T18:43:03Z,FhaknrgHhRyvyzt2FRRUc3w9J9aHQYujhjmicCtLW1MBxJ9LvGyMUNGBr5HQUqB6JtPhuTECYWnqiD3xjUctyPd,Cwg4F9HnwEKktX662TLjYvUjvZStpQHss9BasJYSaGPj,8TAx5eRzjvYioRmc83vrzWuEzhav63ccEs7ZuzndxddU,2023-08-02T18:43:03Z,FhaknrgHhRyvyzt2FRRUc3w9J9aHQYujhjmicCtLW1MBxJ9LvGyMUNGBr5HQUqB6JtPhuTECYWnqiD3xjUctyPd,2026-08-28T06:25:53Z,3wyPJbJFHo4Fvu7Und18ezfHzbJFeq5FuiuZQzTTQAzrrC7RmAWXjXmonJge3e898SwmhStEUrJE6grUaYQ74KcV,INDEPENDENT_LIVE,LIVE_POST_CUTOVER
5L3JQkFzBKdf2CGXR2YW5gxtnLMureBYfhn8wdbTJ8P8,0,,,BfBqvwoNLVSEvrjukaRUdex72PEF234oY8RogGtqFRZv,1,7LscpY288mvuC8kBax5KhcxH9BucLs9cCndo2HUi5xWb,BfBqvwoNLVSEvrjukaRUdex72PEF234oY8RogGtqFRZv,2025-06-26T10:39:07Z,CiexoDX3FPbVCJaax4jNzp71H4cdR7AJfj9BwNY6Vz2scneGes4cvZbnbNbzYk9hRqLYfBrvxP6bXJrGG5sUV5X,7LscpY288mvuC8kBax5KhcxH9BucLs9cCndo2HUi5xWb,BfBqvwoNLVSEvrjukaRUdex72PEF234oY8RogGtqFRZv,2025-06-26T10:39:07Z,CiexoDX3FPbVCJaax4jNzp71H4cdR7AJfj9BwNY6Vz2scneGes4cvZbnbNbzYk9hRqLYfBrvxP6bXJrGG5sUV5X,2026-08-25T07:31:11.000Z,4rtP3LQdxEFrF724Pcfj9eTdaMqDrbmvi11ewwfNYdLQTN1Zi9niu13zAFrmkA5n1V2cgfjmM8vUtzGWXEcmBYKc,DUNE_LIVE,LIVE_POST_BASELINE
5LVAXHLbfhB8h4hdgZHBCwQk81kmDqxhRxhNwGFbAyqp,0,,,5ByLqbLYQcBZd5pwTFtDcU9cJXgqMBxnbEbynTdmqDPZ,1,DXaSLA5KS5fCAQvtGorUyUPRD4dVX5tB12zv8QyDUtBL,5ByLqbLYQcBZd5pwTFtDcU9cJXgqMBxnbEbynTdmqDPZ,2025-04-22T10:01:35+00:00,5XE1vzzvNRtzbATVgvWNLUx6xmVSFaRruAUdzRQsUFDy95bN9WLVhX8vvnG6rBdGpjvLdLqUdHmxVzyV2vZPuyz2,DXaSLA5KS5fCAQvtGorUyUPRD4dVX5tB12zv8QyDUtBL,5ByLqbLYQcBZd5pwTFtDcU9cJXgqMBxnbEbynTdmqDPZ,2025-04-22T10:01:35+00:00,5XE1vzzvNRtzbATVgvWNLUx6xmVSFaRruAUdzRQsUFDy95bN9WLVhX8vvnG6rBdGpjvLdLqUdHmxVzyV2vZPuyz2,2026-08-27T12:12:14Z,36BeMmDBLYZkVBpuYpxjRDekbJRsk2MHBpreJqqzCN2vzKzY4QX3U5Jc2RVrGDqjF5KZPR2y3vmZdY4QLsQVP6k8,INDEPENDENT_LIVE,LIVE_POST_CUTOVER
5LgK4XAA3BGPCqVW2hGeDMoUGSva87McsKBhcvyM2eNY,0,,,Db1meMQEgj8dCwzhR5W6coWt1yV4iEaQsYPKKDyGRUqW,1,Do9VaY2ru9QtaTWdhmuwc2Z9rj4rZ7D6EShdLTvxnp6h,Db1meMQEgj8dCwzhR5W6coWt1yV4iEaQsYPKKDyGRUqW,2025-04-14T13:05:02Z,5j2GBk3AUxEF6X1HPhsd16iTdZqsGFEc2fgBRvV7EDkqB9gEwGGbR3UJeWBAMA7LYjvjuxR9YLrrpWN47F9sUDGa,Do9VaY2ru9QtaTWdhmuwc2Z9rj4rZ7D6EShdLTvxnp6h,Db1meMQEgj8dCwzhR5W6coWt1yV4iEaQsYPKKDyGRUqW,2025-04-14T13:05:02Z,5j2GBk3AUxEF6X1HPhsd16iTdZqsGFEc2fgBRvV7EDkqB9gEwGGbR3UJeWBAMA7LYjvjuxR9YLrrpWN47F9sUDGa,2026-08-26T21:34:16Z,5y9KKMidZA2pNm3QLD2z2j7BfPbwsAQt6HEVyCQMK7sSkCy7PRQUy35JJG3GRnTBDLDeD6YVxYpw9nXSayk6pTiK,INDEPENDENT_LIVE,LIVE_POST_CUTOVER
5M5KANiQaTruLi6L5fNHm9ekG7tvU15QYxht8ecdpioW,0,,,BfBqvwoNLVSEvrjukaRUdex72PEF234oY8RogGtqFRZv,1,7LscpY288mvuC8kBax5KhcxH9BucLs9cCndo2HUi5xWb,BfBqvwoNLVSEvrjukaRUdex72PEF234oY8RogGtqFRZv,2025-12-01T14:37:30Z,5V5pRT2LkpA4ahb8uFjNK3U9tzq7msBgsC9PHMMuaNiV1pXAvjJb2HdjaxjtTqLvSM2dYfkrzxQAKvUHzkwXhdXA,7LscpY288mvuC8kBax5KhcxH9BucLs9cCndo2HUi5xWb,BfBqvwoNLVSEvrjukaRUdex72PEF234oY8RogGtqFRZv,2025-12-01T14:37:30Z,5V5pRT2LkpA4ahb8uFjNK3U9tzq7msBgsC9PHMMuaNiV1pXAvjJb2HdjaxjtTqLvSM2dYfkrzxQAKvUHzkwXhdXA,2026-08-25T07:31:11.000Z,4rtP3LQdxEFrF724Pcfj9eTdaMqDrbmvi11ewwfNYdLQTN1Zi9niu13zAFrmkA5n1V2cgfjmM8vUtzGWXEcmBYKc,DUNE_LIVE,LIVE_POST_BASELINE
5N7AWFMNhvYD38HWToube6EC63RcN1jknrgYF8dJ38kq,0,,,BfBqvwoNLVSEvrjukaRUdex72PEF234oY8RogGtqFRZv,1,7LscpY288mvuC8kBax5KhcxH9BucLs9cCndo2HUi5xWb,BfBqvwoNLVSEvrjukaRUdex72PEF234oY8RogGtqFRZv,2025-12-01T14:40:01Z,2zJQJimU6S5i3Gi8vnePGJZCopmVskQounNUxAFb5SbpFec2E2ALVtfT1U6sUXdLs3MZFMMZejr1fV7ZbuoTw3Nn,7LscpY288mvuC8kBax5KhcxH9BucLs9cCndo2HUi5xWb,BfBqvwoNLVSEvrjukaRUdex72PEF234oY8RogGtqFRZv,2025-12-01T14:40:01Z,2zJQJimU6S5i3Gi8vnePGJZCopmVskQounNUxAFb5SbpFec2E2ALVtfT1U6sUXdLs3MZFMMZejr1fV7ZbuoTw3Nn,2026-08-25T07:31:11.000Z,4rtP3LQdxEFrF724Pcfj9eTdaMqDrbmvi11ewwfNYdLQTN1Zi9niu13zAFrmkA5n1V2cgfjmM8vUtzGWXEcmBYKc,DUNE_LIVE,LIVE_POST_BASELINE
5NDGbSztV7cciRp2EGoTX3HXLwsSgiEBuscYsxaBL4wy,0,,,5ByLqbLYQcBZd5pwTFtDcU9cJXgqMBxnbEbynTdmqDPZ,1,DXaSLA5KS5fCAQvtGorUyUPRD4dVX5tB12zv8QyDUtBL,5ByLqbLYQcBZd5pwTFtDcU9cJXgqMBxnbEbynTdmqDPZ,2025-04-22T10:00:10+00:00,4vfxpxmPKtgHwWX5d9YtcxckVy9DWRNC5nna7FUfe8siSxwgkkhTFtpiGF5DAHrTy2HE3BATHnkfcqNr7frFJBJe,DXaSLA5KS5fCAQvtGorUyUPRD4dVX5tB12zv8QyDUtBL,5ByLqbLYQcBZd5pwTFtDcU9cJXgqMBxnbEbynTdmqDPZ,2025-04-22T10:00:10+00:00,4vfxpxmPKtgHwWX5d9YtcxckVy9DWRNC5nna7FUfe8siSxwgkkhTFtpiGF5DAHrTy2HE3BATHnkfcqNr7frFJBJe,2026-08-27T12:12:14Z,36BeMmDBLYZkVBpuYpxjRDekbJRsk2MHBpreJqqzCN2vzKzY4QX3U5Jc2RVrGDqjF5KZPR2y3vmZdY4QLsQVP6k8,INDEPENDENT_LIVE,LIVE_POST_CUTOVER
5PBoTFUB8Q3pHevjwwYC5aiyCCg4q3jT77aV6BJuiQX,0,,,BFpTSgrkFXFycgvaraoSt75osy6EgKEeivXUgxz3AdEz,1,FnqEYzRtDV1zHUaEFycnGS6F3SCmjAvMLsNQQrnQcLPN,BFpTSgrkFXFycgvaraoSt75osy6EgKEeivXUgxz3AdEz,2025-04-22T14:16:15Z,4bpFdBqNhUMFdTbvwAsHpkGr8ddjovCVp9meDUTF7NWSJSrCGzXKyPRskqtvsN4ZXgfJNWiVnbKpHRTL7edzhhH,FnqEYzRtDV1zHUaEFycnGS6F3SCmjAvMLsNQQrnQcLPN,BFpTSgrkFXFycgvaraoSt75osy6EgKEeivXUgxz3AdEz,2025-04-22T14:16:15Z,4bpFdBqNhUMFdTbvwAsHpkGr8ddjovCVp9meDUTF7NWSJSrCGzXKyPRskqtvsN4ZXgfJNWiVnbKpHRTL7edzhhH,2026-08-30T18:20:59Z,4rGPKBHqqLhzjS6Y5dbuTSUCxKq4LmSxk1LUGZhanbv1vBDdiFLqSGyEReA7P3gTAkqXnVWTFdxGw69fkJjsw87Z,INDEPENDENT_LIVE,LIVE_POST_CUTOVER
5QQCvzJnQNW8Y85MKV3GhVD6NptDAnfbd4Z4qSLxyq7C,0,,,BfBqvwoNLVSEvrjukaRUdex72PEF234oY8RogGtqFRZv,1,7LscpY288mvuC8kBax5KhcxH9BucLs9cCndo2HUi5xWb,BfBqvwoNLVSEvrjukaRUdex72PEF234oY8RogGtqFRZv,2025-12-01T14:36:10Z,2shnFZLbbeM9xUsAHwyUYxfRKy2CXcL8UE54yA1v7gxPD2vgzoFVpagGvck1T5UYVhEhFHawTNCkhzQbvvwv3fGm,7LscpY288mvuC8kBax5KhcxH9BucLs9cCndo2HUi5xWb,BfBqvwoNLVSEvrjukaRUdex72PEF234oY8RogGtqFRZv,2025-12-01T14:36:10Z,2shnFZLbbeM9xUsAHwyUYxfRKy2CXcL8UE54yA1v7gxPD2vgzoFVpagGvck1T5UYVhEhFHawTNCkhzQbvvwv3fGm,2026-08-25T07:31:11.000Z,4rtP3LQdxEFrF724Pcfj9eTdaMqDrbmvi11ewwfNYdLQTN1Zi9niu13zAFrmkA5n1V2cgfjmM8vUtzGWXEcmBYKc,DUNE_LIVE,LIVE_POST_BASELINE
5STheX6iMu6CKLHUxV3WueYy6x6GJvYcUSZ3KfB7h7aH,1,2026-08-24T15:31:42.000Z,2maq11dNXGvCnAVqKkKtAhGhu1BUAcixzWjtu85CUokLUSFLhrvLaVN1ZBtbgSq7ZikCnk6xHh4o5Sm4MsrCrcot,,0,,,2026-08-24T15:31:42.000Z,2maq11dNXGvCnAVqKkKtAhGhu1BUAcixzWjtu85CUokLUSFLhrvLaVN1ZBtbgSq7ZikCnk6xHh4o5Sm4MsrCrcot,,,,,,,,
5TWVmUWjTZvABxjXubftuaZAUjLdkCLux7Z5cTo4rRWh,0,,,8TAx5eRzjvYioRmc83vrzWuEzhav63ccEs7ZuzndxddU,1,Cwg4F9HnwEKktX662TLjYvUjvZStpQHss9BasJYSaGPj,8TAx5eRzjvYioRmc83vrzWuEzhav63ccEs7ZuzndxddU,2023-08-02T18:52:20Z,3oxgvSiJ7YfdNHZc7LtpHyHwzT8yR3ZcYEjL6VwVs6f6EM7ohDuq8vjTT523f13ZVR3wVdS2nSpwNaiLPhWWLdTm,Cwg4F9HnwEKktX662TLjYvUjvZStpQHss9BasJYSaGPj,8TAx5eRzjvYioRmc83vrzWuEzhav63ccEs7ZuzndxddU,2023-08-02T18:52:20Z,3oxgvSiJ7YfdNHZc7LtpHyHwzT8yR3ZcYEjL6VwVs6f6EM7ohDuq8vjTT523f13ZVR3wVdS2nSpwNaiLPhWWLdTm,2026-08-28T06:25:53Z,3wyPJbJFHo4Fvu7Und18ezfHzbJFeq5FuiuZQzTTQAzrrC7RmAWXjXmonJge3e898SwmhStEUrJE6grUaYQ74KcV,INDEPENDENT_LIVE,LIVE_POST_CUTOVER
5UJCsQjKCTH1HfcRKbHzCLV7HfddsB29X9DPiyaeV44H,0,,,DM5YNogviE6YxVESWYG9TaZ9q4qiBLAJmxnA1LQRFMGZ,1,B1Pv8HZNHGdXC8qTsNGLCJKpnoetE2Y52RyeoJW9pE5Z,DM5YNogviE6YxVESWYG9TaZ9q4qiBLAJmxnA1LQRFMGZ,2025-04-15T02:18:18Z,3JTK7YdNkAYD4v9hoyTUbgzx6S5NvXR1P5E5eEusWBreCX1BgtjzmjAbFYTU3FU8bxQGtQwQjdqW3srxdTRUSN14,B1Pv8HZNHGdXC8qTsNGLCJKpnoetE2Y52RyeoJW9pE5Z,DM5YNogviE6YxVESWYG9TaZ9q4qiBLAJmxnA1LQRFMGZ,2025-04-15T02:18:18Z,3JTK7YdNkAYD4v9hoyTUbgzx6S5NvXR1P5E5eEusWBreCX1BgtjzmjAbFYTU3FU8bxQGtQwQjdqW3srxdTRUSN14,2026-08-31T09:39:48Z,5rqET3n1SkPB9jrcz8yM3KNBt6b2Q925G69tDBYwhL5yd6cLZzD3gSDSSgsbFqwtJkuaCoAvuRNq3eCNaKxhpdWi,INDEPENDENT_LIVE,LIVE_POST_CUTOVER
5UMrbEcU6EAVmvN8nx6XciZs7pPtY3mCXmQsw7CtxBgM,0,,,BfBqvwoNLVSEvrjukaRUdex72PEF234oY8RogGtqFRZv,1,7LscpY288mvuC8kBax5KhcxH9BucLs9cCndo2HUi5xWb,BfBqvwoNLVSEvrjukaRUdex72PEF234oY8RogGtqFRZv,2025-04-13T04:48:00Z,3WJxvsd9mEpknF9ssGkdUMBdprijUjEKmrsF73eKtAZFk7GDRViUGqthMhNGQr4DjqV4tU4RF9fCDiZx6sAezugB,7LscpY288mvuC8kBax5KhcxH9BucLs9cCndo2HUi5xWb,BfBqvwoNLVSEvrjukaRUdex72PEF234oY8RogGtqFRZv,2025-04-13T04:48:00Z,3WJxvsd9mEpknF9ssGkdUMBdprijUjEKmrsF73eKtAZFk7GDRViUGqthMhNGQr4DjqV4tU4RF9fCDiZx6sAezugB,2026-08-25T07:31:11.000Z,4rtP3LQdxEFrF724Pcfj9eTdaMqDrbmvi11ewwfNYdLQTN1Zi9niu13zAFrmkA5n1V2cgfjmM8vUtzGWXEcmBYKc,DUNE_LIVE,LIVE_POST_BASELINE
5VUpedJgxuvchjZ9MQmSWeNB5HsdVBwCKbw9qdz18mAz,0,,,BfBqvwoNLVSEvrjukaRUdex72PEF234oY8RogGtqFRZv,1,7LscpY288mvuC8kBax5KhcxH9BucLs9cCndo2HUi5xWb,BfBqvwoNLVSEvrjukaRUdex72PEF234oY8RogGtqFRZv,2025-04-18T08:12:16Z,46CD8R8ZFG4FtmQ4Ef2Zb5ERHBcoBKVXvp5JRTxBj9FhZuT1LqjGVE9AdnreKPhZ8wQ1DupvshnDNLnExZAbrASn,7LscpY288mvuC8kBax5KhcxH9BucLs9cCndo2HUi5xWb,BfBqvwoNLVSEvrjukaRUdex72PEF234oY8RogGtqFRZv,2025-04-18T08:12:16Z,46CD8R8ZFG4FtmQ4Ef2Zb5ERHBcoBKVXvp5JRTxBj9FhZuT1LqjGVE9AdnreKPhZ8wQ1DupvshnDNLnExZAbrASn,2026-08-25T07:31:11.000Z,4rtP3LQdxEFrF724Pcfj9eTdaMqDrbmvi11ewwfNYdLQTN1Zi9niu13zAFrmkA5n1V2cgfjmM8vUtzGWXEcmBYKc,DUNE_LIVE,LIVE_POST_BASELINE
5VrtBXMSwhcR2HTGxJnGEqGpcjkoQ1m6PtwoqA7L19Ty,0,,,Db1meMQEgj8dCwzhR5W6coWt1yV4iEaQsYPKKDyGRUqW,1,Do9VaY2ru9QtaTWdhmuwc2Z9rj4rZ7D6EShdLTvxnp6h,Db1meMQEgj8dCwzhR5W6coWt1yV4iEaQsYPKKDyGRUqW,2026-05-19T11:50:53Z,8hbHfBhCKrot18ThwnvsdPT2NfU5FpYNcNYr3dxP3m6aoTe54VdFVo1rEQHutqpbjHbkcdkGY4aj3A7P1ScZVda,Do9VaY2ru9QtaTWdhmuwc2Z9rj4rZ7D6EShdLTvxnp6h,Db1meMQEgj8dCwzhR5W6coWt1yV4iEaQsYPKKDyGRUqW,2026-05-19T11:50:53Z,8hbHfBhCKrot18ThwnvsdPT2NfU5FpYNcNYr3dxP3m6aoTe54VdFVo1rEQHutqpbjHbkcdkGY4aj3A7P1ScZVda,2026-08-26T21:34:16Z,5y9KKMidZA2pNm3QLD2z2j7BfPbwsAQt6HEVyCQMK7sSkCy7PRQUy35JJG3GRnTBDLDeD6YVxYpw9nXSayk6pTiK,INDEPENDENT_LIVE,LIVE_POST_CUTOVER
5YVC81H4dw9iSETxNqDCHyNMMo2owkyZB5WLssEQm61B,0,,,FYL4LRChq2a6w8PenydNEd1ExoKpBVNpueitXAXanSGy,1,FpqrjWJpTNwv1b1nu3Kouzn7KRZeAxcvyXfHgkGFQ9Gd,FYL4LRChq2a6w8PenydNEd1ExoKpBVNpueitXAXanSGy,2025-04-19T15:05:08Z,3aV9vMXQ7JUp53fXwJpquuWmrZEJSA73UnZTu2ydrcUBRAvq6Lm2KxGNUFm9hU2bQL3Cm7nQeDKxoPtrQqK4hJiq,FpqrjWJpTNwv1b1nu3Kouzn7KRZeAxcvyXfHgkGFQ9Gd,FYL4LRChq2a6w8PenydNEd1ExoKpBVNpueitXAXanSGy,2025-04-19T15:05:08Z,3aV9vMXQ7JUp53fXwJpquuWmrZEJSA73UnZTu2ydrcUBRAvq6Lm2KxGNUFm9hU2bQL3Cm7nQeDKxoPtrQqK4hJiq,2026-08-24T04:22:35.000Z,5oK95ozVzmUYxqJmZd7NLGb2U4oYDLVTieQMPA7TJve19iKQ41uaDdvJ8VHYNmcxSnH1A7BK2NrfTFFcJbTUKTey,DUNE_LIVE,LIVE_POST_BASELINE
5YuCD1hosrwqDbp6fykvHZF2MZVifHzx4XTfgpvMZ63k,0,,,BfBqvwoNLVSEvrjukaRUdex72PEF234oY8RogGtqFRZv,1,7LscpY288mvuC8kBax5KhcxH9BucLs9cCndo2HUi5xWb,BfBqvwoNLVSEvrjukaRUdex72PEF234oY8RogGtqFRZv,2025-12-01T14:28:09Z,4Wuwu17Xbrp1B4bzmYYXRgcACRYxZ8hq3aASVbiY2VFnwrmm2jVGPFtYT3gtxtBDb99iYGLpktY6i6FNi61xEmtL,7LscpY288mvuC8kBax5KhcxH9BucLs9cCndo2HUi5xWb,BfBqvwoNLVSEvrjukaRUdex72PEF234oY8RogGtqFRZv,2025-12-01T14:28:09Z,4Wuwu17Xbrp1B4bzmYYXRgcACRYxZ8hq3aASVbiY2VFnwrmm2jVGPFtYT3gtxtBDb99iYGLpktY6i6FNi61xEmtL,2026-08-25T07:31:11.000Z,4rtP3LQdxEFrF724Pcfj9eTdaMqDrbmvi11ewwfNYdLQTN1Zi9niu13zAFrmkA5n1V2cgfjmM8vUtzGWXEcmBYKc,DUNE_LIVE,LIVE_POST_BASELINE
5ZPNSP7KzueRa6NzPCNa3tjwsKsnACkPBAE5TvhNfjsW,1,2026-08-24T15:31:42.000Z,54nowwHehMPfQL3fQ19jfSa9ZaTp83sweY9rhtavA54rV25vCJsPXyuxPNGnzo6P5RBDSRYRcyYpKK3nNPZtzRoY,,0,,,2026-08-24T15:31:42.000Z,54nowwHehMPfQL3fQ19jfSa9ZaTp83sweY9rhtavA54rV25vCJsPXyuxPNGnzo6P5RBDSRYRcyYpKK3nNPZtzRoY,,,,,,,,
5ZuBSiKk43McR6JF5BpoZzfRdNGMEuZDMEdv9rRdyoaW,0,,,BfBqvwoNLVSEvrjukaRUdex72PEF234oY8RogGtqFRZv,1,7LscpY288mvuC8kBax5KhcxH9BucLs9cCndo2HUi5xWb,BfBqvwoNLVSEvrjukaRUdex72PEF234oY8RogGtqFRZv,2025-12-01T14:22:31Z,2p4W7QaU9wZ17TKWYMP2AUHXpYiopRGER3CYeAnVDRtxUdFneYhCiZ4oa1pjuqcrM8RFgQ4VLKDmWRZkG5JGmwa5,7LscpY288mvuC8kBax5KhcxH9BucLs9cCndo2HUi5xWb,BfBqvwoNLVSEvrjukaRUdex72PEF234oY8RogGtqFRZv,2025-12-01T14:22:31Z,2p4W7QaU9wZ17TKWYMP2AUHXpYiopRGER3CYeAnVDRtxUdFneYhCiZ4oa1pjuqcrM8RFgQ4VLKDmWRZkG5JGmwa5,2026-08-25T07:31:11.000Z,4rtP3LQdxEFrF724Pcfj9eTdaMqDrbmvi11ewwfNYdLQTN1Zi9niu13zAFrmkA5n1V2cgfjmM8vUtzGWXEcmBYKc,DUNE_LIVE,LIVE_POST_BASELINE
5a1sLUayH1T7NAzBLpGfhdL3tWXArDxmDsQhSiBWnpet,1,2026-08-24T15:31:42.000Z,4dTQUg4zs1QUbQXrH5H6ctfngozoSNt3STP24n8vzTwqE4TmJ7KUoywWM2UYzVkWJXKTHhEU1hRccRLvGht6Srt4,,0,,,2026-08-24T15:31:42.000Z,4dTQUg4zs1QUbQXrH5H6ctfngozoSNt3STP24n8vzTwqE4TmJ7KUoywWM2UYzVkWJXKTHhEU1hRccRLvGht6Srt4,,,,,,,,
5ajAancADZdbMHYDFpWHY2BR73NatZCYjyweX7P79SLv,0,,,6vmoJLFeVHCnrm2XpDPd6EYdRrkG2hcg8CAyr4Sy5ALZ,0,6vmoJLFeVHCnrm2XpDPd6EYdRrkG2hcg8CAyr4Sy5ALZ,,2026-08-29T06:17:36Z,43VzJiESiRCuUVYvwfneLvyn1PzwNJUNv1MRNu45RzZx6GaEAGRdmGdfLRjjG4BsyFVieQm5vzJbdYD3EZRAom3Z,,,,,,,,
5bSMXncuLHkpK94Usd9wFFiVtwws4XdSdZcHPkjrWcYc,0,,,8TAx5eRzjvYioRmc83vrzWuEzhav63ccEs7ZuzndxddU,1,Cwg4F9HnwEKktX662TLjYvUjvZStpQHss9BasJYSaGPj,8TAx5eRzjvYioRmc83vrzWuEzhav63ccEs7ZuzndxddU,2022-08-30T08:46:13Z,576A8fVz3De3WJMM6EarC5qqRXHMKPrhsomV2FZh9sWK8JDRnh5Kg3BaiAWy6ETvm1kVJ1H5vbVHB4advJHS1LEK,Cwg4F9HnwEKktX662TLjYvUjvZStpQHss9BasJYSaGPj,8TAx5eRzjvYioRmc83vrzWuEzhav63ccEs7ZuzndxddU,2022-08-30T08:46:13Z,576A8fVz3De3WJMM6EarC5qqRXHMKPrhsomV2FZh9sWK8JDRnh5Kg3BaiAWy6ETvm1kVJ1H5vbVHB4advJHS1LEK,2026-08-28T06:25:53Z,3wyPJbJFHo4Fvu7Und18ezfHzbJFeq5FuiuZQzTTQAzrrC7RmAWXjXmonJge3e898SwmhStEUrJE6grUaYQ74KcV,INDEPENDENT_LIVE,LIVE_POST_CUTOVER
5bjtGEeVZgqjRk7gkE8PmMecV1UFnZyb2hwoa4UeyxGM,1,2026-08-24T15:31:42.000Z,2Tk1gAwX7bzvFM3NbEqFeVfe3arMwRg5ZBXpqADfai8mhs8C6f9sPkCSj3vhGx4pfHpieQBGjnuQtAshsKGuVNCG,,0,,,2026-08-24T15:31:42.000Z,2Tk1gAwX7bzvFM3NbEqFeVfe3arMwRg5ZBXpqADfai8mhs8C6f9sPkCSj3vhGx4pfHpieQBGjnuQtAshsKGuVNCG,,,,,,,,
5bkv51mG8K8hvBXgtoR4Lh3YHubajzkAh3db2H8ZF4tt,0,,,Db1meMQEgj8dCwzhR5W6coWt1yV4iEaQsYPKKDyGRUqW,1,Do9VaY2ru9QtaTWdhmuwc2Z9rj4rZ7D6EShdLTvxnp6h,Db1meMQEgj8dCwzhR5W6coWt1yV4iEaQsYPKKDyGRUqW,2025-04-14T13:05:22Z,4SMRQ7SQeX52xa37svbozHT5qWxAfKYkuYKPshX3XwqwH2QpcVDCUiLEbtLACHRZ4EMMrB57f9M9nTm43W3PSZ4M,Do9VaY2ru9QtaTWdhmuwc2Z9rj4rZ7D6EShdLTvxnp6h,Db1meMQEgj8dCwzhR5W6coWt1yV4iEaQsYPKKDyGRUqW,2025-04-14T13:05:22Z,4SMRQ7SQeX52xa37svbozHT5qWxAfKYkuYKPshX3XwqwH2QpcVDCUiLEbtLACHRZ4EMMrB57f9M9nTm43W3PSZ4M,2026-08-26T21:34:16Z,5y9KKMidZA2pNm3QLD2z2j7BfPbwsAQt6HEVyCQMK7sSkCy7PRQUy35JJG3GRnTBDLDeD6YVxYpw9nXSayk6pTiK,INDEPENDENT_LIVE,LIVE_POST_CUTOVER
5c736eU2EzZJvYSi47Sq4fsAhdccbAoEydNnCWguF6ex,0,,,BfBqvwoNLVSEvrjukaRUdex72PEF234oY8RogGtqFRZv,1,7LscpY288mvuC8kBax5KhcxH9BucLs9cCndo2HUi5xWb,BfBqvwoNLVSEvrjukaRUdex72PEF234oY8RogGtqFRZv,2025-08-19T10:57:46Z,2tAitubVW3jNxmpQsSyU7qKBEYGuQqh1Jc477QfcudqhZBM5N7PTihH2fRsUzfzMWrdKoBGvuT4NanRCxzRtubPm,7LscpY288mvuC8kBax5KhcxH9BucLs9cCndo2HUi5xWb,BfBqvwoNLVSEvrjukaRUdex72PEF234oY8RogGtqFRZv,2025-08-19T10:57:46Z,2tAitubVW3jNxmpQsSyU7qKBEYGuQqh1Jc477QfcudqhZBM5N7PTihH2fRsUzfzMWrdKoBGvuT4NanRCxzRtubPm,2026-08-25T07:31:11.000Z,4rtP3LQdxEFrF724Pcfj9eTdaMqDrbmvi11ewwfNYdLQTN1Zi9niu13zAFrmkA5n1V2cgfjmM8vUtzGWXEcmBYKc,DUNE_LIVE,LIVE_POST_BASELINE
5dUb1zBDF5SJbPDQsqqA7NpFTEV6a6xgXUbLB7FvvZAF,0,,,Db1meMQEgj8dCwzhR5W6coWt1yV4iEaQsYPKKDyGRUqW,1,Do9VaY2ru9QtaTWdhmuwc2Z9rj4rZ7D6EShdLTvxnp6h,Db1meMQEgj8dCwzhR5W6coWt1yV4iEaQsYPKKDyGRUqW,2025-08-28T19:59:45Z,4i8bvvMhSHtd36JNLWvbodBQUqLFFXF2GScbp66Q1qvwAG7jK6L5Z5voryiWkapXxWsYeKZ35JyGJyx2meTTyjAw,Do9VaY2ru9QtaTWdhmuwc2Z9rj4rZ7D6EShdLTvxnp6h,Db1meMQEgj8dCwzhR5W6coWt1yV4iEaQsYPKKDyGRUqW,2025-08-28T19:59:45Z,4i8bvvMhSHtd36JNLWvbodBQUqLFFXF2GScbp66Q1qvwAG7jK6L5Z5voryiWkapXxWsYeKZ35JyGJyx2meTTyjAw,2026-08-26T21:34:16Z,5y9KKMidZA2pNm3QLD2z2j7BfPbwsAQt6HEVyCQMK7sSkCy7PRQUy35JJG3GRnTBDLDeD6YVxYpw9nXSayk6pTiK,INDEPENDENT_LIVE,LIVE_POST_CUTOVER
5eYfguhsy6asNr87C9TQNZKKq6SGb5oMnKcraQrvvcxz,0,,,8TAx5eRzjvYioRmc83vrzWuEzhav63ccEs7ZuzndxddU,1,Cwg4F9HnwEKktX662TLjYvUjvZStpQHss9BasJYSaGPj,8TAx5eRzjvYioRmc83vrzWuEzhav63ccEs7ZuzndxddU,2023-08-02T18:51:39Z,2xMzsCtf9YXMucrkTYQAhpLiXpWuaSJNYdesvwqiCUVPGv9uNJAnCy5VtpfFMMsVTNkmNiQgESTBVbxeTYMuC84n,Cwg4F9HnwEKktX662TLjYvUjvZStpQHss9BasJYSaGPj,8TAx5eRzjvYioRmc83vrzWuEzhav63ccEs7ZuzndxddU,2023-08-02T18:51:39Z,2xMzsCtf9YXMucrkTYQAhpLiXpWuaSJNYdesvwqiCUVPGv9uNJAnCy5VtpfFMMsVTNkmNiQgESTBVbxeTYMuC84n,2026-08-28T06:25:53Z,3wyPJbJFHo4Fvu7Und18ezfHzbJFeq5FuiuZQzTTQAzrrC7RmAWXjXmonJge3e898SwmhStEUrJE6grUaYQ74KcV,INDEPENDENT_LIVE,LIVE_POST_CUTOVER
5eYoFNvo8hQk44MAkHWJDEL1FxkCPUMjVm92E17Pbngi,0,,,BfBqvwoNLVSEvrjukaRUdex72PEF234oY8RogGtqFRZv,1,7LscpY288mvuC8kBax5KhcxH9BucLs9cCndo2HUi5xWb,BfBqvwoNLVSEvrjukaRUdex72PEF234oY8RogGtqFRZv,2025-12-01T14:26:00Z,5np8v8eXaEgXPML8dNSrHNLpWXtHQeTNMQ9YKuQ11XGQiQz1wGnaYRs2TBGJgKydXuTPwXSNWqynZr55V15hXRun,7LscpY288mvuC8kBax5KhcxH9BucLs9cCndo2HUi5xWb,BfBqvwoNLVSEvrjukaRUdex72PEF234oY8RogGtqFRZv,2025-12-01T14:26:00Z,5np8v8eXaEgXPML8dNSrHNLpWXtHQeTNMQ9YKuQ11XGQiQz1wGnaYRs2TBGJgKydXuTPwXSNWqynZr55V15hXRun,2026-08-25T07:31:11.000Z,4rtP3LQdxEFrF724Pcfj9eTdaMqDrbmvi11ewwfNYdLQTN1Zi9niu13zAFrmkA5n1V2cgfjmM8vUtzGWXEcmBYKc,DUNE_LIVE,LIVE_POST_BASELINE
5evvbgPRxGJwS95NkyEcm1UQ1EHr5sshYCN3PARUpXrJ,0,,,BBZ1rhcm7EyMDKDqveG4LmTmfEM576SJfgrUMqB9UyCK,0,BBZ1rhcm7EyMDKDqveG4LmTmfEM576SJfgrUMqB9UyCK,,2026-08-24T08:30:19.000Z,ig9Ltku4rKCkGfnVLWPB8qG4ck41bt5ecESJEL86ao338yxr8FPHqw4gqEGi3uQrj3dKtF2VXZS8GzS2ZV66M1a,,,,,,,,
5fxs9Nfvx9vJgcRyCT9HFCVCi42tkQiUHKxqYsxrYgZ7,0,,,FYL4LRChq2a6w8PenydNEd1ExoKpBVNpueitXAXanSGy,1,FpqrjWJpTNwv1b1nu3Kouzn7KRZeAxcvyXfHgkGFQ9Gd,FYL4LRChq2a6w8PenydNEd1ExoKpBVNpueitXAXanSGy,2025-04-19T15:06:18Z,4WkFF5wL9BbFg49B4JUgG3cnvvwtiEUAeDduWNXstcbygWRhpbCBbTiNPiUeLzB1GZ91nH3HBcoP7egyfVowL9X2,FpqrjWJpTNwv1b1nu3Kouzn7KRZeAxcvyXfHgkGFQ9Gd,FYL4LRChq2a6w8PenydNEd1ExoKpBVNpueitXAXanSGy,2025-04-19T15:06:18Z,4WkFF5wL9BbFg49B4JUgG3cnvvwtiEUAeDduWNXstcbygWRhpbCBbTiNPiUeLzB1GZ91nH3HBcoP7egyfVowL9X2,2026-08-24T04:22:35.000Z,5oK95ozVzmUYxqJmZd7NLGb2U4oYDLVTieQMPA7TJve19iKQ41uaDdvJ8VHYNmcxSnH1A7BK2NrfTFFcJbTUKTey,DUNE_LIVE,LIVE_POST_BASELINE
5gW3eMocfVe5DKrFNm1XN4Trsop3vn2yyagUQ7U8VUfK,0,,,BfBqvwoNLVSEvrjukaRUdex72PEF234oY8RogGtqFRZv,1,7LscpY288mvuC8kBax5KhcxH9BucLs9cCndo2HUi5xWb,BfBqvwoNLVSEvrjukaRUdex72PEF234oY8RogGtqFRZv,2025-12-01T14:45:29Z,5bQ8Aae4k5WdjasStTyxUN8WHCr2TYv6daeWFc9cKGMQ53Mg1kUGrdPqZv8tqWEycsYw36WXYf4M28E7iSzZz6A6,7LscpY288mvuC8kBax5KhcxH9BucLs9cCndo2HUi5xWb,BfBqvwoNLVSEvrjukaRUdex72PEF234oY8RogGtqFRZv,2025-12-01T14:45:29Z,5bQ8Aae4k5WdjasStTyxUN8WHCr2TYv6daeWFc9cKGMQ53Mg1kUGrdPqZv8tqWEycsYw36WXYf4M28E7iSzZz6A6,2026-08-25T07:31:11.000Z,4rtP3LQdxEFrF724Pcfj9eTdaMqDrbmvi11ewwfNYdLQTN1Zi9niu13zAFrmkA5n1V2cgfjmM8vUtzGWXEcmBYKc,DUNE_LIVE,LIVE_POST_BASELINE
5h6g2RsYF14Tzr6kw71fzxqqNLppNmJC4UXzeHcD6udL,1,2026-08-24T15:31:42.000Z,5ARbAonBGTcFmtMuUqoy75CkZVxVYLUj1X6H43zBfaasJxG9hYd5fWSq1byWty1sgZ7iZ19rjs3QpiGCukNxV9Yp,,0,,,2026-08-24T15:31:42.000Z,5ARbAonBGTcFmtMuUqoy75CkZVxVYLUj1X6H43zBfaasJxG9hYd5fWSq1byWty1sgZ7iZ19rjs3QpiGCukNxV9Yp,,,,,,,,
5jY8ZYsTWgkJ8xUw3EjRFy3NrdPnGf9QhJRfdGCix64m,0,,,8TAx5eRzjvYioRmc83vrzWuEzhav63ccEs7ZuzndxddU,1,Cwg4F9HnwEKktX662TLjYvUjvZStpQHss9BasJYSaGPj,8TAx5eRzjvYioRmc83vrzWuEzhav63ccEs7ZuzndxddU,2022-08-20T08:29:20Z,4UGVwj8r1VsxMQw5vzFdSygN1udzaaQVTVv8ymNB5KmSjW5HhJczYf6ni6zxeZV7y1NVw9aDYgVARDA8fEcWrJmQ,Cwg4F9HnwEKktX662TLjYvUjvZStpQHss9BasJYSaGPj,8TAx5eRzjvYioRmc83vrzWuEzhav63ccEs7ZuzndxddU,2022-08-20T08:29:20Z,4UGVwj8r1VsxMQw5vzFdSygN1udzaaQVTVv8ymNB5KmSjW5HhJczYf6ni6zxeZV7y1NVw9aDYgVARDA8fEcWrJmQ,2026-08-28T06:25:53Z,3wyPJbJFHo4Fvu7Und18ezfHzbJFeq5FuiuZQzTTQAzrrC7RmAWXjXmonJge3e898SwmhStEUrJE6grUaYQ74KcV,INDEPENDENT_LIVE,LIVE_POST_CUTOVER
5k7wMjGRpmavHuJoBWgpN5avHKEHm9Gh44ApgxpaFkuY,0,,,8TAx5eRzjvYioRmc83vrzWuEzhav63ccEs7ZuzndxddU,1,Cwg4F9HnwEKktX662TLjYvUjvZStpQHss9BasJYSaGPj,8TAx5eRzjvYioRmc83vrzWuEzhav63ccEs7ZuzndxddU,2022-11-23T17:17:37Z,3grEz3zVpHGZfUHf9oEfvbKuqaF6ow3FBAn9rMhtvaboZH5LfyZ52oqZtfpM4stHZtpumbeG3qCMcFYJdtQ65qhi,Cwg4F9HnwEKktX662TLjYvUjvZStpQHss9BasJYSaGPj,8TAx5eRzjvYioRmc83vrzWuEzhav63ccEs7ZuzndxddU,2022-11-23T17:17:37Z,3grEz3zVpHGZfUHf9oEfvbKuqaF6ow3FBAn9rMhtvaboZH5LfyZ52oqZtfpM4stHZtpumbeG3qCMcFYJdtQ65qhi,2026-08-28T06:25:53Z,3wyPJbJFHo4Fvu7Und18ezfHzbJFeq5FuiuZQzTTQAzrrC7RmAWXjXmonJge3e898SwmhStEUrJE6grUaYQ74KcV,INDEPENDENT_LIVE,LIVE_POST_CUTOVER
5msJUKU85yu1WRyU1ViDpMAqAWVwxTRpFfn1u2Yjt5t8,0,,,BfBqvwoNLVSEvrjukaRUdex72PEF234oY8RogGtqFRZv,1,7LscpY288mvuC8kBax5KhcxH9BucLs9cCndo2HUi5xWb,BfBqvwoNLVSEvrjukaRUdex72PEF234oY8RogGtqFRZv,2025-07-06T15:47:46Z,3zQvQG8cvYwk5XxawYLEgaEN716e3QXdTomNkkXazdcGS7zTEhHVz8tAFpziiM6b7DAHAptRNHkUW4eFzrnGHMJ9,7LscpY288mvuC8kBax5KhcxH9BucLs9cCndo2HUi5xWb,BfBqvwoNLVSEvrjukaRUdex72PEF234oY8RogGtqFRZv,2025-07-06T15:47:46Z,3zQvQG8cvYwk5XxawYLEgaEN716e3QXdTomNkkXazdcGS7zTEhHVz8tAFpziiM6b7DAHAptRNHkUW4eFzrnGHMJ9,2026-08-25T07:31:11.000Z,4rtP3LQdxEFrF724Pcfj9eTdaMqDrbmvi11ewwfNYdLQTN1Zi9niu13zAFrmkA5n1V2cgfjmM8vUtzGWXEcmBYKc,DUNE_LIVE,LIVE_POST_BASELINE
5nrJuW1chq2zqrcRuBfiQxB3W82kPY8AsJd1CbGBGZGB,0,,,8TAx5eRzjvYioRmc83vrzWuEzhav63ccEs7ZuzndxddU,1,Cwg4F9HnwEKktX662TLjYvUjvZStpQHss9BasJYSaGPj,8TAx5eRzjvYioRmc83vrzWuEzhav63ccEs7ZuzndxddU,2022-09-09T09:27:36Z,3GAE5hvqw3yTsTSJcR8j4HGZyGURhH9GHwqLDoXahkTAXqVyek591xP6ukuDbfhHjGbr7oJaHnreTSC4wuF3WEHs,Cwg4F9HnwEKktX662TLjYvUjvZStpQHss9BasJYSaGPj,8TAx5eRzjvYioRmc83vrzWuEzhav63ccEs7ZuzndxddU,2022-09-09T09:27:36Z,3GAE5hvqw3yTsTSJcR8j4HGZyGURhH9GHwqLDoXahkTAXqVyek591xP6ukuDbfhHjGbr7oJaHnreTSC4wuF3WEHs,2026-08-28T06:25:53Z,3wyPJbJFHo4Fvu7Und18ezfHzbJFeq5FuiuZQzTTQAzrrC7RmAWXjXmonJge3e898SwmhStEUrJE6grUaYQ74KcV,INDEPENDENT_LIVE,LIVE_POST_CUTOVER
5nvHiZqW1QiSo9gtUUFcRw1yTyo1nQ7wXtCoiaZcfPPV,0,,,38Bj4DFXhAkDxB6Atj66kdxGZfhZEC3ejRX1HDh1YFKj,1,8Vpqxxbon9s4Hnk2eMhysjx6XKjHiUgEUAm3MSq9yQv2,38Bj4DFXhAkDxB6Atj66kdxGZfhZEC3ejRX1HDh1YFKj,2025-04-09T18:09:22Z,3x8nNemK6Rm25FHsEydJPUDXFyBrjgthwF9VbBb8bPvgtQfpCgTCPg3EDSbLRacaQUF5jSmKLdDdVKT9u7muBgWk,8Vpqxxbon9s4Hnk2eMhysjx6XKjHiUgEUAm3MSq9yQv2,38Bj4DFXhAkDxB6Atj66kdxGZfhZEC3ejRX1HDh1YFKj,2025-04-09T18:09:22Z,3x8nNemK6Rm25FHsEydJPUDXFyBrjgthwF9VbBb8bPvgtQfpCgTCPg3EDSbLRacaQUF5jSmKLdDdVKT9u7muBgWk,2026-08-21T19:39:25.000Z,4AT1PFFkyADXcz2QFJi78yrTeP8dAhFkfWJU5JCvpEx2a7pWsAxn14owrdqpvwkTU7bAzxxCYoBijEksgty9W6qe,DUNE_LIVE,LIVE_POST_BASELINE
5q6QvTDUbjWrmNdXfo3gdqyBh34y54ZwUvtQ2Rfxp8WZ,0,,,8TAx5eRzjvYioRmc83vrzWuEzhav63ccEs7ZuzndxddU,1,Cwg4F9HnwEKktX662TLjYvUjvZStpQHss9BasJYSaGPj,8TAx5eRzjvYioRmc83vrzWuEzhav63ccEs7ZuzndxddU,2022-08-05T06:32:00Z,4oj4fHkN92hDAntAFjeGrgWdVWaDLNyKj3FD9L5KPLDNAoeyebGkQ9S9e71GyAp4CCSY3aNYC7ciVm5WDixjwAmP,Cwg4F9HnwEKktX662TLjYvUjvZStpQHss9BasJYSaGPj,8TAx5eRzjvYioRmc83vrzWuEzhav63ccEs7ZuzndxddU,2022-08-05T06:32:00Z,4oj4fHkN92hDAntAFjeGrgWdVWaDLNyKj3FD9L5KPLDNAoeyebGkQ9S9e71GyAp4CCSY3aNYC7ciVm5WDixjwAmP,2026-08-28T06:25:53Z,3wyPJbJFHo4Fvu7Und18ezfHzbJFeq5FuiuZQzTTQAzrrC7RmAWXjXmonJge3e898SwmhStEUrJE6grUaYQ74KcV,INDEPENDENT_LIVE,LIVE_POST_CUTOVER
5q6pmyNZ7hydz5rt3JW2w6h4rvuLHMRY3pAHMg9WWqK5,0,,,FYL4LRChq2a6w8PenydNEd1ExoKpBVNpueitXAXanSGy,1,FpqrjWJpTNwv1b1nu3Kouzn7KRZeAxcvyXfHgkGFQ9Gd,FYL4LRChq2a6w8PenydNEd1ExoKpBVNpueitXAXanSGy,2025-04-19T15:11:05Z,5B5uyBk7SEj7ZNq8JEmgUX5umCe8TLEWZAJzVK3PwesQT346WAFtKxgwXuyShhorry6dBHyz4K9tczUA2tG4xKPV,FpqrjWJpTNwv1b1nu3Kouzn7KRZeAxcvyXfHgkGFQ9Gd,FYL4LRChq2a6w8PenydNEd1ExoKpBVNpueitXAXanSGy,2025-04-19T15:11:05Z,5B5uyBk7SEj7ZNq8JEmgUX5umCe8TLEWZAJzVK3PwesQT346WAFtKxgwXuyShhorry6dBHyz4K9tczUA2tG4xKPV,2026-08-24T04:22:35.000Z,5oK95ozVzmUYxqJmZd7NLGb2U4oYDLVTieQMPA7TJve19iKQ41uaDdvJ8VHYNmcxSnH1A7BK2NrfTFFcJbTUKTey,DUNE_LIVE,LIVE_POST_BASELINE
5vjJvCbkvpeY1NRpgJPssg3ZpjzZdPmJuP8zyoDsWTR4,0,,,DM5YNogviE6YxVESWYG9TaZ9q4qiBLAJmxnA1LQRFMGZ,1,B1Pv8HZNHGdXC8qTsNGLCJKpnoetE2Y52RyeoJW9pE5Z,DM5YNogviE6YxVESWYG9TaZ9q4qiBLAJmxnA1LQRFMGZ,2025-04-15T02:12:26Z,5ptZFPzgsBAzqtExCDU3zC9GmAHFruqXYZgcPLRvmUL5cn4u4sseH8TdU7y6dYNv7VNxgtBtphTbSMxBqQNB4FPb,B1Pv8HZNHGdXC8qTsNGLCJKpnoetE2Y52RyeoJW9pE5Z,DM5YNogviE6YxVESWYG9TaZ9q4qiBLAJmxnA1LQRFMGZ,2025-04-15T02:12:26Z,5ptZFPzgsBAzqtExCDU3zC9GmAHFruqXYZgcPLRvmUL5cn4u4sseH8TdU7y6dYNv7VNxgtBtphTbSMxBqQNB4FPb,2026-08-31T09:39:48Z,5rqET3n1SkPB9jrcz8yM3KNBt6b2Q925G69tDBYwhL5yd6cLZzD3gSDSSgsbFqwtJkuaCoAvuRNq3eCNaKxhpdWi,INDEPENDENT_LIVE,LIVE_POST_CUTOVER
5wbAZ9Xwpy8ro2J4f2dTKsnXPTPDELDvKE4MoELCZk1i,0,,,8TAx5eRzjvYioRmc83vrzWuEzhav63ccEs7ZuzndxddU,1,Cwg4F9HnwEKktX662TLjYvUjvZStpQHss9BasJYSaGPj,8TAx5eRzjvYioRmc83vrzWuEzhav63ccEs7ZuzndxddU,2023-08-02T18:51:34Z,4AcqVb6WkAeoRr2UXpc9j984CRrjeTG8YXaVhAKAepEosNMp4VVYwppUxeF7HRWi3bLaLQJGsz4JBepbj66TWvA2,Cwg4F9HnwEKktX662TLjYvUjvZStpQHss9BasJYSaGPj,8TAx5eRzjvYioRmc83vrzWuEzhav63ccEs7ZuzndxddU,2023-08-02T18:51:34Z,4AcqVb6WkAeoRr2UXpc9j984CRrjeTG8YXaVhAKAepEosNMp4VVYwppUxeF7HRWi3bLaLQJGsz4JBepbj66TWvA2,2026-08-28T06:25:53Z,3wyPJbJFHo4Fvu7Und18ezfHzbJFeq5FuiuZQzTTQAzrrC7RmAWXjXmonJge3e898SwmhStEUrJE6grUaYQ74KcV,INDEPENDENT_LIVE,LIVE_POST_CUTOVER
5wqsufVedSpnBhG8hZkMWWQocZJVn9KwmcauJ3ZD6qLC,0,,,8TAx5eRzjvYioRmc83vrzWuEzhav63ccEs7ZuzndxddU,1,Cwg4F9HnwEKktX662TLjYvUjvZStpQHss9BasJYSaGPj,8TAx5eRzjvYioRmc83vrzWuEzhav63ccEs7ZuzndxddU,2022-08-05T06:32:29Z,5VLvXQwPgAccq4kaCX2sjoGSPoGeBz9pCoyBxajv5msfnKr6YR9nLmeJs5t5ygNaD8vWFuVbuY8nyBt1LJwTxBSy,Cwg4F9HnwEKktX662TLjYvUjvZStpQHss9BasJYSaGPj,8TAx5eRzjvYioRmc83vrzWuEzhav63ccEs7ZuzndxddU,2022-08-05T06:32:29Z,5VLvXQwPgAccq4kaCX2sjoGSPoGeBz9pCoyBxajv5msfnKr6YR9nLmeJs5t5ygNaD8vWFuVbuY8nyBt1LJwTxBSy,2026-08-28T06:25:53Z,3wyPJbJFHo4Fvu7Und18ezfHzbJFeq5FuiuZQzTTQAzrrC7RmAWXjXmonJge3e898SwmhStEUrJE6grUaYQ74KcV,INDEPENDENT_LIVE,LIVE_POST_CUTOVER
5y25X8Y1Zm6N75V2rswtitvSWj4w4WYVHYkYyouVLrBh,0,,,8TAx5eRzjvYioRmc83vrzWuEzhav63ccEs7ZuzndxddU,1,Cwg4F9HnwEKktX662TLjYvUjvZStpQHss9BasJYSaGPj,8TAx5eRzjvYioRmc83vrzWuEzhav63ccEs7ZuzndxddU,2026-02-02T14:59:52Z,2QEMjxNBPYTUimFCBkJMmj7BGJEKoq77fmbDCqUrEqiScFsXdDZYPb79KRs6shjLvJjPeXh7spUhprNUaVWMJX6g,Cwg4F9HnwEKktX662TLjYvUjvZStpQHss9BasJYSaGPj,8TAx5eRzjvYioRmc83vrzWuEzhav63ccEs7ZuzndxddU,2026-02-02T14:59:52Z,2QEMjxNBPYTUimFCBkJMmj7BGJEKoq77fmbDCqUrEqiScFsXdDZYPb79KRs6shjLvJjPeXh7spUhprNUaVWMJX6g,2026-08-28T06:25:53Z,3wyPJbJFHo4Fvu7Und18ezfHzbJFeq5FuiuZQzTTQAzrrC7RmAWXjXmonJge3e898SwmhStEUrJE6grUaYQ74KcV,INDEPENDENT_LIVE,LIVE_POST_CUTOVER
5yhcPcMfAVkcdEjoNjGzxYQXKEghD7EQtgZHipSekQ3G,0,,,8TAx5eRzjvYioRmc83vrzWuEzhav63ccEs7ZuzndxddU,1,Cwg4F9HnwEKktX662TLjYvUjvZStpQHss9BasJYSaGPj,8TAx5eRzjvYioRmc83vrzWuEzhav63ccEs7ZuzndxddU,2023-08-02T18:52:15Z,4UWijcrv6UptdTX6VmgasXAewVedxgfvPRwDjt6sZJdtnfHTVXia2bVgAvy8TdTaoErp1oqSHdsUNnchfCmV7mDh,Cwg4F9HnwEKktX662TLjYvUjvZStpQHss9BasJYSaGPj,8TAx5eRzjvYioRmc83vrzWuEzhav63ccEs7ZuzndxddU,2023-08-02T18:52:15Z,4UWijcrv6UptdTX6VmgasXAewVedxgfvPRwDjt6sZJdtnfHTVXia2bVgAvy8TdTaoErp1oqSHdsUNnchfCmV7mDh,2026-08-28T06:25:53Z,3wyPJbJFHo4Fvu7Und18ezfHzbJFeq5FuiuZQzTTQAzrrC7RmAWXjXmonJge3e898SwmhStEUrJE6grUaYQ74KcV,INDEPENDENT_LIVE,LIVE_POST_CUTOVER
5z2jFSDJcUuqnet1A6jee7ZJJjciW7bBe7x5uTqNeomE,1,2026-08-24T15:31:42.000Z,UCukEF7TvxuBqHXSQELawTYQFUccY6Jh4enDht5MdbvmYReCdkMdyqCtLzxYu6qRvn69yW3Yj13JamBzjm6XjMX,,0,,,2026-08-24T15:31:42.000Z,UCukEF7TvxuBqHXSQELawTYQFUccY6Jh4enDht5MdbvmYReCdkMdyqCtLzxYu6qRvn69yW3Yj13JamBzjm6XjMX,,,,,,,,
5zkvVs45kfTuFaZ1ZdKHwkdk53R7JviEVNR9m86PQGzW,0,,,DM5YNogviE6YxVESWYG9TaZ9q4qiBLAJmxnA1LQRFMGZ,1,B1Pv8HZNHGdXC8qTsNGLCJKpnoetE2Y52RyeoJW9pE5Z,DM5YNogviE6YxVESWYG9TaZ9q4qiBLAJmxnA1LQRFMGZ,2025-04-15T02:20:11Z,4k2n1hhNtX2ywsWPSS3pbqYywWAe4unF4WFtoAtSVMgMhS3HbND4LLCDjjpDxdtahr9dSUPJ3uEMrQLieZasTnwd,B1Pv8HZNHGdXC8qTsNGLCJKpnoetE2Y52RyeoJW9pE5Z,DM5YNogviE6YxVESWYG9TaZ9q4qiBLAJmxnA1LQRFMGZ,2025-04-15T02:20:11Z,4k2n1hhNtX2ywsWPSS3pbqYywWAe4unF4WFtoAtSVMgMhS3HbND4LLCDjjpDxdtahr9dSUPJ3uEMrQLieZasTnwd,2026-08-31T09:39:48Z,5rqET3n1SkPB9jrcz8yM3KNBt6b2Q925G69tDBYwhL5yd6cLZzD3gSDSSgsbFqwtJkuaCoAvuRNq3eCNaKxhpdWi,INDEPENDENT_LIVE,LIVE_POST_CUTOVER
627Z9fkrkjwXkqnGG95PJr9yY8Dd6J4R1x7AsgSoqcRV,1,2026-08-24T15:31:42.000Z,2Tk1gAwX7bzvFM3NbEqFeVfe3arMwRg5ZBXpqADfai8mhs8C6f9sPkCSj3vhGx4pfHpieQBGjnuQtAshsKGuVNCG,,0,,,2026-08-24T15:31:42.000Z,2Tk1gAwX7bzvFM3NbEqFeVfe3arMwRg5ZBXpqADfai8mhs8C6f9sPkCSj3vhGx4pfHpieQBGjnuQtAshsKGuVNCG,,,,,,,,
62vkNRfVM4vQSXd19nUiSVobm2DJKke35uhZMHrpxCqt,0,,,8TAx5eRzjvYioRmc83vrzWuEzhav63ccEs7ZuzndxddU,1,Cwg4F9HnwEKktX662TLjYvUjvZStpQHss9BasJYSaGPj,8TAx5eRzjvYioRmc83vrzWuEzhav63ccEs7ZuzndxddU,2026-02-07T15:33:18Z,3WwCojuP72cVKYyoZAKavbhwc45jtoMB1hiDoyefbrnuzGhe2CgbZWQ7Yt5MuZZkMy16U2NF4yekC8sbjLgAsWeK,Cwg4F9HnwEKktX662TLjYvUjvZStpQHss9BasJYSaGPj,8TAx5eRzjvYioRmc83vrzWuEzhav63ccEs7ZuzndxddU,2026-02-07T15:33:18Z,3WwCojuP72cVKYyoZAKavbhwc45jtoMB1hiDoyefbrnuzGhe2CgbZWQ7Yt5MuZZkMy16U2NF4yekC8sbjLgAsWeK,2026-08-28T06:25:53Z,3wyPJbJFHo4Fvu7Und18ezfHzbJFeq5FuiuZQzTTQAzrrC7RmAWXjXmonJge3e898SwmhStEUrJE6grUaYQ74KcV,INDEPENDENT_LIVE,LIVE_POST_CUTOVER
66XQU4LnpRWVQ5xZDJv68YaFP59JtYoUDHrPPV7689Cd,0,,,8TAx5eRzjvYioRmc83vrzWuEzhav63ccEs7ZuzndxddU,1,Cwg4F9HnwEKktX662TLjYvUjvZStpQHss9BasJYSaGPj,8TAx5eRzjvYioRmc83vrzWuEzhav63ccEs7ZuzndxddU,2023-08-02T18:51:29Z,4j2r5b5HHQfWJgkneQCvwPQQRKbDRkDKBytsUMqEYcnKMAmTSd7kJbT4N5Afe7qvyqqmhXd8Z7C6r67wctLZiaDj,Cwg4F9HnwEKktX662TLjYvUjvZStpQHss9BasJYSaGPj,8TAx5eRzjvYioRmc83vrzWuEzhav63ccEs7ZuzndxddU,2023-08-02T18:51:29Z,4j2r5b5HHQfWJgkneQCvwPQQRKbDRkDKBytsUMqEYcnKMAmTSd7kJbT4N5Afe7qvyqqmhXd8Z7C6r67wctLZiaDj,2026-08-28T06:25:53Z,3wyPJbJFHo4Fvu7Und18ezfHzbJFeq5FuiuZQzTTQAzrrC7RmAWXjXmonJge3e898SwmhStEUrJE6grUaYQ74KcV,INDEPENDENT_LIVE,LIVE_POST_CUTOVER
66t9VuzE9gyjEphBo8So4NZyDkfznuY1LrnactBTsYXg,0,,,FYL4LRChq2a6w8PenydNEd1ExoKpBVNpueitXAXanSGy,1,FpqrjWJpTNwv1b1nu3Kouzn7KRZeAxcvyXfHgkGFQ9Gd,FYL4LRChq2a6w8PenydNEd1ExoKpBVNpueitXAXanSGy,2025-04-19T15:12:54Z,1aFuVLJQ3s9jkdAm5fSMHaAndDnwYS6MSrh4jKReT4EMnZMMaDuKcY2kfjVbnz7nahmcnvzYr8af7ifCpv2s4wT,FpqrjWJpTNwv1b1nu3Kouzn7KRZeAxcvyXfHgkGFQ9Gd,FYL4LRChq2a6w8PenydNEd1ExoKpBVNpueitXAXanSGy,2025-04-19T15:12:54Z,1aFuVLJQ3s9jkdAm5fSMHaAndDnwYS6MSrh4jKReT4EMnZMMaDuKcY2kfjVbnz7nahmcnvzYr8af7ifCpv2s4wT,2026-08-24T04:22:35.000Z,5oK95ozVzmUYxqJmZd7NLGb2U4oYDLVTieQMPA7TJve19iKQ41uaDdvJ8VHYNmcxSnH1A7BK2NrfTFFcJbTUKTey,DUNE_LIVE,LIVE_POST_BASELINE
67y4po4ZYJgae1KpaiFKBVGcT66c1Lz96jf8HJStfs3,0,,,DM5YNogviE6YxVESWYG9TaZ9q4qiBLAJmxnA1LQRFMGZ,1,B1Pv8HZNHGdXC8qTsNGLCJKpnoetE2Y52RyeoJW9pE5Z,DM5YNogviE6YxVESWYG9TaZ9q4qiBLAJmxnA1LQRFMGZ,2025-04-15T02:15:31Z,3KyEX48wGQTCYwd2z6MEWkQkqLqrf2gnTVGCDHTGEjpmBtCco8g6imNVdTYp2CCMArbAYvTriJs36xaxVjtcpxLV,B1Pv8HZNHGdXC8qTsNGLCJKpnoetE2Y52RyeoJW9pE5Z,DM5YNogviE6YxVESWYG9TaZ9q4qiBLAJmxnA1LQRFMGZ,2025-04-15T02:15:31Z,3KyEX48wGQTCYwd2z6MEWkQkqLqrf2gnTVGCDHTGEjpmBtCco8g6imNVdTYp2CCMArbAYvTriJs36xaxVjtcpxLV,2026-08-31T09:39:48Z,5rqET3n1SkPB9jrcz8yM3KNBt6b2Q925G69tDBYwhL5yd6cLZzD3gSDSSgsbFqwtJkuaCoAvuRNq3eCNaKxhpdWi,INDEPENDENT_LIVE,LIVE_POST_CUTOVER
68gfDxuk7xdps8zy8Wv8tjfEH2PUvB9zLfSgc7Fnif5v,0,,,Db1meMQEgj8dCwzhR5W6coWt1yV4iEaQsYPKKDyGRUqW,1,Do9VaY2ru9QtaTWdhmuwc2Z9rj4rZ7D6EShdLTvxnp6h,Db1meMQEgj8dCwzhR5W6coWt1yV4iEaQsYPKKDyGRUqW,2025-04-14T13:04:52Z,4HBNTe7npLwxL3XNS3oFPTGbF8QVecwdSQHb7ExuigTN2sfJkkynrv8gP1WV7f1Xe5SMZPDbL7tpavQsPiUqsLQy,Do9VaY2ru9QtaTWdhmuwc2Z9rj4rZ7D6EShdLTvxnp6h,Db1meMQEgj8dCwzhR5W6coWt1yV4iEaQsYPKKDyGRUqW,2025-04-14T13:04:52Z,4HBNTe7npLwxL3XNS3oFPTGbF8QVecwdSQHb7ExuigTN2sfJkkynrv8gP1WV7f1Xe5SMZPDbL7tpavQsPiUqsLQy,2026-08-26T21:34:16Z,5y9KKMidZA2pNm3QLD2z2j7BfPbwsAQt6HEVyCQMK7sSkCy7PRQUy35JJG3GRnTBDLDeD6YVxYpw9nXSayk6pTiK,INDEPENDENT_LIVE,LIVE_POST_CUTOVER
68rGP7c23ckZPTyskn7iBKFjxb84hnhufbhNJufM2B3i,0,,,FYL4LRChq2a6w8PenydNEd1ExoKpBVNpueitXAXanSGy,1,FpqrjWJpTNwv1b1nu3Kouzn7KRZeAxcvyXfHgkGFQ9Gd,FYL4LRChq2a6w8PenydNEd1ExoKpBVNpueitXAXanSGy,2025-04-19T15:07:06Z,RUoVKDKWNZHeDsnpYRSJV77oPAp4XwpwovLpdx5xUt5FUFBRiZu1qADbteZFuJhiuUYxs75W1CRf4b842Sv4YVn,FpqrjWJpTNwv1b1nu3Kouzn7KRZeAxcvyXfHgkGFQ9Gd,FYL4LRChq2a6w8PenydNEd1ExoKpBVNpueitXAXanSGy,2025-04-19T15:07:06Z,RUoVKDKWNZHeDsnpYRSJV77oPAp4XwpwovLpdx5xUt5FUFBRiZu1qADbteZFuJhiuUYxs75W1CRf4b842Sv4YVn,2026-08-24T04:22:35.000Z,5oK95ozVzmUYxqJmZd7NLGb2U4oYDLVTieQMPA7TJve19iKQ41uaDdvJ8VHYNmcxSnH1A7BK2NrfTFFcJbTUKTey,DUNE_LIVE,LIVE_POST_BASELINE
69HVELxDdEu19HEQVR8KZpYtpQSFFvoPXUkY9DFocnGe,0,,,8TAx5eRzjvYioRmc83vrzWuEzhav63ccEs7ZuzndxddU,1,Cwg4F9HnwEKktX662TLjYvUjvZStpQHss9BasJYSaGPj,8TAx5eRzjvYioRmc83vrzWuEzhav63ccEs7ZuzndxddU,2022-08-25T08:44:26Z,4HYjXovxbjk19Fugu528LnL3Vw8rUfCEVbiKRPHyiECFxe3TEHZgFAxTRi6P7XwLNeZmVxVWFTHnGQfWTHMS5PAq,Cwg4F9HnwEKktX662TLjYvUjvZStpQHss9BasJYSaGPj,8TAx5eRzjvYioRmc83vrzWuEzhav63ccEs7ZuzndxddU,2022-08-25T08:44:26Z,4HYjXovxbjk19Fugu528LnL3Vw8rUfCEVbiKRPHyiECFxe3TEHZgFAxTRi6P7XwLNeZmVxVWFTHnGQfWTHMS5PAq,2026-08-28T06:25:53Z,3wyPJbJFHo4Fvu7Und18ezfHzbJFeq5FuiuZQzTTQAzrrC7RmAWXjXmonJge3e898SwmhStEUrJE6grUaYQ74KcV,INDEPENDENT_LIVE,LIVE_POST_CUTOVER
6BMkZ9CpPkNeNe9DsgpaN9V29DitWgyjphvz1qTzXtB2,1,2026-08-24T15:31:42.000Z,54oJe2oJDBhroMKTnrn12RYSy2ghMEaQX5WygXeGPNeSLnjKxjXLX6pHkMetwERqDm8izcrsFUFoTYvm4VB6E6Yy,,0,,,2026-08-24T15:31:42.000Z,54oJe2oJDBhroMKTnrn12RYSy2ghMEaQX5WygXeGPNeSLnjKxjXLX6pHkMetwERqDm8izcrsFUFoTYvm4VB6E6Yy,,,,,,,,
6BezKevfnaheYz9f6Aw9jhez1hYX4EFnBLTC5GLejBjF,0,,,ALWioRV1zqeqLZcL6HdnWBCpRj1eGsoiyDsJxqaATh5L,1,7ZYrmZdkRw6hp3MANNWePNoheqNZJyeCTQFfwQXPzE2v,ALWioRV1zqeqLZcL6HdnWBCpRj1eGsoiyDsJxqaATh5L,2025-04-22T10:04:32+00:00,53Qzg9bgka4MDm15DD1qi5KHrVabynaq6qMMy9Gyth5ubPwz5QrQTYYJnB3DAsU1ym9HR5eeHp9tvwaDprCGSwzK,7ZYrmZdkRw6hp3MANNWePNoheqNZJyeCTQFfwQXPzE2v,ALWioRV1zqeqLZcL6HdnWBCpRj1eGsoiyDsJxqaATh5L,2025-04-22T10:04:32+00:00,53Qzg9bgka4MDm15DD1qi5KHrVabynaq6qMMy9Gyth5ubPwz5QrQTYYJnB3DAsU1ym9HR5eeHp9tvwaDprCGSwzK,2026-08-27T12:11:33Z,CGZcRiGwJCA2fBTAEuB5eD25LwsdPtAWvA6SZRJ9DM2xBTpy3s42ZkZgqGjCekTQa4twKYrHnbEQ6KDAX4F6A6K,INDEPENDENT_LIVE,LIVE_POST_CUTOVER
6Bvru87Cr3KaGq7qydwYJHowAgVg7u1KQqG6xMrB3MTw,0,,,8TAx5eRzjvYioRmc83vrzWuEzhav63ccEs7ZuzndxddU,1,Cwg4F9HnwEKktX662TLjYvUjvZStpQHss9BasJYSaGPj,8TAx5eRzjvYioRmc83vrzWuEzhav63ccEs7ZuzndxddU,2022-08-20T08:19:13Z,4g2WvnREp4dSTBuwTFBmGKgL6EEC73AH6zo9uajjjA5SuPF5TRSqASLVx2p94nPyBZBqtuiDYCLVhe4NGeJVYUnH,Cwg4F9HnwEKktX662TLjYvUjvZStpQHss9BasJYSaGPj,8TAx5eRzjvYioRmc83vrzWuEzhav63ccEs7ZuzndxddU,2022-08-20T08:19:13Z,4g2WvnREp4dSTBuwTFBmGKgL6EEC73AH6zo9uajjjA5SuPF5TRSqASLVx2p94nPyBZBqtuiDYCLVhe4NGeJVYUnH,2026-08-28T06:25:53Z,3wyPJbJFHo4Fvu7Und18ezfHzbJFeq5FuiuZQzTTQAzrrC7RmAWXjXmonJge3e898SwmhStEUrJE6grUaYQ74KcV,INDEPENDENT_LIVE,LIVE_POST_CUTOVER
6EPM2JQWGMH2is4TNqMqFjjTxS1W7rwcwzJ7foCZHtB5,0,,,12C1h5y5RHoEd2oDtLd5Gzume2CBV5ibiz4eTnK81uib,1,EyV2y4RjQFrArtUDDwZznyzUbwd3nBDuZ6D9imXVb72y,12C1h5y5RHoEd2oDtLd5Gzume2CBV5ibiz4eTnK81uib,2025-04-22T03:15:50Z,4WEdTtCuYa2VRiYePgskjLTjoqN5UnHmSmyicVjt2FJ8dK7JcftXFs82mziLxeJkSWYzENCg1RL2shNrpVxaJLD8,EyV2y4RjQFrArtUDDwZznyzUbwd3nBDuZ6D9imXVb72y,12C1h5y5RHoEd2oDtLd5Gzume2CBV5ibiz4eTnK81uib,2025-04-22T03:15:50Z,4WEdTtCuYa2VRiYePgskjLTjoqN5UnHmSmyicVjt2FJ8dK7JcftXFs82mziLxeJkSWYzENCg1RL2shNrpVxaJLD8,2026-08-24T22:24:51.000Z,3PG1zyXqqr4MrijYcNYcGVc8BtLLwySMqq8cTeQxmfAyeRAn91WNm4fiKcRFvy6Ms3vXjGcoewQDFMw5bBxv83x3,DUNE_LIVE,LIVE_POST_BASELINE
6EbDKq7M6Hhacbo14SBrZemezRbGyibxe2E97DLKeDoF,0,,,BfBqvwoNLVSEvrjukaRUdex72PEF234oY8RogGtqFRZv,1,7LscpY288mvuC8kBax5KhcxH9BucLs9cCndo2HUi5xWb,BfBqvwoNLVSEvrjukaRUdex72PEF234oY8RogGtqFRZv,2025-12-01T14:32:52Z,5sChi2Hm8YGsLaSMntkUsqg9MWn1QCcmuGL3GjS9QX8ZjQR7w8YMRJURiBCDd18CAQT1EDtH1CQGsgXtPxdEpRQC,7LscpY288mvuC8kBax5KhcxH9BucLs9cCndo2HUi5xWb,BfBqvwoNLVSEvrjukaRUdex72PEF234oY8RogGtqFRZv,2025-12-01T14:32:52Z,5sChi2Hm8YGsLaSMntkUsqg9MWn1QCcmuGL3GjS9QX8ZjQR7w8YMRJURiBCDd18CAQT1EDtH1CQGsgXtPxdEpRQC,2026-08-25T07:31:11.000Z,4rtP3LQdxEFrF724Pcfj9eTdaMqDrbmvi11ewwfNYdLQTN1Zi9niu13zAFrmkA5n1V2cgfjmM8vUtzGWXEcmBYKc,DUNE_LIVE,LIVE_POST_BASELINE
6EzsmA4PkWpCHXEUsMoZCvYBErmLvDFsnfNj6Yg2SpgQ,0,,,BCdR4tGAsJCV2PiD4y7LvUgSpoKhaEqj9cWLA68hCkzA,1,2hx9Je3RCTArTNhWJ4JYKreKxa1NPdTQqXZyBrgtUiKS,BCdR4tGAsJCV2PiD4y7LvUgSpoKhaEqj9cWLA68hCkzA,2024-01-16T20:54:59Z,2BwVKS3pZxrt2po1SFyPxLACCqKFyFnyANR9XGYe8Fd7WVHiH5qgCGqD2cNkUBjGQAr4C4nkMv5aVSZCmCpwmhgu,2hx9Je3RCTArTNhWJ4JYKreKxa1NPdTQqXZyBrgtUiKS,BCdR4tGAsJCV2PiD4y7LvUgSpoKhaEqj9cWLA68hCkzA,2024-01-16T20:54:59Z,2BwVKS3pZxrt2po1SFyPxLACCqKFyFnyANR9XGYe8Fd7WVHiH5qgCGqD2cNkUBjGQAr4C4nkMv5aVSZCmCpwmhgu,2026-08-28T07:33:31Z,3WnMgm1LaiyZF2QCBQCTGZxjKwxzixaRBAx5TYVVxU6iycjepqfBCzFeHYMVPPtNuwzRpoycy5tvW8jd3JHkLV6F,INDEPENDENT_LIVE,LIVE_POST_CUTOVER
6GYVaGo1HxuTTBDU61BxzWxGmYwW2XX7q6gwqmnW5P7g,0,,,Db1meMQEgj8dCwzhR5W6coWt1yV4iEaQsYPKKDyGRUqW,1,Do9VaY2ru9QtaTWdhmuwc2Z9rj4rZ7D6EShdLTvxnp6h,Db1meMQEgj8dCwzhR5W6coWt1yV4iEaQsYPKKDyGRUqW,2025-04-14T13:06:11Z,5nx5EYgHJUgRrAPooDjn9UBNw1BFw4LJyCEaBBsigzAMFhRoohA37wAp6ruVKL2uGkdFnJbE1KEGqfCnR3T12Wv7,Do9VaY2ru9QtaTWdhmuwc2Z9rj4rZ7D6EShdLTvxnp6h,Db1meMQEgj8dCwzhR5W6coWt1yV4iEaQsYPKKDyGRUqW,2025-04-14T13:06:11Z,5nx5EYgHJUgRrAPooDjn9UBNw1BFw4LJyCEaBBsigzAMFhRoohA37wAp6ruVKL2uGkdFnJbE1KEGqfCnR3T12Wv7,2026-08-26T21:34:16Z,5y9KKMidZA2pNm3QLD2z2j7BfPbwsAQt6HEVyCQMK7sSkCy7PRQUy35JJG3GRnTBDLDeD6YVxYpw9nXSayk6pTiK,INDEPENDENT_LIVE,LIVE_POST_CUTOVER
6GkxkY5G4KjkQ6xBoFkGyXHrkY6VTQpYgauC7ixYtm88,0,,,BfBqvwoNLVSEvrjukaRUdex72PEF234oY8RogGtqFRZv,1,7LscpY288mvuC8kBax5KhcxH9BucLs9cCndo2HUi5xWb,BfBqvwoNLVSEvrjukaRUdex72PEF234oY8RogGtqFRZv,2025-04-13T04:52:33Z,2371txyKdG9gZgKZuaCCxpm2WhukrpiQBScoJo1vdqCDH1PWPwwd1wXuYEWy6RA64ZTWzJ2SQa9t55T4TfRjCBWy,7LscpY288mvuC8kBax5KhcxH9BucLs9cCndo2HUi5xWb,BfBqvwoNLVSEvrjukaRUdex72PEF234oY8RogGtqFRZv,2025-04-13T04:52:33Z,2371txyKdG9gZgKZuaCCxpm2WhukrpiQBScoJo1vdqCDH1PWPwwd1wXuYEWy6RA64ZTWzJ2SQa9t55T4TfRjCBWy,2026-08-25T07:31:11.000Z,4rtP3LQdxEFrF724Pcfj9eTdaMqDrbmvi11ewwfNYdLQTN1Zi9niu13zAFrmkA5n1V2cgfjmM8vUtzGWXEcmBYKc,DUNE_LIVE,LIVE_POST_BASELINE
6M2DqN4uJiyc3uj8u51mYKiTUkYygzFM7xqo3HA9j2pe,0,,,FYL4LRChq2a6w8PenydNEd1ExoKpBVNpueitXAXanSGy,1,FpqrjWJpTNwv1b1nu3Kouzn7KRZeAxcvyXfHgkGFQ9Gd,FYL4LRChq2a6w8PenydNEd1ExoKpBVNpueitXAXanSGy,2025-04-19T15:06:53Z,3dp1dkaKsd6s8gNDgdwJWaGgUk3fDzEnS6HczgJqfHCgBfP7vwMjw2FkkigGSXiukuZjcCsbxRCHKhLPJw63m8q6,FpqrjWJpTNwv1b1nu3Kouzn7KRZeAxcvyXfHgkGFQ9Gd,FYL4LRChq2a6w8PenydNEd1ExoKpBVNpueitXAXanSGy,2025-04-19T15:06:53Z,3dp1dkaKsd6s8gNDgdwJWaGgUk3fDzEnS6HczgJqfHCgBfP7vwMjw2FkkigGSXiukuZjcCsbxRCHKhLPJw63m8q6,2026-08-24T04:22:35.000Z,5oK95ozVzmUYxqJmZd7NLGb2U4oYDLVTieQMPA7TJve19iKQ41uaDdvJ8VHYNmcxSnH1A7BK2NrfTFFcJbTUKTey,DUNE_LIVE,LIVE_POST_BASELINE
6MwvQV52fYqUTL3JZM3RC5xPsTbXXEmec2WD3gKTu842,0,,,FYL4LRChq2a6w8PenydNEd1ExoKpBVNpueitXAXanSGy,1,FpqrjWJpTNwv1b1nu3Kouzn7KRZeAxcvyXfHgkGFQ9Gd,FYL4LRChq2a6w8PenydNEd1ExoKpBVNpueitXAXanSGy,2025-04-19T15:09:42Z,5VdmbebzKQgpBLSMFBYB2r9H9Sbfwox6TUXpbfWTdpcbBzDkuhnDw2zMn2hzmQi77VyWgVjzFTAvGphy3Erdyc6Y,FpqrjWJpTNwv1b1nu3Kouzn7KRZeAxcvyXfHgkGFQ9Gd,FYL4LRChq2a6w8PenydNEd1ExoKpBVNpueitXAXanSGy,2025-04-19T15:09:42Z,5VdmbebzKQgpBLSMFBYB2r9H9Sbfwox6TUXpbfWTdpcbBzDkuhnDw2zMn2hzmQi77VyWgVjzFTAvGphy3Erdyc6Y,2026-08-24T04:22:35.000Z,5oK95ozVzmUYxqJmZd7NLGb2U4oYDLVTieQMPA7TJve19iKQ41uaDdvJ8VHYNmcxSnH1A7BK2NrfTFFcJbTUKTey,DUNE_LIVE,LIVE_POST_BASELINE
6PM3h11HYJbw5MoH2dbs5559HrvS3qA2G2rKzWspTRz9,0,,,BfBqvwoNLVSEvrjukaRUdex72PEF234oY8RogGtqFRZv,1,7LscpY288mvuC8kBax5KhcxH9BucLs9cCndo2HUi5xWb,BfBqvwoNLVSEvrjukaRUdex72PEF234oY8RogGtqFRZv,2025-04-13T04:35:29Z,2sVZx4GaD2hKUQNPHe6N9Qw7Yk6rURKuLr38A3DbamSpLZCRrxcYxRBwfosQZQHWQC7twL9NmEzZMPvWj7nqHpwB,7LscpY288mvuC8kBax5KhcxH9BucLs9cCndo2HUi5xWb,BfBqvwoNLVSEvrjukaRUdex72PEF234oY8RogGtqFRZv,2025-04-13T04:35:29Z,2sVZx4GaD2hKUQNPHe6N9Qw7Yk6rURKuLr38A3DbamSpLZCRrxcYxRBwfosQZQHWQC7twL9NmEzZMPvWj7nqHpwB,2026-08-25T07:31:11.000Z,4rtP3LQdxEFrF724Pcfj9eTdaMqDrbmvi11ewwfNYdLQTN1Zi9niu13zAFrmkA5n1V2cgfjmM8vUtzGWXEcmBYKc,DUNE_LIVE,LIVE_POST_BASELINE
6Pn966jFFyZN7eczswkmorTG1u9qGtRLixQzjgv2qX7X,0,,,ALWioRV1zqeqLZcL6HdnWBCpRj1eGsoiyDsJxqaATh5L,1,7ZYrmZdkRw6hp3MANNWePNoheqNZJyeCTQFfwQXPzE2v,ALWioRV1zqeqLZcL6HdnWBCpRj1eGsoiyDsJxqaATh5L,2025-04-22T10:05:29+00:00,3AvQC9F8g2whkaVx2v8uq2vgpXAKkpxFqZ83BjA9mZhxzTRQn9AtVxZwe4CcKqAseDoxfxu4VxiYDeihm8VcrtDA,7ZYrmZdkRw6hp3MANNWePNoheqNZJyeCTQFfwQXPzE2v,ALWioRV1zqeqLZcL6HdnWBCpRj1eGsoiyDsJxqaATh5L,2025-04-22T10:05:29+00:00,3AvQC9F8g2whkaVx2v8uq2vgpXAKkpxFqZ83BjA9mZhxzTRQn9AtVxZwe4CcKqAseDoxfxu4VxiYDeihm8VcrtDA,2026-08-27T12:11:33Z,CGZcRiGwJCA2fBTAEuB5eD25LwsdPtAWvA6SZRJ9DM2xBTpy3s42ZkZgqGjCekTQa4twKYrHnbEQ6KDAX4F6A6K,INDEPENDENT_LIVE,LIVE_POST_CUTOVER
6Q12HPX6GYfKJeXMUq6yroYqJgmZgbye1uX7PZxuXKtr,0,,,BfBqvwoNLVSEvrjukaRUdex72PEF234oY8RogGtqFRZv,1,7LscpY288mvuC8kBax5KhcxH9BucLs9cCndo2HUi5xWb,BfBqvwoNLVSEvrjukaRUdex72PEF234oY8RogGtqFRZv,2025-12-01T14:47:27Z,2gEQ4SAPyV4nVkwBnKi8VUMQzyZ8UKAukLYF53FA7QASbGsgVRfbP42uzb8HmHgDtRhzWLY9xTLgB9WiJQ9QL9B4,7LscpY288mvuC8kBax5KhcxH9BucLs9cCndo2HUi5xWb,BfBqvwoNLVSEvrjukaRUdex72PEF234oY8RogGtqFRZv,2025-12-01T14:47:27Z,2gEQ4SAPyV4nVkwBnKi8VUMQzyZ8UKAukLYF53FA7QASbGsgVRfbP42uzb8HmHgDtRhzWLY9xTLgB9WiJQ9QL9B4,2026-08-25T07:31:11.000Z,4rtP3LQdxEFrF724Pcfj9eTdaMqDrbmvi11ewwfNYdLQTN1Zi9niu13zAFrmkA5n1V2cgfjmM8vUtzGWXEcmBYKc,DUNE_LIVE,LIVE_POST_BASELINE
6SAoEADz9T6L3afDUNqd7n5kN3KNASEJcJpTapr5YCHn,0,,,38Bj4DFXhAkDxB6Atj66kdxGZfhZEC3ejRX1HDh1YFKj,1,8Vpqxxbon9s4Hnk2eMhysjx6XKjHiUgEUAm3MSq9yQv2,38Bj4DFXhAkDxB6Atj66kdxGZfhZEC3ejRX1HDh1YFKj,2025-04-26T14:40:05Z,3bDUMX99RhXX2XvUrkZDhE7SzJZ3rsES5egJSTELuRu6nWuMf2ENkcqzPKy9G3NuGUQxXovFysmZPVGjcUAScNhQ,8Vpqxxbon9s4Hnk2eMhysjx6XKjHiUgEUAm3MSq9yQv2,38Bj4DFXhAkDxB6Atj66kdxGZfhZEC3ejRX1HDh1YFKj,2025-04-26T14:40:05Z,3bDUMX99RhXX2XvUrkZDhE7SzJZ3rsES5egJSTELuRu6nWuMf2ENkcqzPKy9G3NuGUQxXovFysmZPVGjcUAScNhQ,2026-08-21T19:39:25.000Z,4AT1PFFkyADXcz2QFJi78yrTeP8dAhFkfWJU5JCvpEx2a7pWsAxn14owrdqpvwkTU7bAzxxCYoBijEksgty9W6qe,DUNE_LIVE,LIVE_POST_BASELINE
6SauojjrxKTL2BwqSWL5uUazPPqYTbaP8u4G8xkA8b4M,0,,,BFpTSgrkFXFycgvaraoSt75osy6EgKEeivXUgxz3AdEz,1,FnqEYzRtDV1zHUaEFycnGS6F3SCmjAvMLsNQQrnQcLPN,BFpTSgrkFXFycgvaraoSt75osy6EgKEeivXUgxz3AdEz,2026-01-30T19:11:00Z,2YwaxeqVvzZYVyohKCvUeEsA6aw1DnHMUR7frbrhLE72eyzTLS56y8cdC9dK3crAKAsJyi3AMckXoVSrU4cYzJjn,FnqEYzRtDV1zHUaEFycnGS6F3SCmjAvMLsNQQrnQcLPN,BFpTSgrkFXFycgvaraoSt75osy6EgKEeivXUgxz3AdEz,2026-01-30T19:11:00Z,2YwaxeqVvzZYVyohKCvUeEsA6aw1DnHMUR7frbrhLE72eyzTLS56y8cdC9dK3crAKAsJyi3AMckXoVSrU4cYzJjn,2026-08-30T18:20:59Z,4rGPKBHqqLhzjS6Y5dbuTSUCxKq4LmSxk1LUGZhanbv1vBDdiFLqSGyEReA7P3gTAkqXnVWTFdxGw69fkJjsw87Z,INDEPENDENT_LIVE,LIVE_POST_CUTOVER
6V1NRhmjRsuphFRAFeakroTjR6jBwEgsWRZgMv3i2hqJ,0,,,DM5YNogviE6YxVESWYG9TaZ9q4qiBLAJmxnA1LQRFMGZ,1,B1Pv8HZNHGdXC8qTsNGLCJKpnoetE2Y52RyeoJW9pE5Z,DM5YNogviE6YxVESWYG9TaZ9q4qiBLAJmxnA1LQRFMGZ,2025-09-30T14:08:30Z,2GNoBDYScShBnB4Ru9RxGFxCdEMqsd8uJbwtfRFBNaaDJyPLqX6ooi3EoD4LLQTzQ1SFSkVEbF9nLedEAvjdZFSh,B1Pv8HZNHGdXC8qTsNGLCJKpnoetE2Y52RyeoJW9pE5Z,DM5YNogviE6YxVESWYG9TaZ9q4qiBLAJmxnA1LQRFMGZ,2025-09-30T14:08:30Z,2GNoBDYScShBnB4Ru9RxGFxCdEMqsd8uJbwtfRFBNaaDJyPLqX6ooi3EoD4LLQTzQ1SFSkVEbF9nLedEAvjdZFSh,2026-08-31T09:39:48Z,5rqET3n1SkPB9jrcz8yM3KNBt6b2Q925G69tDBYwhL5yd6cLZzD3gSDSSgsbFqwtJkuaCoAvuRNq3eCNaKxhpdWi,INDEPENDENT_LIVE,LIVE_POST_CUTOVER
6VhyAuHSkUnfPxq11d3KBkA1wGwfcsRr5RhUrdeAf33H,0,,,8TAx5eRzjvYioRmc83vrzWuEzhav63ccEs7ZuzndxddU,1,Cwg4F9HnwEKktX662TLjYvUjvZStpQHss9BasJYSaGPj,8TAx5eRzjvYioRmc83vrzWuEzhav63ccEs7ZuzndxddU,2022-09-09T09:24:14Z,24d47nCuiXg8s452Q6ZG48dyvXyCHPw2AowBp66wK9QJ9SHBJ6YheWz4s1xdxmVLum9KFUeDRHLsw1oJrHpgKbmg,Cwg4F9HnwEKktX662TLjYvUjvZStpQHss9BasJYSaGPj,8TAx5eRzjvYioRmc83vrzWuEzhav63ccEs7ZuzndxddU,2022-09-09T09:24:14Z,24d47nCuiXg8s452Q6ZG48dyvXyCHPw2AowBp66wK9QJ9SHBJ6YheWz4s1xdxmVLum9KFUeDRHLsw1oJrHpgKbmg,2026-08-28T06:25:53Z,3wyPJbJFHo4Fvu7Und18ezfHzbJFeq5FuiuZQzTTQAzrrC7RmAWXjXmonJge3e898SwmhStEUrJE6grUaYQ74KcV,INDEPENDENT_LIVE,LIVE_POST_CUTOVER
6W7MeCUmZA7vsJRhnWDFx2aZLUJqAJqRmmVFfVksRNZH,0,,,BfBqvwoNLVSEvrjukaRUdex72PEF234oY8RogGtqFRZv,1,7LscpY288mvuC8kBax5KhcxH9BucLs9cCndo2HUi5xWb,BfBqvwoNLVSEvrjukaRUdex72PEF234oY8RogGtqFRZv,2025-04-13T04:34:56Z,5rHa8cPjSMfMB7iKyxeNPHHchAQJNHDuFe8aVsoms997s4RXTP9KPvQHoBA1vSdLiBdJYcuLL4ySQZeRceVrvWsC,7LscpY288mvuC8kBax5KhcxH9BucLs9cCndo2HUi5xWb,BfBqvwoNLVSEvrjukaRUdex72PEF234oY8RogGtqFRZv,2025-04-13T04:34:56Z,5rHa8cPjSMfMB7iKyxeNPHHchAQJNHDuFe8aVsoms997s4RXTP9KPvQHoBA1vSdLiBdJYcuLL4ySQZeRceVrvWsC,2026-08-25T07:31:11.000Z,4rtP3LQdxEFrF724Pcfj9eTdaMqDrbmvi11ewwfNYdLQTN1Zi9niu13zAFrmkA5n1V2cgfjmM8vUtzGWXEcmBYKc,DUNE_LIVE,LIVE_POST_BASELINE
6WLUhtQyYTdFSaYHNxeJaBTynwAoRk6sbwXDNBp8C4ba,1,2026-08-24T15:31:42.000Z,5ARbAonBGTcFmtMuUqoy75CkZVxVYLUj1X6H43zBfaasJxG9hYd5fWSq1byWty1sgZ7iZ19rjs3QpiGCukNxV9Yp,,0,,,2026-08-24T15:31:42.000Z,5ARbAonBGTcFmtMuUqoy75CkZVxVYLUj1X6H43zBfaasJxG9hYd5fWSq1byWty1sgZ7iZ19rjs3QpiGCukNxV9Yp,,,,,,,,
6Xw7vqSMNRYRFYYnrjpqt2k9FFQw6vLiYmqJisbeHo7V,0,,,BfBqvwoNLVSEvrjukaRUdex72PEF234oY8RogGtqFRZv,1,7LscpY288mvuC8kBax5KhcxH9BucLs9cCndo2HUi5xWb,BfBqvwoNLVSEvrjukaRUdex72PEF234oY8RogGtqFRZv,2025-12-01T14:46:38Z,Q1ncCc2hAnqQbxgTQRsDjtMKaR7XemPZRhncQ9cpML1GikgF8xZyz1VgZHS45BVeXRqSpsBUb8mDvyrWBZLb22i,7LscpY288mvuC8kBax5KhcxH9BucLs9cCndo2HUi5xWb,BfBqvwoNLVSEvrjukaRUdex72PEF234oY8RogGtqFRZv,2025-12-01T14:46:38Z,Q1ncCc2hAnqQbxgTQRsDjtMKaR7XemPZRhncQ9cpML1GikgF8xZyz1VgZHS45BVeXRqSpsBUb8mDvyrWBZLb22i,2026-08-25T07:31:11.000Z,4rtP3LQdxEFrF724Pcfj9eTdaMqDrbmvi11ewwfNYdLQTN1Zi9niu13zAFrmkA5n1V2cgfjmM8vUtzGWXEcmBYKc,DUNE_LIVE,LIVE_POST_BASELINE
6Y87ggoWkU9evCzGepUyXSD9UHd9NrkZuvWs3PRaeBxK,0,,,BfBqvwoNLVSEvrjukaRUdex72PEF234oY8RogGtqFRZv,1,7LscpY288mvuC8kBax5KhcxH9BucLs9cCndo2HUi5xWb,BfBqvwoNLVSEvrjukaRUdex72PEF234oY8RogGtqFRZv,2025-04-13T04:37:17Z,5j9wf7Tr5JSCnCxo8VQYaeCECGrrDD9R8GC6NV9QwrpD4pxtrzAnVER4MUTAo3X3QHQNm9gPRVqgWh9jHhGmEQfD,7LscpY288mvuC8kBax5KhcxH9BucLs9cCndo2HUi5xWb,BfBqvwoNLVSEvrjukaRUdex72PEF234oY8RogGtqFRZv,2025-04-13T04:37:17Z,5j9wf7Tr5JSCnCxo8VQYaeCECGrrDD9R8GC6NV9QwrpD4pxtrzAnVER4MUTAo3X3QHQNm9gPRVqgWh9jHhGmEQfD,2026-08-25T07:31:11.000Z,4rtP3LQdxEFrF724Pcfj9eTdaMqDrbmvi11ewwfNYdLQTN1Zi9niu13zAFrmkA5n1V2cgfjmM8vUtzGWXEcmBYKc,DUNE_LIVE,LIVE_POST_BASELINE
6YVr8gFFkqifK5VMCXicxgKm5uZEzKpRzTtQvyQwtqnj,0,,,DM5YNogviE6YxVESWYG9TaZ9q4qiBLAJmxnA1LQRFMGZ,1,B1Pv8HZNHGdXC8qTsNGLCJKpnoetE2Y52RyeoJW9pE5Z,DM5YNogviE6YxVESWYG9TaZ9q4qiBLAJmxnA1LQRFMGZ,2025-04-13T07:10:53Z,3YnVKEbqsKdKtGPSXhqAkigRyDxkVx6nKbQw5X3jz7DXRvWBJiMQc4LivQ8MfacVTWRhAK38pCaSAFrXor5mYfZY,B1Pv8HZNHGdXC8qTsNGLCJKpnoetE2Y52RyeoJW9pE5Z,DM5YNogviE6YxVESWYG9TaZ9q4qiBLAJmxnA1LQRFMGZ,2025-04-13T07:10:53Z,3YnVKEbqsKdKtGPSXhqAkigRyDxkVx6nKbQw5X3jz7DXRvWBJiMQc4LivQ8MfacVTWRhAK38pCaSAFrXor5mYfZY,2026-08-31T09:39:48Z,5rqET3n1SkPB9jrcz8yM3KNBt6b2Q925G69tDBYwhL5yd6cLZzD3gSDSSgsbFqwtJkuaCoAvuRNq3eCNaKxhpdWi,INDEPENDENT_LIVE,LIVE_POST_CUTOVER
6Ze7SzymkKGocTHjxJV8MiyYmAT1DwM53CNW5weNv65X,0,,,BVEk4Tz91vwEbCL6eMTejE5nxXkAso3mBSwJcbqoB2Vj,1,86ThTZQ2X5TVWzy8GCbgzt9vfJZFkWE27Ns9Vdv2T5f9,BVEk4Tz91vwEbCL6eMTejE5nxXkAso3mBSwJcbqoB2Vj,2022-06-02T21:42:56Z,FvDQ2ZcNUQNp4SjKdrJSAgHi5C8TJedT29UQ57uRfJExSNCc7q4ZNtYQNoeQdNww7dfG7wMrSxZ4Mcr2PzrX6XZ,86ThTZQ2X5TVWzy8GCbgzt9vfJZFkWE27Ns9Vdv2T5f9,BVEk4Tz91vwEbCL6eMTejE5nxXkAso3mBSwJcbqoB2Vj,2022-06-02T21:42:56Z,FvDQ2ZcNUQNp4SjKdrJSAgHi5C8TJedT29UQ57uRfJExSNCc7q4ZNtYQNoeQdNww7dfG7wMrSxZ4Mcr2PzrX6XZ,2026-08-29T16:34:58Z,4Nuqkdp9aT4nJeCP967hSU1hPo8aXzRtFYZpHikKKAXrzSP5Qi99AvAG1K7C8BsTp3CKbDNvki6V9u7imfn9cYr2,INDEPENDENT_LIVE,LIVE_POST_CUTOVER
6aPakbR33YLNuRTpeycSiAXungvSa2deHUS8f9Uu5Nbw,0,,,8TAx5eRzjvYioRmc83vrzWuEzhav63ccEs7ZuzndxddU,1,Cwg4F9HnwEKktX662TLjYvUjvZStpQHss9BasJYSaGPj,8TAx5eRzjvYioRmc83vrzWuEzhav63ccEs7ZuzndxddU,2026-02-17T16:17:15Z,G5ncT7BvndHvBFxUUMgbqH5aK9r288BmutvwXZsPrLxd6WPcHZ1jkNkxpoUkLtsKYcw3zYTmqhFJm4oiFDWZtxU,Cwg4F9HnwEKktX662TLjYvUjvZStpQHss9BasJYSaGPj,8TAx5eRzjvYioRmc83vrzWuEzhav63ccEs7ZuzndxddU,2026-02-17T16:17:15Z,G5ncT7BvndHvBFxUUMgbqH5aK9r288BmutvwXZsPrLxd6WPcHZ1jkNkxpoUkLtsKYcw3zYTmqhFJm4oiFDWZtxU,2026-08-28T06:25:53Z,3wyPJbJFHo4Fvu7Und18ezfHzbJFeq5FuiuZQzTTQAzrrC7RmAWXjXmonJge3e898SwmhStEUrJE6grUaYQ74KcV,INDEPENDENT_LIVE,LIVE_POST_CUTOVER
6cUkrAPSaCim8LMyn3qbM2iSivEgJD6FRtzs8QeMroEi,0,,,FYL4LRChq2a6w8PenydNEd1ExoKpBVNpueitXAXanSGy,1,FpqrjWJpTNwv1b1nu3Kouzn7KRZeAxcvyXfHgkGFQ9Gd,FYL4LRChq2a6w8PenydNEd1ExoKpBVNpueitXAXanSGy,2025-04-19T15:07:54Z,3xZzbndh2JmSAVGPw336ZWdSm5CrnHY59pzii3yBSuideLGGAGi7DccyLaEs3eF2JG2toLa1ZoksPpLRrhP5NuJJ,FpqrjWJpTNwv1b1nu3Kouzn7KRZeAxcvyXfHgkGFQ9Gd,FYL4LRChq2a6w8PenydNEd1ExoKpBVNpueitXAXanSGy,2025-04-19T15:07:54Z,3xZzbndh2JmSAVGPw336ZWdSm5CrnHY59pzii3yBSuideLGGAGi7DccyLaEs3eF2JG2toLa1ZoksPpLRrhP5NuJJ,2026-08-24T04:22:35.000Z,5oK95ozVzmUYxqJmZd7NLGb2U4oYDLVTieQMPA7TJve19iKQ41uaDdvJ8VHYNmcxSnH1A7BK2NrfTFFcJbTUKTey,DUNE_LIVE,LIVE_POST_BASELINE
6dEQBU81oUBHmeNtYUVhxUak86ANcKDAUrQqYR4tb4pp,0,,,BfBqvwoNLVSEvrjukaRUdex72PEF234oY8RogGtqFRZv,1,7LscpY288mvuC8kBax5KhcxH9BucLs9cCndo2HUi5xWb,BfBqvwoNLVSEvrjukaRUdex72PEF234oY8RogGtqFRZv,2025-12-01T14:47:42Z,2ZHprMakLGVzZSsk1UEXDKLjHmSNPWnwhgWReUQ1EppB9hgEDTspPhiVtvpsu6u1L7YQ5q8Sbh89dSuhbTysfJ5f,7LscpY288mvuC8kBax5KhcxH9BucLs9cCndo2HUi5xWb,BfBqvwoNLVSEvrjukaRUdex72PEF234oY8RogGtqFRZv,2025-12-01T14:47:42Z,2ZHprMakLGVzZSsk1UEXDKLjHmSNPWnwhgWReUQ1EppB9hgEDTspPhiVtvpsu6u1L7YQ5q8Sbh89dSuhbTysfJ5f,2026-08-25T07:31:11.000Z,4rtP3LQdxEFrF724Pcfj9eTdaMqDrbmvi11ewwfNYdLQTN1Zi9niu13zAFrmkA5n1V2cgfjmM8vUtzGWXEcmBYKc,DUNE_LIVE,LIVE_POST_BASELINE
6dydmAvKSxtNmrTMWtdGkf9P2H4vk6q7c78WxEqVncep,0,,,DM5YNogviE6YxVESWYG9TaZ9q4qiBLAJmxnA1LQRFMGZ,1,B1Pv8HZNHGdXC8qTsNGLCJKpnoetE2Y52RyeoJW9pE5Z,DM5YNogviE6YxVESWYG9TaZ9q4qiBLAJmxnA1LQRFMGZ,2025-04-15T02:13:53Z,3fQjRYt5NwFdovJyeuqqMGpNV2CroPjXyaNdww8xQKpDr6BX7RBkgnfCMXJRNHE6PeQXKzHtPDVDLeysWXuDRDnb,B1Pv8HZNHGdXC8qTsNGLCJKpnoetE2Y52RyeoJW9pE5Z,DM5YNogviE6YxVESWYG9TaZ9q4qiBLAJmxnA1LQRFMGZ,2025-04-15T02:13:53Z,3fQjRYt5NwFdovJyeuqqMGpNV2CroPjXyaNdww8xQKpDr6BX7RBkgnfCMXJRNHE6PeQXKzHtPDVDLeysWXuDRDnb,2026-08-31T09:39:48Z,5rqET3n1SkPB9jrcz8yM3KNBt6b2Q925G69tDBYwhL5yd6cLZzD3gSDSSgsbFqwtJkuaCoAvuRNq3eCNaKxhpdWi,INDEPENDENT_LIVE,LIVE_POST_CUTOVER
6eTdX2X7aqUHMKnAkqTTV9aMasJ99QmpdKGVKjPZpv1n,0,,,BfBqvwoNLVSEvrjukaRUdex72PEF234oY8RogGtqFRZv,1,7LscpY288mvuC8kBax5KhcxH9BucLs9cCndo2HUi5xWb,BfBqvwoNLVSEvrjukaRUdex72PEF234oY8RogGtqFRZv,2025-12-13T07:42:55Z,Q7LJMFfeqQXxcn3aDwsynaU8fSFjNCm8xsco3LMbxhEsLSdjzLVW76hCPkyquBypmvCunNQ5cJfRNSb5c55zJAt,7LscpY288mvuC8kBax5KhcxH9BucLs9cCndo2HUi5xWb,BfBqvwoNLVSEvrjukaRUdex72PEF234oY8RogGtqFRZv,2025-12-13T07:42:55Z,Q7LJMFfeqQXxcn3aDwsynaU8fSFjNCm8xsco3LMbxhEsLSdjzLVW76hCPkyquBypmvCunNQ5cJfRNSb5c55zJAt,2026-08-25T07:31:11.000Z,4rtP3LQdxEFrF724Pcfj9eTdaMqDrbmvi11ewwfNYdLQTN1Zi9niu13zAFrmkA5n1V2cgfjmM8vUtzGWXEcmBYKc,DUNE_LIVE,LIVE_POST_BASELINE
6eaEcEnfG9PnYG2cvT8o6WH25PDvHzhmBh7h1oQFjXen,0,,,BfBqvwoNLVSEvrjukaRUdex72PEF234oY8RogGtqFRZv,1,7LscpY288mvuC8kBax5KhcxH9BucLs9cCndo2HUi5xWb,BfBqvwoNLVSEvrjukaRUdex72PEF234oY8RogGtqFRZv,2025-12-01T14:28:26Z,5NshAPQi9DXsrVxWRoMB7i15NmF5tf83y4Rae9q6xDBL6nh6dBsTj6LhUm5Zcz6BsTqadBifb5F7hUy2a2zZFV7g,7LscpY288mvuC8kBax5KhcxH9BucLs9cCndo2HUi5xWb,BfBqvwoNLVSEvrjukaRUdex72PEF234oY8RogGtqFRZv,2025-12-01T14:28:26Z,5NshAPQi9DXsrVxWRoMB7i15NmF5tf83y4Rae9q6xDBL6nh6dBsTj6LhUm5Zcz6BsTqadBifb5F7hUy2a2zZFV7g,2026-08-25T07:31:11.000Z,4rtP3LQdxEFrF724Pcfj9eTdaMqDrbmvi11ewwfNYdLQTN1Zi9niu13zAFrmkA5n1V2cgfjmM8vUtzGWXEcmBYKc,DUNE_LIVE,LIVE_POST_BASELINE
6fVQd115hxzdmYRWAyB5GyGHRSvJ4QwwMVFa2WaJ9jYf,0,,,38Bj4DFXhAkDxB6Atj66kdxGZfhZEC3ejRX1HDh1YFKj,1,8Vpqxxbon9s4Hnk2eMhysjx6XKjHiUgEUAm3MSq9yQv2,38Bj4DFXhAkDxB6Atj66kdxGZfhZEC3ejRX1HDh1YFKj,2025-04-26T14:31:27Z,4yiB2rxo4ruCjEX8nfxSUNEsmAqymTBBCc1rLCRbNYBooQtVvBLK4cUfXuZtyTo5zjuezh9eb5ttXhFprtKgeAJn,8Vpqxxbon9s4Hnk2eMhysjx6XKjHiUgEUAm3MSq9yQv2,38Bj4DFXhAkDxB6Atj66kdxGZfhZEC3ejRX1HDh1YFKj,2025-04-26T14:31:27Z,4yiB2rxo4ruCjEX8nfxSUNEsmAqymTBBCc1rLCRbNYBooQtVvBLK4cUfXuZtyTo5zjuezh9eb5ttXhFprtKgeAJn,2026-08-21T19:39:25.000Z,4AT1PFFkyADXcz2QFJi78yrTeP8dAhFkfWJU5JCvpEx2a7pWsAxn14owrdqpvwkTU7bAzxxCYoBijEksgty9W6qe,DUNE_LIVE,LIVE_POST_BASELINE
6gSQDdLdGPCWk5wshjTFVpVgVE6WAQgJGMnv7TuVTMhM,0,,,8TAx5eRzjvYioRmc83vrzWuEzhav63ccEs7ZuzndxddU,1,Cwg4F9HnwEKktX662TLjYvUjvZStpQHss9BasJYSaGPj,8TAx5eRzjvYioRmc83vrzWuEzhav63ccEs7ZuzndxddU,2026-01-18T07:52:57Z,45wA7UdnbiNzjADw6HR3PLCFpDfdNJYs4YBsfW6Nk1bqc1zYWqZ4i1uE5N9f9nauxkUYjBBk2Zczw88qQbg9puRG,Cwg4F9HnwEKktX662TLjYvUjvZStpQHss9BasJYSaGPj,8TAx5eRzjvYioRmc83vrzWuEzhav63ccEs7ZuzndxddU,2026-01-18T07:52:57Z,45wA7UdnbiNzjADw6HR3PLCFpDfdNJYs4YBsfW6Nk1bqc1zYWqZ4i1uE5N9f9nauxkUYjBBk2Zczw88qQbg9puRG,2026-08-28T06:25:53Z,3wyPJbJFHo4Fvu7Und18ezfHzbJFeq5FuiuZQzTTQAzrrC7RmAWXjXmonJge3e898SwmhStEUrJE6grUaYQ74KcV,INDEPENDENT_LIVE,LIVE_POST_CUTOVER
6gYwNsJhKLLzL8nvmJFNdjA39jJ7ZuzBZQzULYDNtR4V,0,,,8TAx5eRzjvYioRmc83vrzWuEzhav63ccEs7ZuzndxddU,1,Cwg4F9HnwEKktX662TLjYvUjvZStpQHss9BasJYSaGPj,8TAx5eRzjvYioRmc83vrzWuEzhav63ccEs7ZuzndxddU,2022-09-09T09:27:43Z,2G2NZzdqvN2t3Njvewnfj5qdgtRSu7e9GtAMxconcJQB3ncXHK7YnuNw2wBGa3TS91nszyXVHDFnCGLMY42dTGSB,Cwg4F9HnwEKktX662TLjYvUjvZStpQHss9BasJYSaGPj,8TAx5eRzjvYioRmc83vrzWuEzhav63ccEs7ZuzndxddU,2022-09-09T09:27:43Z,2G2NZzdqvN2t3Njvewnfj5qdgtRSu7e9GtAMxconcJQB3ncXHK7YnuNw2wBGa3TS91nszyXVHDFnCGLMY42dTGSB,2026-08-28T06:25:53Z,3wyPJbJFHo4Fvu7Und18ezfHzbJFeq5FuiuZQzTTQAzrrC7RmAWXjXmonJge3e898SwmhStEUrJE6grUaYQ74KcV,INDEPENDENT_LIVE,LIVE_POST_CUTOVER
6hcFS4HbkquPKWsXCtK8HcPdR2jutn1aVHkb13MW1NKK,1,2026-08-24T15:31:42.000Z,3Aab2BVqbaGFbTt3utdq5tM4ukdukQqxVmFmiytNXVFgVvMEq37tX7rW237gtB1gPYjwnmB8uLg8mHxFHyxP5dWE,,0,,,2026-08-24T15:31:42.000Z,3Aab2BVqbaGFbTt3utdq5tM4ukdukQqxVmFmiytNXVFgVvMEq37tX7rW237gtB1gPYjwnmB8uLg8mHxFHyxP5dWE,,,,,,,,
6k7zMqcppG4LKZg7Trd6DAwBixhzArrmCrw93Q6xvwnb,1,2026-08-24T15:31:42.000Z,UCukEF7TvxuBqHXSQELawTYQFUccY6Jh4enDht5MdbvmYReCdkMdyqCtLzxYu6qRvn69yW3Yj13JamBzjm6XjMX,,0,,,2026-08-24T15:31:42.000Z,UCukEF7TvxuBqHXSQELawTYQFUccY6Jh4enDht5MdbvmYReCdkMdyqCtLzxYu6qRvn69yW3Yj13JamBzjm6XjMX,,,,,,,,
6kTs9TgrfHTi8QNDKXEsjDhmgMxvQcVWL5VRd8uCYu5K,0,,,BfBqvwoNLVSEvrjukaRUdex72PEF234oY8RogGtqFRZv,1,7LscpY288mvuC8kBax5KhcxH9BucLs9cCndo2HUi5xWb,BfBqvwoNLVSEvrjukaRUdex72PEF234oY8RogGtqFRZv,2025-09-04T09:30:55Z,4kcUtCHEoTEY7zV2Vzw3GHaQo2HCY2MC1uhCzeihBrgPaJSpe69xiDeLXYUTEhH3fgjRaEjFC3poPXgD37m26Zp3,7LscpY288mvuC8kBax5KhcxH9BucLs9cCndo2HUi5xWb,BfBqvwoNLVSEvrjukaRUdex72PEF234oY8RogGtqFRZv,2025-09-04T09:30:55Z,4kcUtCHEoTEY7zV2Vzw3GHaQo2HCY2MC1uhCzeihBrgPaJSpe69xiDeLXYUTEhH3fgjRaEjFC3poPXgD37m26Zp3,2026-08-25T07:31:11.000Z,4rtP3LQdxEFrF724Pcfj9eTdaMqDrbmvi11ewwfNYdLQTN1Zi9niu13zAFrmkA5n1V2cgfjmM8vUtzGWXEcmBYKc,DUNE_LIVE,LIVE_POST_BASELINE
6nBZ1woyF7jeZprxhUgGVsg5sF1V236GSdSeZy3xzSRb,0,,,FYL4LRChq2a6w8PenydNEd1ExoKpBVNpueitXAXanSGy,1,FpqrjWJpTNwv1b1nu3Kouzn7KRZeAxcvyXfHgkGFQ9Gd,FYL4LRChq2a6w8PenydNEd1ExoKpBVNpueitXAXanSGy,2025-04-19T15:12:24Z,3aRAXkqYMH2doEQsEWnqdJevK3BgdMiCFCXQLxaB5hkaXuPveLpiwpurwBn6zMp4u6LtWQa9aXdWAbkUdagoCjw,FpqrjWJpTNwv1b1nu3Kouzn7KRZeAxcvyXfHgkGFQ9Gd,FYL4LRChq2a6w8PenydNEd1ExoKpBVNpueitXAXanSGy,2025-04-19T15:12:24Z,3aRAXkqYMH2doEQsEWnqdJevK3BgdMiCFCXQLxaB5hkaXuPveLpiwpurwBn6zMp4u6LtWQa9aXdWAbkUdagoCjw,2026-08-24T04:22:35.000Z,5oK95ozVzmUYxqJmZd7NLGb2U4oYDLVTieQMPA7TJve19iKQ41uaDdvJ8VHYNmcxSnH1A7BK2NrfTFFcJbTUKTey,DUNE_LIVE,LIVE_POST_BASELINE
6o6G6eKiVBLpnskuccKWjb4mV9csD4y52zhnwQmjgSEj,0,,,8HfKN9ocY89F8Z2nLvKHrefUDqcX2jAVmfJVB8j3d3Mb,1,4REnZop7oP5yJcxUevLwUqGWsGf2SA6MY8tdQfTaQbNk,8HfKN9ocY89F8Z2nLvKHrefUDqcX2jAVmfJVB8j3d3Mb,2022-06-02T00:56:24Z,3C2Qbpk2ksKrZNsnGzdC1yFHrLrGtHwjSbo6aXyKPG1n4hG18HpwXUj7bi1v44YtRFUknxp2dxdUL9S8jtWxi1wU,4REnZop7oP5yJcxUevLwUqGWsGf2SA6MY8tdQfTaQbNk,8HfKN9ocY89F8Z2nLvKHrefUDqcX2jAVmfJVB8j3d3Mb,2022-06-02T00:56:24Z,3C2Qbpk2ksKrZNsnGzdC1yFHrLrGtHwjSbo6aXyKPG1n4hG18HpwXUj7bi1v44YtRFUknxp2dxdUL9S8jtWxi1wU,2026-08-29T16:34:59Z,JHagDchy5vJHk5dknEY4T7pCWcGFviRFapeEULWmQMdJfQexHvJASvinunBwt9cyHxFKgmSoTB4cMmufvrSBF1P,INDEPENDENT_LIVE,LIVE_POST_CUTOVER
6oyTu7VQRybZN8h8MHi9dAGt6arKo6TkiR9zFJUnqsEk,0,,,BfBqvwoNLVSEvrjukaRUdex72PEF234oY8RogGtqFRZv,1,7LscpY288mvuC8kBax5KhcxH9BucLs9cCndo2HUi5xWb,BfBqvwoNLVSEvrjukaRUdex72PEF234oY8RogGtqFRZv,2025-12-01T14:42:53Z,2Gv7CofbScFmBP4VyAJC38vDoZ23tSz2K6gN1A4yRnf5SMuwiCU9x299rbtjHG3Ha2WFPxu3Nrgcgg4Hquj3T3BG,7LscpY288mvuC8kBax5KhcxH9BucLs9cCndo2HUi5xWb,BfBqvwoNLVSEvrjukaRUdex72PEF234oY8RogGtqFRZv,2025-12-01T14:42:53Z,2Gv7CofbScFmBP4VyAJC38vDoZ23tSz2K6gN1A4yRnf5SMuwiCU9x299rbtjHG3Ha2WFPxu3Nrgcgg4Hquj3T3BG,2026-08-25T07:31:11.000Z,4rtP3LQdxEFrF724Pcfj9eTdaMqDrbmvi11ewwfNYdLQTN1Zi9niu13zAFrmkA5n1V2cgfjmM8vUtzGWXEcmBYKc,DUNE_LIVE,LIVE_POST_BASELINE
6pEmcx1WRTxZ1JHYFyqXa7raAw2cYMS4FJH7J2N4KQma,0,,,BfBqvwoNLVSEvrjukaRUdex72PEF234oY8RogGtqFRZv,1,7LscpY288mvuC8kBax5KhcxH9BucLs9cCndo2HUi5xWb,BfBqvwoNLVSEvrjukaRUdex72PEF234oY8RogGtqFRZv,2025-12-01T14:41:01Z,4aqCyfgbGTm5BANPT69ZVSM4BTqKqYCWKsjM6TVB5d25wmM296DjLB1guovdmtwYgqjYjTGES2TfjoGxYLY4iEcB,7LscpY288mvuC8kBax5KhcxH9BucLs9cCndo2HUi5xWb,BfBqvwoNLVSEvrjukaRUdex72PEF234oY8RogGtqFRZv,2025-12-01T14:41:01Z,4aqCyfgbGTm5BANPT69ZVSM4BTqKqYCWKsjM6TVB5d25wmM296DjLB1guovdmtwYgqjYjTGES2TfjoGxYLY4iEcB,2026-08-25T07:31:11.000Z,4rtP3LQdxEFrF724Pcfj9eTdaMqDrbmvi11ewwfNYdLQTN1Zi9niu13zAFrmkA5n1V2cgfjmM8vUtzGWXEcmBYKc,DUNE_LIVE,LIVE_POST_BASELINE
6qFPojkgJGYQhaScm4hnhXgC4JUUzD9JBcUmskTGPeVu,0,,,BfBqvwoNLVSEvrjukaRUdex72PEF234oY8RogGtqFRZv,1,7LscpY288mvuC8kBax5KhcxH9BucLs9cCndo2HUi5xWb,BfBqvwoNLVSEvrjukaRUdex72PEF234oY8RogGtqFRZv,2025-12-01T14:31:59Z,34xy1TLFtgyN62XYVGt8WDpVFQZuBdRkmiu4JVs3rM7HcUzwYtQqrhN5vTq97pP518PkBkes5FxUPGcPiYyhnxGc,7LscpY288mvuC8kBax5KhcxH9BucLs9cCndo2HUi5xWb,BfBqvwoNLVSEvrjukaRUdex72PEF234oY8RogGtqFRZv,2025-12-01T14:31:59Z,34xy1TLFtgyN62XYVGt8WDpVFQZuBdRkmiu4JVs3rM7HcUzwYtQqrhN5vTq97pP518PkBkes5FxUPGcPiYyhnxGc,2026-08-25T07:31:11.000Z,4rtP3LQdxEFrF724Pcfj9eTdaMqDrbmvi11ewwfNYdLQTN1Zi9niu13zAFrmkA5n1V2cgfjmM8vUtzGWXEcmBYKc,DUNE_LIVE,LIVE_POST_BASELINE
6sA8zHqCNSYAZNS2GNYgCqBXzf6mdXZThNUVwGR7gQBP,0,,,38Bj4DFXhAkDxB6Atj66kdxGZfhZEC3ejRX1HDh1YFKj,1,8Vpqxxbon9s4Hnk2eMhysjx6XKjHiUgEUAm3MSq9yQv2,38Bj4DFXhAkDxB6Atj66kdxGZfhZEC3ejRX1HDh1YFKj,2025-04-26T14:28:13Z,2KUbBZhcjy6Bfjctoye9U3tEMnUi38HqGBby7seujZjkUgjjM1ShrGRLLXZqLzGdnw1pKDaEGiu1AA9RRmR4PPnS,8Vpqxxbon9s4Hnk2eMhysjx6XKjHiUgEUAm3MSq9yQv2,38Bj4DFXhAkDxB6Atj66kdxGZfhZEC3ejRX1HDh1YFKj,2025-04-26T14:28:13Z,2KUbBZhcjy6Bfjctoye9U3tEMnUi38HqGBby7seujZjkUgjjM1ShrGRLLXZqLzGdnw1pKDaEGiu1AA9RRmR4PPnS,2026-08-21T19:39:25.000Z,4AT1PFFkyADXcz2QFJi78yrTeP8dAhFkfWJU5JCvpEx2a7pWsAxn14owrdqpvwkTU7bAzxxCYoBijEksgty9W6qe,DUNE_LIVE,LIVE_POST_BASELINE
6sAfCPu7JEapesQ63fzmUw5T65gvmRVQoBruegpuDSXo,0,,,8TAx5eRzjvYioRmc83vrzWuEzhav63ccEs7ZuzndxddU,1,Cwg4F9HnwEKktX662TLjYvUjvZStpQHss9BasJYSaGPj,8TAx5eRzjvYioRmc83vrzWuEzhav63ccEs7ZuzndxddU,2026-06-29T18:48:36Z,Ukxj1VPkp1xL8pn9d71bwBFZygwQMwt1ejZrcFuVvurFZ9RUEVBM9hGTjmvKCLVJJiiZ2ogM8ncjK3WN9zXQrj5,Cwg4F9HnwEKktX662TLjYvUjvZStpQHss9BasJYSaGPj,8TAx5eRzjvYioRmc83vrzWuEzhav63ccEs7ZuzndxddU,2026-06-29T18:48:36Z,Ukxj1VPkp1xL8pn9d71bwBFZygwQMwt1ejZrcFuVvurFZ9RUEVBM9hGTjmvKCLVJJiiZ2ogM8ncjK3WN9zXQrj5,2026-08-28T06:25:53Z,3wyPJbJFHo4Fvu7Und18ezfHzbJFeq5FuiuZQzTTQAzrrC7RmAWXjXmonJge3e898SwmhStEUrJE6grUaYQ74KcV,INDEPENDENT_LIVE,LIVE_POST_CUTOVER
6sMfMvdeQbBHUABA2pQbzbyr1tZb5478Q2YsJHCrh8ZC,0,,,BfBqvwoNLVSEvrjukaRUdex72PEF234oY8RogGtqFRZv,1,7LscpY288mvuC8kBax5KhcxH9BucLs9cCndo2HUi5xWb,BfBqvwoNLVSEvrjukaRUdex72PEF234oY8RogGtqFRZv,2025-12-01T14:46:59Z,5bgmw77W7kS7U3FQcjX2Hwn6yySqzAGLDdHF38u5kk7NU9637sa7TWVKyEMmxANRU5FwPRbTUT8vqbjqqnJ7eaUw,7LscpY288mvuC8kBax5KhcxH9BucLs9cCndo2HUi5xWb,BfBqvwoNLVSEvrjukaRUdex72PEF234oY8RogGtqFRZv,2025-12-01T14:46:59Z,5bgmw77W7kS7U3FQcjX2Hwn6yySqzAGLDdHF38u5kk7NU9637sa7TWVKyEMmxANRU5FwPRbTUT8vqbjqqnJ7eaUw,2026-08-25T07:31:11.000Z,4rtP3LQdxEFrF724Pcfj9eTdaMqDrbmvi11ewwfNYdLQTN1Zi9niu13zAFrmkA5n1V2cgfjmM8vUtzGWXEcmBYKc,DUNE_LIVE,LIVE_POST_BASELINE
6u3dbR6A9iNkbv9f9aamAq45d32iuzbGSdAvE7bqzEtb,0,,,BfBqvwoNLVSEvrjukaRUdex72PEF234oY8RogGtqFRZv,1,7LscpY288mvuC8kBax5KhcxH9BucLs9cCndo2HUi5xWb,BfBqvwoNLVSEvrjukaRUdex72PEF234oY8RogGtqFRZv,2025-07-06T15:47:51Z,4FMt6WAGS6EaReYquVnSw2rU7swegwoR2NuZFf7Vs49ftzvQTnEf9RRvN85oWCdsnoc6EqeWkJovic6hwWjzbpJj,7LscpY288mvuC8kBax5KhcxH9BucLs9cCndo2HUi5xWb,BfBqvwoNLVSEvrjukaRUdex72PEF234oY8RogGtqFRZv,2025-07-06T15:47:51Z,4FMt6WAGS6EaReYquVnSw2rU7swegwoR2NuZFf7Vs49ftzvQTnEf9RRvN85oWCdsnoc6EqeWkJovic6hwWjzbpJj,2026-08-25T07:31:11.000Z,4rtP3LQdxEFrF724Pcfj9eTdaMqDrbmvi11ewwfNYdLQTN1Zi9niu13zAFrmkA5n1V2cgfjmM8vUtzGWXEcmBYKc,DUNE_LIVE,LIVE_POST_BASELINE
6u5X34BsPDHYbiPSKX5pF75P6QvGZJChxWPJcPXzZR8L,0,,,BfBqvwoNLVSEvrjukaRUdex72PEF234oY8RogGtqFRZv,1,7LscpY288mvuC8kBax5KhcxH9BucLs9cCndo2HUi5xWb,BfBqvwoNLVSEvrjukaRUdex72PEF234oY8RogGtqFRZv,2025-04-13T04:53:31Z,37s7QHtkSRqPodW9sYbrFopjjkUfmMUjVsFtX1ooidbMkqrCMhfd8d3KcxZkwcccakKZYBVwLZANPj1w8RLFHRqG,7LscpY288mvuC8kBax5KhcxH9BucLs9cCndo2HUi5xWb,BfBqvwoNLVSEvrjukaRUdex72PEF234oY8RogGtqFRZv,2025-04-13T04:53:31Z,37s7QHtkSRqPodW9sYbrFopjjkUfmMUjVsFtX1ooidbMkqrCMhfd8d3KcxZkwcccakKZYBVwLZANPj1w8RLFHRqG,2026-08-25T07:31:11.000Z,4rtP3LQdxEFrF724Pcfj9eTdaMqDrbmvi11ewwfNYdLQTN1Zi9niu13zAFrmkA5n1V2cgfjmM8vUtzGWXEcmBYKc,DUNE_LIVE,LIVE_POST_BASELINE
6u7zsBgskvsHsv77oGfTEfCA47yqfRj7WQ1iPzw4qufK,0,,,FYL4LRChq2a6w8PenydNEd1ExoKpBVNpueitXAXanSGy,1,FpqrjWJpTNwv1b1nu3Kouzn7KRZeAxcvyXfHgkGFQ9Gd,FYL4LRChq2a6w8PenydNEd1ExoKpBVNpueitXAXanSGy,2025-04-19T15:16:35Z,45ehjRTfRvTwvNmkanBraBLJ1TNBKtEPztuwBSq93rATAP5ijV1UVB9uP7uUPZCYpn4n8BBZKmFa5U7Tcz7Q5ZzB,FpqrjWJpTNwv1b1nu3Kouzn7KRZeAxcvyXfHgkGFQ9Gd,FYL4LRChq2a6w8PenydNEd1ExoKpBVNpueitXAXanSGy,2025-04-19T15:16:35Z,45ehjRTfRvTwvNmkanBraBLJ1TNBKtEPztuwBSq93rATAP5ijV1UVB9uP7uUPZCYpn4n8BBZKmFa5U7Tcz7Q5ZzB,2026-08-24T04:22:35.000Z,5oK95ozVzmUYxqJmZd7NLGb2U4oYDLVTieQMPA7TJve19iKQ41uaDdvJ8VHYNmcxSnH1A7BK2NrfTFFcJbTUKTey,DUNE_LIVE,LIVE_POST_BASELINE
6uvnRPuBfeHZKNNxmTQS3qGdq3XmeLSmJgQjBaGrLqrh,0,,,BfBqvwoNLVSEvrjukaRUdex72PEF234oY8RogGtqFRZv,1,7LscpY288mvuC8kBax5KhcxH9BucLs9cCndo2HUi5xWb,BfBqvwoNLVSEvrjukaRUdex72PEF234oY8RogGtqFRZv,2025-04-13T04:34:14Z,4ZDa1jsjuV9V2eTgK6ozP73W8dFDAfFwqeYeYME2Daw6KZQFTBepac4At9PVicW5Udd9x8k9Xp7ZjXfx4aG66Lr5,7LscpY288mvuC8kBax5KhcxH9BucLs9cCndo2HUi5xWb,BfBqvwoNLVSEvrjukaRUdex72PEF234oY8RogGtqFRZv,2025-04-13T04:34:14Z,4ZDa1jsjuV9V2eTgK6ozP73W8dFDAfFwqeYeYME2Daw6KZQFTBepac4At9PVicW5Udd9x8k9Xp7ZjXfx4aG66Lr5,2026-08-25T07:31:11.000Z,4rtP3LQdxEFrF724Pcfj9eTdaMqDrbmvi11ewwfNYdLQTN1Zi9niu13zAFrmkA5n1V2cgfjmM8vUtzGWXEcmBYKc,DUNE_LIVE,LIVE_POST_BASELINE
6voKJKb3tMNq9FLcBmgUY8j9vVDg7CAz917yzB9VgBoN,0,,,BfBqvwoNLVSEvrjukaRUdex72PEF234oY8RogGtqFRZv,1,7LscpY288mvuC8kBax5KhcxH9BucLs9cCndo2HUi5xWb,BfBqvwoNLVSEvrjukaRUdex72PEF234oY8RogGtqFRZv,2025-12-01T14:41:48Z,4AgzDtkmDktqwJwTLG8gssnFca2pafWHkw4QsApesAdejHkKjDktdVwsdvZkR8QNVyM4pJp7Hip7Poj5BedShWwj,7LscpY288mvuC8kBax5KhcxH9BucLs9cCndo2HUi5xWb,BfBqvwoNLVSEvrjukaRUdex72PEF234oY8RogGtqFRZv,2025-12-01T14:41:48Z,4AgzDtkmDktqwJwTLG8gssnFca2pafWHkw4QsApesAdejHkKjDktdVwsdvZkR8QNVyM4pJp7Hip7Poj5BedShWwj,2026-08-25T07:31:11.000Z,4rtP3LQdxEFrF724Pcfj9eTdaMqDrbmvi11ewwfNYdLQTN1Zi9niu13zAFrmkA5n1V2cgfjmM8vUtzGWXEcmBYKc,DUNE_LIVE,LIVE_POST_BASELINE
6xVRpwQwNENZjMLhhk4YJcFrhNuawmVKCfkYA7fQie39,0,,,BfBqvwoNLVSEvrjukaRUdex72PEF234oY8RogGtqFRZv,1,7LscpY288mvuC8kBax5KhcxH9BucLs9cCndo2HUi5xWb,BfBqvwoNLVSEvrjukaRUdex72PEF234oY8RogGtqFRZv,2025-12-01T14:24:56Z,kQ1QCSxv82VF7rhVnKW3ByBGcdXHVCJhEFMyfg13zDC7vm6fZdMXFshv3pwc4dLDScuKzmiZinGzohjgyNJBp1r,7LscpY288mvuC8kBax5KhcxH9BucLs9cCndo2HUi5xWb,BfBqvwoNLVSEvrjukaRUdex72PEF234oY8RogGtqFRZv,2025-12-01T14:24:56Z,kQ1QCSxv82VF7rhVnKW3ByBGcdXHVCJhEFMyfg13zDC7vm6fZdMXFshv3pwc4dLDScuKzmiZinGzohjgyNJBp1r,2026-08-25T07:31:11.000Z,4rtP3LQdxEFrF724Pcfj9eTdaMqDrbmvi11ewwfNYdLQTN1Zi9niu13zAFrmkA5n1V2cgfjmM8vUtzGWXEcmBYKc,DUNE_LIVE,LIVE_POST_BASELINE
6zsQMgPrB9t3fa1wfy12xhKmfXnw9BSwnUv4bgL2rKvg,0,,,DM5YNogviE6YxVESWYG9TaZ9q4qiBLAJmxnA1LQRFMGZ,1,B1Pv8HZNHGdXC8qTsNGLCJKpnoetE2Y52RyeoJW9pE5Z,DM5YNogviE6YxVESWYG9TaZ9q4qiBLAJmxnA1LQRFMGZ,2025-04-15T02:15:16Z,52mLzjqPrP52iE5UV3tW6r5o1cB1pAiJeVwtirY9cqQvhHom7K4gqX2Ev1D6nLv7zbMq1wr3Gt8Rjch5M8MxShfw,B1Pv8HZNHGdXC8qTsNGLCJKpnoetE2Y52RyeoJW9pE5Z,DM5YNogviE6YxVESWYG9TaZ9q4qiBLAJmxnA1LQRFMGZ,2025-04-15T02:15:16Z,52mLzjqPrP52iE5UV3tW6r5o1cB1pAiJeVwtirY9cqQvhHom7K4gqX2Ev1D6nLv7zbMq1wr3Gt8Rjch5M8MxShfw,2026-08-31T09:39:48Z,5rqET3n1SkPB9jrcz8yM3KNBt6b2Q925G69tDBYwhL5yd6cLZzD3gSDSSgsbFqwtJkuaCoAvuRNq3eCNaKxhpdWi,INDEPENDENT_LIVE,LIVE_POST_CUTOVER
6zwXz8ZSFcRhKG9GJiZUtDdfAvC5rWUeFciy75opTyyC,0,,,BFpTSgrkFXFycgvaraoSt75osy6EgKEeivXUgxz3AdEz,1,FnqEYzRtDV1zHUaEFycnGS6F3SCmjAvMLsNQQrnQcLPN,BFpTSgrkFXFycgvaraoSt75osy6EgKEeivXUgxz3AdEz,2025-04-22T14:15:21Z,rxK7o8w7EzJaRVWaoMCqeRHeGX95ED3f8p1MkC69YUZyz17BWCLxdrAe8PrUEzTPoVTzcU5bp46C3fXxg4qjqMP,FnqEYzRtDV1zHUaEFycnGS6F3SCmjAvMLsNQQrnQcLPN,BFpTSgrkFXFycgvaraoSt75osy6EgKEeivXUgxz3AdEz,2025-04-22T14:15:21Z,rxK7o8w7EzJaRVWaoMCqeRHeGX95ED3f8p1MkC69YUZyz17BWCLxdrAe8PrUEzTPoVTzcU5bp46C3fXxg4qjqMP,2026-08-30T18:20:59Z,4rGPKBHqqLhzjS6Y5dbuTSUCxKq4LmSxk1LUGZhanbv1vBDdiFLqSGyEReA7P3gTAkqXnVWTFdxGw69fkJjsw87Z,INDEPENDENT_LIVE,LIVE_POST_CUTOVER
73jWAo5FTvWHKHoUDaMR729Frd4BUD2jYSHSnyw2Ru9H,0,,,BfBqvwoNLVSEvrjukaRUdex72PEF234oY8RogGtqFRZv,1,7LscpY288mvuC8kBax5KhcxH9BucLs9cCndo2HUi5xWb,BfBqvwoNLVSEvrjukaRUdex72PEF234oY8RogGtqFRZv,2025-12-01T14:39:14Z,An6J7ivkP1ZAS6j2Z2kBhNzCfDjEuVYwztp1vXBFwT9ftWgkc1eds7xgDpufsozBFeDNc2hCb4WekRcajPXQCw9,7LscpY288mvuC8kBax5KhcxH9BucLs9cCndo2HUi5xWb,BfBqvwoNLVSEvrjukaRUdex72PEF234oY8RogGtqFRZv,2025-12-01T14:39:14Z,An6J7ivkP1ZAS6j2Z2kBhNzCfDjEuVYwztp1vXBFwT9ftWgkc1eds7xgDpufsozBFeDNc2hCb4WekRcajPXQCw9,2026-08-25T07:31:11.000Z,4rtP3LQdxEFrF724Pcfj9eTdaMqDrbmvi11ewwfNYdLQTN1Zi9niu13zAFrmkA5n1V2cgfjmM8vUtzGWXEcmBYKc,DUNE_LIVE,LIVE_POST_BASELINE
74G3xDsDeAjvHJkZ8neEWVTgPk9ApUAZY4Yekiqjx6kQ,0,,,BfBqvwoNLVSEvrjukaRUdex72PEF234oY8RogGtqFRZv,1,7LscpY288mvuC8kBax5KhcxH9BucLs9cCndo2HUi5xWb,BfBqvwoNLVSEvrjukaRUdex72PEF234oY8RogGtqFRZv,2025-12-01T14:29:12Z,2qwaSHhK7wc2BbySeGRM6YWJd2c8m61jUpMwRS7zDV4mHRud8bmFypX3hSY7oYkMzuN3xqNX3Yv8LFGwFiahp452,7LscpY288mvuC8kBax5KhcxH9BucLs9cCndo2HUi5xWb,BfBqvwoNLVSEvrjukaRUdex72PEF234oY8RogGtqFRZv,2025-12-01T14:29:12Z,2qwaSHhK7wc2BbySeGRM6YWJd2c8m61jUpMwRS7zDV4mHRud8bmFypX3hSY7oYkMzuN3xqNX3Yv8LFGwFiahp452,2026-08-25T07:31:11.000Z,4rtP3LQdxEFrF724Pcfj9eTdaMqDrbmvi11ewwfNYdLQTN1Zi9niu13zAFrmkA5n1V2cgfjmM8vUtzGWXEcmBYKc,DUNE_LIVE,LIVE_POST_BASELINE
74Viz6UE3NxQNhyGBFtFdRvAWy1j9PMsuU6CJur5dZ7Y,1,2026-08-24T15:31:42.000Z,4uNxNnK3Pnc9wk6JLT2kweSUZEMBc555gZjcanvgmnK6CQxfRuGuV4KBViyHx3Cr3NJEy9N556Dwex61nq1JSuw8,,0,,,2026-08-24T15:31:42.000Z,4uNxNnK3Pnc9wk6JLT2kweSUZEMBc555gZjcanvgmnK6CQxfRuGuV4KBViyHx3Cr3NJEy9N556Dwex61nq1JSuw8,,,,,,,,
75M4vW2DtX6qzq7JzJ1YSYUy8Kqy2HbzsQF6BE9wdwJo,1,2026-08-24T15:31:42.000Z,38RGhLbf1RuuiUikt2uuPdQJg6f5sqD1ToLTxqQyjXbFG5pi1BCGjMNSjkTTYzY2BwShr9eGvDBnMRZLJi2Z5hQx,,0,,,2026-08-24T15:31:42.000Z,38RGhLbf1RuuiUikt2uuPdQJg6f5sqD1ToLTxqQyjXbFG5pi1BCGjMNSjkTTYzY2BwShr9eGvDBnMRZLJi2Z5hQx,,,,,,,,
77znCbKZUMkkvzz6nomnSLdauLTmZwmvG8tWweiGZ3m8,0,,,FYL4LRChq2a6w8PenydNEd1ExoKpBVNpueitXAXanSGy,1,FpqrjWJpTNwv1b1nu3Kouzn7KRZeAxcvyXfHgkGFQ9Gd,FYL4LRChq2a6w8PenydNEd1ExoKpBVNpueitXAXanSGy,2025-04-19T15:11:22Z,4KxLssjj67sZwG5kE1xhzHQVMf2ihWt8cqxqumCgreFFZX1Q6ugYqudgyMehT7VtcEKLSFWt9Yg7BMjgzzEiX4C6,FpqrjWJpTNwv1b1nu3Kouzn7KRZeAxcvyXfHgkGFQ9Gd,FYL4LRChq2a6w8PenydNEd1ExoKpBVNpueitXAXanSGy,2025-04-19T15:11:22Z,4KxLssjj67sZwG5kE1xhzHQVMf2ihWt8cqxqumCgreFFZX1Q6ugYqudgyMehT7VtcEKLSFWt9Yg7BMjgzzEiX4C6,2026-08-24T04:22:35.000Z,5oK95ozVzmUYxqJmZd7NLGb2U4oYDLVTieQMPA7TJve19iKQ41uaDdvJ8VHYNmcxSnH1A7BK2NrfTFFcJbTUKTey,DUNE_LIVE,LIVE_POST_BASELINE
78DkLRXd2ikjzKGmm16GUuH6WaiCsYMnWWixaS76STa7,0,,,FYL4LRChq2a6w8PenydNEd1ExoKpBVNpueitXAXanSGy,1,FpqrjWJpTNwv1b1nu3Kouzn7KRZeAxcvyXfHgkGFQ9Gd,FYL4LRChq2a6w8PenydNEd1ExoKpBVNpueitXAXanSGy,2025-04-19T15:05:34Z,2V1rh3rpRiSU6oJr3VeTriQoGqJc9sx28iRY9f4FGNfXYnHFBY8iYATA88a6JQWVrqZwqq54hxrrsQNJ9KBZd9eh,FpqrjWJpTNwv1b1nu3Kouzn7KRZeAxcvyXfHgkGFQ9Gd,FYL4LRChq2a6w8PenydNEd1ExoKpBVNpueitXAXanSGy,2025-04-19T15:05:34Z,2V1rh3rpRiSU6oJr3VeTriQoGqJc9sx28iRY9f4FGNfXYnHFBY8iYATA88a6JQWVrqZwqq54hxrrsQNJ9KBZd9eh,2026-08-24T04:22:35.000Z,5oK95ozVzmUYxqJmZd7NLGb2U4oYDLVTieQMPA7TJve19iKQ41uaDdvJ8VHYNmcxSnH1A7BK2NrfTFFcJbTUKTey,DUNE_LIVE,LIVE_POST_BASELINE
78JfxP5b3N5aNtiexxfc1KCx35N65ZxVrPx41Pwk4ukT,0,,,38Bj4DFXhAkDxB6Atj66kdxGZfhZEC3ejRX1HDh1YFKj,1,8Vpqxxbon9s4Hnk2eMhysjx6XKjHiUgEUAm3MSq9yQv2,38Bj4DFXhAkDxB6Atj66kdxGZfhZEC3ejRX1HDh1YFKj,2025-04-09T18:09:01Z,CKsvfACDjJ5sdVDFPZiMENHzDf7CCFYopbpCU75gXnXDFfim7yme2FGF7ihV8cTJEfEp9vW8i4oAfQqrshZ3Uud,8Vpqxxbon9s4Hnk2eMhysjx6XKjHiUgEUAm3MSq9yQv2,38Bj4DFXhAkDxB6Atj66kdxGZfhZEC3ejRX1HDh1YFKj,2025-04-09T18:09:01Z,CKsvfACDjJ5sdVDFPZiMENHzDf7CCFYopbpCU75gXnXDFfim7yme2FGF7ihV8cTJEfEp9vW8i4oAfQqrshZ3Uud,2026-08-21T19:39:25.000Z,4AT1PFFkyADXcz2QFJi78yrTeP8dAhFkfWJU5JCvpEx2a7pWsAxn14owrdqpvwkTU7bAzxxCYoBijEksgty9W6qe,DUNE_LIVE,LIVE_POST_BASELINE
7AKjgHDN4fgEyMoMwFMA3aPHkc5UFxjQBN6tBiPgoBfy,0,,,Db1meMQEgj8dCwzhR5W6coWt1yV4iEaQsYPKKDyGRUqW,1,Do9VaY2ru9QtaTWdhmuwc2Z9rj4rZ7D6EShdLTvxnp6h,Db1meMQEgj8dCwzhR5W6coWt1yV4iEaQsYPKKDyGRUqW,2025-12-26T15:50:19Z,AvEFrvEf5zwMNSoKknCJ2xpDU9iAM5YzibKXU6ZyGEjqkUpBp2QGiiH946JcKud7fWbAW6UrG5PTL7f2KbMHErT,Do9VaY2ru9QtaTWdhmuwc2Z9rj4rZ7D6EShdLTvxnp6h,Db1meMQEgj8dCwzhR5W6coWt1yV4iEaQsYPKKDyGRUqW,2025-12-26T15:50:19Z,AvEFrvEf5zwMNSoKknCJ2xpDU9iAM5YzibKXU6ZyGEjqkUpBp2QGiiH946JcKud7fWbAW6UrG5PTL7f2KbMHErT,2026-08-26T21:34:16Z,5y9KKMidZA2pNm3QLD2z2j7BfPbwsAQt6HEVyCQMK7sSkCy7PRQUy35JJG3GRnTBDLDeD6YVxYpw9nXSayk6pTiK,INDEPENDENT_LIVE,LIVE_POST_CUTOVER
7DcG9FBWoKepFo3NXFX5rv9zgJB1yrqCnSMHBvjbTSjx,0,,,BfBqvwoNLVSEvrjukaRUdex72PEF234oY8RogGtqFRZv,1,7LscpY288mvuC8kBax5KhcxH9BucLs9cCndo2HUi5xWb,BfBqvwoNLVSEvrjukaRUdex72PEF234oY8RogGtqFRZv,2025-04-13T04:34:38Z,2EhCPgLUTYi6qmQd4UiqTC27j5f1FzE382SUT8URcjptNkPrvBt9hDKfRaBcKBWMGtDxpoR5gBztKx63NVCntWk7,7LscpY288mvuC8kBax5KhcxH9BucLs9cCndo2HUi5xWb,BfBqvwoNLVSEvrjukaRUdex72PEF234oY8RogGtqFRZv,2025-04-13T04:34:38Z,2EhCPgLUTYi6qmQd4UiqTC27j5f1FzE382SUT8URcjptNkPrvBt9hDKfRaBcKBWMGtDxpoR5gBztKx63NVCntWk7,2026-08-25T07:31:11.000Z,4rtP3LQdxEFrF724Pcfj9eTdaMqDrbmvi11ewwfNYdLQTN1Zi9niu13zAFrmkA5n1V2cgfjmM8vUtzGWXEcmBYKc,DUNE_LIVE,LIVE_POST_BASELINE
7EiCoVqR6F9jUosanRTpYVzKQe6gJR7QmckVo8GW3JAw,0,,,DM5YNogviE6YxVESWYG9TaZ9q4qiBLAJmxnA1LQRFMGZ,1,B1Pv8HZNHGdXC8qTsNGLCJKpnoetE2Y52RyeoJW9pE5Z,DM5YNogviE6YxVESWYG9TaZ9q4qiBLAJmxnA1LQRFMGZ,2025-04-15T02:18:47Z,5HdvkGMvcVKbdcEPCq4iimpKRFHhS6bKHRqBREgiZAwaV7C7ian6M6sEemF1tEmaXtd4R2a52PwrKv5VrXdDo41j,B1Pv8HZNHGdXC8qTsNGLCJKpnoetE2Y52RyeoJW9pE5Z,DM5YNogviE6YxVESWYG9TaZ9q4qiBLAJmxnA1LQRFMGZ,2025-04-15T02:18:47Z,5HdvkGMvcVKbdcEPCq4iimpKRFHhS6bKHRqBREgiZAwaV7C7ian6M6sEemF1tEmaXtd4R2a52PwrKv5VrXdDo41j,2026-08-31T09:39:48Z,5rqET3n1SkPB9jrcz8yM3KNBt6b2Q925G69tDBYwhL5yd6cLZzD3gSDSSgsbFqwtJkuaCoAvuRNq3eCNaKxhpdWi,INDEPENDENT_LIVE,LIVE_POST_CUTOVER
7EvEYn4GSAkb43ftbdkgKVYTf8nPqD2MRuMvUyuUXwXW,0,,,BfBqvwoNLVSEvrjukaRUdex72PEF234oY8RogGtqFRZv,1,7LscpY288mvuC8kBax5KhcxH9BucLs9cCndo2HUi5xWb,BfBqvwoNLVSEvrjukaRUdex72PEF234oY8RogGtqFRZv,2025-04-13T04:51:03Z,4NLKX9sb24qFwnwzg7VA4sc9A7oT4mHchST2Zn925vFg6oXwSNH2o745WWvtkZMpGmS9D4mLLT7crJSjjxKs1qhS,7LscpY288mvuC8kBax5KhcxH9BucLs9cCndo2HUi5xWb,BfBqvwoNLVSEvrjukaRUdex72PEF234oY8RogGtqFRZv,2025-04-13T04:51:03Z,4NLKX9sb24qFwnwzg7VA4sc9A7oT4mHchST2Zn925vFg6oXwSNH2o745WWvtkZMpGmS9D4mLLT7crJSjjxKs1qhS,2026-08-25T07:31:11.000Z,4rtP3LQdxEFrF724Pcfj9eTdaMqDrbmvi11ewwfNYdLQTN1Zi9niu13zAFrmkA5n1V2cgfjmM8vUtzGWXEcmBYKc,DUNE_LIVE,LIVE_POST_BASELINE
7GmhHXr35ordyBu33AhZpxqi5rA6BkasJdCVF4vbb7ac,0,,,8TAx5eRzjvYioRmc83vrzWuEzhav63ccEs7ZuzndxddU,1,Cwg4F9HnwEKktX662TLjYvUjvZStpQHss9BasJYSaGPj,8TAx5eRzjvYioRmc83vrzWuEzhav63ccEs7ZuzndxddU,2022-10-24T13:15:33Z,67iP82zpEqhogFK1a7XwS7ep5gveFu3B7EBtNf85taqgwwocXfFqFQgvSN12HMUTV5HxAcBuLw4bP3J5SD2xXuGP,Cwg4F9HnwEKktX662TLjYvUjvZStpQHss9BasJYSaGPj,8TAx5eRzjvYioRmc83vrzWuEzhav63ccEs7ZuzndxddU,2022-10-24T13:15:33Z,67iP82zpEqhogFK1a7XwS7ep5gveFu3B7EBtNf85taqgwwocXfFqFQgvSN12HMUTV5HxAcBuLw4bP3J5SD2xXuGP,2026-08-28T06:25:53Z,3wyPJbJFHo4Fvu7Und18ezfHzbJFeq5FuiuZQzTTQAzrrC7RmAWXjXmonJge3e898SwmhStEUrJE6grUaYQ74KcV,INDEPENDENT_LIVE,LIVE_POST_CUTOVER
7HJFDBLcdFMXoFB7Q5L9zaZe8gg6edgKBEaHKZnS291W,0,,,8TAx5eRzjvYioRmc83vrzWuEzhav63ccEs7ZuzndxddU,1,Cwg4F9HnwEKktX662TLjYvUjvZStpQHss9BasJYSaGPj,8TAx5eRzjvYioRmc83vrzWuEzhav63ccEs7ZuzndxddU,2026-04-04T01:29:51Z,2inRHQtcjTV43x37VFYssGWRBjAH9ehsVfUWKnXBWbpvEM9avNBQWhjDLpi6L9g92rEJi1qnuAR5MxUdZAA9R2Hf,Cwg4F9HnwEKktX662TLjYvUjvZStpQHss9BasJYSaGPj,8TAx5eRzjvYioRmc83vrzWuEzhav63ccEs7ZuzndxddU,2026-04-04T01:29:51Z,2inRHQtcjTV43x37VFYssGWRBjAH9ehsVfUWKnXBWbpvEM9avNBQWhjDLpi6L9g92rEJi1qnuAR5MxUdZAA9R2Hf,2026-08-28T06:25:53Z,3wyPJbJFHo4Fvu7Und18ezfHzbJFeq5FuiuZQzTTQAzrrC7RmAWXjXmonJge3e898SwmhStEUrJE6grUaYQ74KcV,INDEPENDENT_LIVE,LIVE_POST_CUTOVER
7HzGPcxEABm8sMUpEo3YnbYRB9wEFHtQZWDjV5mqJFBM,0,,,5rEfNxZ9czZ5aFAVc3CNLJMdKP5Yy58EMPW7p5Naq1jb,1,HCWQuh29WhHNkTam3vrV2DrWuBDyHzcSVDrLAgo2pph6,5rEfNxZ9czZ5aFAVc3CNLJMdKP5Yy58EMPW7p5Naq1jb,2025-05-05T06:53:40Z,XZiiaAU26zAvCAqf1S89sNCy6V5yE2UbsnhR62ahCRCr3aFHShCDxBq6huo4koDZWti2qb2z4wt6zpgy2A8SR2z,HCWQuh29WhHNkTam3vrV2DrWuBDyHzcSVDrLAgo2pph6,5rEfNxZ9czZ5aFAVc3CNLJMdKP5Yy58EMPW7p5Naq1jb,2025-05-05T06:53:40Z,XZiiaAU26zAvCAqf1S89sNCy6V5yE2UbsnhR62ahCRCr3aFHShCDxBq6huo4koDZWti2qb2z4wt6zpgy2A8SR2z,2026-08-17T14:06:03.000Z,3k15GgaM5brAMcpjjwvufSkYd9MTUVQQr46zpR9maZcR5W2Z5nobxMxGYP7FataRN5R2YSPoCxyZDWjsjAU3QSS4,DUNE_LIVE,LIVE_POST_BASELINE
7LRechNQj4YKxzTpahTvU4SFWHSfqo7pP9tx5FW5JLFH,0,,,38Bj4DFXhAkDxB6Atj66kdxGZfhZEC3ejRX1HDh1YFKj,1,8Vpqxxbon9s4Hnk2eMhysjx6XKjHiUgEUAm3MSq9yQv2,38Bj4DFXhAkDxB6Atj66kdxGZfhZEC3ejRX1HDh1YFKj,2025-04-26T14:35:16Z,4brHwXCzC2HdfC5YEFjE8fj27cEZ5jxkYvGtkSP1YdbiRGoz1LTy2ytyJNCqKyo6HMkxNcTn9FRY42DNCn7A1Xtz,8Vpqxxbon9s4Hnk2eMhysjx6XKjHiUgEUAm3MSq9yQv2,38Bj4DFXhAkDxB6Atj66kdxGZfhZEC3ejRX1HDh1YFKj,2025-04-26T14:35:16Z,4brHwXCzC2HdfC5YEFjE8fj27cEZ5jxkYvGtkSP1YdbiRGoz1LTy2ytyJNCqKyo6HMkxNcTn9FRY42DNCn7A1Xtz,2026-08-21T19:39:25.000Z,4AT1PFFkyADXcz2QFJi78yrTeP8dAhFkfWJU5JCvpEx2a7pWsAxn14owrdqpvwkTU7bAzxxCYoBijEksgty9W6qe,DUNE_LIVE,LIVE_POST_BASELINE
7Lp1Cnkssj7hRbvTnGgQzbBfpNSsFKep1btYEzPxqD2t,0,,,8TAx5eRzjvYioRmc83vrzWuEzhav63ccEs7ZuzndxddU,1,Cwg4F9HnwEKktX662TLjYvUjvZStpQHss9BasJYSaGPj,8TAx5eRzjvYioRmc83vrzWuEzhav63ccEs7ZuzndxddU,2026-06-29T18:48:11Z,541z7zMeN1LFYPo4d8JBLd4FXZQ8EphiUp1BjVb66HoHWhPdtLk89ZEHEziLTCrFS6LMrqtYpUY3LuTs7RuwwTPT,Cwg4F9HnwEKktX662TLjYvUjvZStpQHss9BasJYSaGPj,8TAx5eRzjvYioRmc83vrzWuEzhav63ccEs7ZuzndxddU,2026-06-29T18:48:11Z,541z7zMeN1LFYPo4d8JBLd4FXZQ8EphiUp1BjVb66HoHWhPdtLk89ZEHEziLTCrFS6LMrqtYpUY3LuTs7RuwwTPT,2026-08-28T06:25:53Z,3wyPJbJFHo4Fvu7Und18ezfHzbJFeq5FuiuZQzTTQAzrrC7RmAWXjXmonJge3e898SwmhStEUrJE6grUaYQ74KcV,INDEPENDENT_LIVE,LIVE_POST_CUTOVER
7PUXkM5omvK3mf8kKsaVVayzWvWUo8fGDj32L7mRNd5d,0,,,8TAx5eRzjvYioRmc83vrzWuEzhav63ccEs7ZuzndxddU,1,Cwg4F9HnwEKktX662TLjYvUjvZStpQHss9BasJYSaGPj,8TAx5eRzjvYioRmc83vrzWuEzhav63ccEs7ZuzndxddU,2022-08-15T08:10:52Z,bmk4uVK8jGXu3EvF53nXzm7nAPEr8PnJTbjA1AjZiAFKqw9LfmDBUw9pgfZWL87YfYc8Aea5hPnQp8xnb5dqGMV,Cwg4F9HnwEKktX662TLjYvUjvZStpQHss9BasJYSaGPj,8TAx5eRzjvYioRmc83vrzWuEzhav63ccEs7ZuzndxddU,2022-08-15T08:10:52Z,bmk4uVK8jGXu3EvF53nXzm7nAPEr8PnJTbjA1AjZiAFKqw9LfmDBUw9pgfZWL87YfYc8Aea5hPnQp8xnb5dqGMV,2026-08-28T06:25:53Z,3wyPJbJFHo4Fvu7Und18ezfHzbJFeq5FuiuZQzTTQAzrrC7RmAWXjXmonJge3e898SwmhStEUrJE6grUaYQ74KcV,INDEPENDENT_LIVE,LIVE_POST_CUTOVER
7PtbeeXbCerhsdH5e9dSi2HQxcdDamgRi3g7s1ASpudS,0,,,BfBqvwoNLVSEvrjukaRUdex72PEF234oY8RogGtqFRZv,1,7LscpY288mvuC8kBax5KhcxH9BucLs9cCndo2HUi5xWb,BfBqvwoNLVSEvrjukaRUdex72PEF234oY8RogGtqFRZv,2025-12-01T14:40:45Z,5ucFxfT4RrryPQj9XZjJUyUhJXGxSWPuFiv7JkjrJ2sgYSW9wkfkYgqJL4ftxyKBzdvHAB9hD2TWzvWvhzvVkx31,7LscpY288mvuC8kBax5KhcxH9BucLs9cCndo2HUi5xWb,BfBqvwoNLVSEvrjukaRUdex72PEF234oY8RogGtqFRZv,2025-12-01T14:40:45Z,5ucFxfT4RrryPQj9XZjJUyUhJXGxSWPuFiv7JkjrJ2sgYSW9wkfkYgqJL4ftxyKBzdvHAB9hD2TWzvWvhzvVkx31,2026-08-25T07:31:11.000Z,4rtP3LQdxEFrF724Pcfj9eTdaMqDrbmvi11ewwfNYdLQTN1Zi9niu13zAFrmkA5n1V2cgfjmM8vUtzGWXEcmBYKc,DUNE_LIVE,LIVE_POST_BASELINE
7UKoyp7h4bXp5jxVb8JjMP7jURtNNh1nEYb7bXMNpocR,0,,,8TAx5eRzjvYioRmc83vrzWuEzhav63ccEs7ZuzndxddU,1,Cwg4F9HnwEKktX662TLjYvUjvZStpQHss9BasJYSaGPj,8TAx5eRzjvYioRmc83vrzWuEzhav63ccEs7ZuzndxddU,2022-08-05T06:32:04Z,5YX4HQBwbEZyZFjGHCqrgvf3Arsq1UVCgq2beCLudcFzTFoGoPUaiktGnJvp9UeHpyUqaH91PhX6XrTJdrsYk8ub,Cwg4F9HnwEKktX662TLjYvUjvZStpQHss9BasJYSaGPj,8TAx5eRzjvYioRmc83vrzWuEzhav63ccEs7ZuzndxddU,2022-08-05T06:32:04Z,5YX4HQBwbEZyZFjGHCqrgvf3Arsq1UVCgq2beCLudcFzTFoGoPUaiktGnJvp9UeHpyUqaH91PhX6XrTJdrsYk8ub,2026-08-28T06:25:53Z,3wyPJbJFHo4Fvu7Und18ezfHzbJFeq5FuiuZQzTTQAzrrC7RmAWXjXmonJge3e898SwmhStEUrJE6grUaYQ74KcV,INDEPENDENT_LIVE,LIVE_POST_CUTOVER
7VxeFr13ym7TJ3kiiymRK5JfYqxVUdgxm7rWdv2zvMJ1,0,,,DM5YNogviE6YxVESWYG9TaZ9q4qiBLAJmxnA1LQRFMGZ,1,B1Pv8HZNHGdXC8qTsNGLCJKpnoetE2Y52RyeoJW9pE5Z,DM5YNogviE6YxVESWYG9TaZ9q4qiBLAJmxnA1LQRFMGZ,2025-04-15T02:20:37Z,DStC2DLPrt4uKMe5LHnw1gov13Q8swfaJwH3rzp9bGZd9yTz5BZ4EnT5Tnde3kE3eRQfeAfJNdoSn9zQmZWUocN,B1Pv8HZNHGdXC8qTsNGLCJKpnoetE2Y52RyeoJW9pE5Z,DM5YNogviE6YxVESWYG9TaZ9q4qiBLAJmxnA1LQRFMGZ,2025-04-15T02:20:37Z,DStC2DLPrt4uKMe5LHnw1gov13Q8swfaJwH3rzp9bGZd9yTz5BZ4EnT5Tnde3kE3eRQfeAfJNdoSn9zQmZWUocN,2026-08-31T09:39:48Z,5rqET3n1SkPB9jrcz8yM3KNBt6b2Q925G69tDBYwhL5yd6cLZzD3gSDSSgsbFqwtJkuaCoAvuRNq3eCNaKxhpdWi,INDEPENDENT_LIVE,LIVE_POST_CUTOVER
7W4L3sXyBiiGcuk98jw3Rx8K6LfMC7HdQ5onWbwhEWnA,0,,,BfBqvwoNLVSEvrjukaRUdex72PEF234oY8RogGtqFRZv,1,7LscpY288mvuC8kBax5KhcxH9BucLs9cCndo2HUi5xWb,BfBqvwoNLVSEvrjukaRUdex72PEF234oY8RogGtqFRZv,2025-12-01T14:27:34Z,4ygb9Z3NdCnXryHVEXkRys7RFNJkpbYK7zsZvvNErX7i2kxsEwFcixajrB9z6t6Kv3ez3QfKoEMw6S1y3w19TPJA,7LscpY288mvuC8kBax5KhcxH9BucLs9cCndo2HUi5xWb,BfBqvwoNLVSEvrjukaRUdex72PEF234oY8RogGtqFRZv,2025-12-01T14:27:34Z,4ygb9Z3NdCnXryHVEXkRys7RFNJkpbYK7zsZvvNErX7i2kxsEwFcixajrB9z6t6Kv3ez3QfKoEMw6S1y3w19TPJA,2026-08-25T07:31:11.000Z,4rtP3LQdxEFrF724Pcfj9eTdaMqDrbmvi11ewwfNYdLQTN1Zi9niu13zAFrmkA5n1V2cgfjmM8vUtzGWXEcmBYKc,DUNE_LIVE,LIVE_POST_BASELINE
7WKqGU6pXM6bn5ehacY5AMGXcqQVPAeVisnadKw8q7iE,0,,,8TAx5eRzjvYioRmc83vrzWuEzhav63ccEs7ZuzndxddU,1,Cwg4F9HnwEKktX662TLjYvUjvZStpQHss9BasJYSaGPj,8TAx5eRzjvYioRmc83vrzWuEzhav63ccEs7ZuzndxddU,2026-04-04T01:29:55Z,3CSiRg9r1PKq4QjjaicHnKXsrwcwBGKst86pjfAaS31Lskgv94LvM8jCPB12gFRhhXLFmSdw8BuhXDBUWCCSm8eL,Cwg4F9HnwEKktX662TLjYvUjvZStpQHss9BasJYSaGPj,8TAx5eRzjvYioRmc83vrzWuEzhav63ccEs7ZuzndxddU,2026-04-04T01:29:55Z,3CSiRg9r1PKq4QjjaicHnKXsrwcwBGKst86pjfAaS31Lskgv94LvM8jCPB12gFRhhXLFmSdw8BuhXDBUWCCSm8eL,2026-08-28T06:25:53Z,3wyPJbJFHo4Fvu7Und18ezfHzbJFeq5FuiuZQzTTQAzrrC7RmAWXjXmonJge3e898SwmhStEUrJE6grUaYQ74KcV,INDEPENDENT_LIVE,LIVE_POST_CUTOVER
7WLL8Kh9KPaxMXTqRzuypUQoBr8LnG3741uJuScNrfV5,0,,,BfBqvwoNLVSEvrjukaRUdex72PEF234oY8RogGtqFRZv,1,7LscpY288mvuC8kBax5KhcxH9BucLs9cCndo2HUi5xWb,BfBqvwoNLVSEvrjukaRUdex72PEF234oY8RogGtqFRZv,2025-12-01T14:41:28Z,5Sfv3UTSatKm1i4FjWmbfig1VubGz6SLZ5vBkrLoiDMjrnKxiAKqkAFWEeAezQPE5Ue39DvAGuLyf4YzZ9jz2TsU,7LscpY288mvuC8kBax5KhcxH9BucLs9cCndo2HUi5xWb,BfBqvwoNLVSEvrjukaRUdex72PEF234oY8RogGtqFRZv,2025-12-01T14:41:28Z,5Sfv3UTSatKm1i4FjWmbfig1VubGz6SLZ5vBkrLoiDMjrnKxiAKqkAFWEeAezQPE5Ue39DvAGuLyf4YzZ9jz2TsU,2026-08-25T07:31:11.000Z,4rtP3LQdxEFrF724Pcfj9eTdaMqDrbmvi11ewwfNYdLQTN1Zi9niu13zAFrmkA5n1V2cgfjmM8vUtzGWXEcmBYKc,DUNE_LIVE,LIVE_POST_BASELINE
7WUcKd8RvJ7LqYbU9dWUDfma3h9hsoHPETh7Swbgx9jf,0,,,BfBqvwoNLVSEvrjukaRUdex72PEF234oY8RogGtqFRZv,1,7LscpY288mvuC8kBax5KhcxH9BucLs9cCndo2HUi5xWb,BfBqvwoNLVSEvrjukaRUdex72PEF234oY8RogGtqFRZv,2025-04-13T04:51:57Z,4GYJ5XFE7AFx9v5bUuBs8QAYCGLwKTuCA5Rhp5UxL82kjieZxN1nFxx5CSSi11gZyxWeg1Jus6fSeG68GvRLyzi6,7LscpY288mvuC8kBax5KhcxH9BucLs9cCndo2HUi5xWb,BfBqvwoNLVSEvrjukaRUdex72PEF234oY8RogGtqFRZv,2025-04-13T04:51:57Z,4GYJ5XFE7AFx9v5bUuBs8QAYCGLwKTuCA5Rhp5UxL82kjieZxN1nFxx5CSSi11gZyxWeg1Jus6fSeG68GvRLyzi6,2026-08-25T07:31:11.000Z,4rtP3LQdxEFrF724Pcfj9eTdaMqDrbmvi11ewwfNYdLQTN1Zi9niu13zAFrmkA5n1V2cgfjmM8vUtzGWXEcmBYKc,DUNE_LIVE,LIVE_POST_BASELINE
7b613uWpDC4dc6psK3HqH7x7Wp1zTMm9eMG7ZWwamDn9,0,,,BfBqvwoNLVSEvrjukaRUdex72PEF234oY8RogGtqFRZv,1,7LscpY288mvuC8kBax5KhcxH9BucLs9cCndo2HUi5xWb,BfBqvwoNLVSEvrjukaRUdex72PEF234oY8RogGtqFRZv,2025-12-01T14:35:52Z,3v9VRygVaTY7BHqdBMLfXyWabgPbhyTXZXeySeoW1gCA4WgvVwSoxu3mm9vzyz3SWrqgbPrGuQMuxPGqbFJwkGtX,7LscpY288mvuC8kBax5KhcxH9BucLs9cCndo2HUi5xWb,BfBqvwoNLVSEvrjukaRUdex72PEF234oY8RogGtqFRZv,2025-12-01T14:35:52Z,3v9VRygVaTY7BHqdBMLfXyWabgPbhyTXZXeySeoW1gCA4WgvVwSoxu3mm9vzyz3SWrqgbPrGuQMuxPGqbFJwkGtX,2026-08-25T07:31:11.000Z,4rtP3LQdxEFrF724Pcfj9eTdaMqDrbmvi11ewwfNYdLQTN1Zi9niu13zAFrmkA5n1V2cgfjmM8vUtzGWXEcmBYKc,DUNE_LIVE,LIVE_POST_BASELINE
7bmhy2sCy7Jv9yYbXTLsQFGvSHHthSGT9KqhU7EhcVVQ,0,,,BFpTSgrkFXFycgvaraoSt75osy6EgKEeivXUgxz3AdEz,1,FnqEYzRtDV1zHUaEFycnGS6F3SCmjAvMLsNQQrnQcLPN,BFpTSgrkFXFycgvaraoSt75osy6EgKEeivXUgxz3AdEz,2025-12-26T04:31:04Z,513bCoa3C5AJuZbVHqj6Ava4yb3jWpi3odDDpWmKWDnfzMcwYjDiUMmp4CEY8etW2UNCgeckVzHywB788MLb3Yyn,FnqEYzRtDV1zHUaEFycnGS6F3SCmjAvMLsNQQrnQcLPN,BFpTSgrkFXFycgvaraoSt75osy6EgKEeivXUgxz3AdEz,2025-12-26T04:31:04Z,513bCoa3C5AJuZbVHqj6Ava4yb3jWpi3odDDpWmKWDnfzMcwYjDiUMmp4CEY8etW2UNCgeckVzHywB788MLb3Yyn,2026-08-30T18:20:59Z,4rGPKBHqqLhzjS6Y5dbuTSUCxKq4LmSxk1LUGZhanbv1vBDdiFLqSGyEReA7P3gTAkqXnVWTFdxGw69fkJjsw87Z,INDEPENDENT_LIVE,LIVE_POST_CUTOVER
7btPEb2cWxoL8rd5jWwMT3vtNKDWKkNc748hZ9JD8qXa,0,,,BfBqvwoNLVSEvrjukaRUdex72PEF234oY8RogGtqFRZv,1,7LscpY288mvuC8kBax5KhcxH9BucLs9cCndo2HUi5xWb,BfBqvwoNLVSEvrjukaRUdex72PEF234oY8RogGtqFRZv,2025-12-01T14:26:55Z,3jRXnJnFZ255TxH5EikTpqhEgxp164oDAahY94RkT698GGKjb1ePjUBHRkp3emb5RitEDBwNRKRjGKS2UHc1XD29,7LscpY288mvuC8kBax5KhcxH9BucLs9cCndo2HUi5xWb,BfBqvwoNLVSEvrjukaRUdex72PEF234oY8RogGtqFRZv,2025-12-01T14:26:55Z,3jRXnJnFZ255TxH5EikTpqhEgxp164oDAahY94RkT698GGKjb1ePjUBHRkp3emb5RitEDBwNRKRjGKS2UHc1XD29,2026-08-25T07:31:11.000Z,4rtP3LQdxEFrF724Pcfj9eTdaMqDrbmvi11ewwfNYdLQTN1Zi9niu13zAFrmkA5n1V2cgfjmM8vUtzGWXEcmBYKc,DUNE_LIVE,LIVE_POST_BASELINE
7eTSob5AT2qAw6mRpbpHdb8m6aALrg6AV9aiiDvySzgy,0,,,8TAx5eRzjvYioRmc83vrzWuEzhav63ccEs7ZuzndxddU,1,Cwg4F9HnwEKktX662TLjYvUjvZStpQHss9BasJYSaGPj,8TAx5eRzjvYioRmc83vrzWuEzhav63ccEs7ZuzndxddU,2022-08-20T08:30:45Z,5snWdEzP9ieTVEs3oDZSauwXcPJ6BETDG4ERd91K1Bhk4ZSCn1Zz885NdRHdEkiHS7gtnNkjohjHKQgCXoainxGg,Cwg4F9HnwEKktX662TLjYvUjvZStpQHss9BasJYSaGPj,8TAx5eRzjvYioRmc83vrzWuEzhav63ccEs7ZuzndxddU,2022-08-20T08:30:45Z,5snWdEzP9ieTVEs3oDZSauwXcPJ6BETDG4ERd91K1Bhk4ZSCn1Zz885NdRHdEkiHS7gtnNkjohjHKQgCXoainxGg,2026-08-28T06:25:53Z,3wyPJbJFHo4Fvu7Und18ezfHzbJFeq5FuiuZQzTTQAzrrC7RmAWXjXmonJge3e898SwmhStEUrJE6grUaYQ74KcV,INDEPENDENT_LIVE,LIVE_POST_CUTOVER
7f2YdU9AdjpeYZDfnopdzZWgQcTwLcFhgh85gLER4PKX,0,,,BfBqvwoNLVSEvrjukaRUdex72PEF234oY8RogGtqFRZv,1,7LscpY288mvuC8kBax5KhcxH9BucLs9cCndo2HUi5xWb,BfBqvwoNLVSEvrjukaRUdex72PEF234oY8RogGtqFRZv,2025-12-01T14:26:14Z,ZhAqSu97ZzXp21AP4mgL6diLfUaGpWaNuGxDnkCQwxV4V7Y3KVhXeZYPs5k6BRDVmPNsa87B3PPiqExo8hUywB2,7LscpY288mvuC8kBax5KhcxH9BucLs9cCndo2HUi5xWb,BfBqvwoNLVSEvrjukaRUdex72PEF234oY8RogGtqFRZv,2025-12-01T14:26:14Z,ZhAqSu97ZzXp21AP4mgL6diLfUaGpWaNuGxDnkCQwxV4V7Y3KVhXeZYPs5k6BRDVmPNsa87B3PPiqExo8hUywB2,2026-08-25T07:31:11.000Z,4rtP3LQdxEFrF724Pcfj9eTdaMqDrbmvi11ewwfNYdLQTN1Zi9niu13zAFrmkA5n1V2cgfjmM8vUtzGWXEcmBYKc,DUNE_LIVE,LIVE_POST_BASELINE
7fNr2H3J3HcnwHqnnZ3LRm4rrsD46AJpWg7BMHmBPLfJ,0,,,BfBqvwoNLVSEvrjukaRUdex72PEF234oY8RogGtqFRZv,1,7LscpY288mvuC8kBax5KhcxH9BucLs9cCndo2HUi5xWb,BfBqvwoNLVSEvrjukaRUdex72PEF234oY8RogGtqFRZv,2025-12-01T14:38:26Z,64biQUmkcVJKnm9WKXmhy7wJj4ZQ3tB4BCro8h2eRfoVXWDVsr2GPjtgn214pLPD7PsFvYai6S5Y12jAXoSpkYq1,7LscpY288mvuC8kBax5KhcxH9BucLs9cCndo2HUi5xWb,BfBqvwoNLVSEvrjukaRUdex72PEF234oY8RogGtqFRZv,2025-12-01T14:38:26Z,64biQUmkcVJKnm9WKXmhy7wJj4ZQ3tB4BCro8h2eRfoVXWDVsr2GPjtgn214pLPD7PsFvYai6S5Y12jAXoSpkYq1,2026-08-25T07:31:11.000Z,4rtP3LQdxEFrF724Pcfj9eTdaMqDrbmvi11ewwfNYdLQTN1Zi9niu13zAFrmkA5n1V2cgfjmM8vUtzGWXEcmBYKc,DUNE_LIVE,LIVE_POST_BASELINE
7gevN7zKHdu4stprJXr7ioHqnsTbA71xXsAKVygdvKGT,0,,,BfBqvwoNLVSEvrjukaRUdex72PEF234oY8RogGtqFRZv,1,7LscpY288mvuC8kBax5KhcxH9BucLs9cCndo2HUi5xWb,BfBqvwoNLVSEvrjukaRUdex72PEF234oY8RogGtqFRZv,2025-12-01T14:20:39Z,2u7tYwZpai8B3kccG7Q5xHHk5iouiH7MvhZwss2fy3jyfexiRT9FuzvUiwDkbi4TL1qX8epbFvyEgTa4irHWJtam,7LscpY288mvuC8kBax5KhcxH9BucLs9cCndo2HUi5xWb,BfBqvwoNLVSEvrjukaRUdex72PEF234oY8RogGtqFRZv,2025-12-01T14:20:39Z,2u7tYwZpai8B3kccG7Q5xHHk5iouiH7MvhZwss2fy3jyfexiRT9FuzvUiwDkbi4TL1qX8epbFvyEgTa4irHWJtam,2026-08-25T07:31:11.000Z,4rtP3LQdxEFrF724Pcfj9eTdaMqDrbmvi11ewwfNYdLQTN1Zi9niu13zAFrmkA5n1V2cgfjmM8vUtzGWXEcmBYKc,DUNE_LIVE,LIVE_POST_BASELINE
7hANntepX5YqKZxMv6Qp4dgR8ypEm379DJvi6Hc8ouDP,0,,,BfBqvwoNLVSEvrjukaRUdex72PEF234oY8RogGtqFRZv,1,7LscpY288mvuC8kBax5KhcxH9BucLs9cCndo2HUi5xWb,BfBqvwoNLVSEvrjukaRUdex72PEF234oY8RogGtqFRZv,2025-12-01T14:20:58Z,5FWF18qfMe1LsXLKFfdDhC3kgqoBPWiLyCQsJ6u7baqH5X7Z4CBFTKWjcmz1fG3bBx9zxdy836zqLS2fZGVGXTZy,7LscpY288mvuC8kBax5KhcxH9BucLs9cCndo2HUi5xWb,BfBqvwoNLVSEvrjukaRUdex72PEF234oY8RogGtqFRZv,2025-12-01T14:20:58Z,5FWF18qfMe1LsXLKFfdDhC3kgqoBPWiLyCQsJ6u7baqH5X7Z4CBFTKWjcmz1fG3bBx9zxdy836zqLS2fZGVGXTZy,2026-08-25T07:31:11.000Z,4rtP3LQdxEFrF724Pcfj9eTdaMqDrbmvi11ewwfNYdLQTN1Zi9niu13zAFrmkA5n1V2cgfjmM8vUtzGWXEcmBYKc,DUNE_LIVE,LIVE_POST_BASELINE
7j3Y4LosxDwwFNth3Dv8Q54cGc6wCiUU9abByCC29uRX,0,,,8TAx5eRzjvYioRmc83vrzWuEzhav63ccEs7ZuzndxddU,1,Cwg4F9HnwEKktX662TLjYvUjvZStpQHss9BasJYSaGPj,8TAx5eRzjvYioRmc83vrzWuEzhav63ccEs7ZuzndxddU,2022-09-09T09:27:13Z,vejSAF5HhDcnZsCB6kJ29Bzn9rUMzeHjZTGZ2qeCY2XNPLmquWQAnYGBh2UosY8cryFYkYGH5Tw3L6qe17C3mMC,Cwg4F9HnwEKktX662TLjYvUjvZStpQHss9BasJYSaGPj,8TAx5eRzjvYioRmc83vrzWuEzhav63ccEs7ZuzndxddU,2022-09-09T09:27:13Z,vejSAF5HhDcnZsCB6kJ29Bzn9rUMzeHjZTGZ2qeCY2XNPLmquWQAnYGBh2UosY8cryFYkYGH5Tw3L6qe17C3mMC,2026-08-28T06:25:53Z,3wyPJbJFHo4Fvu7Und18ezfHzbJFeq5FuiuZQzTTQAzrrC7RmAWXjXmonJge3e898SwmhStEUrJE6grUaYQ74KcV,INDEPENDENT_LIVE,LIVE_POST_CUTOVER
7jN5qgPkBdhL5u2LzDks2kADPnfM2gBHNAa7cV6govfg,0,,,Db1meMQEgj8dCwzhR5W6coWt1yV4iEaQsYPKKDyGRUqW,1,Do9VaY2ru9QtaTWdhmuwc2Z9rj4rZ7D6EShdLTvxnp6h,Db1meMQEgj8dCwzhR5W6coWt1yV4iEaQsYPKKDyGRUqW,2025-10-29T10:08:57Z,3H6dx14iUfxU6xMnsU9YK4ZcReMRHuLaM7RF3MqZLxKECDYc447dCCAdPYc1sYEPinsMqGSwD7tSqFE54RH4tD44,Do9VaY2ru9QtaTWdhmuwc2Z9rj4rZ7D6EShdLTvxnp6h,Db1meMQEgj8dCwzhR5W6coWt1yV4iEaQsYPKKDyGRUqW,2025-10-29T10:08:57Z,3H6dx14iUfxU6xMnsU9YK4ZcReMRHuLaM7RF3MqZLxKECDYc447dCCAdPYc1sYEPinsMqGSwD7tSqFE54RH4tD44,2026-08-26T21:34:16Z,5y9KKMidZA2pNm3QLD2z2j7BfPbwsAQt6HEVyCQMK7sSkCy7PRQUy35JJG3GRnTBDLDeD6YVxYpw9nXSayk6pTiK,INDEPENDENT_LIVE,LIVE_POST_CUTOVER
7kJ3StAZimRZbTyain8HvBi5ZWnVNr7aL8RPz8h21F4g,0,,,BfBqvwoNLVSEvrjukaRUdex72PEF234oY8RogGtqFRZv,1,7LscpY288mvuC8kBax5KhcxH9BucLs9cCndo2HUi5xWb,BfBqvwoNLVSEvrjukaRUdex72PEF234oY8RogGtqFRZv,2025-12-01T14:43:30Z,44kMvq2BJ2Hai2i7Sg4GdUwQ9xxo94ETFjLaX9aWwezHZJ2cxFzQf56rZaAdDmYWN87kKhrMtc2Hnf8K89yz194b,7LscpY288mvuC8kBax5KhcxH9BucLs9cCndo2HUi5xWb,BfBqvwoNLVSEvrjukaRUdex72PEF234oY8RogGtqFRZv,2025-12-01T14:43:30Z,44kMvq2BJ2Hai2i7Sg4GdUwQ9xxo94ETFjLaX9aWwezHZJ2cxFzQf56rZaAdDmYWN87kKhrMtc2Hnf8K89yz194b,2026-08-25T07:31:11.000Z,4rtP3LQdxEFrF724Pcfj9eTdaMqDrbmvi11ewwfNYdLQTN1Zi9niu13zAFrmkA5n1V2cgfjmM8vUtzGWXEcmBYKc,DUNE_LIVE,LIVE_POST_BASELINE
7mFUA6naR9uv2L6HVtFnDXHvD6mPYFrHbZd2JNdvq6cC,0,,,38Bj4DFXhAkDxB6Atj66kdxGZfhZEC3ejRX1HDh1YFKj,1,8Vpqxxbon9s4Hnk2eMhysjx6XKjHiUgEUAm3MSq9yQv2,38Bj4DFXhAkDxB6Atj66kdxGZfhZEC3ejRX1HDh1YFKj,2025-04-26T14:34:58Z,4eAmLVsZLpoFQunqR9mR9yntYVL3NLkLsREujMGZbur2L2Wn76woWZrUFG18obFiU73znGVPokVy5sLbWkhiNWHz,8Vpqxxbon9s4Hnk2eMhysjx6XKjHiUgEUAm3MSq9yQv2,38Bj4DFXhAkDxB6Atj66kdxGZfhZEC3ejRX1HDh1YFKj,2025-04-26T14:34:58Z,4eAmLVsZLpoFQunqR9mR9yntYVL3NLkLsREujMGZbur2L2Wn76woWZrUFG18obFiU73znGVPokVy5sLbWkhiNWHz,2026-08-21T19:39:25.000Z,4AT1PFFkyADXcz2QFJi78yrTeP8dAhFkfWJU5JCvpEx2a7pWsAxn14owrdqpvwkTU7bAzxxCYoBijEksgty9W6qe,DUNE_LIVE,LIVE_POST_BASELINE
7npATLESUWKULhv18kG9SRWHq2XyWo6v1zjjaSeyu1cR,0,,,8TAx5eRzjvYioRmc83vrzWuEzhav63ccEs7ZuzndxddU,1,Cwg4F9HnwEKktX662TLjYvUjvZStpQHss9BasJYSaGPj,8TAx5eRzjvYioRmc83vrzWuEzhav63ccEs7ZuzndxddU,2026-02-22T16:21:19Z,2auEGJuuSa6n8ff4AuQotEAG7CscYS4ZcToofZ3ZK2DtPi7RCWMAZZkswhUT2Tqcix8NpmhVAPkNj5tMhMnjiMcY,Cwg4F9HnwEKktX662TLjYvUjvZStpQHss9BasJYSaGPj,8TAx5eRzjvYioRmc83vrzWuEzhav63ccEs7ZuzndxddU,2026-02-22T16:21:19Z,2auEGJuuSa6n8ff4AuQotEAG7CscYS4ZcToofZ3ZK2DtPi7RCWMAZZkswhUT2Tqcix8NpmhVAPkNj5tMhMnjiMcY,2026-08-28T06:25:53Z,3wyPJbJFHo4Fvu7Und18ezfHzbJFeq5FuiuZQzTTQAzrrC7RmAWXjXmonJge3e898SwmhStEUrJE6grUaYQ74KcV,INDEPENDENT_LIVE,LIVE_POST_CUTOVER
7oLzpUVsdnfJYKk7TnkoWP9EQPJKst6d5CToDYozHMz3,0,,,8TAx5eRzjvYioRmc83vrzWuEzhav63ccEs7ZuzndxddU,1,Cwg4F9HnwEKktX662TLjYvUjvZStpQHss9BasJYSaGPj,8TAx5eRzjvYioRmc83vrzWuEzhav63ccEs7ZuzndxddU,2023-08-02T18:50:43Z,22f54y9PnUt6fwMJSk7jqh61VDVoYYby7MHo4N4uxK3t8sxsgLCaYuNqWeUFrfHSdaKJgxSuHaaJAgmZA1jEjcJU,Cwg4F9HnwEKktX662TLjYvUjvZStpQHss9BasJYSaGPj,8TAx5eRzjvYioRmc83vrzWuEzhav63ccEs7ZuzndxddU,2023-08-02T18:50:43Z,22f54y9PnUt6fwMJSk7jqh61VDVoYYby7MHo4N4uxK3t8sxsgLCaYuNqWeUFrfHSdaKJgxSuHaaJAgmZA1jEjcJU,2026-08-28T06:25:53Z,3wyPJbJFHo4Fvu7Und18ezfHzbJFeq5FuiuZQzTTQAzrrC7RmAWXjXmonJge3e898SwmhStEUrJE6grUaYQ74KcV,INDEPENDENT_LIVE,LIVE_POST_CUTOVER
7pRfJWEKqxiCQkstzf6NRtZ3qxqsLyD2jozSp7fjbwdD,0,,,BfBqvwoNLVSEvrjukaRUdex72PEF234oY8RogGtqFRZv,1,7LscpY288mvuC8kBax5KhcxH9BucLs9cCndo2HUi5xWb,BfBqvwoNLVSEvrjukaRUdex72PEF234oY8RogGtqFRZv,2025-12-01T14:31:11Z,iEZtwbYJkJ8DRkU7DZQ3ZKwxVGS25HRL5Cwojg4iffxRzuv9h5aNPYckxLVc4FqpgDBm8i4mS641oC54q9MCXrx,7LscpY288mvuC8kBax5KhcxH9BucLs9cCndo2HUi5xWb,BfBqvwoNLVSEvrjukaRUdex72PEF234oY8RogGtqFRZv,2025-12-01T14:31:11Z,iEZtwbYJkJ8DRkU7DZQ3ZKwxVGS25HRL5Cwojg4iffxRzuv9h5aNPYckxLVc4FqpgDBm8i4mS641oC54q9MCXrx,2026-08-25T07:31:11.000Z,4rtP3LQdxEFrF724Pcfj9eTdaMqDrbmvi11ewwfNYdLQTN1Zi9niu13zAFrmkA5n1V2cgfjmM8vUtzGWXEcmBYKc,DUNE_LIVE,LIVE_POST_BASELINE
7s5M4NRmPsjfqq2VtqsLoMSSAyvkY7maqZYJtf818mun,0,,,BfBqvwoNLVSEvrjukaRUdex72PEF234oY8RogGtqFRZv,1,7LscpY288mvuC8kBax5KhcxH9BucLs9cCndo2HUi5xWb,BfBqvwoNLVSEvrjukaRUdex72PEF234oY8RogGtqFRZv,2025-12-01T14:34:35Z,2AbvWJkamaL4ptBafbVFYr3e8xcFeL6Qpwke6PN8dsUhFKVEVAr2hLPuXPJsnskF63B3uzqYVnEj6b1XY1U6vqBK,7LscpY288mvuC8kBax5KhcxH9BucLs9cCndo2HUi5xWb,BfBqvwoNLVSEvrjukaRUdex72PEF234oY8RogGtqFRZv,2025-12-01T14:34:35Z,2AbvWJkamaL4ptBafbVFYr3e8xcFeL6Qpwke6PN8dsUhFKVEVAr2hLPuXPJsnskF63B3uzqYVnEj6b1XY1U6vqBK,2026-08-25T07:31:11.000Z,4rtP3LQdxEFrF724Pcfj9eTdaMqDrbmvi11ewwfNYdLQTN1Zi9niu13zAFrmkA5n1V2cgfjmM8vUtzGWXEcmBYKc,DUNE_LIVE,LIVE_POST_BASELINE
7vUURziLtf7GLzBtCs8wxGfXdVzjk3rT63XCFUxUWRhC,0,,,BfBqvwoNLVSEvrjukaRUdex72PEF234oY8RogGtqFRZv,1,7LscpY288mvuC8kBax5KhcxH9BucLs9cCndo2HUi5xWb,BfBqvwoNLVSEvrjukaRUdex72PEF234oY8RogGtqFRZv,2025-08-14T10:17:48Z,JuPYrLW1tdTBdapdND2g1sz97AfFFDPGR4rCgvRqRA6v4V9DhLDZ5mfJZtR8uV2jfHf4gXDFroYYJKRtu3BZC5x,7LscpY288mvuC8kBax5KhcxH9BucLs9cCndo2HUi5xWb,BfBqvwoNLVSEvrjukaRUdex72PEF234oY8RogGtqFRZv,2025-08-14T10:17:48Z,JuPYrLW1tdTBdapdND2g1sz97AfFFDPGR4rCgvRqRA6v4V9DhLDZ5mfJZtR8uV2jfHf4gXDFroYYJKRtu3BZC5x,2026-08-25T07:31:11.000Z,4rtP3LQdxEFrF724Pcfj9eTdaMqDrbmvi11ewwfNYdLQTN1Zi9niu13zAFrmkA5n1V2cgfjmM8vUtzGWXEcmBYKc,DUNE_LIVE,LIVE_POST_BASELINE
7xTwKUkPVe5eB5nPs7dxipq5iK5Ea8Gjuh2GAKvMXKzh,0,,,Db1meMQEgj8dCwzhR5W6coWt1yV4iEaQsYPKKDyGRUqW,1,Do9VaY2ru9QtaTWdhmuwc2Z9rj4rZ7D6EShdLTvxnp6h,Db1meMQEgj8dCwzhR5W6coWt1yV4iEaQsYPKKDyGRUqW,2026-07-23T06:43:14Z,2dj8LTBbXf2vnR9dtynBJRuwzcCADAj6uWedRk7GMBdejyUoNwvsd2HrxMbNCSmNLVoeEwNaBrjPFbGtySBV1nZp,Do9VaY2ru9QtaTWdhmuwc2Z9rj4rZ7D6EShdLTvxnp6h,Db1meMQEgj8dCwzhR5W6coWt1yV4iEaQsYPKKDyGRUqW,2026-07-23T06:43:14Z,2dj8LTBbXf2vnR9dtynBJRuwzcCADAj6uWedRk7GMBdejyUoNwvsd2HrxMbNCSmNLVoeEwNaBrjPFbGtySBV1nZp,2026-08-26T21:34:16Z,5y9KKMidZA2pNm3QLD2z2j7BfPbwsAQt6HEVyCQMK7sSkCy7PRQUy35JJG3GRnTBDLDeD6YVxYpw9nXSayk6pTiK,INDEPENDENT_LIVE,LIVE_POST_CUTOVER
7ynq6Hs8GFrSzcXnATQ9RDrm9TLAKQojWbnDH5FcGHmy,0,,,38Bj4DFXhAkDxB6Atj66kdxGZfhZEC3ejRX1HDh1YFKj,1,8Vpqxxbon9s4Hnk2eMhysjx6XKjHiUgEUAm3MSq9yQv2,38Bj4DFXhAkDxB6Atj66kdxGZfhZEC3ejRX1HDh1YFKj,2025-04-26T14:29:40Z,2f2BKtja3N4U4CuzvSTVbLDjcwizgsJM15Rs8YEww8q6bchRJNpoLvV3ThgvGfnY8GNVZC9z46qGAKY91Wt3KwBZ,8Vpqxxbon9s4Hnk2eMhysjx6XKjHiUgEUAm3MSq9yQv2,38Bj4DFXhAkDxB6Atj66kdxGZfhZEC3ejRX1HDh1YFKj,2025-04-26T14:29:40Z,2f2BKtja3N4U4CuzvSTVbLDjcwizgsJM15Rs8YEww8q6bchRJNpoLvV3ThgvGfnY8GNVZC9z46qGAKY91Wt3KwBZ,2026-08-21T19:39:25.000Z,4AT1PFFkyADXcz2QFJi78yrTeP8dAhFkfWJU5JCvpEx2a7pWsAxn14owrdqpvwkTU7bAzxxCYoBijEksgty9W6qe,DUNE_LIVE,LIVE_POST_BASELINE
7yz5hoYf99XCBYnAt2RgX8T368BitsF7HLZF7jT7d3Ro,0,,,BfBqvwoNLVSEvrjukaRUdex72PEF234oY8RogGtqFRZv,1,7LscpY288mvuC8kBax5KhcxH9BucLs9cCndo2HUi5xWb,BfBqvwoNLVSEvrjukaRUdex72PEF234oY8RogGtqFRZv,2025-12-01T14:30:41Z,5Ai8grqUYi2Epj6NkEeV4mX7EpVyTEcjbbosRcpag5a57eDbGKxQdYNUae8qmB4uU2Bh7Tdu6Ho8HtKajeMzSAt4,7LscpY288mvuC8kBax5KhcxH9BucLs9cCndo2HUi5xWb,BfBqvwoNLVSEvrjukaRUdex72PEF234oY8RogGtqFRZv,2025-12-01T14:30:41Z,5Ai8grqUYi2Epj6NkEeV4mX7EpVyTEcjbbosRcpag5a57eDbGKxQdYNUae8qmB4uU2Bh7Tdu6Ho8HtKajeMzSAt4,2026-08-25T07:31:11.000Z,4rtP3LQdxEFrF724Pcfj9eTdaMqDrbmvi11ewwfNYdLQTN1Zi9niu13zAFrmkA5n1V2cgfjmM8vUtzGWXEcmBYKc,DUNE_LIVE,LIVE_POST_BASELINE
81cPwu2TMBuQx47rmJQdPoHu6QHoy2p8MAG9gDy1wc2o,0,,,8TAx5eRzjvYioRmc83vrzWuEzhav63ccEs7ZuzndxddU,1,Cwg4F9HnwEKktX662TLjYvUjvZStpQHss9BasJYSaGPj,8TAx5eRzjvYioRmc83vrzWuEzhav63ccEs7ZuzndxddU,2023-08-02T18:50:56Z,4aApUFXZ8xBRAJMMWDzD4ZUFZnNL9E6Kcc4iQwfJC24gbym6L8a1Ta3Xq7tiX57eAQc38zskg9tXAiTs7iCGP7ar,Cwg4F9HnwEKktX662TLjYvUjvZStpQHss9BasJYSaGPj,8TAx5eRzjvYioRmc83vrzWuEzhav63ccEs7ZuzndxddU,2023-08-02T18:50:56Z,4aApUFXZ8xBRAJMMWDzD4ZUFZnNL9E6Kcc4iQwfJC24gbym6L8a1Ta3Xq7tiX57eAQc38zskg9tXAiTs7iCGP7ar,2026-08-28T06:25:53Z,3wyPJbJFHo4Fvu7Und18ezfHzbJFeq5FuiuZQzTTQAzrrC7RmAWXjXmonJge3e898SwmhStEUrJE6grUaYQ74KcV,INDEPENDENT_LIVE,LIVE_POST_CUTOVER
82X3JuZjXw1Z6Qk2ci1XYAttuTBeZ3PdJYSKKSjjJPVs,0,,,BfBqvwoNLVSEvrjukaRUdex72PEF234oY8RogGtqFRZv,1,7LscpY288mvuC8kBax5KhcxH9BucLs9cCndo2HUi5xWb,BfBqvwoNLVSEvrjukaRUdex72PEF234oY8RogGtqFRZv,2025-04-13T04:53:48Z,4nyARXKbXbE8xUp2HB1jkmDZcwX3wSJRPRnR1QH9wDbz5iYaWHy6V3GoU2a6UQ4tPxPx4cnFTrTi9Jyfucx5p6CS,7LscpY288mvuC8kBax5KhcxH9BucLs9cCndo2HUi5xWb,BfBqvwoNLVSEvrjukaRUdex72PEF234oY8RogGtqFRZv,2025-04-13T04:53:48Z,4nyARXKbXbE8xUp2HB1jkmDZcwX3wSJRPRnR1QH9wDbz5iYaWHy6V3GoU2a6UQ4tPxPx4cnFTrTi9Jyfucx5p6CS,2026-08-25T07:31:11.000Z,4rtP3LQdxEFrF724Pcfj9eTdaMqDrbmvi11ewwfNYdLQTN1Zi9niu13zAFrmkA5n1V2cgfjmM8vUtzGWXEcmBYKc,DUNE_LIVE,LIVE_POST_BASELINE
82oHK8Egqdb4MF4rZrekU7tCZwkvDpYFjAHfjkZemHex,0,,,8TAx5eRzjvYioRmc83vrzWuEzhav63ccEs7ZuzndxddU,1,Cwg4F9HnwEKktX662TLjYvUjvZStpQHss9BasJYSaGPj,8TAx5eRzjvYioRmc83vrzWuEzhav63ccEs7ZuzndxddU,2026-06-29T18:48:06Z,wTHQ1gyvY4PUCGdiNWR18KnD2LDUPDZy93EaRPoVBjswzbZABYdz2pedAQVxWXyM99nZ4U45B5h4kxDmMhGPAsH,Cwg4F9HnwEKktX662TLjYvUjvZStpQHss9BasJYSaGPj,8TAx5eRzjvYioRmc83vrzWuEzhav63ccEs7ZuzndxddU,2026-06-29T18:48:06Z,wTHQ1gyvY4PUCGdiNWR18KnD2LDUPDZy93EaRPoVBjswzbZABYdz2pedAQVxWXyM99nZ4U45B5h4kxDmMhGPAsH,2026-08-28T06:25:53Z,3wyPJbJFHo4Fvu7Und18ezfHzbJFeq5FuiuZQzTTQAzrrC7RmAWXjXmonJge3e898SwmhStEUrJE6grUaYQ74KcV,INDEPENDENT_LIVE,LIVE_POST_CUTOVER
83MYxSUwgLTx8p33YCJFA5wckKswUGcFpEEF8if53UE1,0,,,BfBqvwoNLVSEvrjukaRUdex72PEF234oY8RogGtqFRZv,1,7LscpY288mvuC8kBax5KhcxH9BucLs9cCndo2HUi5xWb,BfBqvwoNLVSEvrjukaRUdex72PEF234oY8RogGtqFRZv,2025-12-01T14:39:18Z,2agj9EyUCjuX27q2rQdrHBtFexSwUaBwXtK6JJ8QLWLMKUGLDPzC6E7WignExeRxVYAvfEfL5kxQ9c4cwZzNCYTa,7LscpY288mvuC8kBax5KhcxH9BucLs9cCndo2HUi5xWb,BfBqvwoNLVSEvrjukaRUdex72PEF234oY8RogGtqFRZv,2025-12-01T14:39:18Z,2agj9EyUCjuX27q2rQdrHBtFexSwUaBwXtK6JJ8QLWLMKUGLDPzC6E7WignExeRxVYAvfEfL5kxQ9c4cwZzNCYTa,2026-08-25T07:31:11.000Z,4rtP3LQdxEFrF724Pcfj9eTdaMqDrbmvi11ewwfNYdLQTN1Zi9niu13zAFrmkA5n1V2cgfjmM8vUtzGWXEcmBYKc,DUNE_LIVE,LIVE_POST_BASELINE
83pXNebJipPFiAgDZufj16cTF8YNvRgJLLxcwZRNaTVm,0,,,8TAx5eRzjvYioRmc83vrzWuEzhav63ccEs7ZuzndxddU,1,Cwg4F9HnwEKktX662TLjYvUjvZStpQHss9BasJYSaGPj,8TAx5eRzjvYioRmc83vrzWuEzhav63ccEs7ZuzndxddU,2022-08-15T08:10:01Z,5wJaHgE48uYdC4zLZa6SE7kbmNY3FUv34ip7h8vrmAwNgrRFayayHYm8CDsZYDrmD2xT14arHbAS2JoSNWdysNxH,Cwg4F9HnwEKktX662TLjYvUjvZStpQHss9BasJYSaGPj,8TAx5eRzjvYioRmc83vrzWuEzhav63ccEs7ZuzndxddU,2022-08-15T08:10:01Z,5wJaHgE48uYdC4zLZa6SE7kbmNY3FUv34ip7h8vrmAwNgrRFayayHYm8CDsZYDrmD2xT14arHbAS2JoSNWdysNxH,2026-08-28T06:25:53Z,3wyPJbJFHo4Fvu7Und18ezfHzbJFeq5FuiuZQzTTQAzrrC7RmAWXjXmonJge3e898SwmhStEUrJE6grUaYQ74KcV,INDEPENDENT_LIVE,LIVE_POST_CUTOVER
84qqBohuMu5W39GGcxHzSW5vJ57CFxh7HrZu1xLQdqcw,0,,,FYL4LRChq2a6w8PenydNEd1ExoKpBVNpueitXAXanSGy,1,FpqrjWJpTNwv1b1nu3Kouzn7KRZeAxcvyXfHgkGFQ9Gd,FYL4LRChq2a6w8PenydNEd1ExoKpBVNpueitXAXanSGy,2025-04-19T15:13:17Z,5e2h58YSwCYGrHPy2j41q1iWqbPWnMKv3gWKSLKrxT4xrWSWpucie9vMP8PA1Gbt4omWgncABTsHQ1i58imkQJK2,FpqrjWJpTNwv1b1nu3Kouzn7KRZeAxcvyXfHgkGFQ9Gd,FYL4LRChq2a6w8PenydNEd1ExoKpBVNpueitXAXanSGy,2025-04-19T15:13:17Z,5e2h58YSwCYGrHPy2j41q1iWqbPWnMKv3gWKSLKrxT4xrWSWpucie9vMP8PA1Gbt4omWgncABTsHQ1i58imkQJK2,2026-08-24T04:22:35.000Z,5oK95ozVzmUYxqJmZd7NLGb2U4oYDLVTieQMPA7TJve19iKQ41uaDdvJ8VHYNmcxSnH1A7BK2NrfTFFcJbTUKTey,DUNE_LIVE,LIVE_POST_BASELINE
84r2YJR5H7nxgxTjavevWTCvei61TkG4gWm8y4N9meht,0,,,BfBqvwoNLVSEvrjukaRUdex72PEF234oY8RogGtqFRZv,1,7LscpY288mvuC8kBax5KhcxH9BucLs9cCndo2HUi5xWb,BfBqvwoNLVSEvrjukaRUdex72PEF234oY8RogGtqFRZv,2025-12-01T14:23:07Z,3z2xrmsQ2CfTkxQBYz95BjQnDkd8SQkBSmfgx4jnyiEBB4rQAc6mmpK4mQBLam6pbWgCQcfXQRjRq3kB9FoPNS3n,7LscpY288mvuC8kBax5KhcxH9BucLs9cCndo2HUi5xWb,BfBqvwoNLVSEvrjukaRUdex72PEF234oY8RogGtqFRZv,2025-12-01T14:23:07Z,3z2xrmsQ2CfTkxQBYz95BjQnDkd8SQkBSmfgx4jnyiEBB4rQAc6mmpK4mQBLam6pbWgCQcfXQRjRq3kB9FoPNS3n,2026-08-25T07:31:11.000Z,4rtP3LQdxEFrF724Pcfj9eTdaMqDrbmvi11ewwfNYdLQTN1Zi9niu13zAFrmkA5n1V2cgfjmM8vUtzGWXEcmBYKc,DUNE_LIVE,LIVE_POST_BASELINE
866oRuKf5jgZ7xwr2gxdkFfKqaYgb9x9tM9Z358MRU7o,0,,,BfBqvwoNLVSEvrjukaRUdex72PEF234oY8RogGtqFRZv,1,7LscpY288mvuC8kBax5KhcxH9BucLs9cCndo2HUi5xWb,BfBqvwoNLVSEvrjukaRUdex72PEF234oY8RogGtqFRZv,2025-04-13T04:35:02Z,2XPA6FTJKyiSpdgxrbnP1wmJbYvcydcdyPUqzZzTtPD4iZYkLBMuN6jZBkREfqrZN1vyZM4MVn4pkqzqZ7oKn183,7LscpY288mvuC8kBax5KhcxH9BucLs9cCndo2HUi5xWb,BfBqvwoNLVSEvrjukaRUdex72PEF234oY8RogGtqFRZv,2025-04-13T04:35:02Z,2XPA6FTJKyiSpdgxrbnP1wmJbYvcydcdyPUqzZzTtPD4iZYkLBMuN6jZBkREfqrZN1vyZM4MVn4pkqzqZ7oKn183,2026-08-25T07:31:11.000Z,4rtP3LQdxEFrF724Pcfj9eTdaMqDrbmvi11ewwfNYdLQTN1Zi9niu13zAFrmkA5n1V2cgfjmM8vUtzGWXEcmBYKc,DUNE_LIVE,LIVE_POST_BASELINE
87ytGZN8MqPk8qEacrjtBaF9nyWdYzxv1RNEk2cJkJFU,0,,,DM5YNogviE6YxVESWYG9TaZ9q4qiBLAJmxnA1LQRFMGZ,1,B1Pv8HZNHGdXC8qTsNGLCJKpnoetE2Y52RyeoJW9pE5Z,DM5YNogviE6YxVESWYG9TaZ9q4qiBLAJmxnA1LQRFMGZ,2025-04-13T07:12:41Z,5posF68PyXhpV7XVncG5PSXvxsrwptZnf5ycoaDVPdC4EXge74ptyXTNMCBUzsTtCvEq9NkyzyuhP5HGN5fJNBP9,B1Pv8HZNHGdXC8qTsNGLCJKpnoetE2Y52RyeoJW9pE5Z,DM5YNogviE6YxVESWYG9TaZ9q4qiBLAJmxnA1LQRFMGZ,2025-04-13T07:12:41Z,5posF68PyXhpV7XVncG5PSXvxsrwptZnf5ycoaDVPdC4EXge74ptyXTNMCBUzsTtCvEq9NkyzyuhP5HGN5fJNBP9,2026-08-31T09:39:48Z,5rqET3n1SkPB9jrcz8yM3KNBt6b2Q925G69tDBYwhL5yd6cLZzD3gSDSSgsbFqwtJkuaCoAvuRNq3eCNaKxhpdWi,INDEPENDENT_LIVE,LIVE_POST_CUTOVER
89eQPk7b7UmsWYV5mLEZWUjqRSd5K1syLWJYxkUYjQ67,0,,,DM5YNogviE6YxVESWYG9TaZ9q4qiBLAJmxnA1LQRFMGZ,1,B1Pv8HZNHGdXC8qTsNGLCJKpnoetE2Y52RyeoJW9pE5Z,DM5YNogviE6YxVESWYG9TaZ9q4qiBLAJmxnA1LQRFMGZ,2025-04-15T02:17:29Z,CeJ8V1dfs6GMYkWyGCfW5b6M7p2qfNVoCKMLB9FFMcMwYRUsWBscTNjR7WHQmy4XARkEBBCftB8iMF5gd3SApHR,B1Pv8HZNHGdXC8qTsNGLCJKpnoetE2Y52RyeoJW9pE5Z,DM5YNogviE6YxVESWYG9TaZ9q4qiBLAJmxnA1LQRFMGZ,2025-04-15T02:17:29Z,CeJ8V1dfs6GMYkWyGCfW5b6M7p2qfNVoCKMLB9FFMcMwYRUsWBscTNjR7WHQmy4XARkEBBCftB8iMF5gd3SApHR,2026-08-31T09:39:48Z,5rqET3n1SkPB9jrcz8yM3KNBt6b2Q925G69tDBYwhL5yd6cLZzD3gSDSSgsbFqwtJkuaCoAvuRNq3eCNaKxhpdWi,INDEPENDENT_LIVE,LIVE_POST_CUTOVER
8AVqWJyjd7jeVCrcLXfuM29ATaJe2M9z8deviVw4aRMq,0,,,BFpTSgrkFXFycgvaraoSt75osy6EgKEeivXUgxz3AdEz,1,FnqEYzRtDV1zHUaEFycnGS6F3SCmjAvMLsNQQrnQcLPN,BFpTSgrkFXFycgvaraoSt75osy6EgKEeivXUgxz3AdEz,2025-12-31T04:50:17Z,5GifWpq8hyhM2aELrgDr1jwi1zxtzdyuf9wEXGqTSA7Zh65YvQ6vU1k6FDQxbV5yKjawUUFsqQZn9cUynZEZiL2K,FnqEYzRtDV1zHUaEFycnGS6F3SCmjAvMLsNQQrnQcLPN,BFpTSgrkFXFycgvaraoSt75osy6EgKEeivXUgxz3AdEz,2025-12-31T04:50:17Z,5GifWpq8hyhM2aELrgDr1jwi1zxtzdyuf9wEXGqTSA7Zh65YvQ6vU1k6FDQxbV5yKjawUUFsqQZn9cUynZEZiL2K,2026-08-30T18:20:59Z,4rGPKBHqqLhzjS6Y5dbuTSUCxKq4LmSxk1LUGZhanbv1vBDdiFLqSGyEReA7P3gTAkqXnVWTFdxGw69fkJjsw87Z,INDEPENDENT_LIVE,LIVE_POST_CUTOVER
8AW3Y6WZKhEMjF5dFDoYoGsv3kgpAfsbFKTMRrxFQc1Y,1,2026-08-24T15:31:42.000Z,4hcoBi6PQHM1NqUvmEoKvzQ9uUkyCFcGfabRVA431Matv7E3LSKvKfVTGsktjNYmD36oE53kyhGmGCyDJp5E3oHK,,0,,,2026-08-24T15:31:42.000Z,4hcoBi6PQHM1NqUvmEoKvzQ9uUkyCFcGfabRVA431Matv7E3LSKvKfVTGsktjNYmD36oE53kyhGmGCyDJp5E3oHK,,,,,,,,
8AzXr6TGR4Nt1AHAaFQApdpzKS1WD9d47NDKrhewsYQV,0,,,8TAx5eRzjvYioRmc83vrzWuEzhav63ccEs7ZuzndxddU,1,Cwg4F9HnwEKktX662TLjYvUjvZStpQHss9BasJYSaGPj,8TAx5eRzjvYioRmc83vrzWuEzhav63ccEs7ZuzndxddU,2026-01-18T07:53:30Z,5EvK581fmrZ9o8ouvoEwa3ALfQY9eEkjwoz6E5snB5n713YxfdHmKVKXWxP76Ek2djFoXaSdjEmcbihiv9oBb8De,Cwg4F9HnwEKktX662TLjYvUjvZStpQHss9BasJYSaGPj,8TAx5eRzjvYioRmc83vrzWuEzhav63ccEs7ZuzndxddU,2026-01-18T07:53:30Z,5EvK581fmrZ9o8ouvoEwa3ALfQY9eEkjwoz6E5snB5n713YxfdHmKVKXWxP76Ek2djFoXaSdjEmcbihiv9oBb8De,2026-08-28T06:25:53Z,3wyPJbJFHo4Fvu7Und18ezfHzbJFeq5FuiuZQzTTQAzrrC7RmAWXjXmonJge3e898SwmhStEUrJE6grUaYQ74KcV,INDEPENDENT_LIVE,LIVE_POST_CUTOVER
8B1wYCfoQr85vfQRV9q7TBe9qJmRPCGyUcoysqjniDk2,0,,,BfBqvwoNLVSEvrjukaRUdex72PEF234oY8RogGtqFRZv,1,7LscpY288mvuC8kBax5KhcxH9BucLs9cCndo2HUi5xWb,BfBqvwoNLVSEvrjukaRUdex72PEF234oY8RogGtqFRZv,2025-10-16T10:17:23Z,4ncDtZqkCFQsmrXVT86fgrYSkXqJiwLKodjDPW93cmJ5Eh43ksTEWuMzDZ4BcdrJnwyp3ogYfdoaWeGRJyvrkhuy,7LscpY288mvuC8kBax5KhcxH9BucLs9cCndo2HUi5xWb,BfBqvwoNLVSEvrjukaRUdex72PEF234oY8RogGtqFRZv,2025-10-16T10:17:23Z,4ncDtZqkCFQsmrXVT86fgrYSkXqJiwLKodjDPW93cmJ5Eh43ksTEWuMzDZ4BcdrJnwyp3ogYfdoaWeGRJyvrkhuy,2026-08-25T07:31:11.000Z,4rtP3LQdxEFrF724Pcfj9eTdaMqDrbmvi11ewwfNYdLQTN1Zi9niu13zAFrmkA5n1V2cgfjmM8vUtzGWXEcmBYKc,DUNE_LIVE,LIVE_POST_BASELINE
8Cx2RvVvxgexBGsQHt3Le6BFTfVovLXqkpSzi2YeAi4E,0,,,BfBqvwoNLVSEvrjukaRUdex72PEF234oY8RogGtqFRZv,1,7LscpY288mvuC8kBax5KhcxH9BucLs9cCndo2HUi5xWb,BfBqvwoNLVSEvrjukaRUdex72PEF234oY8RogGtqFRZv,2025-12-01T14:43:52Z,2gKBBrbmmHh7tUJizzEMmV2uNmSvFxWvzYpS3gWSkA6ruvBNdTwJ8iqkXVFLHJLYeWsTpsHtnZUFdwrWSVrohuR2,7LscpY288mvuC8kBax5KhcxH9BucLs9cCndo2HUi5xWb,BfBqvwoNLVSEvrjukaRUdex72PEF234oY8RogGtqFRZv,2025-12-01T14:43:52Z,2gKBBrbmmHh7tUJizzEMmV2uNmSvFxWvzYpS3gWSkA6ruvBNdTwJ8iqkXVFLHJLYeWsTpsHtnZUFdwrWSVrohuR2,2026-08-25T07:31:11.000Z,4rtP3LQdxEFrF724Pcfj9eTdaMqDrbmvi11ewwfNYdLQTN1Zi9niu13zAFrmkA5n1V2cgfjmM8vUtzGWXEcmBYKc,DUNE_LIVE,LIVE_POST_BASELINE
8FgfKQUQBRXC8QHjPEvQ3c1izFXTpbyfCiWXNj2UJdj5,0,,,FYL4LRChq2a6w8PenydNEd1ExoKpBVNpueitXAXanSGy,1,FpqrjWJpTNwv1b1nu3Kouzn7KRZeAxcvyXfHgkGFQ9Gd,FYL4LRChq2a6w8PenydNEd1ExoKpBVNpueitXAXanSGy,2025-04-19T15:15:49Z,JSd3f1wQd6PWLSvqoXHQPEGjm4wuP22aVDrMscCeTgu7snB62Vp2R44Qh1GDfKj8GiEhZ1qLArnjGJaxLsupBoP,FpqrjWJpTNwv1b1nu3Kouzn7KRZeAxcvyXfHgkGFQ9Gd,FYL4LRChq2a6w8PenydNEd1ExoKpBVNpueitXAXanSGy,2025-04-19T15:15:49Z,JSd3f1wQd6PWLSvqoXHQPEGjm4wuP22aVDrMscCeTgu7snB62Vp2R44Qh1GDfKj8GiEhZ1qLArnjGJaxLsupBoP,2026-08-24T04:22:35.000Z,5oK95ozVzmUYxqJmZd7NLGb2U4oYDLVTieQMPA7TJve19iKQ41uaDdvJ8VHYNmcxSnH1A7BK2NrfTFFcJbTUKTey,DUNE_LIVE,LIVE_POST_BASELINE
8HRCWNz9eKjKszLcZefHxXz5k6t3joaFdfvhVEfdcG3f,0,,,BfBqvwoNLVSEvrjukaRUdex72PEF234oY8RogGtqFRZv,1,7LscpY288mvuC8kBax5KhcxH9BucLs9cCndo2HUi5xWb,BfBqvwoNLVSEvrjukaRUdex72PEF234oY8RogGtqFRZv,2025-04-13T04:53:13Z,33F7zDqjnNE43VzSSQXDB6KuNFicTt42TvQkbDFXLzV6iAtm8Sh9hf5J3WEFo1xjQxaDEt4d8Zvhss6MNr9DFwyK,7LscpY288mvuC8kBax5KhcxH9BucLs9cCndo2HUi5xWb,BfBqvwoNLVSEvrjukaRUdex72PEF234oY8RogGtqFRZv,2025-04-13T04:53:13Z,33F7zDqjnNE43VzSSQXDB6KuNFicTt42TvQkbDFXLzV6iAtm8Sh9hf5J3WEFo1xjQxaDEt4d8Zvhss6MNr9DFwyK,2026-08-25T07:31:11.000Z,4rtP3LQdxEFrF724Pcfj9eTdaMqDrbmvi11ewwfNYdLQTN1Zi9niu13zAFrmkA5n1V2cgfjmM8vUtzGWXEcmBYKc,DUNE_LIVE,LIVE_POST_BASELINE
8LBLPBUDJKC4aqZuJUoBUupU6pKrvPV6cswj7863MEBi,0,,,BfBqvwoNLVSEvrjukaRUdex72PEF234oY8RogGtqFRZv,1,7LscpY288mvuC8kBax5KhcxH9BucLs9cCndo2HUi5xWb,BfBqvwoNLVSEvrjukaRUdex72PEF234oY8RogGtqFRZv,2025-04-13T04:32:56Z,5r1133PTWYk51zbai8cYKUb5oUbLZL4Cv5wEd5PbyhB3xvv1u91Gi5kdNn7Y5eBBKdQSQ8ZkGmk4hj5PfwRmaFxx,7LscpY288mvuC8kBax5KhcxH9BucLs9cCndo2HUi5xWb,BfBqvwoNLVSEvrjukaRUdex72PEF234oY8RogGtqFRZv,2025-04-13T04:32:56Z,5r1133PTWYk51zbai8cYKUb5oUbLZL4Cv5wEd5PbyhB3xvv1u91Gi5kdNn7Y5eBBKdQSQ8ZkGmk4hj5PfwRmaFxx,2026-08-25T07:31:11.000Z,4rtP3LQdxEFrF724Pcfj9eTdaMqDrbmvi11ewwfNYdLQTN1Zi9niu13zAFrmkA5n1V2cgfjmM8vUtzGWXEcmBYKc,DUNE_LIVE,LIVE_POST_BASELINE
8LRWDfrGJsW4dUDHnZRYdvXHhWhjYvJafBMkcBqgqtw8,0,,,ALWioRV1zqeqLZcL6HdnWBCpRj1eGsoiyDsJxqaATh5L,1,7ZYrmZdkRw6hp3MANNWePNoheqNZJyeCTQFfwQXPzE2v,ALWioRV1zqeqLZcL6HdnWBCpRj1eGsoiyDsJxqaATh5L,2025-04-22T10:05:53+00:00,2C7sNRH1GMrpEEikPqRjHycPSfReKy3PnzZwdPHnmfbgzxek65vGte6xZiiNoLr9T3XAiso9aN1xR1cUwRe9Twtj,7ZYrmZdkRw6hp3MANNWePNoheqNZJyeCTQFfwQXPzE2v,ALWioRV1zqeqLZcL6HdnWBCpRj1eGsoiyDsJxqaATh5L,2025-04-22T10:05:53+00:00,2C7sNRH1GMrpEEikPqRjHycPSfReKy3PnzZwdPHnmfbgzxek65vGte6xZiiNoLr9T3XAiso9aN1xR1cUwRe9Twtj,2026-08-27T12:11:33Z,CGZcRiGwJCA2fBTAEuB5eD25LwsdPtAWvA6SZRJ9DM2xBTpy3s42ZkZgqGjCekTQa4twKYrHnbEQ6KDAX4F6A6K,INDEPENDENT_LIVE,LIVE_POST_CUTOVER
8MAjjU1yjFyEbC6n63hkxZjexYayZKaryrw7CEJSRbMu,0,,,8TAx5eRzjvYioRmc83vrzWuEzhav63ccEs7ZuzndxddU,1,Cwg4F9HnwEKktX662TLjYvUjvZStpQHss9BasJYSaGPj,8TAx5eRzjvYioRmc83vrzWuEzhav63ccEs7ZuzndxddU,2026-02-22T16:21:35Z,2U1RxZaHMUK4FSPWTSVXEfzxVVRsCdYyb8ZFWT7GVusJbvdNNn7YeiqydL7SiGZ7aSm6DQRWQwXNJt3hnpNiAU9E,Cwg4F9HnwEKktX662TLjYvUjvZStpQHss9BasJYSaGPj,8TAx5eRzjvYioRmc83vrzWuEzhav63ccEs7ZuzndxddU,2026-02-22T16:21:35Z,2U1RxZaHMUK4FSPWTSVXEfzxVVRsCdYyb8ZFWT7GVusJbvdNNn7YeiqydL7SiGZ7aSm6DQRWQwXNJt3hnpNiAU9E,2026-08-28T06:25:53Z,3wyPJbJFHo4Fvu7Und18ezfHzbJFeq5FuiuZQzTTQAzrrC7RmAWXjXmonJge3e898SwmhStEUrJE6grUaYQ74KcV,INDEPENDENT_LIVE,LIVE_POST_CUTOVER
8MCr3YpZtK5thUxbqpWJDYitgNbiRCkiefF9Y5Z7RXep,1,2026-08-24T15:31:42.000Z,54oJe2oJDBhroMKTnrn12RYSy2ghMEaQX5WygXeGPNeSLnjKxjXLX6pHkMetwERqDm8izcrsFUFoTYvm4VB6E6Yy,,0,,,2026-08-24T15:31:42.000Z,54oJe2oJDBhroMKTnrn12RYSy2ghMEaQX5WygXeGPNeSLnjKxjXLX6pHkMetwERqDm8izcrsFUFoTYvm4VB6E6Yy,,,,,,,,
8Maj7ASNuZgyGqig8AY7UyZRgMqNE7eEDnF1KkPyFhVJ,0,,,38Bj4DFXhAkDxB6Atj66kdxGZfhZEC3ejRX1HDh1YFKj,1,8Vpqxxbon9s4Hnk2eMhysjx6XKjHiUgEUAm3MSq9yQv2,38Bj4DFXhAkDxB6Atj66kdxGZfhZEC3ejRX1HDh1YFKj,2025-04-09T18:08:32Z,2ERaW1ZJmtFJNqNQH8zkHvxxSJdcqYanWuHLFby1RNpsNqceorfZEdb4anKWiDKqbxGh6jPmFhxbYhUpgpQRG3Fb,8Vpqxxbon9s4Hnk2eMhysjx6XKjHiUgEUAm3MSq9yQv2,38Bj4DFXhAkDxB6Atj66kdxGZfhZEC3ejRX1HDh1YFKj,2025-04-09T18:08:32Z,2ERaW1ZJmtFJNqNQH8zkHvxxSJdcqYanWuHLFby1RNpsNqceorfZEdb4anKWiDKqbxGh6jPmFhxbYhUpgpQRG3Fb,2026-08-21T19:39:25.000Z,4AT1PFFkyADXcz2QFJi78yrTeP8dAhFkfWJU5JCvpEx2a7pWsAxn14owrdqpvwkTU7bAzxxCYoBijEksgty9W6qe,DUNE_LIVE,LIVE_POST_BASELINE
8MwztXYEioYV96VgVDBMyB62R3hpGJxSTXENJREUm7Ue,0,,,FYL4LRChq2a6w8PenydNEd1ExoKpBVNpueitXAXanSGy,1,FpqrjWJpTNwv1b1nu3Kouzn7KRZeAxcvyXfHgkGFQ9Gd,FYL4LRChq2a6w8PenydNEd1ExoKpBVNpueitXAXanSGy,2025-04-19T15:09:15Z,LRhqxXiozv6W6Br6jwXb6zGMLH1PW7JPmCHpxRaAyYXs5SVTYEGmFbKjboqv5eycynbZZxGWG85nNGSW626PrJi,FpqrjWJpTNwv1b1nu3Kouzn7KRZeAxcvyXfHgkGFQ9Gd,FYL4LRChq2a6w8PenydNEd1ExoKpBVNpueitXAXanSGy,2025-04-19T15:09:15Z,LRhqxXiozv6W6Br6jwXb6zGMLH1PW7JPmCHpxRaAyYXs5SVTYEGmFbKjboqv5eycynbZZxGWG85nNGSW626PrJi,2026-08-24T04:22:35.000Z,5oK95ozVzmUYxqJmZd7NLGb2U4oYDLVTieQMPA7TJve19iKQ41uaDdvJ8VHYNmcxSnH1A7BK2NrfTFFcJbTUKTey,DUNE_LIVE,LIVE_POST_BASELINE
8NT4N82CJWCFxVrNg5BGBE2ZDZfGMDVYBJYywqfqzUG4,0,,,8TAx5eRzjvYioRmc83vrzWuEzhav63ccEs7ZuzndxddU,1,Cwg4F9HnwEKktX662TLjYvUjvZStpQHss9BasJYSaGPj,8TAx5eRzjvYioRmc83vrzWuEzhav63ccEs7ZuzndxddU,2022-07-11T05:48:53Z,3fCLMFoa2qvo6UuL9T1UAHPaYLZSskCXRkRPta1E4W9TUK2a5bHRHWtrAdrcKRgsc1JXeTnosmkvN7XnRPjC3ioY,Cwg4F9HnwEKktX662TLjYvUjvZStpQHss9BasJYSaGPj,8TAx5eRzjvYioRmc83vrzWuEzhav63ccEs7ZuzndxddU,2022-07-11T05:48:53Z,3fCLMFoa2qvo6UuL9T1UAHPaYLZSskCXRkRPta1E4W9TUK2a5bHRHWtrAdrcKRgsc1JXeTnosmkvN7XnRPjC3ioY,2026-08-28T06:25:53Z,3wyPJbJFHo4Fvu7Und18ezfHzbJFeq5FuiuZQzTTQAzrrC7RmAWXjXmonJge3e898SwmhStEUrJE6grUaYQ74KcV,INDEPENDENT_LIVE,LIVE_POST_CUTOVER
8Nthtt5TxXmXBExZo2ZCibHujNnxooTeMMZYmgvUakqe,0,,,BfBqvwoNLVSEvrjukaRUdex72PEF234oY8RogGtqFRZv,1,7LscpY288mvuC8kBax5KhcxH9BucLs9cCndo2HUi5xWb,BfBqvwoNLVSEvrjukaRUdex72PEF234oY8RogGtqFRZv,2025-04-13T04:56:26Z,2DQdLtG4umPhHnkrkFx9DqJ8oJChFADPhDznKoU3dvF7noTi9Jt9SHhFpeV5TLA711f1UfwdawKM5oMJ6HVgLgrJ,7LscpY288mvuC8kBax5KhcxH9BucLs9cCndo2HUi5xWb,BfBqvwoNLVSEvrjukaRUdex72PEF234oY8RogGtqFRZv,2025-04-13T04:56:26Z,2DQdLtG4umPhHnkrkFx9DqJ8oJChFADPhDznKoU3dvF7noTi9Jt9SHhFpeV5TLA711f1UfwdawKM5oMJ6HVgLgrJ,2026-08-25T07:31:11.000Z,4rtP3LQdxEFrF724Pcfj9eTdaMqDrbmvi11ewwfNYdLQTN1Zi9niu13zAFrmkA5n1V2cgfjmM8vUtzGWXEcmBYKc,DUNE_LIVE,LIVE_POST_BASELINE
8QScaT279WFziVYgJ7oHWP43Y98UV86DPSJaoSMrmMhy,1,2026-08-24T15:31:42.000Z,4uNxNnK3Pnc9wk6JLT2kweSUZEMBc555gZjcanvgmnK6CQxfRuGuV4KBViyHx3Cr3NJEy9N556Dwex61nq1JSuw8,,0,,,2026-08-24T15:31:42.000Z,4uNxNnK3Pnc9wk6JLT2kweSUZEMBc555gZjcanvgmnK6CQxfRuGuV4KBViyHx3Cr3NJEy9N556Dwex61nq1JSuw8,,,,,,,,
8TBJuiLCzBqwt2DXkzGbF9rwcYaszqKXsTxrRAVgsKZ9,0,,,38Bj4DFXhAkDxB6Atj66kdxGZfhZEC3ejRX1HDh1YFKj,1,8Vpqxxbon9s4Hnk2eMhysjx6XKjHiUgEUAm3MSq9yQv2,38Bj4DFXhAkDxB6Atj66kdxGZfhZEC3ejRX1HDh1YFKj,2025-04-26T14:31:10Z,2S3N9utfPbBoQFnQbZ8JkvY1QHi6e1T7hd1YuM3QQa92qUafTRrwRLELp7uaYNzxZgszuBbe3MzCMDJXPAfUL45B,8Vpqxxbon9s4Hnk2eMhysjx6XKjHiUgEUAm3MSq9yQv2,38Bj4DFXhAkDxB6Atj66kdxGZfhZEC3ejRX1HDh1YFKj,2025-04-26T14:31:10Z,2S3N9utfPbBoQFnQbZ8JkvY1QHi6e1T7hd1YuM3QQa92qUafTRrwRLELp7uaYNzxZgszuBbe3MzCMDJXPAfUL45B,2026-08-21T19:39:25.000Z,4AT1PFFkyADXcz2QFJi78yrTeP8dAhFkfWJU5JCvpEx2a7pWsAxn14owrdqpvwkTU7bAzxxCYoBijEksgty9W6qe,DUNE_LIVE,LIVE_POST_BASELINE
8TZwHtkXnJ3SwWUoGWZhNJnyXuJiNQLboGXuuPvDYZdn,0,,,8TAx5eRzjvYioRmc83vrzWuEzhav63ccEs7ZuzndxddU,1,Cwg4F9HnwEKktX662TLjYvUjvZStpQHss9BasJYSaGPj,8TAx5eRzjvYioRmc83vrzWuEzhav63ccEs7ZuzndxddU,2026-01-18T07:53:07Z,BNkpU21WdpxEeEGNJbYLttp3JKeFmaxXTC1TGw1qqRoc98yDFVYifXiK9oaJpEbSo2d48uQJe6j6uWRZqkspT5Y,Cwg4F9HnwEKktX662TLjYvUjvZStpQHss9BasJYSaGPj,8TAx5eRzjvYioRmc83vrzWuEzhav63ccEs7ZuzndxddU,2026-01-18T07:53:07Z,BNkpU21WdpxEeEGNJbYLttp3JKeFmaxXTC1TGw1qqRoc98yDFVYifXiK9oaJpEbSo2d48uQJe6j6uWRZqkspT5Y,2026-08-28T06:25:53Z,3wyPJbJFHo4Fvu7Und18ezfHzbJFeq5FuiuZQzTTQAzrrC7RmAWXjXmonJge3e898SwmhStEUrJE6grUaYQ74KcV,INDEPENDENT_LIVE,LIVE_POST_CUTOVER
8UWN3HWaysjVZ3Tuan6ukM6ALseMugwaEab5ZTQQNmjV,0,,,BfBqvwoNLVSEvrjukaRUdex72PEF234oY8RogGtqFRZv,1,7LscpY288mvuC8kBax5KhcxH9BucLs9cCndo2HUi5xWb,BfBqvwoNLVSEvrjukaRUdex72PEF234oY8RogGtqFRZv,2025-12-01T14:28:43Z,FBf2MYkJWoZ4jt9SZCuxcVg7GQnuWipduizxLzFb4Siw792yQKo6AcSCGKYhQXDhsD1vr88w5nh3aL2jLT1dq3u,7LscpY288mvuC8kBax5KhcxH9BucLs9cCndo2HUi5xWb,BfBqvwoNLVSEvrjukaRUdex72PEF234oY8RogGtqFRZv,2025-12-01T14:28:43Z,FBf2MYkJWoZ4jt9SZCuxcVg7GQnuWipduizxLzFb4Siw792yQKo6AcSCGKYhQXDhsD1vr88w5nh3aL2jLT1dq3u,2026-08-25T07:31:11.000Z,4rtP3LQdxEFrF724Pcfj9eTdaMqDrbmvi11ewwfNYdLQTN1Zi9niu13zAFrmkA5n1V2cgfjmM8vUtzGWXEcmBYKc,DUNE_LIVE,LIVE_POST_BASELINE
8VUjMExkuZJwdRyhUo4T3UN1yz3SjuVG5SWj9uQhbTnK,0,,,Db1meMQEgj8dCwzhR5W6coWt1yV4iEaQsYPKKDyGRUqW,1,Do9VaY2ru9QtaTWdhmuwc2Z9rj4rZ7D6EShdLTvxnp6h,Db1meMQEgj8dCwzhR5W6coWt1yV4iEaQsYPKKDyGRUqW,2025-04-14T13:13:19Z,48pPUbgMiiJXurycpMf9ubVdd2oSxMLhKeNNsAEUSDAa9cbChUaredcS8q8s33mtnxsN1kNYnVr2CGVTiAKchQFk,Do9VaY2ru9QtaTWdhmuwc2Z9rj4rZ7D6EShdLTvxnp6h,Db1meMQEgj8dCwzhR5W6coWt1yV4iEaQsYPKKDyGRUqW,2025-04-14T13:13:19Z,48pPUbgMiiJXurycpMf9ubVdd2oSxMLhKeNNsAEUSDAa9cbChUaredcS8q8s33mtnxsN1kNYnVr2CGVTiAKchQFk,2026-08-26T21:34:16Z,5y9KKMidZA2pNm3QLD2z2j7BfPbwsAQt6HEVyCQMK7sSkCy7PRQUy35JJG3GRnTBDLDeD6YVxYpw9nXSayk6pTiK,INDEPENDENT_LIVE,LIVE_POST_CUTOVER
8VeYs4VaJDmdBxwi1vjoH4wmtUxy8M9kuK2av4qAizM4,0,,,DM5YNogviE6YxVESWYG9TaZ9q4qiBLAJmxnA1LQRFMGZ,1,B1Pv8HZNHGdXC8qTsNGLCJKpnoetE2Y52RyeoJW9pE5Z,DM5YNogviE6YxVESWYG9TaZ9q4qiBLAJmxnA1LQRFMGZ,2025-10-30T16:22:02Z,5B8K1kyRdQ6irqjwUkfgovdSAtcVPwDK7MYxS6PLv6vkxtX15UWkEbwcLxAquFYvMWazZMbBYKqtPZaAuWbwfbG5,B1Pv8HZNHGdXC8qTsNGLCJKpnoetE2Y52RyeoJW9pE5Z,DM5YNogviE6YxVESWYG9TaZ9q4qiBLAJmxnA1LQRFMGZ,2025-10-30T16:22:02Z,5B8K1kyRdQ6irqjwUkfgovdSAtcVPwDK7MYxS6PLv6vkxtX15UWkEbwcLxAquFYvMWazZMbBYKqtPZaAuWbwfbG5,2026-08-31T09:39:48Z,5rqET3n1SkPB9jrcz8yM3KNBt6b2Q925G69tDBYwhL5yd6cLZzD3gSDSSgsbFqwtJkuaCoAvuRNq3eCNaKxhpdWi,INDEPENDENT_LIVE,LIVE_POST_CUTOVER
8WZz46XzkxbwUAbk9ncUZuuZ276SEeonajseKfK9MgLN,0,,,BfBqvwoNLVSEvrjukaRUdex72PEF234oY8RogGtqFRZv,1,7LscpY288mvuC8kBax5KhcxH9BucLs9cCndo2HUi5xWb,BfBqvwoNLVSEvrjukaRUdex72PEF234oY8RogGtqFRZv,2025-04-13T04:32:07Z,2WYGRHY2h969DKXQYmwAxfQ4Pfw632wK836Ekke2rFDLRkKzsNcoCVoaYRpcaVNnsZgj688vUbJV816kcFpLGRHR,7LscpY288mvuC8kBax5KhcxH9BucLs9cCndo2HUi5xWb,BfBqvwoNLVSEvrjukaRUdex72PEF234oY8RogGtqFRZv,2025-04-13T04:32:07Z,2WYGRHY2h969DKXQYmwAxfQ4Pfw632wK836Ekke2rFDLRkKzsNcoCVoaYRpcaVNnsZgj688vUbJV816kcFpLGRHR,2026-08-25T07:31:11.000Z,4rtP3LQdxEFrF724Pcfj9eTdaMqDrbmvi11ewwfNYdLQTN1Zi9niu13zAFrmkA5n1V2cgfjmM8vUtzGWXEcmBYKc,DUNE_LIVE,LIVE_POST_BASELINE
8WeRakVSK1P8sKkzK3YMXippKCVxDpLufiwGtjvTWixd,1,2026-08-24T15:31:42.000Z,54nowwHehMPfQL3fQ19jfSa9ZaTp83sweY9rhtavA54rV25vCJsPXyuxPNGnzo6P5RBDSRYRcyYpKK3nNPZtzRoY,,0,,,2026-08-24T15:31:42.000Z,54nowwHehMPfQL3fQ19jfSa9ZaTp83sweY9rhtavA54rV25vCJsPXyuxPNGnzo6P5RBDSRYRcyYpKK3nNPZtzRoY,,,,,,,,
8X4KFbV4zw4mezfriY96k3BiE4WvHQaei67QQs9zAcnV,0,,,Db1meMQEgj8dCwzhR5W6coWt1yV4iEaQsYPKKDyGRUqW,1,Do9VaY2ru9QtaTWdhmuwc2Z9rj4rZ7D6EShdLTvxnp6h,Db1meMQEgj8dCwzhR5W6coWt1yV4iEaQsYPKKDyGRUqW,2025-08-23T13:26:29Z,4XXx28FR53UDS93iB7j1jiSxhtEm4UtXJ58KyzRKXwQaxVstdvQc8hRs2q3LTCKa4GcWr32Ve5vTr7UFLBZrJLp5,Do9VaY2ru9QtaTWdhmuwc2Z9rj4rZ7D6EShdLTvxnp6h,Db1meMQEgj8dCwzhR5W6coWt1yV4iEaQsYPKKDyGRUqW,2025-08-23T13:26:29Z,4XXx28FR53UDS93iB7j1jiSxhtEm4UtXJ58KyzRKXwQaxVstdvQc8hRs2q3LTCKa4GcWr32Ve5vTr7UFLBZrJLp5,2026-08-26T21:34:16Z,5y9KKMidZA2pNm3QLD2z2j7BfPbwsAQt6HEVyCQMK7sSkCy7PRQUy35JJG3GRnTBDLDeD6YVxYpw9nXSayk6pTiK,INDEPENDENT_LIVE,LIVE_POST_CUTOVER
8XWvn53cRQcX7WiptXqKJCFfTn91CxjhzJZeJfKjysP5,0,,,8TAx5eRzjvYioRmc83vrzWuEzhav63ccEs7ZuzndxddU,1,Cwg4F9HnwEKktX662TLjYvUjvZStpQHss9BasJYSaGPj,8TAx5eRzjvYioRmc83vrzWuEzhav63ccEs7ZuzndxddU,2022-07-26T06:16:20Z,2h3xWQJi5cMEhHxUeWPDFjQUY8wm7jpd9yaC1P4KwyGX6EB3rN142qtBWwRGRKu1Cq24Bbi4ybmTQpHqvZ42XUrA,Cwg4F9HnwEKktX662TLjYvUjvZStpQHss9BasJYSaGPj,8TAx5eRzjvYioRmc83vrzWuEzhav63ccEs7ZuzndxddU,2022-07-26T06:16:20Z,2h3xWQJi5cMEhHxUeWPDFjQUY8wm7jpd9yaC1P4KwyGX6EB3rN142qtBWwRGRKu1Cq24Bbi4ybmTQpHqvZ42XUrA,2026-08-28T06:25:53Z,3wyPJbJFHo4Fvu7Und18ezfHzbJFeq5FuiuZQzTTQAzrrC7RmAWXjXmonJge3e898SwmhStEUrJE6grUaYQ74KcV,INDEPENDENT_LIVE,LIVE_POST_CUTOVER
8YQpkWwV8VPtioSFp47e1UqSGzccDjWsk9hR1TA7CaCW,0,,,FYL4LRChq2a6w8PenydNEd1ExoKpBVNpueitXAXanSGy,1,FpqrjWJpTNwv1b1nu3Kouzn7KRZeAxcvyXfHgkGFQ9Gd,FYL4LRChq2a6w8PenydNEd1ExoKpBVNpueitXAXanSGy,2025-04-19T15:10:14Z,mZ759tYhs9UKuKtirAq3wa4tCy3jsUFZmxGG2hNJenRHyvFhDzpytYCj3gko5sfghXjDM4qehZUtBUgskuDn5wu,FpqrjWJpTNwv1b1nu3Kouzn7KRZeAxcvyXfHgkGFQ9Gd,FYL4LRChq2a6w8PenydNEd1ExoKpBVNpueitXAXanSGy,2025-04-19T15:10:14Z,mZ759tYhs9UKuKtirAq3wa4tCy3jsUFZmxGG2hNJenRHyvFhDzpytYCj3gko5sfghXjDM4qehZUtBUgskuDn5wu,2026-08-24T04:22:35.000Z,5oK95ozVzmUYxqJmZd7NLGb2U4oYDLVTieQMPA7TJve19iKQ41uaDdvJ8VHYNmcxSnH1A7BK2NrfTFFcJbTUKTey,DUNE_LIVE,LIVE_POST_BASELINE
8agnjBB2q66rfKt2RTeU7o5Q9yZDDbxHgwHuUeWSofdM,0,,,BfBqvwoNLVSEvrjukaRUdex72PEF234oY8RogGtqFRZv,1,7LscpY288mvuC8kBax5KhcxH9BucLs9cCndo2HUi5xWb,BfBqvwoNLVSEvrjukaRUdex72PEF234oY8RogGtqFRZv,2025-04-13T04:36:57Z,Yc5nsQdsPqxvzWPq9isUDaX7PssaepU2AqY1LtrP5fxjwoVq3P3ksrg2TDMrEHyaeMtLwhoPL9ULn5iv9b7YMnK,7LscpY288mvuC8kBax5KhcxH9BucLs9cCndo2HUi5xWb,BfBqvwoNLVSEvrjukaRUdex72PEF234oY8RogGtqFRZv,2025-04-13T04:36:57Z,Yc5nsQdsPqxvzWPq9isUDaX7PssaepU2AqY1LtrP5fxjwoVq3P3ksrg2TDMrEHyaeMtLwhoPL9ULn5iv9b7YMnK,2026-08-25T07:31:11.000Z,4rtP3LQdxEFrF724Pcfj9eTdaMqDrbmvi11ewwfNYdLQTN1Zi9niu13zAFrmkA5n1V2cgfjmM8vUtzGWXEcmBYKc,DUNE_LIVE,LIVE_POST_BASELINE
8dFReNkbiUf1RUUYfJ4eLrAc8m2vTKEhoCDUq7SPyx88,0,,,BfBqvwoNLVSEvrjukaRUdex72PEF234oY8RogGtqFRZv,1,7LscpY288mvuC8kBax5KhcxH9BucLs9cCndo2HUi5xWb,BfBqvwoNLVSEvrjukaRUdex72PEF234oY8RogGtqFRZv,2025-12-01T14:34:11Z,42Ls4rDKEXpqsE83ut79RgeULSMatzPHAn7ZipvD4cEip1gyLzoUo3sLEJp5Y6rvoJWB261e3WVCuEwPbYrsX8g3,7LscpY288mvuC8kBax5KhcxH9BucLs9cCndo2HUi5xWb,BfBqvwoNLVSEvrjukaRUdex72PEF234oY8RogGtqFRZv,2025-12-01T14:34:11Z,42Ls4rDKEXpqsE83ut79RgeULSMatzPHAn7ZipvD4cEip1gyLzoUo3sLEJp5Y6rvoJWB261e3WVCuEwPbYrsX8g3,2026-08-25T07:31:11.000Z,4rtP3LQdxEFrF724Pcfj9eTdaMqDrbmvi11ewwfNYdLQTN1Zi9niu13zAFrmkA5n1V2cgfjmM8vUtzGWXEcmBYKc,DUNE_LIVE,LIVE_POST_BASELINE
8gGtii9cH5yK4cwJqX3vUo66LpDV4wiKQiaWxRbu7mmm,1,2026-08-24T15:31:42.000Z,5nu7KQW4cqVBkynFYRN9ZoD4LUtsxj9UJGZKduEANe4yToA7gqgP5pEVyNReTHQMVsowjXJHntMkx75EJ8Aa4Q2r,,0,,,2026-08-24T15:31:42.000Z,5nu7KQW4cqVBkynFYRN9ZoD4LUtsxj9UJGZKduEANe4yToA7gqgP5pEVyNReTHQMVsowjXJHntMkx75EJ8Aa4Q2r,,,,,,,,
8hmFESqyPPn8pLhHbFujZveQo9hsQWVqaDRXGGdoCinD,0,,,BfBqvwoNLVSEvrjukaRUdex72PEF234oY8RogGtqFRZv,1,7LscpY288mvuC8kBax5KhcxH9BucLs9cCndo2HUi5xWb,BfBqvwoNLVSEvrjukaRUdex72PEF234oY8RogGtqFRZv,2025-12-01T14:36:38Z,4ihdUFFeKmDrZmVBK9sHiD6k6ZmQaRUi4qVBHRadKkA9GzSfyREaY2tvpJQhyhsnTVfCGdo2dm4yZcpRYsVw3kyX,7LscpY288mvuC8kBax5KhcxH9BucLs9cCndo2HUi5xWb,BfBqvwoNLVSEvrjukaRUdex72PEF234oY8RogGtqFRZv,2025-12-01T14:36:38Z,4ihdUFFeKmDrZmVBK9sHiD6k6ZmQaRUi4qVBHRadKkA9GzSfyREaY2tvpJQhyhsnTVfCGdo2dm4yZcpRYsVw3kyX,2026-08-25T07:31:11.000Z,4rtP3LQdxEFrF724Pcfj9eTdaMqDrbmvi11ewwfNYdLQTN1Zi9niu13zAFrmkA5n1V2cgfjmM8vUtzGWXEcmBYKc,DUNE_LIVE,LIVE_POST_BASELINE
8hrGC7mphy8GXn7VzG5aN61jRptWSHQuZSRvUqjURsHd,0,,,BfBqvwoNLVSEvrjukaRUdex72PEF234oY8RogGtqFRZv,1,7LscpY288mvuC8kBax5KhcxH9BucLs9cCndo2HUi5xWb,BfBqvwoNLVSEvrjukaRUdex72PEF234oY8RogGtqFRZv,2025-12-01T14:44:21Z,2y84UiAGmRSypr7ZxJE8vstr6WZaqV1ujw5FvrKtRZDoz9q76JSMEPCfgDwMjABEpLkYK4a7MJwAki6BWRXzy7or,7LscpY288mvuC8kBax5KhcxH9BucLs9cCndo2HUi5xWb,BfBqvwoNLVSEvrjukaRUdex72PEF234oY8RogGtqFRZv,2025-12-01T14:44:21Z,2y84UiAGmRSypr7ZxJE8vstr6WZaqV1ujw5FvrKtRZDoz9q76JSMEPCfgDwMjABEpLkYK4a7MJwAki6BWRXzy7or,2026-08-25T07:31:11.000Z,4rtP3LQdxEFrF724Pcfj9eTdaMqDrbmvi11ewwfNYdLQTN1Zi9niu13zAFrmkA5n1V2cgfjmM8vUtzGWXEcmBYKc,DUNE_LIVE,LIVE_POST_BASELINE
8kAG3hc4f1ih7QBfw6epA1iwVjDvadSq5BysDMaCcXm9,0,,,BfBqvwoNLVSEvrjukaRUdex72PEF234oY8RogGtqFRZv,1,7LscpY288mvuC8kBax5KhcxH9BucLs9cCndo2HUi5xWb,BfBqvwoNLVSEvrjukaRUdex72PEF234oY8RogGtqFRZv,2025-12-01T14:41:42Z,5kCbyipYVmZAwo3tGDhmNqhi7pPrdBYp6yXRknwv8343my4T7wJpXexKqg2mvSsahRYDghzJ5bWWzKBFypQ666K7,7LscpY288mvuC8kBax5KhcxH9BucLs9cCndo2HUi5xWb,BfBqvwoNLVSEvrjukaRUdex72PEF234oY8RogGtqFRZv,2025-12-01T14:41:42Z,5kCbyipYVmZAwo3tGDhmNqhi7pPrdBYp6yXRknwv8343my4T7wJpXexKqg2mvSsahRYDghzJ5bWWzKBFypQ666K7,2026-08-25T07:31:11.000Z,4rtP3LQdxEFrF724Pcfj9eTdaMqDrbmvi11ewwfNYdLQTN1Zi9niu13zAFrmkA5n1V2cgfjmM8vUtzGWXEcmBYKc,DUNE_LIVE,LIVE_POST_BASELINE
8o7ZKmAgu9vKuy6yG4KxjszNxsZ9ex8xWwGbSQQBH3SA,0,,,8TAx5eRzjvYioRmc83vrzWuEzhav63ccEs7ZuzndxddU,1,Cwg4F9HnwEKktX662TLjYvUjvZStpQHss9BasJYSaGPj,8TAx5eRzjvYioRmc83vrzWuEzhav63ccEs7ZuzndxddU,2023-08-28T01:48:57Z,4SAT7NL7uSbpnHFf6y5aQ6W7e4ji9LLXnA9uWhPEiQAd1jNNQbdVPeChNcYLDTLxukNjeggxoLxMgpKcbwyiFWHK,Cwg4F9HnwEKktX662TLjYvUjvZStpQHss9BasJYSaGPj,8TAx5eRzjvYioRmc83vrzWuEzhav63ccEs7ZuzndxddU,2023-08-28T01:48:57Z,4SAT7NL7uSbpnHFf6y5aQ6W7e4ji9LLXnA9uWhPEiQAd1jNNQbdVPeChNcYLDTLxukNjeggxoLxMgpKcbwyiFWHK,2026-08-28T06:25:53Z,3wyPJbJFHo4Fvu7Und18ezfHzbJFeq5FuiuZQzTTQAzrrC7RmAWXjXmonJge3e898SwmhStEUrJE6grUaYQ74KcV,INDEPENDENT_LIVE,LIVE_POST_CUTOVER
8prStrWZqeeso2MePUYWQ2mZ3stntszTnTciBEqpJLVe,0,,,8TAx5eRzjvYioRmc83vrzWuEzhav63ccEs7ZuzndxddU,1,Cwg4F9HnwEKktX662TLjYvUjvZStpQHss9BasJYSaGPj,8TAx5eRzjvYioRmc83vrzWuEzhav63ccEs7ZuzndxddU,2022-11-23T17:17:27Z,5JNSgdR1SNYuNLkTcTMHX4gQErujcWt4z5zip4N9WE3Ho9cg8619T4VE5dWUPVCu8WNsiyJ7sU5AQK13aBktoHjC,Cwg4F9HnwEKktX662TLjYvUjvZStpQHss9BasJYSaGPj,8TAx5eRzjvYioRmc83vrzWuEzhav63ccEs7ZuzndxddU,2022-11-23T17:17:27Z,5JNSgdR1SNYuNLkTcTMHX4gQErujcWt4z5zip4N9WE3Ho9cg8619T4VE5dWUPVCu8WNsiyJ7sU5AQK13aBktoHjC,2026-08-28T06:25:53Z,3wyPJbJFHo4Fvu7Und18ezfHzbJFeq5FuiuZQzTTQAzrrC7RmAWXjXmonJge3e898SwmhStEUrJE6grUaYQ74KcV,INDEPENDENT_LIVE,LIVE_POST_CUTOVER
8qugWLNooJFTtZqJwcK7YbVqzCdFg3ttrJEKyzrRmP5Q,0,,,DM5YNogviE6YxVESWYG9TaZ9q4qiBLAJmxnA1LQRFMGZ,1,B1Pv8HZNHGdXC8qTsNGLCJKpnoetE2Y52RyeoJW9pE5Z,DM5YNogviE6YxVESWYG9TaZ9q4qiBLAJmxnA1LQRFMGZ,2025-04-15T02:17:57Z,38o2fTcwi7v28YsAtEPcSNreuAQ192WnuGv9vWqrYvJ5MMhKRrSUV8i82Sax4PvQMmra81sAS1QS2FzJueKLhcvg,B1Pv8HZNHGdXC8qTsNGLCJKpnoetE2Y52RyeoJW9pE5Z,DM5YNogviE6YxVESWYG9TaZ9q4qiBLAJmxnA1LQRFMGZ,2025-04-15T02:17:57Z,38o2fTcwi7v28YsAtEPcSNreuAQ192WnuGv9vWqrYvJ5MMhKRrSUV8i82Sax4PvQMmra81sAS1QS2FzJueKLhcvg,2026-08-31T09:39:48Z,5rqET3n1SkPB9jrcz8yM3KNBt6b2Q925G69tDBYwhL5yd6cLZzD3gSDSSgsbFqwtJkuaCoAvuRNq3eCNaKxhpdWi,INDEPENDENT_LIVE,LIVE_POST_CUTOVER
8rxNfDkmoVEQp6CHhy5f1z28KFWfyXcEVg2jZ7VUdTGL,0,,,BfBqvwoNLVSEvrjukaRUdex72PEF234oY8RogGtqFRZv,1,7LscpY288mvuC8kBax5KhcxH9BucLs9cCndo2HUi5xWb,BfBqvwoNLVSEvrjukaRUdex72PEF234oY8RogGtqFRZv,2025-04-13T04:51:39Z,5yuzgQ5F5usiSd6y6x322xE6Z3gRDcwdCgFMeSkmUoxbssqB5FVsSCsMpyZGZvnB4ooJeQPmWxGsfufn2iCXR84Y,7LscpY288mvuC8kBax5KhcxH9BucLs9cCndo2HUi5xWb,BfBqvwoNLVSEvrjukaRUdex72PEF234oY8RogGtqFRZv,2025-04-13T04:51:39Z,5yuzgQ5F5usiSd6y6x322xE6Z3gRDcwdCgFMeSkmUoxbssqB5FVsSCsMpyZGZvnB4ooJeQPmWxGsfufn2iCXR84Y,2026-08-25T07:31:11.000Z,4rtP3LQdxEFrF724Pcfj9eTdaMqDrbmvi11ewwfNYdLQTN1Zi9niu13zAFrmkA5n1V2cgfjmM8vUtzGWXEcmBYKc,DUNE_LIVE,LIVE_POST_BASELINE
8sXwDBhSuUNgc9uaFmB9KG4Fj9SbJ81yp1VhBP7dDyzp,0,,,8HfKN9ocY89F8Z2nLvKHrefUDqcX2jAVmfJVB8j3d3Mb,1,4REnZop7oP5yJcxUevLwUqGWsGf2SA6MY8tdQfTaQbNk,8HfKN9ocY89F8Z2nLvKHrefUDqcX2jAVmfJVB8j3d3Mb,2022-06-02T00:58:41Z,2yJSJXwXqkuz9uaoZDwzHGhKXPdr61sqMdvQ2R9zyotPMBk1DJhsNm7XdEP63fbWbp2jXHsYntMeLBrWLF6FuSV5,4REnZop7oP5yJcxUevLwUqGWsGf2SA6MY8tdQfTaQbNk,8HfKN9ocY89F8Z2nLvKHrefUDqcX2jAVmfJVB8j3d3Mb,2022-06-02T00:58:41Z,2yJSJXwXqkuz9uaoZDwzHGhKXPdr61sqMdvQ2R9zyotPMBk1DJhsNm7XdEP63fbWbp2jXHsYntMeLBrWLF6FuSV5,2026-08-29T16:34:59Z,JHagDchy5vJHk5dknEY4T7pCWcGFviRFapeEULWmQMdJfQexHvJASvinunBwt9cyHxFKgmSoTB4cMmufvrSBF1P,INDEPENDENT_LIVE,LIVE_POST_CUTOVER
8ssTf3S5F64rRDWrogK3SKSfXCEKZb1munRZu9tKveFs,0,,,BfBqvwoNLVSEvrjukaRUdex72PEF234oY8RogGtqFRZv,1,7LscpY288mvuC8kBax5KhcxH9BucLs9cCndo2HUi5xWb,BfBqvwoNLVSEvrjukaRUdex72PEF234oY8RogGtqFRZv,2025-12-01T14:43:58Z,4jFuNwDjex37iWuSgx8st49EQBfgrSFhTtJgi6ae75mhNxJHtiRvkvao9mVr6f2oNNLMwccad1pcjzh2FK6fFrEA,7LscpY288mvuC8kBax5KhcxH9BucLs9cCndo2HUi5xWb,BfBqvwoNLVSEvrjukaRUdex72PEF234oY8RogGtqFRZv,2025-12-01T14:43:58Z,4jFuNwDjex37iWuSgx8st49EQBfgrSFhTtJgi6ae75mhNxJHtiRvkvao9mVr6f2oNNLMwccad1pcjzh2FK6fFrEA,2026-08-25T07:31:11.000Z,4rtP3LQdxEFrF724Pcfj9eTdaMqDrbmvi11ewwfNYdLQTN1Zi9niu13zAFrmkA5n1V2cgfjmM8vUtzGWXEcmBYKc,DUNE_LIVE,LIVE_POST_BASELINE
8twWP7DHmDqjQB51SDLaQf8MbPW6rJHssgfryFGnrJx,0,,,Db1meMQEgj8dCwzhR5W6coWt1yV4iEaQsYPKKDyGRUqW,1,Do9VaY2ru9QtaTWdhmuwc2Z9rj4rZ7D6EShdLTvxnp6h,Db1meMQEgj8dCwzhR5W6coWt1yV4iEaQsYPKKDyGRUqW,2025-04-14T13:08:56Z,54vFJQGBiCTppXwsUF8aiXi8cRZT7zaWV3WJjMtfjgvY5BqKvYVy6X6KeSNUboTEeRjBRWsCzdqfGuvstyiKkfaz,Do9VaY2ru9QtaTWdhmuwc2Z9rj4rZ7D6EShdLTvxnp6h,Db1meMQEgj8dCwzhR5W6coWt1yV4iEaQsYPKKDyGRUqW,2025-04-14T13:08:56Z,54vFJQGBiCTppXwsUF8aiXi8cRZT7zaWV3WJjMtfjgvY5BqKvYVy6X6KeSNUboTEeRjBRWsCzdqfGuvstyiKkfaz,2026-08-26T21:34:16Z,5y9KKMidZA2pNm3QLD2z2j7BfPbwsAQt6HEVyCQMK7sSkCy7PRQUy35JJG3GRnTBDLDeD6YVxYpw9nXSayk6pTiK,INDEPENDENT_LIVE,LIVE_POST_CUTOVER
8vny9KKt5exXucjn1Ws1spY3S5pcdFYHGR7zm5kCrwwm,0,,,ALWioRV1zqeqLZcL6HdnWBCpRj1eGsoiyDsJxqaATh5L,1,7ZYrmZdkRw6hp3MANNWePNoheqNZJyeCTQFfwQXPzE2v,ALWioRV1zqeqLZcL6HdnWBCpRj1eGsoiyDsJxqaATh5L,2025-04-22T10:04:52+00:00,2rc2PCamsJCayzK5d5RTUJyp9MdHT2jvwL3a6QgwQsWF2vdqFm66knCWqokZbGYsMa9FbENGzug63ptzKqo8XeXe,7ZYrmZdkRw6hp3MANNWePNoheqNZJyeCTQFfwQXPzE2v,ALWioRV1zqeqLZcL6HdnWBCpRj1eGsoiyDsJxqaATh5L,2025-04-22T10:04:52+00:00,2rc2PCamsJCayzK5d5RTUJyp9MdHT2jvwL3a6QgwQsWF2vdqFm66knCWqokZbGYsMa9FbENGzug63ptzKqo8XeXe,2026-08-27T12:11:33Z,CGZcRiGwJCA2fBTAEuB5eD25LwsdPtAWvA6SZRJ9DM2xBTpy3s42ZkZgqGjCekTQa4twKYrHnbEQ6KDAX4F6A6K,INDEPENDENT_LIVE,LIVE_POST_CUTOVER
8wdB9zoLeEABBhkJ196VKVCo4f474edG629v4ygmLE4q,0,,,Db1meMQEgj8dCwzhR5W6coWt1yV4iEaQsYPKKDyGRUqW,1,Do9VaY2ru9QtaTWdhmuwc2Z9rj4rZ7D6EShdLTvxnp6h,Db1meMQEgj8dCwzhR5W6coWt1yV4iEaQsYPKKDyGRUqW,2025-09-23T19:30:54Z,2kNguGBgDfgi6tZDY74vdJFf1BJw1RhNbHWHiAQ76SMYqWmKg3afNaCwzDy4fgGZQN6MGwaXzNrpcj8zLhBv5BJJ,Do9VaY2ru9QtaTWdhmuwc2Z9rj4rZ7D6EShdLTvxnp6h,Db1meMQEgj8dCwzhR5W6coWt1yV4iEaQsYPKKDyGRUqW,2025-09-23T19:30:54Z,2kNguGBgDfgi6tZDY74vdJFf1BJw1RhNbHWHiAQ76SMYqWmKg3afNaCwzDy4fgGZQN6MGwaXzNrpcj8zLhBv5BJJ,2026-08-26T21:34:16Z,5y9KKMidZA2pNm3QLD2z2j7BfPbwsAQt6HEVyCQMK7sSkCy7PRQUy35JJG3GRnTBDLDeD6YVxYpw9nXSayk6pTiK,INDEPENDENT_LIVE,LIVE_POST_CUTOVER
8y3aMBiMJTBkZG3AejaGZVQfmtnyKi6Fs79vnafYqvXX,0,,,8Vpqxxbon9s4Hnk2eMhysjx6XKjHiUgEUAm3MSq9yQv2,0,8Vpqxxbon9s4Hnk2eMhysjx6XKjHiUgEUAm3MSq9yQv2,,2026-08-20T08:14:46.000Z,GpZUYh2jMtCYWR8iJUjE3KVvEuzhi26eFnjor7Cezpb2w6bq2ES9iEbqLcUPLtDTJcYFtkjjKcEQ4FHkT7VPHbc,,,,,,,,
8ybw5NrFtKNjh3y3tLWZM1kNcA1rThSRvQL8mifpsUr3,0,,,FYL4LRChq2a6w8PenydNEd1ExoKpBVNpueitXAXanSGy,1,FpqrjWJpTNwv1b1nu3Kouzn7KRZeAxcvyXfHgkGFQ9Gd,FYL4LRChq2a6w8PenydNEd1ExoKpBVNpueitXAXanSGy,2025-04-19T15:18:17Z,sobgykTZ6HL17qbgUe5Kmssa7E6zgHn1SmnUgwBJs8Q1DJxCTDvCcY3rKc4TBTGbvTvj6jtCnL5W4GgewnjvTi9,FpqrjWJpTNwv1b1nu3Kouzn7KRZeAxcvyXfHgkGFQ9Gd,FYL4LRChq2a6w8PenydNEd1ExoKpBVNpueitXAXanSGy,2025-04-19T15:18:17Z,sobgykTZ6HL17qbgUe5Kmssa7E6zgHn1SmnUgwBJs8Q1DJxCTDvCcY3rKc4TBTGbvTvj6jtCnL5W4GgewnjvTi9,2026-08-24T04:22:35.000Z,5oK95ozVzmUYxqJmZd7NLGb2U4oYDLVTieQMPA7TJve19iKQ41uaDdvJ8VHYNmcxSnH1A7BK2NrfTFFcJbTUKTey,DUNE_LIVE,LIVE_POST_BASELINE
8yquX7ZuvCYuhgBHB5mQR4a15MDq5MEywzoawjHiUe35,0,,,8TAx5eRzjvYioRmc83vrzWuEzhav63ccEs7ZuzndxddU,1,Cwg4F9HnwEKktX662TLjYvUjvZStpQHss9BasJYSaGPj,8TAx5eRzjvYioRmc83vrzWuEzhav63ccEs7ZuzndxddU,2026-05-19T17:43:49Z,UpefwkfqgD2ZeQ4VuhJ2jXpwjrucnwZX9CHK91ztTw6koSX9CdYniiWGVtQpcCh689tMPVajq72BDLWH3cUpu2V,Cwg4F9HnwEKktX662TLjYvUjvZStpQHss9BasJYSaGPj,8TAx5eRzjvYioRmc83vrzWuEzhav63ccEs7ZuzndxddU,2026-05-19T17:43:49Z,UpefwkfqgD2ZeQ4VuhJ2jXpwjrucnwZX9CHK91ztTw6koSX9CdYniiWGVtQpcCh689tMPVajq72BDLWH3cUpu2V,2026-08-28T06:25:53Z,3wyPJbJFHo4Fvu7Und18ezfHzbJFeq5FuiuZQzTTQAzrrC7RmAWXjXmonJge3e898SwmhStEUrJE6grUaYQ74KcV,INDEPENDENT_LIVE,LIVE_POST_CUTOVER
8z5eLdoGDThaqxK7tow9WwPz8BomnZHLEsxtpuUu5Rbw,0,,,BfBqvwoNLVSEvrjukaRUdex72PEF234oY8RogGtqFRZv,1,7LscpY288mvuC8kBax5KhcxH9BucLs9cCndo2HUi5xWb,BfBqvwoNLVSEvrjukaRUdex72PEF234oY8RogGtqFRZv,2025-04-13T04:55:58Z,4VhbosMnufEXiJkbdbdaQPUbguzTazd3C4r54X65hutffAEoNqeYsNYq9XgD7LHcqRDYviMFLPJyDSkTEh27j9XC,7LscpY288mvuC8kBax5KhcxH9BucLs9cCndo2HUi5xWb,BfBqvwoNLVSEvrjukaRUdex72PEF234oY8RogGtqFRZv,2025-04-13T04:55:58Z,4VhbosMnufEXiJkbdbdaQPUbguzTazd3C4r54X65hutffAEoNqeYsNYq9XgD7LHcqRDYviMFLPJyDSkTEh27j9XC,2026-08-25T07:31:11.000Z,4rtP3LQdxEFrF724Pcfj9eTdaMqDrbmvi11ewwfNYdLQTN1Zi9niu13zAFrmkA5n1V2cgfjmM8vUtzGWXEcmBYKc,DUNE_LIVE,LIVE_POST_BASELINE
94Yb6bVrbqKyNrmUWedZ98pYHFNSqfj1TBkrc8jRMF7j,0,,,8Vpqxxbon9s4Hnk2eMhysjx6XKjHiUgEUAm3MSq9yQv2,0,8Vpqxxbon9s4Hnk2eMhysjx6XKjHiUgEUAm3MSq9yQv2,,2026-08-21T15:43:24.000Z,4qqP8URUWhrxsurQqynGS4TtpzbUVTEuPskwYmJti7ggdRdoJpgVEE34YS8tXPDuQAWNZZP4z3UvPTqxujDSTExV,,,,,,,,
94kftogAq9f5uw62sLndpCZTAcBzgNjXvp6V7pAdhdcE,0,,,FYL4LRChq2a6w8PenydNEd1ExoKpBVNpueitXAXanSGy,1,FpqrjWJpTNwv1b1nu3Kouzn7KRZeAxcvyXfHgkGFQ9Gd,FYL4LRChq2a6w8PenydNEd1ExoKpBVNpueitXAXanSGy,2025-04-19T15:09:07Z,3f9QvTCEztHzJGDb9pPAy4SmtCGQtczicY7c5UtXsD7QWH3YA4sea4UJDorJWLke7TcjEpS72hPkk9JwFuqTpqdb,FpqrjWJpTNwv1b1nu3Kouzn7KRZeAxcvyXfHgkGFQ9Gd,FYL4LRChq2a6w8PenydNEd1ExoKpBVNpueitXAXanSGy,2025-04-19T15:09:07Z,3f9QvTCEztHzJGDb9pPAy4SmtCGQtczicY7c5UtXsD7QWH3YA4sea4UJDorJWLke7TcjEpS72hPkk9JwFuqTpqdb,2026-08-24T04:22:35.000Z,5oK95ozVzmUYxqJmZd7NLGb2U4oYDLVTieQMPA7TJve19iKQ41uaDdvJ8VHYNmcxSnH1A7BK2NrfTFFcJbTUKTey,DUNE_LIVE,LIVE_POST_BASELINE
96vR1c4ciJNi6FmsVp7rhEJuF3AbByrxXNXEmp7Kwow1,0,,,BfBqvwoNLVSEvrjukaRUdex72PEF234oY8RogGtqFRZv,1,7LscpY288mvuC8kBax5KhcxH9BucLs9cCndo2HUi5xWb,BfBqvwoNLVSEvrjukaRUdex72PEF234oY8RogGtqFRZv,2025-12-01T14:22:16Z,2Vqd2UBPsrpkDK38EoYmhyyVYsXCxpmbncLe6FPfFxnL3mtjn7M3ttz31oG6cLH3iTbwwJyZiYxN5oeB97Qv2ZAY,7LscpY288mvuC8kBax5KhcxH9BucLs9cCndo2HUi5xWb,BfBqvwoNLVSEvrjukaRUdex72PEF234oY8RogGtqFRZv,2025-12-01T14:22:16Z,2Vqd2UBPsrpkDK38EoYmhyyVYsXCxpmbncLe6FPfFxnL3mtjn7M3ttz31oG6cLH3iTbwwJyZiYxN5oeB97Qv2ZAY,2026-08-25T07:31:11.000Z,4rtP3LQdxEFrF724Pcfj9eTdaMqDrbmvi11ewwfNYdLQTN1Zi9niu13zAFrmkA5n1V2cgfjmM8vUtzGWXEcmBYKc,DUNE_LIVE,LIVE_POST_BASELINE
987f4Dt83XNB9d1bK8szvFXeKqwCySpgbF5q2KmTm1hB,0,,,8TAx5eRzjvYioRmc83vrzWuEzhav63ccEs7ZuzndxddU,1,Cwg4F9HnwEKktX662TLjYvUjvZStpQHss9BasJYSaGPj,8TAx5eRzjvYioRmc83vrzWuEzhav63ccEs7ZuzndxddU,2022-08-20T08:29:40Z,5t4VGRwopG78wZ1KP4qD2gAsXQMHBDbjfkoj2JVXp6ZT8XhowggrTFhgese5HuSGvb5ciCASZ4t22yYVJVFZRbnD,Cwg4F9HnwEKktX662TLjYvUjvZStpQHss9BasJYSaGPj,8TAx5eRzjvYioRmc83vrzWuEzhav63ccEs7ZuzndxddU,2022-08-20T08:29:40Z,5t4VGRwopG78wZ1KP4qD2gAsXQMHBDbjfkoj2JVXp6ZT8XhowggrTFhgese5HuSGvb5ciCASZ4t22yYVJVFZRbnD,2026-08-28T06:25:53Z,3wyPJbJFHo4Fvu7Und18ezfHzbJFeq5FuiuZQzTTQAzrrC7RmAWXjXmonJge3e898SwmhStEUrJE6grUaYQ74KcV,INDEPENDENT_LIVE,LIVE_POST_CUTOVER
99DSrkMbikkXV4Wy29GBfMVHARCEUmL9p4heM9msH6MP,1,2026-08-24T15:31:42.000Z,2Tk1gAwX7bzvFM3NbEqFeVfe3arMwRg5ZBXpqADfai8mhs8C6f9sPkCSj3vhGx4pfHpieQBGjnuQtAshsKGuVNCG,,0,,,2026-08-24T15:31:42.000Z,2Tk1gAwX7bzvFM3NbEqFeVfe3arMwRg5ZBXpqADfai8mhs8C6f9sPkCSj3vhGx4pfHpieQBGjnuQtAshsKGuVNCG,,,,,,,,
99XJJemaW5eNUoutTyyTqo1VzChoqteFTq9SCpQgK16Z,0,,,BfBqvwoNLVSEvrjukaRUdex72PEF234oY8RogGtqFRZv,1,7LscpY288mvuC8kBax5KhcxH9BucLs9cCndo2HUi5xWb,BfBqvwoNLVSEvrjukaRUdex72PEF234oY8RogGtqFRZv,2025-04-13T04:52:56Z,iePrgHcuw997NhoN86UDdQxA8yVLMosVLp7jFmdeawDP3eoLz1hdqdNvVXfdExLEn65Nbb571L1wVBDuvkicmpA,7LscpY288mvuC8kBax5KhcxH9BucLs9cCndo2HUi5xWb,BfBqvwoNLVSEvrjukaRUdex72PEF234oY8RogGtqFRZv,2025-04-13T04:52:56Z,iePrgHcuw997NhoN86UDdQxA8yVLMosVLp7jFmdeawDP3eoLz1hdqdNvVXfdExLEn65Nbb571L1wVBDuvkicmpA,2026-08-25T07:31:11.000Z,4rtP3LQdxEFrF724Pcfj9eTdaMqDrbmvi11ewwfNYdLQTN1Zi9niu13zAFrmkA5n1V2cgfjmM8vUtzGWXEcmBYKc,DUNE_LIVE,LIVE_POST_BASELINE
99ag1SCW3JS2bkwcT1yyhvvWn438WTyQkgLsrQscd9i3,0,,,BfBqvwoNLVSEvrjukaRUdex72PEF234oY8RogGtqFRZv,1,7LscpY288mvuC8kBax5KhcxH9BucLs9cCndo2HUi5xWb,BfBqvwoNLVSEvrjukaRUdex72PEF234oY8RogGtqFRZv,2025-12-01T14:27:53Z,5v19vFmPPZxuJNCRarzXRZTeWurfximt1HJjjhBr2akbnZs74bNFsUsvZM9q7zZB8SvDwciBwz4fMeb1oLRuQ8R6,7LscpY288mvuC8kBax5KhcxH9BucLs9cCndo2HUi5xWb,BfBqvwoNLVSEvrjukaRUdex72PEF234oY8RogGtqFRZv,2025-12-01T14:27:53Z,5v19vFmPPZxuJNCRarzXRZTeWurfximt1HJjjhBr2akbnZs74bNFsUsvZM9q7zZB8SvDwciBwz4fMeb1oLRuQ8R6,2026-08-25T07:31:11.000Z,4rtP3LQdxEFrF724Pcfj9eTdaMqDrbmvi11ewwfNYdLQTN1Zi9niu13zAFrmkA5n1V2cgfjmM8vUtzGWXEcmBYKc,DUNE_LIVE,LIVE_POST_BASELINE
99rDEkot2hMHkXiuZZvz6dVVn792VU2jXxxmMdzvBszR,0,,,Db1meMQEgj8dCwzhR5W6coWt1yV4iEaQsYPKKDyGRUqW,1,Do9VaY2ru9QtaTWdhmuwc2Z9rj4rZ7D6EShdLTvxnp6h,Db1meMQEgj8dCwzhR5W6coWt1yV4iEaQsYPKKDyGRUqW,2025-04-14T13:04:48Z,4WqRRPhtP2AFxvfhvUUyjELPLd8juerFh2YjV8uUyLyfsZt35949pcHVSAQw6hqTwMv8W7GGBoUcpZh4xkuxfnaQ,Do9VaY2ru9QtaTWdhmuwc2Z9rj4rZ7D6EShdLTvxnp6h,Db1meMQEgj8dCwzhR5W6coWt1yV4iEaQsYPKKDyGRUqW,2025-04-14T13:04:48Z,4WqRRPhtP2AFxvfhvUUyjELPLd8juerFh2YjV8uUyLyfsZt35949pcHVSAQw6hqTwMv8W7GGBoUcpZh4xkuxfnaQ,2026-08-26T21:34:16Z,5y9KKMidZA2pNm3QLD2z2j7BfPbwsAQt6HEVyCQMK7sSkCy7PRQUy35JJG3GRnTBDLDeD6YVxYpw9nXSayk6pTiK,INDEPENDENT_LIVE,LIVE_POST_CUTOVER
9BtyxbbrAr9kkb5dwRjhvtDV45usWukiqjWFaWFXFSMF,0,,,8TAx5eRzjvYioRmc83vrzWuEzhav63ccEs7ZuzndxddU,1,Cwg4F9HnwEKktX662TLjYvUjvZStpQHss9BasJYSaGPj,8TAx5eRzjvYioRmc83vrzWuEzhav63ccEs7ZuzndxddU,2022-10-29T13:50:49Z,53iQq8uZbJCqBEtJEiZWSnwz8DCS2iAP37UY4KssQMYJdZDK2eLLQNCUKRAy7ykP2aJymZXF1WZNgunva4JM8eex,Cwg4F9HnwEKktX662TLjYvUjvZStpQHss9BasJYSaGPj,8TAx5eRzjvYioRmc83vrzWuEzhav63ccEs7ZuzndxddU,2022-10-29T13:50:49Z,53iQq8uZbJCqBEtJEiZWSnwz8DCS2iAP37UY4KssQMYJdZDK2eLLQNCUKRAy7ykP2aJymZXF1WZNgunva4JM8eex,2026-08-28T06:25:53Z,3wyPJbJFHo4Fvu7Und18ezfHzbJFeq5FuiuZQzTTQAzrrC7RmAWXjXmonJge3e898SwmhStEUrJE6grUaYQ74KcV,INDEPENDENT_LIVE,LIVE_POST_CUTOVER
9DJKG1nMH56KDq6GvYGicGQfBGWcDGFbZnf9XpNV3Aqt,0,,,BfBqvwoNLVSEvrjukaRUdex72PEF234oY8RogGtqFRZv,1,7LscpY288mvuC8kBax5KhcxH9BucLs9cCndo2HUi5xWb,BfBqvwoNLVSEvrjukaRUdex72PEF234oY8RogGtqFRZv,2025-04-18T08:13:10Z,5QFEcdqo3QYr9Fyx3PzKYmniQJ4x9uHfpSxZnUwMb5CcV5mMLbZ3JNi7FANk366DtvzbiQjYjRWedFa2TwG46tXw,7LscpY288mvuC8kBax5KhcxH9BucLs9cCndo2HUi5xWb,BfBqvwoNLVSEvrjukaRUdex72PEF234oY8RogGtqFRZv,2025-04-18T08:13:10Z,5QFEcdqo3QYr9Fyx3PzKYmniQJ4x9uHfpSxZnUwMb5CcV5mMLbZ3JNi7FANk366DtvzbiQjYjRWedFa2TwG46tXw,2026-08-25T07:31:11.000Z,4rtP3LQdxEFrF724Pcfj9eTdaMqDrbmvi11ewwfNYdLQTN1Zi9niu13zAFrmkA5n1V2cgfjmM8vUtzGWXEcmBYKc,DUNE_LIVE,LIVE_POST_BASELINE
9Dxs3otVQ74UkjrsmSoJnxdjmhVaojb41eJ9t3wMUzZ9,0,,,DM5YNogviE6YxVESWYG9TaZ9q4qiBLAJmxnA1LQRFMGZ,1,B1Pv8HZNHGdXC8qTsNGLCJKpnoetE2Y52RyeoJW9pE5Z,DM5YNogviE6YxVESWYG9TaZ9q4qiBLAJmxnA1LQRFMGZ,2025-09-30T14:08:39Z,5v4XuAi2wsDB8wqQ8QvpiyY9vh6LnXYUrnn4TsELBrusk8Q5Nni9qnCe27LPEuXSNes8LhkwTYGHuBVYW9G9Fi43,B1Pv8HZNHGdXC8qTsNGLCJKpnoetE2Y52RyeoJW9pE5Z,DM5YNogviE6YxVESWYG9TaZ9q4qiBLAJmxnA1LQRFMGZ,2025-09-30T14:08:39Z,5v4XuAi2wsDB8wqQ8QvpiyY9vh6LnXYUrnn4TsELBrusk8Q5Nni9qnCe27LPEuXSNes8LhkwTYGHuBVYW9G9Fi43,2026-08-31T09:39:48Z,5rqET3n1SkPB9jrcz8yM3KNBt6b2Q925G69tDBYwhL5yd6cLZzD3gSDSSgsbFqwtJkuaCoAvuRNq3eCNaKxhpdWi,INDEPENDENT_LIVE,LIVE_POST_CUTOVER
9FmNhggkXddsxWerNkmxP9yrKqey5fbgFzJb4EgJPRgR,0,,,8TAx5eRzjvYioRmc83vrzWuEzhav63ccEs7ZuzndxddU,1,Cwg4F9HnwEKktX662TLjYvUjvZStpQHss9BasJYSaGPj,8TAx5eRzjvYioRmc83vrzWuEzhav63ccEs7ZuzndxddU,2022-07-26T06:16:28Z,5E9QVo8zpaXBaar1B9KCvYz4FPUiBohxHJiJWStbLUUWTHzB7tu5rYedqQKJv3RGkpGitJgS95McLVoYSb9rpSr4,Cwg4F9HnwEKktX662TLjYvUjvZStpQHss9BasJYSaGPj,8TAx5eRzjvYioRmc83vrzWuEzhav63ccEs7ZuzndxddU,2022-07-26T06:16:28Z,5E9QVo8zpaXBaar1B9KCvYz4FPUiBohxHJiJWStbLUUWTHzB7tu5rYedqQKJv3RGkpGitJgS95McLVoYSb9rpSr4,2026-08-28T06:25:53Z,3wyPJbJFHo4Fvu7Und18ezfHzbJFeq5FuiuZQzTTQAzrrC7RmAWXjXmonJge3e898SwmhStEUrJE6grUaYQ74KcV,INDEPENDENT_LIVE,LIVE_POST_CUTOVER
9GrDgpfa8rcjdEuWChQ3TzdsczdbFRiDPf1wV5WZXbnr,0,,,8TAx5eRzjvYioRmc83vrzWuEzhav63ccEs7ZuzndxddU,1,Cwg4F9HnwEKktX662TLjYvUjvZStpQHss9BasJYSaGPj,8TAx5eRzjvYioRmc83vrzWuEzhav63ccEs7ZuzndxddU,2023-08-02T18:42:59Z,3EwnPmcvKBXLjLHsU514yrJ3Jug18Ew7BgBaPmnz1pcEzsP1PfTAjKjNtW7BdjLzgrYTp4HmR1wnMfk2ZH4Bw3bQ,Cwg4F9HnwEKktX662TLjYvUjvZStpQHss9BasJYSaGPj,8TAx5eRzjvYioRmc83vrzWuEzhav63ccEs7ZuzndxddU,2023-08-02T18:42:59Z,3EwnPmcvKBXLjLHsU514yrJ3Jug18Ew7BgBaPmnz1pcEzsP1PfTAjKjNtW7BdjLzgrYTp4HmR1wnMfk2ZH4Bw3bQ,2026-08-28T06:25:53Z,3wyPJbJFHo4Fvu7Und18ezfHzbJFeq5FuiuZQzTTQAzrrC7RmAWXjXmonJge3e898SwmhStEUrJE6grUaYQ74KcV,INDEPENDENT_LIVE,LIVE_POST_CUTOVER
9H9iNoWd5F3RPnm3qkthh51XUmyCSqg9RfvZm2WRmW46,0,,,DM5YNogviE6YxVESWYG9TaZ9q4qiBLAJmxnA1LQRFMGZ,1,B1Pv8HZNHGdXC8qTsNGLCJKpnoetE2Y52RyeoJW9pE5Z,DM5YNogviE6YxVESWYG9TaZ9q4qiBLAJmxnA1LQRFMGZ,2025-04-13T07:10:25Z,37PwcnkwSGaw7J3Mo9bkJ2RfNrKEZ2dV6MYTnWgerDgVk13SvaYH4frGWJ1A9aDrNXFPBnVWRUXm6e1KprfccPpi,B1Pv8HZNHGdXC8qTsNGLCJKpnoetE2Y52RyeoJW9pE5Z,DM5YNogviE6YxVESWYG9TaZ9q4qiBLAJmxnA1LQRFMGZ,2025-04-13T07:10:25Z,37PwcnkwSGaw7J3Mo9bkJ2RfNrKEZ2dV6MYTnWgerDgVk13SvaYH4frGWJ1A9aDrNXFPBnVWRUXm6e1KprfccPpi,2026-08-31T09:39:48Z,5rqET3n1SkPB9jrcz8yM3KNBt6b2Q925G69tDBYwhL5yd6cLZzD3gSDSSgsbFqwtJkuaCoAvuRNq3eCNaKxhpdWi,INDEPENDENT_LIVE,LIVE_POST_CUTOVER
9J8zJ4BUkNhEZn4xKF9rndsuD7eGVsXvYNSD3yF3EDwF,0,,,BfBqvwoNLVSEvrjukaRUdex72PEF234oY8RogGtqFRZv,1,7LscpY288mvuC8kBax5KhcxH9BucLs9cCndo2HUi5xWb,BfBqvwoNLVSEvrjukaRUdex72PEF234oY8RogGtqFRZv,2025-04-13T04:37:58Z,4SBQ6iPdQ6MyKbxjVDEtSbeb8oL9Rt8oatiX3RsJLWXzWsrcNkwCxZqFZVv6ZTGSBGab6yh5YN4cTnYVyL1qPaKg,7LscpY288mvuC8kBax5KhcxH9BucLs9cCndo2HUi5xWb,BfBqvwoNLVSEvrjukaRUdex72PEF234oY8RogGtqFRZv,2025-04-13T04:37:58Z,4SBQ6iPdQ6MyKbxjVDEtSbeb8oL9Rt8oatiX3RsJLWXzWsrcNkwCxZqFZVv6ZTGSBGab6yh5YN4cTnYVyL1qPaKg,2026-08-25T07:31:11.000Z,4rtP3LQdxEFrF724Pcfj9eTdaMqDrbmvi11ewwfNYdLQTN1Zi9niu13zAFrmkA5n1V2cgfjmM8vUtzGWXEcmBYKc,DUNE_LIVE,LIVE_POST_BASELINE
9KUDjbR31EpE3ZazYYhAZv5CjWAHHGT8y83RCgFLSYEp,0,,,BfBqvwoNLVSEvrjukaRUdex72PEF234oY8RogGtqFRZv,1,7LscpY288mvuC8kBax5KhcxH9BucLs9cCndo2HUi5xWb,BfBqvwoNLVSEvrjukaRUdex72PEF234oY8RogGtqFRZv,2025-12-01T14:23:12Z,wDDm2RnTabEDYkd6Enr9NX1mxdz7YusQLyQyVFdKNqnFSXos3cjxNyaoP1XPKeWEFUcF7oeG56F719pUo3eXX7n,7LscpY288mvuC8kBax5KhcxH9BucLs9cCndo2HUi5xWb,BfBqvwoNLVSEvrjukaRUdex72PEF234oY8RogGtqFRZv,2025-12-01T14:23:12Z,wDDm2RnTabEDYkd6Enr9NX1mxdz7YusQLyQyVFdKNqnFSXos3cjxNyaoP1XPKeWEFUcF7oeG56F719pUo3eXX7n,2026-08-25T07:31:11.000Z,4rtP3LQdxEFrF724Pcfj9eTdaMqDrbmvi11ewwfNYdLQTN1Zi9niu13zAFrmkA5n1V2cgfjmM8vUtzGWXEcmBYKc,DUNE_LIVE,LIVE_POST_BASELINE
9MP6ykZf2t9LzEgoEJZhHhU5t5qbeAGpMrJmFeEW1F19,0,,,BfBqvwoNLVSEvrjukaRUdex72PEF234oY8RogGtqFRZv,1,7LscpY288mvuC8kBax5KhcxH9BucLs9cCndo2HUi5xWb,BfBqvwoNLVSEvrjukaRUdex72PEF234oY8RogGtqFRZv,2025-12-01T14:35:59Z,3qJt88M89Sm5xzcB3VkYxfy7xvxByoFsBY5HkpvjXPZcQbhcfx7z7e4XLuJiQMZ4EE86ewRs68SjwJULT6AkrEP7,7LscpY288mvuC8kBax5KhcxH9BucLs9cCndo2HUi5xWb,BfBqvwoNLVSEvrjukaRUdex72PEF234oY8RogGtqFRZv,2025-12-01T14:35:59Z,3qJt88M89Sm5xzcB3VkYxfy7xvxByoFsBY5HkpvjXPZcQbhcfx7z7e4XLuJiQMZ4EE86ewRs68SjwJULT6AkrEP7,2026-08-25T07:31:11.000Z,4rtP3LQdxEFrF724Pcfj9eTdaMqDrbmvi11ewwfNYdLQTN1Zi9niu13zAFrmkA5n1V2cgfjmM8vUtzGWXEcmBYKc,DUNE_LIVE,LIVE_POST_BASELINE
9MmFcvzQsb1sJGWoACRHaUfUXRgBFsgLGVRoTg72FxfZ,0,,,38Bj4DFXhAkDxB6Atj66kdxGZfhZEC3ejRX1HDh1YFKj,1,8Vpqxxbon9s4Hnk2eMhysjx6XKjHiUgEUAm3MSq9yQv2,38Bj4DFXhAkDxB6Atj66kdxGZfhZEC3ejRX1HDh1YFKj,2025-04-26T14:32:36Z,5Wkvp9vdUuZ9R2id5Y8riMYu7WXGoLQGJdAJGcgGfFtq3mxMYfWSwYVfzobrKdYLEUm5A4t7JfNSLUuSFgGnW1xU,8Vpqxxbon9s4Hnk2eMhysjx6XKjHiUgEUAm3MSq9yQv2,38Bj4DFXhAkDxB6Atj66kdxGZfhZEC3ejRX1HDh1YFKj,2025-04-26T14:32:36Z,5Wkvp9vdUuZ9R2id5Y8riMYu7WXGoLQGJdAJGcgGfFtq3mxMYfWSwYVfzobrKdYLEUm5A4t7JfNSLUuSFgGnW1xU,2026-08-21T19:39:25.000Z,4AT1PFFkyADXcz2QFJi78yrTeP8dAhFkfWJU5JCvpEx2a7pWsAxn14owrdqpvwkTU7bAzxxCYoBijEksgty9W6qe,DUNE_LIVE,LIVE_POST_BASELINE
9NSxgSooMGjb9SExwuLQr18eVhEGF8DYVc9XowrL5eK7,0,,,BfBqvwoNLVSEvrjukaRUdex72PEF234oY8RogGtqFRZv,1,7LscpY288mvuC8kBax5KhcxH9BucLs9cCndo2HUi5xWb,BfBqvwoNLVSEvrjukaRUdex72PEF234oY8RogGtqFRZv,2025-12-01T14:35:21Z,9QdWSGrgNJ8JRZAg6SSSqVKaJeZNpNQTaEzkm52RokUZLQqAzes7gFJHfxfAjgVVE4Whmua6LmUqKgKAtRyhKaC,7LscpY288mvuC8kBax5KhcxH9BucLs9cCndo2HUi5xWb,BfBqvwoNLVSEvrjukaRUdex72PEF234oY8RogGtqFRZv,2025-12-01T14:35:21Z,9QdWSGrgNJ8JRZAg6SSSqVKaJeZNpNQTaEzkm52RokUZLQqAzes7gFJHfxfAjgVVE4Whmua6LmUqKgKAtRyhKaC,2026-08-25T07:31:11.000Z,4rtP3LQdxEFrF724Pcfj9eTdaMqDrbmvi11ewwfNYdLQTN1Zi9niu13zAFrmkA5n1V2cgfjmM8vUtzGWXEcmBYKc,DUNE_LIVE,LIVE_POST_BASELINE
9PVfAgpg4vuPDa6P3FUTKdCz8sDZsb54cweAt6ey13jt,0,,,BfBqvwoNLVSEvrjukaRUdex72PEF234oY8RogGtqFRZv,1,7LscpY288mvuC8kBax5KhcxH9BucLs9cCndo2HUi5xWb,BfBqvwoNLVSEvrjukaRUdex72PEF234oY8RogGtqFRZv,2025-12-01T14:33:32Z,5UphAU9J9uxwkX27abfmNms11gdYcT6y5ybpg9Xp9kkfMGErD5tYFJ7yPzUUAuBWDy3EW2gSJGcezdLva5jPjG6X,7LscpY288mvuC8kBax5KhcxH9BucLs9cCndo2HUi5xWb,BfBqvwoNLVSEvrjukaRUdex72PEF234oY8RogGtqFRZv,2025-12-01T14:33:32Z,5UphAU9J9uxwkX27abfmNms11gdYcT6y5ybpg9Xp9kkfMGErD5tYFJ7yPzUUAuBWDy3EW2gSJGcezdLva5jPjG6X,2026-08-25T07:31:11.000Z,4rtP3LQdxEFrF724Pcfj9eTdaMqDrbmvi11ewwfNYdLQTN1Zi9niu13zAFrmkA5n1V2cgfjmM8vUtzGWXEcmBYKc,DUNE_LIVE,LIVE_POST_BASELINE
9PdtgkJr4zECQoJpJwARjJ9Qjo4rBnFtZYx9ip7Uh4Qd,0,,,BfBqvwoNLVSEvrjukaRUdex72PEF234oY8RogGtqFRZv,1,7LscpY288mvuC8kBax5KhcxH9BucLs9cCndo2HUi5xWb,BfBqvwoNLVSEvrjukaRUdex72PEF234oY8RogGtqFRZv,2025-12-01T14:47:11Z,372BYxjLK2jLDESftFhMy9yDTkVz7WmcQddtCr26kk371qHZs4B56tvVJrv38obsCQQ6mU8zFxNPgdhR17c8rBF4,7LscpY288mvuC8kBax5KhcxH9BucLs9cCndo2HUi5xWb,BfBqvwoNLVSEvrjukaRUdex72PEF234oY8RogGtqFRZv,2025-12-01T14:47:11Z,372BYxjLK2jLDESftFhMy9yDTkVz7WmcQddtCr26kk371qHZs4B56tvVJrv38obsCQQ6mU8zFxNPgdhR17c8rBF4,2026-08-25T07:31:11.000Z,4rtP3LQdxEFrF724Pcfj9eTdaMqDrbmvi11ewwfNYdLQTN1Zi9niu13zAFrmkA5n1V2cgfjmM8vUtzGWXEcmBYKc,DUNE_LIVE,LIVE_POST_BASELINE
9QkcQ8RNWHzVtPkzoB4cToobMDdPAiKyTJSgzEH591NW,0,,,38Bj4DFXhAkDxB6Atj66kdxGZfhZEC3ejRX1HDh1YFKj,1,8Vpqxxbon9s4Hnk2eMhysjx6XKjHiUgEUAm3MSq9yQv2,38Bj4DFXhAkDxB6Atj66kdxGZfhZEC3ejRX1HDh1YFKj,2025-04-26T14:27:11Z,3YtV2TBiqn5B2TycZucAjpVqaAsMaru9Y7czGkK8gdN1vH2vTm5zE5945svVSntcQKLgCRVukL5YJ7Qa6pqKxx6s,8Vpqxxbon9s4Hnk2eMhysjx6XKjHiUgEUAm3MSq9yQv2,38Bj4DFXhAkDxB6Atj66kdxGZfhZEC3ejRX1HDh1YFKj,2025-04-26T14:27:11Z,3YtV2TBiqn5B2TycZucAjpVqaAsMaru9Y7czGkK8gdN1vH2vTm5zE5945svVSntcQKLgCRVukL5YJ7Qa6pqKxx6s,2026-08-21T19:39:25.000Z,4AT1PFFkyADXcz2QFJi78yrTeP8dAhFkfWJU5JCvpEx2a7pWsAxn14owrdqpvwkTU7bAzxxCYoBijEksgty9W6qe,DUNE_LIVE,LIVE_POST_BASELINE
9QyeskW3xV3bo5CiiEfAiBLLmLsr5B2kD5K2eXVgXb1b,0,,,38Bj4DFXhAkDxB6Atj66kdxGZfhZEC3ejRX1HDh1YFKj,1,8Vpqxxbon9s4Hnk2eMhysjx6XKjHiUgEUAm3MSq9yQv2,38Bj4DFXhAkDxB6Atj66kdxGZfhZEC3ejRX1HDh1YFKj,2025-04-26T14:33:51Z,3gz5fhuJh3m3UiMz6R9bj8nb3SAMEcE5x29J6KkXYSUqt2662UpDR7Y3JoscM1hXSr3rHt3RsMR8FsT5tzXaz9oB,8Vpqxxbon9s4Hnk2eMhysjx6XKjHiUgEUAm3MSq9yQv2,38Bj4DFXhAkDxB6Atj66kdxGZfhZEC3ejRX1HDh1YFKj,2025-04-26T14:33:51Z,3gz5fhuJh3m3UiMz6R9bj8nb3SAMEcE5x29J6KkXYSUqt2662UpDR7Y3JoscM1hXSr3rHt3RsMR8FsT5tzXaz9oB,2026-08-21T19:39:25.000Z,4AT1PFFkyADXcz2QFJi78yrTeP8dAhFkfWJU5JCvpEx2a7pWsAxn14owrdqpvwkTU7bAzxxCYoBijEksgty9W6qe,DUNE_LIVE,LIVE_POST_BASELINE
9S5pVtokommW566hZe7RJsgjbtdNcsCmjgfi2nVAfmxD,0,,,Db1meMQEgj8dCwzhR5W6coWt1yV4iEaQsYPKKDyGRUqW,1,Do9VaY2ru9QtaTWdhmuwc2Z9rj4rZ7D6EShdLTvxnp6h,Db1meMQEgj8dCwzhR5W6coWt1yV4iEaQsYPKKDyGRUqW,2025-08-23T13:26:18Z,2hFLom3UPnEck6QXYhEXWWzmVmjh3QfBKPjvqh2hoUp2bfFKjmwFc9KEADgS8QMTU9CuVKtJnPb8Vuvbc3BfFmqa,Do9VaY2ru9QtaTWdhmuwc2Z9rj4rZ7D6EShdLTvxnp6h,Db1meMQEgj8dCwzhR5W6coWt1yV4iEaQsYPKKDyGRUqW,2025-08-23T13:26:18Z,2hFLom3UPnEck6QXYhEXWWzmVmjh3QfBKPjvqh2hoUp2bfFKjmwFc9KEADgS8QMTU9CuVKtJnPb8Vuvbc3BfFmqa,2026-08-26T21:34:16Z,5y9KKMidZA2pNm3QLD2z2j7BfPbwsAQt6HEVyCQMK7sSkCy7PRQUy35JJG3GRnTBDLDeD6YVxYpw9nXSayk6pTiK,INDEPENDENT_LIVE,LIVE_POST_CUTOVER
9UT2KTBEVEreFFHbpLbQiBfqVwc269pe8zXNphV2Qjep,0,,,BCdR4tGAsJCV2PiD4y7LvUgSpoKhaEqj9cWLA68hCkzA,1,2hx9Je3RCTArTNhWJ4JYKreKxa1NPdTQqXZyBrgtUiKS,BCdR4tGAsJCV2PiD4y7LvUgSpoKhaEqj9cWLA68hCkzA,2024-01-16T20:53:12Z,5HXC6QRKWKSLGmAue5k4sdBJfe2s2MvmxjFYjUQZ2DUHnYxc3EjK9aLt7tvKr5qeENr7TupvTSHohM52DYyENKWM,2hx9Je3RCTArTNhWJ4JYKreKxa1NPdTQqXZyBrgtUiKS,BCdR4tGAsJCV2PiD4y7LvUgSpoKhaEqj9cWLA68hCkzA,2024-01-16T20:53:12Z,5HXC6QRKWKSLGmAue5k4sdBJfe2s2MvmxjFYjUQZ2DUHnYxc3EjK9aLt7tvKr5qeENr7TupvTSHohM52DYyENKWM,2026-08-28T07:33:31Z,3WnMgm1LaiyZF2QCBQCTGZxjKwxzixaRBAx5TYVVxU6iycjepqfBCzFeHYMVPPtNuwzRpoycy5tvW8jd3JHkLV6F,INDEPENDENT_LIVE,LIVE_POST_CUTOVER
9V8LjMjSEjH6qzRoLR8rAb47trjj1dDituq2K8pymAWt,0,,,8TAx5eRzjvYioRmc83vrzWuEzhav63ccEs7ZuzndxddU,1,Cwg4F9HnwEKktX662TLjYvUjvZStpQHss9BasJYSaGPj,8TAx5eRzjvYioRmc83vrzWuEzhav63ccEs7ZuzndxddU,2026-02-22T16:21:15Z,53rdva1GkGg81Nnej5zKuPr8QSiRuKyg2rP6Nk2qu7GF4WbAL78m1dpxYjETUFGa6VE8NiqhHtVuc2vfc5kLeQBh,Cwg4F9HnwEKktX662TLjYvUjvZStpQHss9BasJYSaGPj,8TAx5eRzjvYioRmc83vrzWuEzhav63ccEs7ZuzndxddU,2026-02-22T16:21:15Z,53rdva1GkGg81Nnej5zKuPr8QSiRuKyg2rP6Nk2qu7GF4WbAL78m1dpxYjETUFGa6VE8NiqhHtVuc2vfc5kLeQBh,2026-08-28T06:25:53Z,3wyPJbJFHo4Fvu7Und18ezfHzbJFeq5FuiuZQzTTQAzrrC7RmAWXjXmonJge3e898SwmhStEUrJE6grUaYQ74KcV,INDEPENDENT_LIVE,LIVE_POST_CUTOVER
9WanwWcDPyiibsTGd1ScmdHpVKUkegW1iHCEwGzc94ee,0,,,FYL4LRChq2a6w8PenydNEd1ExoKpBVNpueitXAXanSGy,1,FpqrjWJpTNwv1b1nu3Kouzn7KRZeAxcvyXfHgkGFQ9Gd,FYL4LRChq2a6w8PenydNEd1ExoKpBVNpueitXAXanSGy,2025-04-19T15:05:25Z,2jVX9bt9c3SGRnetAXxix7Xp4W42yFxXTt818Rf5zTXk3xnX8m5wspWwVitBw9G4NtssURUddUmGgDtkJenApPUF,FpqrjWJpTNwv1b1nu3Kouzn7KRZeAxcvyXfHgkGFQ9Gd,FYL4LRChq2a6w8PenydNEd1ExoKpBVNpueitXAXanSGy,2025-04-19T15:05:25Z,2jVX9bt9c3SGRnetAXxix7Xp4W42yFxXTt818Rf5zTXk3xnX8m5wspWwVitBw9G4NtssURUddUmGgDtkJenApPUF,2026-08-24T04:22:35.000Z,5oK95ozVzmUYxqJmZd7NLGb2U4oYDLVTieQMPA7TJve19iKQ41uaDdvJ8VHYNmcxSnH1A7BK2NrfTFFcJbTUKTey,DUNE_LIVE,LIVE_POST_BASELINE
9Wx8YR7UjYcm5vwi1Gzu8UxARkaXSCyurBtjbTEouXUb,0,,,8TAx5eRzjvYioRmc83vrzWuEzhav63ccEs7ZuzndxddU,1,Cwg4F9HnwEKktX662TLjYvUjvZStpQHss9BasJYSaGPj,8TAx5eRzjvYioRmc83vrzWuEzhav63ccEs7ZuzndxddU,2026-02-22T16:20:48Z,2utZSP3KuYZuUBh1XaTMLtYC7XdfEWzj4Zfdj2Xito8HM9J7uoM4vT6xy995nLJ6Vwp9R1hSMwQLJrQcuxGoqTq1,Cwg4F9HnwEKktX662TLjYvUjvZStpQHss9BasJYSaGPj,8TAx5eRzjvYioRmc83vrzWuEzhav63ccEs7ZuzndxddU,2026-02-22T16:20:48Z,2utZSP3KuYZuUBh1XaTMLtYC7XdfEWzj4Zfdj2Xito8HM9J7uoM4vT6xy995nLJ6Vwp9R1hSMwQLJrQcuxGoqTq1,2026-08-28T06:25:53Z,3wyPJbJFHo4Fvu7Und18ezfHzbJFeq5FuiuZQzTTQAzrrC7RmAWXjXmonJge3e898SwmhStEUrJE6grUaYQ74KcV,INDEPENDENT_LIVE,LIVE_POST_CUTOVER
9aeo4GTefp6xjgjwGjc6oy5TGhFWTSDwwJ34LiRbfyDE,1,2026-08-24T15:31:42.000Z,4vCVtgkBVLBk7mDP9ph8dujTsrC1u9peWZbWF6sc8o4s2GD7PShbFWsbVLoo7ivijgNvkc1SVT7PcHiEGMrk61wx,,0,,,2026-08-24T15:31:42.000Z,4vCVtgkBVLBk7mDP9ph8dujTsrC1u9peWZbWF6sc8o4s2GD7PShbFWsbVLoo7ivijgNvkc1SVT7PcHiEGMrk61wx,,,,,,,,
9bBKPEtqysLcYrAiumu9HRBdSVyRAAaMifXe9ofTtqsv,0,,,BfBqvwoNLVSEvrjukaRUdex72PEF234oY8RogGtqFRZv,1,7LscpY288mvuC8kBax5KhcxH9BucLs9cCndo2HUi5xWb,BfBqvwoNLVSEvrjukaRUdex72PEF234oY8RogGtqFRZv,2025-09-25T10:39:03Z,4kxqi8hU233QY1mjjDvbPwQiq7PEbrFujp8HqRnMj4WA8GWc4g3BQmpyZGoVetcJwBMnsnCqzeyhiy7eqJ5YeUWx,7LscpY288mvuC8kBax5KhcxH9BucLs9cCndo2HUi5xWb,BfBqvwoNLVSEvrjukaRUdex72PEF234oY8RogGtqFRZv,2025-09-25T10:39:03Z,4kxqi8hU233QY1mjjDvbPwQiq7PEbrFujp8HqRnMj4WA8GWc4g3BQmpyZGoVetcJwBMnsnCqzeyhiy7eqJ5YeUWx,2026-08-25T07:31:11.000Z,4rtP3LQdxEFrF724Pcfj9eTdaMqDrbmvi11ewwfNYdLQTN1Zi9niu13zAFrmkA5n1V2cgfjmM8vUtzGWXEcmBYKc,DUNE_LIVE,LIVE_POST_BASELINE
9bXgxyyWNg3paXco9QHCGSzT24ozXxfXg5z6orBiY5pw,0,,,8TAx5eRzjvYioRmc83vrzWuEzhav63ccEs7ZuzndxddU,1,Cwg4F9HnwEKktX662TLjYvUjvZStpQHss9BasJYSaGPj,8TAx5eRzjvYioRmc83vrzWuEzhav63ccEs7ZuzndxddU,2026-01-18T07:53:21Z,LfRbjXFDg1eV1iWc1r4FpFMxSQBwRQyQjk2z4jt4q3C6AdURdRjxqS5rATr7ZbtozbdWHfxfXCPEv4gcENtpuUp,Cwg4F9HnwEKktX662TLjYvUjvZStpQHss9BasJYSaGPj,8TAx5eRzjvYioRmc83vrzWuEzhav63ccEs7ZuzndxddU,2026-01-18T07:53:21Z,LfRbjXFDg1eV1iWc1r4FpFMxSQBwRQyQjk2z4jt4q3C6AdURdRjxqS5rATr7ZbtozbdWHfxfXCPEv4gcENtpuUp,2026-08-28T06:25:53Z,3wyPJbJFHo4Fvu7Und18ezfHzbJFeq5FuiuZQzTTQAzrrC7RmAWXjXmonJge3e898SwmhStEUrJE6grUaYQ74KcV,INDEPENDENT_LIVE,LIVE_POST_CUTOVER
9brG8dbRr6HL2ZePUegRJyP5FT74bu9TwhLEEoLmCmgb,0,,,BfBqvwoNLVSEvrjukaRUdex72PEF234oY8RogGtqFRZv,1,7LscpY288mvuC8kBax5KhcxH9BucLs9cCndo2HUi5xWb,BfBqvwoNLVSEvrjukaRUdex72PEF234oY8RogGtqFRZv,2025-12-01T14:46:26Z,5gaeLiMQBLyvKQzSqMr634mC3e3CpezEzSqonVJgQD47jJZ62EY99DPNSXRYjNjsEH37JyyWUX6wbydX92sTC3gF,7LscpY288mvuC8kBax5KhcxH9BucLs9cCndo2HUi5xWb,BfBqvwoNLVSEvrjukaRUdex72PEF234oY8RogGtqFRZv,2025-12-01T14:46:26Z,5gaeLiMQBLyvKQzSqMr634mC3e3CpezEzSqonVJgQD47jJZ62EY99DPNSXRYjNjsEH37JyyWUX6wbydX92sTC3gF,2026-08-25T07:31:11.000Z,4rtP3LQdxEFrF724Pcfj9eTdaMqDrbmvi11ewwfNYdLQTN1Zi9niu13zAFrmkA5n1V2cgfjmM8vUtzGWXEcmBYKc,DUNE_LIVE,LIVE_POST_BASELINE
9c85CkTyu8yimGJ77gUWydrNjYjKh2Wj2gP8C6eFKU74,0,,,BfBqvwoNLVSEvrjukaRUdex72PEF234oY8RogGtqFRZv,1,7LscpY288mvuC8kBax5KhcxH9BucLs9cCndo2HUi5xWb,BfBqvwoNLVSEvrjukaRUdex72PEF234oY8RogGtqFRZv,2025-12-01T14:22:21Z,44GLgsDgR46e24RV5dUuwmELyfiuaHv7zAA5aTZ9V3zCbGeJ4zWmYFjcp7JEVxUxEJ4Exuit47oEHzarXn3XHEBD,7LscpY288mvuC8kBax5KhcxH9BucLs9cCndo2HUi5xWb,BfBqvwoNLVSEvrjukaRUdex72PEF234oY8RogGtqFRZv,2025-12-01T14:22:21Z,44GLgsDgR46e24RV5dUuwmELyfiuaHv7zAA5aTZ9V3zCbGeJ4zWmYFjcp7JEVxUxEJ4Exuit47oEHzarXn3XHEBD,2026-08-25T07:31:11.000Z,4rtP3LQdxEFrF724Pcfj9eTdaMqDrbmvi11ewwfNYdLQTN1Zi9niu13zAFrmkA5n1V2cgfjmM8vUtzGWXEcmBYKc,DUNE_LIVE,LIVE_POST_BASELINE
9cH1vpNcKvmnubffdfbQVfEpeXa6amczGUJnVGY8ozsR,0,,,FYL4LRChq2a6w8PenydNEd1ExoKpBVNpueitXAXanSGy,1,FpqrjWJpTNwv1b1nu3Kouzn7KRZeAxcvyXfHgkGFQ9Gd,FYL4LRChq2a6w8PenydNEd1ExoKpBVNpueitXAXanSGy,2025-04-19T15:16:50Z,2WMeaQoMYaFwKQYy3v6voYYeQuF2hHT8WJn37rdPYDNCYNRGSatoBXx5Qv3FnUDp6oEZshUXUXuRonVRdNg4qaPW,FpqrjWJpTNwv1b1nu3Kouzn7KRZeAxcvyXfHgkGFQ9Gd,FYL4LRChq2a6w8PenydNEd1ExoKpBVNpueitXAXanSGy,2025-04-19T15:16:50Z,2WMeaQoMYaFwKQYy3v6voYYeQuF2hHT8WJn37rdPYDNCYNRGSatoBXx5Qv3FnUDp6oEZshUXUXuRonVRdNg4qaPW,2026-08-24T04:22:35.000Z,5oK95ozVzmUYxqJmZd7NLGb2U4oYDLVTieQMPA7TJve19iKQ41uaDdvJ8VHYNmcxSnH1A7BK2NrfTFFcJbTUKTey,DUNE_LIVE,LIVE_POST_BASELINE
9eYQT7WWneS8yfu81C4dYy92JVvTm7YtWKDyjfmSmpM1,0,,,BfBqvwoNLVSEvrjukaRUdex72PEF234oY8RogGtqFRZv,1,7LscpY288mvuC8kBax5KhcxH9BucLs9cCndo2HUi5xWb,BfBqvwoNLVSEvrjukaRUdex72PEF234oY8RogGtqFRZv,2025-12-01T14:39:55Z,2awSkpHhR6YxjYwxwrrVt1uZL71Vy98bdXdZueJCMJ8BZHEf6nXz7YRXMGG3oXtHZxSXpKu7GU5pkyMNTyBy7j34,7LscpY288mvuC8kBax5KhcxH9BucLs9cCndo2HUi5xWb,BfBqvwoNLVSEvrjukaRUdex72PEF234oY8RogGtqFRZv,2025-12-01T14:39:55Z,2awSkpHhR6YxjYwxwrrVt1uZL71Vy98bdXdZueJCMJ8BZHEf6nXz7YRXMGG3oXtHZxSXpKu7GU5pkyMNTyBy7j34,2026-08-25T07:31:11.000Z,4rtP3LQdxEFrF724Pcfj9eTdaMqDrbmvi11ewwfNYdLQTN1Zi9niu13zAFrmkA5n1V2cgfjmM8vUtzGWXEcmBYKc,DUNE_LIVE,LIVE_POST_BASELINE
9fcgbbfXYAoyiEEJySwEEjfqiK7GKSCoFqzhYjCsMGb4,1,2026-08-24T15:31:42.000Z,2qACpujW8iXsHDko7AytBTPd4zKb23FhpwXaCD9u2y9vBpbUqXi4GaPkurEXWd33qXCzK7kvDydBDWbiHRotbsty,,0,,,2026-08-24T15:31:42.000Z,2qACpujW8iXsHDko7AytBTPd4zKb23FhpwXaCD9u2y9vBpbUqXi4GaPkurEXWd33qXCzK7kvDydBDWbiHRotbsty,,,,,,,,
9hYqXY2J3XHFMQmv27dMiCKYMZ5VuTQJCv7g5HMobaDn,0,,,FYL4LRChq2a6w8PenydNEd1ExoKpBVNpueitXAXanSGy,1,FpqrjWJpTNwv1b1nu3Kouzn7KRZeAxcvyXfHgkGFQ9Gd,FYL4LRChq2a6w8PenydNEd1ExoKpBVNpueitXAXanSGy,2025-04-19T15:16:05Z,2N3Ho9N8ZcbQVkW1ycDjYi6ArAmDjp4U64SjmctLoE8ESYT2AjvHvC1ezKuLbDjbKVqM6DkApSC7EKq8HTUkXEeG,FpqrjWJpTNwv1b1nu3Kouzn7KRZeAxcvyXfHgkGFQ9Gd,FYL4LRChq2a6w8PenydNEd1ExoKpBVNpueitXAXanSGy,2025-04-19T15:16:05Z,2N3Ho9N8ZcbQVkW1ycDjYi6ArAmDjp4U64SjmctLoE8ESYT2AjvHvC1ezKuLbDjbKVqM6DkApSC7EKq8HTUkXEeG,2026-08-24T04:22:35.000Z,5oK95ozVzmUYxqJmZd7NLGb2U4oYDLVTieQMPA7TJve19iKQ41uaDdvJ8VHYNmcxSnH1A7BK2NrfTFFcJbTUKTey,DUNE_LIVE,LIVE_POST_BASELINE
9iFkArjNcNE51UwbZLcXkme6JWkTUsNMneVLpWLvDPLa,0,,,8TAx5eRzjvYioRmc83vrzWuEzhav63ccEs7ZuzndxddU,1,Cwg4F9HnwEKktX662TLjYvUjvZStpQHss9BasJYSaGPj,8TAx5eRzjvYioRmc83vrzWuEzhav63ccEs7ZuzndxddU,2026-06-29T18:48:23Z,3fcViUyruxX8sUXPpBDKEVyJyezh4C7gT9ALr32VT5JkyTc65gkabccqpqbsHFpUkdkmezjcfKV4As6BpKHuYZ2p,Cwg4F9HnwEKktX662TLjYvUjvZStpQHss9BasJYSaGPj,8TAx5eRzjvYioRmc83vrzWuEzhav63ccEs7ZuzndxddU,2026-06-29T18:48:23Z,3fcViUyruxX8sUXPpBDKEVyJyezh4C7gT9ALr32VT5JkyTc65gkabccqpqbsHFpUkdkmezjcfKV4As6BpKHuYZ2p,2026-08-28T06:25:53Z,3wyPJbJFHo4Fvu7Und18ezfHzbJFeq5FuiuZQzTTQAzrrC7RmAWXjXmonJge3e898SwmhStEUrJE6grUaYQ74KcV,INDEPENDENT_LIVE,LIVE_POST_CUTOVER
9j7w9Veb5hj8KDumvdi6sFZ9wCZ8dZjCcM5dMk5jDJfy,0,,,BfBqvwoNLVSEvrjukaRUdex72PEF234oY8RogGtqFRZv,1,7LscpY288mvuC8kBax5KhcxH9BucLs9cCndo2HUi5xWb,BfBqvwoNLVSEvrjukaRUdex72PEF234oY8RogGtqFRZv,2025-12-01T14:22:07Z,pXcLDMNUbVk8f6HNzsui9HBafA72PZyNF2GTumwWGAbXG4JPwerYFYZwBBC6NNo8ttmUUnCGXa1KVPbhxCmcnXH,7LscpY288mvuC8kBax5KhcxH9BucLs9cCndo2HUi5xWb,BfBqvwoNLVSEvrjukaRUdex72PEF234oY8RogGtqFRZv,2025-12-01T14:22:07Z,pXcLDMNUbVk8f6HNzsui9HBafA72PZyNF2GTumwWGAbXG4JPwerYFYZwBBC6NNo8ttmUUnCGXa1KVPbhxCmcnXH,2026-08-25T07:31:11.000Z,4rtP3LQdxEFrF724Pcfj9eTdaMqDrbmvi11ewwfNYdLQTN1Zi9niu13zAFrmkA5n1V2cgfjmM8vUtzGWXEcmBYKc,DUNE_LIVE,LIVE_POST_BASELINE
9jTp1t8CirsLQTcnuNUgr1FdZahB1cNZRD7JvMw6TRD7,0,,,BfBqvwoNLVSEvrjukaRUdex72PEF234oY8RogGtqFRZv,1,7LscpY288mvuC8kBax5KhcxH9BucLs9cCndo2HUi5xWb,BfBqvwoNLVSEvrjukaRUdex72PEF234oY8RogGtqFRZv,2025-12-01T14:26:08Z,2c86MH1dzohSBD8hfThigSqs54hHhyosUcJHzz7RzFKStHtjXySBkcSgLCWuYME6C6FymMQat8rsMZSf6z8TARx3,7LscpY288mvuC8kBax5KhcxH9BucLs9cCndo2HUi5xWb,BfBqvwoNLVSEvrjukaRUdex72PEF234oY8RogGtqFRZv,2025-12-01T14:26:08Z,2c86MH1dzohSBD8hfThigSqs54hHhyosUcJHzz7RzFKStHtjXySBkcSgLCWuYME6C6FymMQat8rsMZSf6z8TARx3,2026-08-25T07:31:11.000Z,4rtP3LQdxEFrF724Pcfj9eTdaMqDrbmvi11ewwfNYdLQTN1Zi9niu13zAFrmkA5n1V2cgfjmM8vUtzGWXEcmBYKc,DUNE_LIVE,LIVE_POST_BASELINE
9kutJCaKfUqNfDTUEiByKuUabHbrps8ajMqY7UgybtG8,1,2026-08-24T15:31:42.000Z,3Aab2BVqbaGFbTt3utdq5tM4ukdukQqxVmFmiytNXVFgVvMEq37tX7rW237gtB1gPYjwnmB8uLg8mHxFHyxP5dWE,,0,,,2026-08-24T15:31:42.000Z,3Aab2BVqbaGFbTt3utdq5tM4ukdukQqxVmFmiytNXVFgVvMEq37tX7rW237gtB1gPYjwnmB8uLg8mHxFHyxP5dWE,,,,,,,,
9m8wUchVnxVA5cs5CqyRtyUrSiApC6harCgLQxoegdfA,0,,,8TAx5eRzjvYioRmc83vrzWuEzhav63ccEs7ZuzndxddU,1,Cwg4F9HnwEKktX662TLjYvUjvZStpQHss9BasJYSaGPj,8TAx5eRzjvYioRmc83vrzWuEzhav63ccEs7ZuzndxddU,2026-02-17T16:17:57Z,5xGqHUFZs2NiFL6mgqYFA9qp2gBSJ7htzP2CZDLd9CgdxamX5S5NcbczKDUFVSEbdZnXtGm3RK8C3zegcNG5eZns,Cwg4F9HnwEKktX662TLjYvUjvZStpQHss9BasJYSaGPj,8TAx5eRzjvYioRmc83vrzWuEzhav63ccEs7ZuzndxddU,2026-02-17T16:17:57Z,5xGqHUFZs2NiFL6mgqYFA9qp2gBSJ7htzP2CZDLd9CgdxamX5S5NcbczKDUFVSEbdZnXtGm3RK8C3zegcNG5eZns,2026-08-28T06:25:53Z,3wyPJbJFHo4Fvu7Und18ezfHzbJFeq5FuiuZQzTTQAzrrC7RmAWXjXmonJge3e898SwmhStEUrJE6grUaYQ74KcV,INDEPENDENT_LIVE,LIVE_POST_CUTOVER
9n2yfpVbJrxzbHxFsL3ghbtY5xHYEXL1PCnB3i93nKwe,0,,,BfBqvwoNLVSEvrjukaRUdex72PEF234oY8RogGtqFRZv,1,7LscpY288mvuC8kBax5KhcxH9BucLs9cCndo2HUi5xWb,BfBqvwoNLVSEvrjukaRUdex72PEF234oY8RogGtqFRZv,2025-12-01T14:43:19Z,5hrHzH6u8Ez3MJTwkhrMpJMxZ71Jzm8pYQuwNGDUa42pfXK6dsqxR9jzDD6XTDu6cEkDEMXgPb6miDePVNSSvhjp,7LscpY288mvuC8kBax5KhcxH9BucLs9cCndo2HUi5xWb,BfBqvwoNLVSEvrjukaRUdex72PEF234oY8RogGtqFRZv,2025-12-01T14:43:19Z,5hrHzH6u8Ez3MJTwkhrMpJMxZ71Jzm8pYQuwNGDUa42pfXK6dsqxR9jzDD6XTDu6cEkDEMXgPb6miDePVNSSvhjp,2026-08-25T07:31:11.000Z,4rtP3LQdxEFrF724Pcfj9eTdaMqDrbmvi11ewwfNYdLQTN1Zi9niu13zAFrmkA5n1V2cgfjmM8vUtzGWXEcmBYKc,DUNE_LIVE,LIVE_POST_BASELINE
9o7We9R8k9JB49VGkW4qR7DuJByiujHJH4v61UHX5HBN,0,,,BfBqvwoNLVSEvrjukaRUdex72PEF234oY8RogGtqFRZv,1,7LscpY288mvuC8kBax5KhcxH9BucLs9cCndo2HUi5xWb,BfBqvwoNLVSEvrjukaRUdex72PEF234oY8RogGtqFRZv,2025-12-13T07:43:18Z,45PmJXnFuWvo5sxbWDwmMcGyZjto7qKs5N5vYW1Yzy2fpg4PwKP9aoT2SBtkrqtuNG6y6dYfQ432xv97dgpCrZJz,7LscpY288mvuC8kBax5KhcxH9BucLs9cCndo2HUi5xWb,BfBqvwoNLVSEvrjukaRUdex72PEF234oY8RogGtqFRZv,2025-12-13T07:43:18Z,45PmJXnFuWvo5sxbWDwmMcGyZjto7qKs5N5vYW1Yzy2fpg4PwKP9aoT2SBtkrqtuNG6y6dYfQ432xv97dgpCrZJz,2026-08-25T07:31:11.000Z,4rtP3LQdxEFrF724Pcfj9eTdaMqDrbmvi11ewwfNYdLQTN1Zi9niu13zAFrmkA5n1V2cgfjmM8vUtzGWXEcmBYKc,DUNE_LIVE,LIVE_POST_BASELINE
9oX4936HV8K1vb1GsWzzcjzWjLGzVtaiAJEpRGxZ3rDW,1,2026-08-24T15:31:42.000Z,2qACpujW8iXsHDko7AytBTPd4zKb23FhpwXaCD9u2y9vBpbUqXi4GaPkurEXWd33qXCzK7kvDydBDWbiHRotbsty,,0,,,2026-08-24T15:31:42.000Z,2qACpujW8iXsHDko7AytBTPd4zKb23FhpwXaCD9u2y9vBpbUqXi4GaPkurEXWd33qXCzK7kvDydBDWbiHRotbsty,,,,,,,,
9pAY8bXyuKNNzPpnwF1uNiDmL3s8xNBp3AefPXHybhvZ,0,,,BfBqvwoNLVSEvrjukaRUdex72PEF234oY8RogGtqFRZv,1,7LscpY288mvuC8kBax5KhcxH9BucLs9cCndo2HUi5xWb,BfBqvwoNLVSEvrjukaRUdex72PEF234oY8RogGtqFRZv,2025-12-01T14:26:42Z,35BsAQkDWG5xTXP9vzCPrTaTVyLcNcS3KymV4vbotfDRLGYtJZ6yobD31q2AEDJfdhGziSZD5eWxkQ5Dm4jaN3sQ,7LscpY288mvuC8kBax5KhcxH9BucLs9cCndo2HUi5xWb,BfBqvwoNLVSEvrjukaRUdex72PEF234oY8RogGtqFRZv,2025-12-01T14:26:42Z,35BsAQkDWG5xTXP9vzCPrTaTVyLcNcS3KymV4vbotfDRLGYtJZ6yobD31q2AEDJfdhGziSZD5eWxkQ5Dm4jaN3sQ,2026-08-25T07:31:11.000Z,4rtP3LQdxEFrF724Pcfj9eTdaMqDrbmvi11ewwfNYdLQTN1Zi9niu13zAFrmkA5n1V2cgfjmM8vUtzGWXEcmBYKc,DUNE_LIVE,LIVE_POST_BASELINE
9piVnvtu3A4pW3rvy4z8kg2qkULoY1Au2cYphjnXpkYe,0,,,8TAx5eRzjvYioRmc83vrzWuEzhav63ccEs7ZuzndxddU,1,Cwg4F9HnwEKktX662TLjYvUjvZStpQHss9BasJYSaGPj,8TAx5eRzjvYioRmc83vrzWuEzhav63ccEs7ZuzndxddU,2026-02-22T16:20:57Z,58s841jfYeB8SHVCtxaNgcgmMuhgRVdTgLbFBH4YbZBFxTwF7EBWeLHcbbJQTcmaLEhs1Cc8XyKCE8F4doiDZrrd,Cwg4F9HnwEKktX662TLjYvUjvZStpQHss9BasJYSaGPj,8TAx5eRzjvYioRmc83vrzWuEzhav63ccEs7ZuzndxddU,2026-02-22T16:20:57Z,58s841jfYeB8SHVCtxaNgcgmMuhgRVdTgLbFBH4YbZBFxTwF7EBWeLHcbbJQTcmaLEhs1Cc8XyKCE8F4doiDZrrd,2026-08-28T06:25:53Z,3wyPJbJFHo4Fvu7Und18ezfHzbJFeq5FuiuZQzTTQAzrrC7RmAWXjXmonJge3e898SwmhStEUrJE6grUaYQ74KcV,INDEPENDENT_LIVE,LIVE_POST_CUTOVER
9s6bNiH2iU77wWKNuKKJ3UdgAtcihRMtUcp5BkGLaNVj,0,,,FYL4LRChq2a6w8PenydNEd1ExoKpBVNpueitXAXanSGy,1,FpqrjWJpTNwv1b1nu3Kouzn7KRZeAxcvyXfHgkGFQ9Gd,FYL4LRChq2a6w8PenydNEd1ExoKpBVNpueitXAXanSGy,2025-04-19T15:13:26Z,3p4YKUPiQt2egkrs4NftQEwbHEtgHgHVhswDRp86QPvSh6h91tYdFUv45KnXg1aDtRu5rbNtDUS38d6gb2UXjKq9,FpqrjWJpTNwv1b1nu3Kouzn7KRZeAxcvyXfHgkGFQ9Gd,FYL4LRChq2a6w8PenydNEd1ExoKpBVNpueitXAXanSGy,2025-04-19T15:13:26Z,3p4YKUPiQt2egkrs4NftQEwbHEtgHgHVhswDRp86QPvSh6h91tYdFUv45KnXg1aDtRu5rbNtDUS38d6gb2UXjKq9,2026-08-24T04:22:35.000Z,5oK95ozVzmUYxqJmZd7NLGb2U4oYDLVTieQMPA7TJve19iKQ41uaDdvJ8VHYNmcxSnH1A7BK2NrfTFFcJbTUKTey,DUNE_LIVE,LIVE_POST_BASELINE
9u5rnneyx7JyMH2KytsZkYjPFRcLQbBQnRxDAMEDSbQr,0,,,Db1meMQEgj8dCwzhR5W6coWt1yV4iEaQsYPKKDyGRUqW,1,Do9VaY2ru9QtaTWdhmuwc2Z9rj4rZ7D6EShdLTvxnp6h,Db1meMQEgj8dCwzhR5W6coWt1yV4iEaQsYPKKDyGRUqW,2025-04-14T13:08:47Z,3WdpFHq1cPmbQ7zdviHdggwzamRN45ySSDicuGj32oGcoa2ajNF4TNRnqQfyDoHj7oPQt5o5xeMJdSFqq7wc56dN,Do9VaY2ru9QtaTWdhmuwc2Z9rj4rZ7D6EShdLTvxnp6h,Db1meMQEgj8dCwzhR5W6coWt1yV4iEaQsYPKKDyGRUqW,2025-04-14T13:08:47Z,3WdpFHq1cPmbQ7zdviHdggwzamRN45ySSDicuGj32oGcoa2ajNF4TNRnqQfyDoHj7oPQt5o5xeMJdSFqq7wc56dN,2026-08-26T21:34:16Z,5y9KKMidZA2pNm3QLD2z2j7BfPbwsAQt6HEVyCQMK7sSkCy7PRQUy35JJG3GRnTBDLDeD6YVxYpw9nXSayk6pTiK,INDEPENDENT_LIVE,LIVE_POST_CUTOVER
9uHoqFUYAgk1DJrSRzqbTrvFkTjJWZJntKP8F7YoCXL1,0,,,8TAx5eRzjvYioRmc83vrzWuEzhav63ccEs7ZuzndxddU,1,Cwg4F9HnwEKktX662TLjYvUjvZStpQHss9BasJYSaGPj,8TAx5eRzjvYioRmc83vrzWuEzhav63ccEs7ZuzndxddU,2026-02-07T15:34:15Z,453JakqTmzQKVUyTrXxNJ3dj6o953vbE55CnmGFwP3V3jsaYSwC1BbbF3WwpnJhFoeaKuefPmXja2eB8uhCgaJrS,Cwg4F9HnwEKktX662TLjYvUjvZStpQHss9BasJYSaGPj,8TAx5eRzjvYioRmc83vrzWuEzhav63ccEs7ZuzndxddU,2026-02-07T15:34:15Z,453JakqTmzQKVUyTrXxNJ3dj6o953vbE55CnmGFwP3V3jsaYSwC1BbbF3WwpnJhFoeaKuefPmXja2eB8uhCgaJrS,2026-08-28T06:25:53Z,3wyPJbJFHo4Fvu7Und18ezfHzbJFeq5FuiuZQzTTQAzrrC7RmAWXjXmonJge3e898SwmhStEUrJE6grUaYQ74KcV,INDEPENDENT_LIVE,LIVE_POST_CUTOVER
9vHr7Zv77BLHZoWLtWFHcZZkR65Tbzj69ZXHDkApm3ec,0,,,BfBqvwoNLVSEvrjukaRUdex72PEF234oY8RogGtqFRZv,1,7LscpY288mvuC8kBax5KhcxH9BucLs9cCndo2HUi5xWb,BfBqvwoNLVSEvrjukaRUdex72PEF234oY8RogGtqFRZv,2025-12-01T14:35:16Z,5HV5zDmUrSeqkqzUzPqsBsNPsCrNe9Y5wGHtCDNbvCwD1wpkHExx2U7VwvP5oJs32nKRath1GEAa22PT8yj4u1Xh,7LscpY288mvuC8kBax5KhcxH9BucLs9cCndo2HUi5xWb,BfBqvwoNLVSEvrjukaRUdex72PEF234oY8RogGtqFRZv,2025-12-01T14:35:16Z,5HV5zDmUrSeqkqzUzPqsBsNPsCrNe9Y5wGHtCDNbvCwD1wpkHExx2U7VwvP5oJs32nKRath1GEAa22PT8yj4u1Xh,2026-08-25T07:31:11.000Z,4rtP3LQdxEFrF724Pcfj9eTdaMqDrbmvi11ewwfNYdLQTN1Zi9niu13zAFrmkA5n1V2cgfjmM8vUtzGWXEcmBYKc,DUNE_LIVE,LIVE_POST_BASELINE
9wuxjcYEkv4uztyQev46Bwkr6DnBPDnVKi1zNoQkcxkP,0,,,BfBqvwoNLVSEvrjukaRUdex72PEF234oY8RogGtqFRZv,1,7LscpY288mvuC8kBax5KhcxH9BucLs9cCndo2HUi5xWb,BfBqvwoNLVSEvrjukaRUdex72PEF234oY8RogGtqFRZv,2025-12-01T14:48:17Z,9KB54ZkX5zg7j1HzTdqt92R8HWjgCdDa98RcNfytSvVE7F2HoXX1K92ke4XL5YgxQaaFai6QWYvuLu6easAPrEz,7LscpY288mvuC8kBax5KhcxH9BucLs9cCndo2HUi5xWb,BfBqvwoNLVSEvrjukaRUdex72PEF234oY8RogGtqFRZv,2025-12-01T14:48:17Z,9KB54ZkX5zg7j1HzTdqt92R8HWjgCdDa98RcNfytSvVE7F2HoXX1K92ke4XL5YgxQaaFai6QWYvuLu6easAPrEz,2026-08-25T07:31:11.000Z,4rtP3LQdxEFrF724Pcfj9eTdaMqDrbmvi11ewwfNYdLQTN1Zi9niu13zAFrmkA5n1V2cgfjmM8vUtzGWXEcmBYKc,DUNE_LIVE,LIVE_POST_BASELINE
9x17WhrMskHjREXX5Db6oGmtNqWPpzM8rouPtpCmZPYC,0,,,BfBqvwoNLVSEvrjukaRUdex72PEF234oY8RogGtqFRZv,1,7LscpY288mvuC8kBax5KhcxH9BucLs9cCndo2HUi5xWb,BfBqvwoNLVSEvrjukaRUdex72PEF234oY8RogGtqFRZv,2025-04-13T04:57:24Z,2eiqGYMHJdxwi2ESRn9R2ADFfG6C4bMf9xUycLZyZiK7fp512EjgaPpMSPkHxR65RrdhVkQepQZEQ1dqFdghFAMh,7LscpY288mvuC8kBax5KhcxH9BucLs9cCndo2HUi5xWb,BfBqvwoNLVSEvrjukaRUdex72PEF234oY8RogGtqFRZv,2025-04-13T04:57:24Z,2eiqGYMHJdxwi2ESRn9R2ADFfG6C4bMf9xUycLZyZiK7fp512EjgaPpMSPkHxR65RrdhVkQepQZEQ1dqFdghFAMh,2026-08-25T07:31:11.000Z,4rtP3LQdxEFrF724Pcfj9eTdaMqDrbmvi11ewwfNYdLQTN1Zi9niu13zAFrmkA5n1V2cgfjmM8vUtzGWXEcmBYKc,DUNE_LIVE,LIVE_POST_BASELINE
9xfamN7NtewYwK15TkXbGPoL6WC8dp3dHrUJ8sC78TLa,0,,,DM5YNogviE6YxVESWYG9TaZ9q4qiBLAJmxnA1LQRFMGZ,1,B1Pv8HZNHGdXC8qTsNGLCJKpnoetE2Y52RyeoJW9pE5Z,DM5YNogviE6YxVESWYG9TaZ9q4qiBLAJmxnA1LQRFMGZ,2025-04-13T07:11:34Z,49Ys7ojjjQwgmDSqzNavVR2Sx3t5nL2uLedoRg4muVcs8Zscu8m5ns6usCvCA5aoUovecUEMmX58rotwiELepKhZ,B1Pv8HZNHGdXC8qTsNGLCJKpnoetE2Y52RyeoJW9pE5Z,DM5YNogviE6YxVESWYG9TaZ9q4qiBLAJmxnA1LQRFMGZ,2025-04-13T07:11:34Z,49Ys7ojjjQwgmDSqzNavVR2Sx3t5nL2uLedoRg4muVcs8Zscu8m5ns6usCvCA5aoUovecUEMmX58rotwiELepKhZ,2026-08-31T09:39:48Z,5rqET3n1SkPB9jrcz8yM3KNBt6b2Q925G69tDBYwhL5yd6cLZzD3gSDSSgsbFqwtJkuaCoAvuRNq3eCNaKxhpdWi,INDEPENDENT_LIVE,LIVE_POST_CUTOVER
9yT2ayhgHTb2irdVtj2dcNH3QoUNnCV5JzSKreLWSe9D,0,,,Db1meMQEgj8dCwzhR5W6coWt1yV4iEaQsYPKKDyGRUqW,1,Do9VaY2ru9QtaTWdhmuwc2Z9rj4rZ7D6EShdLTvxnp6h,Db1meMQEgj8dCwzhR5W6coWt1yV4iEaQsYPKKDyGRUqW,2025-12-03T19:36:56Z,F5c5A7VCakQNWXVPwpAEkpPj9EDtXpy9m7L4sMBikMJnSNiGwpm2eScf397WaPXPX4j9LV4xhKkvPzed1Z93nyp,Do9VaY2ru9QtaTWdhmuwc2Z9rj4rZ7D6EShdLTvxnp6h,Db1meMQEgj8dCwzhR5W6coWt1yV4iEaQsYPKKDyGRUqW,2025-12-03T19:36:56Z,F5c5A7VCakQNWXVPwpAEkpPj9EDtXpy9m7L4sMBikMJnSNiGwpm2eScf397WaPXPX4j9LV4xhKkvPzed1Z93nyp,2026-08-26T21:34:16Z,5y9KKMidZA2pNm3QLD2z2j7BfPbwsAQt6HEVyCQMK7sSkCy7PRQUy35JJG3GRnTBDLDeD6YVxYpw9nXSayk6pTiK,INDEPENDENT_LIVE,LIVE_POST_CUTOVER
9zH9KMq7fCRQJc9R7hMZCq9GPfhtkbZPGPbekB37B8iZ,0,,,FYL4LRChq2a6w8PenydNEd1ExoKpBVNpueitXAXanSGy,1,FpqrjWJpTNwv1b1nu3Kouzn7KRZeAxcvyXfHgkGFQ9Gd,FYL4LRChq2a6w8PenydNEd1ExoKpBVNpueitXAXanSGy,2025-04-19T15:13:33Z,5xQ31pw94BeevSoPE3ZeTp4ksc9o6gz8nMwhkGPuG28cQz1dPHzAfCytz8t7ZQVCraJ99k7gYEwbRkVSmMfp81Az,FpqrjWJpTNwv1b1nu3Kouzn7KRZeAxcvyXfHgkGFQ9Gd,FYL4LRChq2a6w8PenydNEd1ExoKpBVNpueitXAXanSGy,2025-04-19T15:13:33Z,5xQ31pw94BeevSoPE3ZeTp4ksc9o6gz8nMwhkGPuG28cQz1dPHzAfCytz8t7ZQVCraJ99k7gYEwbRkVSmMfp81Az,2026-08-24T04:22:35.000Z,5oK95ozVzmUYxqJmZd7NLGb2U4oYDLVTieQMPA7TJve19iKQ41uaDdvJ8VHYNmcxSnH1A7BK2NrfTFFcJbTUKTey,DUNE_LIVE,LIVE_POST_BASELINE
A1QT1sAyGkCANMwCmbqGaohBzqoJqdpxb2VXHj4SQPGk,0,,,FYL4LRChq2a6w8PenydNEd1ExoKpBVNpueitXAXanSGy,1,FpqrjWJpTNwv1b1nu3Kouzn7KRZeAxcvyXfHgkGFQ9Gd,FYL4LRChq2a6w8PenydNEd1ExoKpBVNpueitXAXanSGy,2025-04-19T15:07:37Z,4c9HgyQ3fVFG9U3XnFui7AQn6Q9QGjiSybniuqG4AhbsgjLRLJT8VTDAEUDy22dBLyeAStMH2HiMFCEvPcr2AoCt,FpqrjWJpTNwv1b1nu3Kouzn7KRZeAxcvyXfHgkGFQ9Gd,FYL4LRChq2a6w8PenydNEd1ExoKpBVNpueitXAXanSGy,2025-04-19T15:07:37Z,4c9HgyQ3fVFG9U3XnFui7AQn6Q9QGjiSybniuqG4AhbsgjLRLJT8VTDAEUDy22dBLyeAStMH2HiMFCEvPcr2AoCt,2026-08-24T04:22:35.000Z,5oK95ozVzmUYxqJmZd7NLGb2U4oYDLVTieQMPA7TJve19iKQ41uaDdvJ8VHYNmcxSnH1A7BK2NrfTFFcJbTUKTey,DUNE_LIVE,LIVE_POST_BASELINE
A1rSzNVeh7YmmkAFQZ15MbL4iuxyE32obsfDXx9mBKki,0,,,8TAx5eRzjvYioRmc83vrzWuEzhav63ccEs7ZuzndxddU,1,Cwg4F9HnwEKktX662TLjYvUjvZStpQHss9BasJYSaGPj,8TAx5eRzjvYioRmc83vrzWuEzhav63ccEs7ZuzndxddU,2022-09-09T09:27:20Z,5bFYJYEpvBWeoLUb57c5jGeojxPGe5VRyHhGwJUgyTMqKhneJHMjEgPpm93uPnABCjjTyVtcq12NExMsUPVdSGQK,Cwg4F9HnwEKktX662TLjYvUjvZStpQHss9BasJYSaGPj,8TAx5eRzjvYioRmc83vrzWuEzhav63ccEs7ZuzndxddU,2022-09-09T09:27:20Z,5bFYJYEpvBWeoLUb57c5jGeojxPGe5VRyHhGwJUgyTMqKhneJHMjEgPpm93uPnABCjjTyVtcq12NExMsUPVdSGQK,2026-08-28T06:25:53Z,3wyPJbJFHo4Fvu7Und18ezfHzbJFeq5FuiuZQzTTQAzrrC7RmAWXjXmonJge3e898SwmhStEUrJE6grUaYQ74KcV,INDEPENDENT_LIVE,LIVE_POST_CUTOVER
A2Dg8wztz7xYKRMzk68826TGGWQopRRwYedpXswh1xhD,0,,,38Bj4DFXhAkDxB6Atj66kdxGZfhZEC3ejRX1HDh1YFKj,1,8Vpqxxbon9s4Hnk2eMhysjx6XKjHiUgEUAm3MSq9yQv2,38Bj4DFXhAkDxB6Atj66kdxGZfhZEC3ejRX1HDh1YFKj,2025-04-26T14:24:00Z,5BCrxVmSB5BjDmy3CYt9HcaipGXCbXY9w961xe55doJczvjgKvtEYudtsffs1X8CcTxrKvEgQSxNF5QcWRHaWnjK,8Vpqxxbon9s4Hnk2eMhysjx6XKjHiUgEUAm3MSq9yQv2,38Bj4DFXhAkDxB6Atj66kdxGZfhZEC3ejRX1HDh1YFKj,2025-04-26T14:24:00Z,5BCrxVmSB5BjDmy3CYt9HcaipGXCbXY9w961xe55doJczvjgKvtEYudtsffs1X8CcTxrKvEgQSxNF5QcWRHaWnjK,2026-08-21T19:39:25.000Z,4AT1PFFkyADXcz2QFJi78yrTeP8dAhFkfWJU5JCvpEx2a7pWsAxn14owrdqpvwkTU7bAzxxCYoBijEksgty9W6qe,DUNE_LIVE,LIVE_POST_BASELINE
A59W3UiQNtBQS3dGgEDkCRFmBmK2DnY9tQybUhjp2YPE,0,,,FYL4LRChq2a6w8PenydNEd1ExoKpBVNpueitXAXanSGy,1,FpqrjWJpTNwv1b1nu3Kouzn7KRZeAxcvyXfHgkGFQ9Gd,FYL4LRChq2a6w8PenydNEd1ExoKpBVNpueitXAXanSGy,2025-04-19T15:10:07Z,cmKV2DZAbpyEXFyjqYN8hpnHMWrLmep3TwwWRcTLYeLkpp8iFRf7ycFSDHrQR7VB2BYjMD1YX6cNzytwWjFZbg8,FpqrjWJpTNwv1b1nu3Kouzn7KRZeAxcvyXfHgkGFQ9Gd,FYL4LRChq2a6w8PenydNEd1ExoKpBVNpueitXAXanSGy,2025-04-19T15:10:07Z,cmKV2DZAbpyEXFyjqYN8hpnHMWrLmep3TwwWRcTLYeLkpp8iFRf7ycFSDHrQR7VB2BYjMD1YX6cNzytwWjFZbg8,2026-08-24T04:22:35.000Z,5oK95ozVzmUYxqJmZd7NLGb2U4oYDLVTieQMPA7TJve19iKQ41uaDdvJ8VHYNmcxSnH1A7BK2NrfTFFcJbTUKTey,DUNE_LIVE,LIVE_POST_BASELINE
A5JUPPfRBSZn3fD81APG4rQd3imgMG7NCkxpQKnGW42R,0,,,DM5YNogviE6YxVESWYG9TaZ9q4qiBLAJmxnA1LQRFMGZ,1,B1Pv8HZNHGdXC8qTsNGLCJKpnoetE2Y52RyeoJW9pE5Z,DM5YNogviE6YxVESWYG9TaZ9q4qiBLAJmxnA1LQRFMGZ,2025-04-15T02:13:11Z,rxw1twNUuXpHbR9J1sg2ZVxvVUU2XVTg8Rhmt36LsjSLBqERrQWZ7CELURq7rDyeSLC89DKgNQwEcReTfdpBFjF,B1Pv8HZNHGdXC8qTsNGLCJKpnoetE2Y52RyeoJW9pE5Z,DM5YNogviE6YxVESWYG9TaZ9q4qiBLAJmxnA1LQRFMGZ,2025-04-15T02:13:11Z,rxw1twNUuXpHbR9J1sg2ZVxvVUU2XVTg8Rhmt36LsjSLBqERrQWZ7CELURq7rDyeSLC89DKgNQwEcReTfdpBFjF,2026-08-31T09:39:48Z,5rqET3n1SkPB9jrcz8yM3KNBt6b2Q925G69tDBYwhL5yd6cLZzD3gSDSSgsbFqwtJkuaCoAvuRNq3eCNaKxhpdWi,INDEPENDENT_LIVE,LIVE_POST_CUTOVER
A7nRtw5EKkH722Epu3DRmTWv58xC7Rzw9p56TkkW4FW2,0,,,BfBqvwoNLVSEvrjukaRUdex72PEF234oY8RogGtqFRZv,1,7LscpY288mvuC8kBax5KhcxH9BucLs9cCndo2HUi5xWb,BfBqvwoNLVSEvrjukaRUdex72PEF234oY8RogGtqFRZv,2025-12-01T14:24:31Z,i2S43DECeQWwmdAVc6BgyqXbPW4VSe7h7LQKk9njVsWvt4GHzFk6RtYDZmXKFejfCoUDvQDUWxdJ4JLq4fFtz3s,7LscpY288mvuC8kBax5KhcxH9BucLs9cCndo2HUi5xWb,BfBqvwoNLVSEvrjukaRUdex72PEF234oY8RogGtqFRZv,2025-12-01T14:24:31Z,i2S43DECeQWwmdAVc6BgyqXbPW4VSe7h7LQKk9njVsWvt4GHzFk6RtYDZmXKFejfCoUDvQDUWxdJ4JLq4fFtz3s,2026-08-25T07:31:11.000Z,4rtP3LQdxEFrF724Pcfj9eTdaMqDrbmvi11ewwfNYdLQTN1Zi9niu13zAFrmkA5n1V2cgfjmM8vUtzGWXEcmBYKc,DUNE_LIVE,LIVE_POST_BASELINE
A9A4hM4mqZnoGiNcLXJh4y1db1VDSLjEvVrny4cPrRrY,0,,,8TAx5eRzjvYioRmc83vrzWuEzhav63ccEs7ZuzndxddU,1,Cwg4F9HnwEKktX662TLjYvUjvZStpQHss9BasJYSaGPj,8TAx5eRzjvYioRmc83vrzWuEzhav63ccEs7ZuzndxddU,2022-10-24T13:14:12Z,4P5bJMxVvKbzMWQKRJQA6VDAXfQkfRLa2fjK3aQUCZNTEYMypzeoFozcd5yGvzQdxseL9khagwJ1zNVGDaAAt5Jo,Cwg4F9HnwEKktX662TLjYvUjvZStpQHss9BasJYSaGPj,8TAx5eRzjvYioRmc83vrzWuEzhav63ccEs7ZuzndxddU,2022-10-24T13:14:12Z,4P5bJMxVvKbzMWQKRJQA6VDAXfQkfRLa2fjK3aQUCZNTEYMypzeoFozcd5yGvzQdxseL9khagwJ1zNVGDaAAt5Jo,2026-08-28T06:25:53Z,3wyPJbJFHo4Fvu7Und18ezfHzbJFeq5FuiuZQzTTQAzrrC7RmAWXjXmonJge3e898SwmhStEUrJE6grUaYQ74KcV,INDEPENDENT_LIVE,LIVE_POST_CUTOVER
AAFXNnNLdbfp1N4q8jTx9gFiRUT9cdrBn3i1mNPh8oJE,0,,,BfBqvwoNLVSEvrjukaRUdex72PEF234oY8RogGtqFRZv,1,7LscpY288mvuC8kBax5KhcxH9BucLs9cCndo2HUi5xWb,BfBqvwoNLVSEvrjukaRUdex72PEF234oY8RogGtqFRZv,2025-04-13T04:49:35Z,2cDxHM6qxXKUSL7MVKwuCmAKDnsj6XZjduynyMvxqPXDAfAbNNcJM1gWArXfQP8taiswtzFMceH4poRq6jWcBWmV,7LscpY288mvuC8kBax5KhcxH9BucLs9cCndo2HUi5xWb,BfBqvwoNLVSEvrjukaRUdex72PEF234oY8RogGtqFRZv,2025-04-13T04:49:35Z,2cDxHM6qxXKUSL7MVKwuCmAKDnsj6XZjduynyMvxqPXDAfAbNNcJM1gWArXfQP8taiswtzFMceH4poRq6jWcBWmV,2026-08-25T07:31:11.000Z,4rtP3LQdxEFrF724Pcfj9eTdaMqDrbmvi11ewwfNYdLQTN1Zi9niu13zAFrmkA5n1V2cgfjmM8vUtzGWXEcmBYKc,DUNE_LIVE,LIVE_POST_BASELINE
AB6ZJBfnVB9iBfgJUJ6LJ3JZyG9nRRGg3EyhbFTzutE5,0,,,BfBqvwoNLVSEvrjukaRUdex72PEF234oY8RogGtqFRZv,1,7LscpY288mvuC8kBax5KhcxH9BucLs9cCndo2HUi5xWb,BfBqvwoNLVSEvrjukaRUdex72PEF234oY8RogGtqFRZv,2025-12-01T14:27:01Z,36jSbXDA3efRaodR8axEuFRgSTGLc9jYWD1togX3fd5qUECtLGYJh9CDUmSN813Ue92RcXxkXu7hEtvccnG4He5V,7LscpY288mvuC8kBax5KhcxH9BucLs9cCndo2HUi5xWb,BfBqvwoNLVSEvrjukaRUdex72PEF234oY8RogGtqFRZv,2025-12-01T14:27:01Z,36jSbXDA3efRaodR8axEuFRgSTGLc9jYWD1togX3fd5qUECtLGYJh9CDUmSN813Ue92RcXxkXu7hEtvccnG4He5V,2026-08-25T07:31:11.000Z,4rtP3LQdxEFrF724Pcfj9eTdaMqDrbmvi11ewwfNYdLQTN1Zi9niu13zAFrmkA5n1V2cgfjmM8vUtzGWXEcmBYKc,DUNE_LIVE,LIVE_POST_BASELINE
ABbeRFcfRxdhAPPqRbKmj3Jis3Pu9SnE9bnbgST2FDjS,0,,,BfBqvwoNLVSEvrjukaRUdex72PEF234oY8RogGtqFRZv,1,7LscpY288mvuC8kBax5KhcxH9BucLs9cCndo2HUi5xWb,BfBqvwoNLVSEvrjukaRUdex72PEF234oY8RogGtqFRZv,2025-12-01T14:41:38Z,3TbGzVv3X26KJ5ryBAXXno5sDKcqj1xZoGDUsNuTEn1SesZpPqDxCGLfpqcMekKoaaKdHFqBb3LizajHJy5mtfE5,7LscpY288mvuC8kBax5KhcxH9BucLs9cCndo2HUi5xWb,BfBqvwoNLVSEvrjukaRUdex72PEF234oY8RogGtqFRZv,2025-12-01T14:41:38Z,3TbGzVv3X26KJ5ryBAXXno5sDKcqj1xZoGDUsNuTEn1SesZpPqDxCGLfpqcMekKoaaKdHFqBb3LizajHJy5mtfE5,2026-08-25T07:31:11.000Z,4rtP3LQdxEFrF724Pcfj9eTdaMqDrbmvi11ewwfNYdLQTN1Zi9niu13zAFrmkA5n1V2cgfjmM8vUtzGWXEcmBYKc,DUNE_LIVE,LIVE_POST_BASELINE
AFeYLutsxx5nZGUxYMwtj4pGxBVmpu7CKem9BHizExM6,0,,,BfBqvwoNLVSEvrjukaRUdex72PEF234oY8RogGtqFRZv,1,7LscpY288mvuC8kBax5KhcxH9BucLs9cCndo2HUi5xWb,BfBqvwoNLVSEvrjukaRUdex72PEF234oY8RogGtqFRZv,2025-12-01T14:48:47Z,67ZptfPsXwqAmZPNYXjrY2C6UP7uwYmL2bhz6otgyQ6wdMLS7pM8zG9WbLA8JVzkifTTLNWpZM1xH9TwfDSmqPvG,7LscpY288mvuC8kBax5KhcxH9BucLs9cCndo2HUi5xWb,BfBqvwoNLVSEvrjukaRUdex72PEF234oY8RogGtqFRZv,2025-12-01T14:48:47Z,67ZptfPsXwqAmZPNYXjrY2C6UP7uwYmL2bhz6otgyQ6wdMLS7pM8zG9WbLA8JVzkifTTLNWpZM1xH9TwfDSmqPvG,2026-08-25T07:31:11.000Z,4rtP3LQdxEFrF724Pcfj9eTdaMqDrbmvi11ewwfNYdLQTN1Zi9niu13zAFrmkA5n1V2cgfjmM8vUtzGWXEcmBYKc,DUNE_LIVE,LIVE_POST_BASELINE
AGinV3uER3osjVYRQCh7aKuAj4qWPi7uVP9CLN92jaEh,0,,,8TAx5eRzjvYioRmc83vrzWuEzhav63ccEs7ZuzndxddU,1,Cwg4F9HnwEKktX662TLjYvUjvZStpQHss9BasJYSaGPj,8TAx5eRzjvYioRmc83vrzWuEzhav63ccEs7ZuzndxddU,2026-01-28T14:54:08Z,3J21jZoKBzcMuqyRK5cHai2nZc6MgRFg5qf2c6aAkBmcEzbgCCVu9x31U6nrrwrFpn7tDNJNzNCvRjaZU8t74Za,Cwg4F9HnwEKktX662TLjYvUjvZStpQHss9BasJYSaGPj,8TAx5eRzjvYioRmc83vrzWuEzhav63ccEs7ZuzndxddU,2026-01-28T14:54:08Z,3J21jZoKBzcMuqyRK5cHai2nZc6MgRFg5qf2c6aAkBmcEzbgCCVu9x31U6nrrwrFpn7tDNJNzNCvRjaZU8t74Za,2026-08-28T06:25:53Z,3wyPJbJFHo4Fvu7Und18ezfHzbJFeq5FuiuZQzTTQAzrrC7RmAWXjXmonJge3e898SwmhStEUrJE6grUaYQ74KcV,INDEPENDENT_LIVE,LIVE_POST_CUTOVER
AHsWwyeVNe5TZJVB5jYnQsuW3yLodaeFZ86SkPUdLvUA,0,,,BfBqvwoNLVSEvrjukaRUdex72PEF234oY8RogGtqFRZv,1,7LscpY288mvuC8kBax5KhcxH9BucLs9cCndo2HUi5xWb,BfBqvwoNLVSEvrjukaRUdex72PEF234oY8RogGtqFRZv,2025-12-01T14:41:59Z,qgSHwLTWhM3RfM2R2svGL5UMX7hsyM8kxRCGHXq2MN9crmw1UY2Gyn2RaGedRjm3oeB3N22ZDFRqqxP762Re2fY,7LscpY288mvuC8kBax5KhcxH9BucLs9cCndo2HUi5xWb,BfBqvwoNLVSEvrjukaRUdex72PEF234oY8RogGtqFRZv,2025-12-01T14:41:59Z,qgSHwLTWhM3RfM2R2svGL5UMX7hsyM8kxRCGHXq2MN9crmw1UY2Gyn2RaGedRjm3oeB3N22ZDFRqqxP762Re2fY,2026-08-25T07:31:11.000Z,4rtP3LQdxEFrF724Pcfj9eTdaMqDrbmvi11ewwfNYdLQTN1Zi9niu13zAFrmkA5n1V2cgfjmM8vUtzGWXEcmBYKc,DUNE_LIVE,LIVE_POST_BASELINE
AJ5LS9ZDrzC5Ej9ozs1LmfJUnqzE3rQFLaxDWZs8r653,0,,,BfBqvwoNLVSEvrjukaRUdex72PEF234oY8RogGtqFRZv,1,7LscpY288mvuC8kBax5KhcxH9BucLs9cCndo2HUi5xWb,BfBqvwoNLVSEvrjukaRUdex72PEF234oY8RogGtqFRZv,2025-12-01T14:32:46Z,MFFTXTc9Wu9uMdTwV3KDJta7UPDAf9yydjzCr3wnbvbGDWmiKZwVhCXsckBXCBJy5JAf9JdjmuHQaV7bWp4qU9c,7LscpY288mvuC8kBax5KhcxH9BucLs9cCndo2HUi5xWb,BfBqvwoNLVSEvrjukaRUdex72PEF234oY8RogGtqFRZv,2025-12-01T14:32:46Z,MFFTXTc9Wu9uMdTwV3KDJta7UPDAf9yydjzCr3wnbvbGDWmiKZwVhCXsckBXCBJy5JAf9JdjmuHQaV7bWp4qU9c,2026-08-25T07:31:11.000Z,4rtP3LQdxEFrF724Pcfj9eTdaMqDrbmvi11ewwfNYdLQTN1Zi9niu13zAFrmkA5n1V2cgfjmM8vUtzGWXEcmBYKc,DUNE_LIVE,LIVE_POST_BASELINE
AJRuZmPa7Mxnvi1ekMbsbAhuKR3VFgYnnrAHjf14qfL3,0,,,BfBqvwoNLVSEvrjukaRUdex72PEF234oY8RogGtqFRZv,1,7LscpY288mvuC8kBax5KhcxH9BucLs9cCndo2HUi5xWb,BfBqvwoNLVSEvrjukaRUdex72PEF234oY8RogGtqFRZv,2026-01-14T08:51:33Z,3hXEAtZ7koBZ1ivsAvZec8Ku8j3v4ex4Not3KTTquRLuYPbfUi5gw2vvpJeANQ8R6jKmzZ3BnaTKN74K2FV3hqVP,7LscpY288mvuC8kBax5KhcxH9BucLs9cCndo2HUi5xWb,BfBqvwoNLVSEvrjukaRUdex72PEF234oY8RogGtqFRZv,2026-01-14T08:51:33Z,3hXEAtZ7koBZ1ivsAvZec8Ku8j3v4ex4Not3KTTquRLuYPbfUi5gw2vvpJeANQ8R6jKmzZ3BnaTKN74K2FV3hqVP,2026-08-25T07:31:11.000Z,4rtP3LQdxEFrF724Pcfj9eTdaMqDrbmvi11ewwfNYdLQTN1Zi9niu13zAFrmkA5n1V2cgfjmM8vUtzGWXEcmBYKc,DUNE_LIVE,LIVE_POST_BASELINE
AMKHyvnhnM9hBdoDsCDAwgHcoqdvetGSkHjqsdTdnCQf,0,,,8TAx5eRzjvYioRmc83vrzWuEzhav63ccEs7ZuzndxddU,1,Cwg4F9HnwEKktX662TLjYvUjvZStpQHss9BasJYSaGPj,8TAx5eRzjvYioRmc83vrzWuEzhav63ccEs7ZuzndxddU,2026-01-18T07:52:47Z,2TwXWFodPmhDGV5tPFJ1jiGjg4QBMUjLYZTbF9YVjjR6avQ2iWkwFwbmg4Ase6UMHeRao9VRMY4Q388uoHU61CwG,Cwg4F9HnwEKktX662TLjYvUjvZStpQHss9BasJYSaGPj,8TAx5eRzjvYioRmc83vrzWuEzhav63ccEs7ZuzndxddU,2026-01-18T07:52:47Z,2TwXWFodPmhDGV5tPFJ1jiGjg4QBMUjLYZTbF9YVjjR6avQ2iWkwFwbmg4Ase6UMHeRao9VRMY4Q388uoHU61CwG,2026-08-28T06:25:53Z,3wyPJbJFHo4Fvu7Und18ezfHzbJFeq5FuiuZQzTTQAzrrC7RmAWXjXmonJge3e898SwmhStEUrJE6grUaYQ74KcV,INDEPENDENT_LIVE,LIVE_POST_CUTOVER
AMqzEAYH4Jj1ufHeJ8D6sFeDR8Gyut8RCvxYArcZAeXB,1,2026-08-24T15:31:42.000Z,UCukEF7TvxuBqHXSQELawTYQFUccY6Jh4enDht5MdbvmYReCdkMdyqCtLzxYu6qRvn69yW3Yj13JamBzjm6XjMX,,0,,,2026-08-24T15:31:42.000Z,UCukEF7TvxuBqHXSQELawTYQFUccY6Jh4enDht5MdbvmYReCdkMdyqCtLzxYu6qRvn69yW3Yj13JamBzjm6XjMX,,,,,,,,
APbXgmzox7JnACzAjJweizkQiLkPsaXVTxRoVXS5UDQ6,0,,,DM5YNogviE6YxVESWYG9TaZ9q4qiBLAJmxnA1LQRFMGZ,1,B1Pv8HZNHGdXC8qTsNGLCJKpnoetE2Y52RyeoJW9pE5Z,DM5YNogviE6YxVESWYG9TaZ9q4qiBLAJmxnA1LQRFMGZ,2025-04-13T07:11:10Z,51gkSNdwD4bNR6gwLestQiivNKWqdDygfVoj9eNBYZRN5Zic1Sq6hpZ8hGNBwVgBjFGF5shbfx4Jv2qVZ1M7D6Rf,B1Pv8HZNHGdXC8qTsNGLCJKpnoetE2Y52RyeoJW9pE5Z,DM5YNogviE6YxVESWYG9TaZ9q4qiBLAJmxnA1LQRFMGZ,2025-04-13T07:11:10Z,51gkSNdwD4bNR6gwLestQiivNKWqdDygfVoj9eNBYZRN5Zic1Sq6hpZ8hGNBwVgBjFGF5shbfx4Jv2qVZ1M7D6Rf,2026-08-31T09:39:48Z,5rqET3n1SkPB9jrcz8yM3KNBt6b2Q925G69tDBYwhL5yd6cLZzD3gSDSSgsbFqwtJkuaCoAvuRNq3eCNaKxhpdWi,INDEPENDENT_LIVE,LIVE_POST_CUTOVER
AQP6mvMuCTV5PuT2wYE3ybAGTYK21XWxM8FHRbji5q5o,0,,,BfBqvwoNLVSEvrjukaRUdex72PEF234oY8RogGtqFRZv,1,7LscpY288mvuC8kBax5KhcxH9BucLs9cCndo2HUi5xWb,BfBqvwoNLVSEvrjukaRUdex72PEF234oY8RogGtqFRZv,2025-12-01T14:23:59Z,2XzDVwdDVSXwyiVnUHi5SRmFD1KCsrhxxAJu9atYiKN5AjjCBYTUahCVZBX3SGLfjaieBNQcDhbHsKaEa1jEJ8NK,7LscpY288mvuC8kBax5KhcxH9BucLs9cCndo2HUi5xWb,BfBqvwoNLVSEvrjukaRUdex72PEF234oY8RogGtqFRZv,2025-12-01T14:23:59Z,2XzDVwdDVSXwyiVnUHi5SRmFD1KCsrhxxAJu9atYiKN5AjjCBYTUahCVZBX3SGLfjaieBNQcDhbHsKaEa1jEJ8NK,2026-08-25T07:31:11.000Z,4rtP3LQdxEFrF724Pcfj9eTdaMqDrbmvi11ewwfNYdLQTN1Zi9niu13zAFrmkA5n1V2cgfjmM8vUtzGWXEcmBYKc,DUNE_LIVE,LIVE_POST_BASELINE
AUYY8ZnQE6FtZAbPyZmPTcS1yc5N6NyhY6j32QQDkFFH,0,,,5ByLqbLYQcBZd5pwTFtDcU9cJXgqMBxnbEbynTdmqDPZ,1,DXaSLA5KS5fCAQvtGorUyUPRD4dVX5tB12zv8QyDUtBL,5ByLqbLYQcBZd5pwTFtDcU9cJXgqMBxnbEbynTdmqDPZ,2025-04-22T10:02:12+00:00,3s2jPzG86ptkQLEcpYPBntQ9xE42uMZyt9ApJ8fVaiosopXw9qJMsriQfBYWxxQ68xijqW2L3KVsdobHidkTtrmq,DXaSLA5KS5fCAQvtGorUyUPRD4dVX5tB12zv8QyDUtBL,5ByLqbLYQcBZd5pwTFtDcU9cJXgqMBxnbEbynTdmqDPZ,2025-04-22T10:02:12+00:00,3s2jPzG86ptkQLEcpYPBntQ9xE42uMZyt9ApJ8fVaiosopXw9qJMsriQfBYWxxQ68xijqW2L3KVsdobHidkTtrmq,2026-08-27T12:12:14Z,36BeMmDBLYZkVBpuYpxjRDekbJRsk2MHBpreJqqzCN2vzKzY4QX3U5Jc2RVrGDqjF5KZPR2y3vmZdY4QLsQVP6k8,INDEPENDENT_LIVE,LIVE_POST_CUTOVER
AUamPV8pxmqmLeT6BuEnW7vkL2nSevsiDsHj5fbQ6Rc2,0,,,BfBqvwoNLVSEvrjukaRUdex72PEF234oY8RogGtqFRZv,1,7LscpY288mvuC8kBax5KhcxH9BucLs9cCndo2HUi5xWb,BfBqvwoNLVSEvrjukaRUdex72PEF234oY8RogGtqFRZv,2025-12-01T14:48:24Z,uqCtNsW6oDBeb6hiAiNL74bVrXwtaB3KVhpxJuntfLTqxzYjvLBvxYS56kbXHv55zBoUApS51pJNx4rxvmDWYPp,7LscpY288mvuC8kBax5KhcxH9BucLs9cCndo2HUi5xWb,BfBqvwoNLVSEvrjukaRUdex72PEF234oY8RogGtqFRZv,2025-12-01T14:48:24Z,uqCtNsW6oDBeb6hiAiNL74bVrXwtaB3KVhpxJuntfLTqxzYjvLBvxYS56kbXHv55zBoUApS51pJNx4rxvmDWYPp,2026-08-25T07:31:11.000Z,4rtP3LQdxEFrF724Pcfj9eTdaMqDrbmvi11ewwfNYdLQTN1Zi9niu13zAFrmkA5n1V2cgfjmM8vUtzGWXEcmBYKc,DUNE_LIVE,LIVE_POST_BASELINE
AVJ6oJ629rMzLE11CL43Rx5jGabcSLYZ9tX7rM3msM5o,0,,,BfBqvwoNLVSEvrjukaRUdex72PEF234oY8RogGtqFRZv,1,7LscpY288mvuC8kBax5KhcxH9BucLs9cCndo2HUi5xWb,BfBqvwoNLVSEvrjukaRUdex72PEF234oY8RogGtqFRZv,2025-04-13T04:32:32Z,2pm8gusEXajdQ7c29eJ56fV4SwVegyePo6WbbRwjNo5cysTDSRgH4wSEpFMvrgu7yQ51r6YbxmTn385QenBPEEfr,7LscpY288mvuC8kBax5KhcxH9BucLs9cCndo2HUi5xWb,BfBqvwoNLVSEvrjukaRUdex72PEF234oY8RogGtqFRZv,2025-04-13T04:32:32Z,2pm8gusEXajdQ7c29eJ56fV4SwVegyePo6WbbRwjNo5cysTDSRgH4wSEpFMvrgu7yQ51r6YbxmTn385QenBPEEfr,2026-08-25T07:31:11.000Z,4rtP3LQdxEFrF724Pcfj9eTdaMqDrbmvi11ewwfNYdLQTN1Zi9niu13zAFrmkA5n1V2cgfjmM8vUtzGWXEcmBYKc,DUNE_LIVE,LIVE_POST_BASELINE
AXBtRNbKL2FJ6WKjg5uGLKK7U2B9ezbVHBxwrKsDGU6u,0,,,BfBqvwoNLVSEvrjukaRUdex72PEF234oY8RogGtqFRZv,1,7LscpY288mvuC8kBax5KhcxH9BucLs9cCndo2HUi5xWb,BfBqvwoNLVSEvrjukaRUdex72PEF234oY8RogGtqFRZv,2025-04-13T04:48:17Z,5z1P18D9GNUwrFvdt1jfTvC9yt1m8wERNUTZkWPXsveRdB8s1jRPVQxW9KSKWZMWPoXTXPn8N6o1rnQnK9rK4yz9,7LscpY288mvuC8kBax5KhcxH9BucLs9cCndo2HUi5xWb,BfBqvwoNLVSEvrjukaRUdex72PEF234oY8RogGtqFRZv,2025-04-13T04:48:17Z,5z1P18D9GNUwrFvdt1jfTvC9yt1m8wERNUTZkWPXsveRdB8s1jRPVQxW9KSKWZMWPoXTXPn8N6o1rnQnK9rK4yz9,2026-08-25T07:31:11.000Z,4rtP3LQdxEFrF724Pcfj9eTdaMqDrbmvi11ewwfNYdLQTN1Zi9niu13zAFrmkA5n1V2cgfjmM8vUtzGWXEcmBYKc,DUNE_LIVE,LIVE_POST_BASELINE
AXPoyDvAyaDr7Y5SEMae1UJtEpC6pbzggpkWiwdTqq3D,1,2026-08-24T15:31:42.000Z,4Y7JsfpHd8ivMHVPRohCucXgdGa4NhkahMknyFUv6y46vMFrd4ErCXU56vy7ZvpmTeTbb7uysBwZdNbfEMddj16M,,0,,,2026-08-24T15:31:42.000Z,4Y7JsfpHd8ivMHVPRohCucXgdGa4NhkahMknyFUv6y46vMFrd4ErCXU56vy7ZvpmTeTbb7uysBwZdNbfEMddj16M,,,,,,,,
AXSS1oqKPKtH3FMEYzwd2zSwyvEPVEeDqYu3c4SyUnan,0,,,Db1meMQEgj8dCwzhR5W6coWt1yV4iEaQsYPKKDyGRUqW,1,Do9VaY2ru9QtaTWdhmuwc2Z9rj4rZ7D6EShdLTvxnp6h,Db1meMQEgj8dCwzhR5W6coWt1yV4iEaQsYPKKDyGRUqW,2025-08-23T13:26:01Z,tGiVTXyWf1rkxisrSDWJQ91Q7q6aBfbafXzbEjeWysqvPHA9RnGV4RY11tBcw1RcNc82s9a1ihJF9GJAQbnHj2K,Do9VaY2ru9QtaTWdhmuwc2Z9rj4rZ7D6EShdLTvxnp6h,Db1meMQEgj8dCwzhR5W6coWt1yV4iEaQsYPKKDyGRUqW,2025-08-23T13:26:01Z,tGiVTXyWf1rkxisrSDWJQ91Q7q6aBfbafXzbEjeWysqvPHA9RnGV4RY11tBcw1RcNc82s9a1ihJF9GJAQbnHj2K,2026-08-26T21:34:16Z,5y9KKMidZA2pNm3QLD2z2j7BfPbwsAQt6HEVyCQMK7sSkCy7PRQUy35JJG3GRnTBDLDeD6YVxYpw9nXSayk6pTiK,INDEPENDENT_LIVE,LIVE_POST_CUTOVER
AYd6DERPZaasGfao9RuDqMJ6cF6xwLkqEV5TcxsVfEb3,0,,,BfBqvwoNLVSEvrjukaRUdex72PEF234oY8RogGtqFRZv,1,7LscpY288mvuC8kBax5KhcxH9BucLs9cCndo2HUi5xWb,BfBqvwoNLVSEvrjukaRUdex72PEF234oY8RogGtqFRZv,2025-12-01T14:25:55Z,4yGpAHMnxd6dfWFknvtRZS39FYKj2xd5JC1PkbCQMUeBwQFTW6yjcU41MMCdoh7CxafucHJ2f9GjRsXTRtNDhANW,7LscpY288mvuC8kBax5KhcxH9BucLs9cCndo2HUi5xWb,BfBqvwoNLVSEvrjukaRUdex72PEF234oY8RogGtqFRZv,2025-12-01T14:25:55Z,4yGpAHMnxd6dfWFknvtRZS39FYKj2xd5JC1PkbCQMUeBwQFTW6yjcU41MMCdoh7CxafucHJ2f9GjRsXTRtNDhANW,2026-08-25T07:31:11.000Z,4rtP3LQdxEFrF724Pcfj9eTdaMqDrbmvi11ewwfNYdLQTN1Zi9niu13zAFrmkA5n1V2cgfjmM8vUtzGWXEcmBYKc,DUNE_LIVE,LIVE_POST_BASELINE
AZ7JV7qUjX6G14w4w3CBxrjoFbYf1QdzwKTvJdumA62t,0,,,BfBqvwoNLVSEvrjukaRUdex72PEF234oY8RogGtqFRZv,1,7LscpY288mvuC8kBax5KhcxH9BucLs9cCndo2HUi5xWb,BfBqvwoNLVSEvrjukaRUdex72PEF234oY8RogGtqFRZv,2025-12-01T14:36:56Z,XqM3hiV11ySsym4vb23hvaFaDfUCKeNgwXb197GvBRkg1LtLauuZZXDiUyruxXMd4zQXW47G4tm9Uo4e64UuBAi,7LscpY288mvuC8kBax5KhcxH9BucLs9cCndo2HUi5xWb,BfBqvwoNLVSEvrjukaRUdex72PEF234oY8RogGtqFRZv,2025-12-01T14:36:56Z,XqM3hiV11ySsym4vb23hvaFaDfUCKeNgwXb197GvBRkg1LtLauuZZXDiUyruxXMd4zQXW47G4tm9Uo4e64UuBAi,2026-08-25T07:31:11.000Z,4rtP3LQdxEFrF724Pcfj9eTdaMqDrbmvi11ewwfNYdLQTN1Zi9niu13zAFrmkA5n1V2cgfjmM8vUtzGWXEcmBYKc,DUNE_LIVE,LIVE_POST_BASELINE
AZXnPbJw3AS36xtQ1q8jLBMAq9eypxdzXUC3YJZaPVK8,0,,,BfBqvwoNLVSEvrjukaRUdex72PEF234oY8RogGtqFRZv,1,7LscpY288mvuC8kBax5KhcxH9BucLs9cCndo2HUi5xWb,BfBqvwoNLVSEvrjukaRUdex72PEF234oY8RogGtqFRZv,2025-04-13T04:45:17Z,ECT2KLT6aQiDT5YZeMzXGD6R1VoamDob2XgqKspapoH8aVJkEFvRK3cKHbyV87C6WUnoWhUefEKawEqx5EPeGr7,7LscpY288mvuC8kBax5KhcxH9BucLs9cCndo2HUi5xWb,BfBqvwoNLVSEvrjukaRUdex72PEF234oY8RogGtqFRZv,2025-04-13T04:45:17Z,ECT2KLT6aQiDT5YZeMzXGD6R1VoamDob2XgqKspapoH8aVJkEFvRK3cKHbyV87C6WUnoWhUefEKawEqx5EPeGr7,2026-08-25T07:31:11.000Z,4rtP3LQdxEFrF724Pcfj9eTdaMqDrbmvi11ewwfNYdLQTN1Zi9niu13zAFrmkA5n1V2cgfjmM8vUtzGWXEcmBYKc,DUNE_LIVE,LIVE_POST_BASELINE
AZfMiEB59xr5u6iodgvVkiFNgYKLp2pBsF5GACJ2Jpkh,0,,,12C1h5y5RHoEd2oDtLd5Gzume2CBV5ibiz4eTnK81uib,1,EyV2y4RjQFrArtUDDwZznyzUbwd3nBDuZ6D9imXVb72y,12C1h5y5RHoEd2oDtLd5Gzume2CBV5ibiz4eTnK81uib,2025-04-22T03:15:31Z,4YQ7toSYfCrEt6xjaoA1KZEXjCwYHEPZAE6S9TqzjbKd67Rx5ixoentPJKpycPEPZqSDAJtctQWrZD51qdtifZvd,EyV2y4RjQFrArtUDDwZznyzUbwd3nBDuZ6D9imXVb72y,12C1h5y5RHoEd2oDtLd5Gzume2CBV5ibiz4eTnK81uib,2025-04-22T03:15:31Z,4YQ7toSYfCrEt6xjaoA1KZEXjCwYHEPZAE6S9TqzjbKd67Rx5ixoentPJKpycPEPZqSDAJtctQWrZD51qdtifZvd,2026-08-24T22:24:51.000Z,3PG1zyXqqr4MrijYcNYcGVc8BtLLwySMqq8cTeQxmfAyeRAn91WNm4fiKcRFvy6Ms3vXjGcoewQDFMw5bBxv83x3,DUNE_LIVE,LIVE_POST_BASELINE
AZgpaJgyJnaFQshX56fg3wo8ioKuqXGDeKr9apgZML5M,0,,,Db1meMQEgj8dCwzhR5W6coWt1yV4iEaQsYPKKDyGRUqW,1,Do9VaY2ru9QtaTWdhmuwc2Z9rj4rZ7D6EShdLTvxnp6h,Db1meMQEgj8dCwzhR5W6coWt1yV4iEaQsYPKKDyGRUqW,2025-08-23T13:26:48Z,2wXpVfbdcowDgXVGC9gWeSw7F9e4rac9GvTjCG4XAUuY28yaNTfbLxKaxfSM3GTsB5J4NkyYpoA7wWWHhr7yeM9Y,Do9VaY2ru9QtaTWdhmuwc2Z9rj4rZ7D6EShdLTvxnp6h,Db1meMQEgj8dCwzhR5W6coWt1yV4iEaQsYPKKDyGRUqW,2025-08-23T13:26:48Z,2wXpVfbdcowDgXVGC9gWeSw7F9e4rac9GvTjCG4XAUuY28yaNTfbLxKaxfSM3GTsB5J4NkyYpoA7wWWHhr7yeM9Y,2026-08-26T21:34:16Z,5y9KKMidZA2pNm3QLD2z2j7BfPbwsAQt6HEVyCQMK7sSkCy7PRQUy35JJG3GRnTBDLDeD6YVxYpw9nXSayk6pTiK,INDEPENDENT_LIVE,LIVE_POST_CUTOVER
AaDAEnW8Sk6f4RyvVwTjNC68JGfwsFa6BDNPjuPdcRK8,0,,,BfBqvwoNLVSEvrjukaRUdex72PEF234oY8RogGtqFRZv,1,7LscpY288mvuC8kBax5KhcxH9BucLs9cCndo2HUi5xWb,BfBqvwoNLVSEvrjukaRUdex72PEF234oY8RogGtqFRZv,2025-12-01T14:44:47Z,4CJkx8Rtn5oiLx4eWCyzg2GhJUPDXwSPYRMWtM1pcyzjdSG9efZSEz9nrFtPDUpGPagV2DhbHPqueoxhN3Vzm85y,7LscpY288mvuC8kBax5KhcxH9BucLs9cCndo2HUi5xWb,BfBqvwoNLVSEvrjukaRUdex72PEF234oY8RogGtqFRZv,2025-12-01T14:44:47Z,4CJkx8Rtn5oiLx4eWCyzg2GhJUPDXwSPYRMWtM1pcyzjdSG9efZSEz9nrFtPDUpGPagV2DhbHPqueoxhN3Vzm85y,2026-08-25T07:31:11.000Z,4rtP3LQdxEFrF724Pcfj9eTdaMqDrbmvi11ewwfNYdLQTN1Zi9niu13zAFrmkA5n1V2cgfjmM8vUtzGWXEcmBYKc,DUNE_LIVE,LIVE_POST_BASELINE
AaSySAqkt8oV9wc1ApnmgVu1t74XDRfqPFkVYtBKZ5Vh,0,,,38Bj4DFXhAkDxB6Atj66kdxGZfhZEC3ejRX1HDh1YFKj,1,8Vpqxxbon9s4Hnk2eMhysjx6XKjHiUgEUAm3MSq9yQv2,38Bj4DFXhAkDxB6Atj66kdxGZfhZEC3ejRX1HDh1YFKj,2025-04-26T14:24:35Z,5v7Ru91du36uahHFNvaLZmYLcXUsxMwH5pbSeHvQUtZYtN73TLeQMdamVccrUE7HPfxH3eWKkYzHzwGaKiRLTkVd,8Vpqxxbon9s4Hnk2eMhysjx6XKjHiUgEUAm3MSq9yQv2,38Bj4DFXhAkDxB6Atj66kdxGZfhZEC3ejRX1HDh1YFKj,2025-04-26T14:24:35Z,5v7Ru91du36uahHFNvaLZmYLcXUsxMwH5pbSeHvQUtZYtN73TLeQMdamVccrUE7HPfxH3eWKkYzHzwGaKiRLTkVd,2026-08-21T19:39:25.000Z,4AT1PFFkyADXcz2QFJi78yrTeP8dAhFkfWJU5JCvpEx2a7pWsAxn14owrdqpvwkTU7bAzxxCYoBijEksgty9W6qe,DUNE_LIVE,LIVE_POST_BASELINE
AamdsKwNU416fPXSbNyg319MgR57RFhyaykwd16WvVBg,0,,,BfBqvwoNLVSEvrjukaRUdex72PEF234oY8RogGtqFRZv,1,7LscpY288mvuC8kBax5KhcxH9BucLs9cCndo2HUi5xWb,BfBqvwoNLVSEvrjukaRUdex72PEF234oY8RogGtqFRZv,2025-04-13T04:54:06Z,3NFgXMdLxrfqRBGhQX3KewCVq6GEn5Csbfvtv28XP2Z6BzSbueP7Sti5vtxTPPRQR4fPvnnx8gwGhRyW8tw7moi7,7LscpY288mvuC8kBax5KhcxH9BucLs9cCndo2HUi5xWb,BfBqvwoNLVSEvrjukaRUdex72PEF234oY8RogGtqFRZv,2025-04-13T04:54:06Z,3NFgXMdLxrfqRBGhQX3KewCVq6GEn5Csbfvtv28XP2Z6BzSbueP7Sti5vtxTPPRQR4fPvnnx8gwGhRyW8tw7moi7,2026-08-25T07:31:11.000Z,4rtP3LQdxEFrF724Pcfj9eTdaMqDrbmvi11ewwfNYdLQTN1Zi9niu13zAFrmkA5n1V2cgfjmM8vUtzGWXEcmBYKc,DUNE_LIVE,LIVE_POST_BASELINE
AankJNdbJzk7Ka1uQiHQHMfy6GUWPn8eAUviHkqJySMA,0,,,8Vpqxxbon9s4Hnk2eMhysjx6XKjHiUgEUAm3MSq9yQv2,0,8Vpqxxbon9s4Hnk2eMhysjx6XKjHiUgEUAm3MSq9yQv2,,2026-08-24T18:38:50.000Z,4E1sF4iC3UyFUAsZ9d2HnhrVnP4XddwrLKZJnkRxgDPbgUvavm9GoMh4zsUWUKeK5bBqX7R7cCwgmVNbxDfuAXv,,,,,,,,
AehNenR94MEE8comXUPgJQSaKgvUKrXDhxXKzFzrBTnJ,0,,,8TAx5eRzjvYioRmc83vrzWuEzhav63ccEs7ZuzndxddU,1,Cwg4F9HnwEKktX662TLjYvUjvZStpQHss9BasJYSaGPj,8TAx5eRzjvYioRmc83vrzWuEzhav63ccEs7ZuzndxddU,2022-11-13T16:55:02Z,58xska9PnQZLrJpSArrU9RYMuh7XJdwb5DrQ8hctyhWGizBgfZnsqzzq2mbjTuuCKyanFL1MnDa1qgadaW52QfST,Cwg4F9HnwEKktX662TLjYvUjvZStpQHss9BasJYSaGPj,8TAx5eRzjvYioRmc83vrzWuEzhav63ccEs7ZuzndxddU,2022-11-13T16:55:02Z,58xska9PnQZLrJpSArrU9RYMuh7XJdwb5DrQ8hctyhWGizBgfZnsqzzq2mbjTuuCKyanFL1MnDa1qgadaW52QfST,2026-08-28T06:25:53Z,3wyPJbJFHo4Fvu7Und18ezfHzbJFeq5FuiuZQzTTQAzrrC7RmAWXjXmonJge3e898SwmhStEUrJE6grUaYQ74KcV,INDEPENDENT_LIVE,LIVE_POST_CUTOVER
Af6y7wCCZqP9GeEXvmcUxxwErtSJZn6YFK3ZbLE1BP7K,0,,,BfBqvwoNLVSEvrjukaRUdex72PEF234oY8RogGtqFRZv,1,7LscpY288mvuC8kBax5KhcxH9BucLs9cCndo2HUi5xWb,BfBqvwoNLVSEvrjukaRUdex72PEF234oY8RogGtqFRZv,2025-12-01T14:31:42Z,5Me7ety8koCF2nUy1erXuHEySz7N6ZmbyY2Hwz66cMhMqvdLteDUzuANmLY8iTRBX993o9nYyfvoEyzdN4ajTjGo,7LscpY288mvuC8kBax5KhcxH9BucLs9cCndo2HUi5xWb,BfBqvwoNLVSEvrjukaRUdex72PEF234oY8RogGtqFRZv,2025-12-01T14:31:42Z,5Me7ety8koCF2nUy1erXuHEySz7N6ZmbyY2Hwz66cMhMqvdLteDUzuANmLY8iTRBX993o9nYyfvoEyzdN4ajTjGo,2026-08-25T07:31:11.000Z,4rtP3LQdxEFrF724Pcfj9eTdaMqDrbmvi11ewwfNYdLQTN1Zi9niu13zAFrmkA5n1V2cgfjmM8vUtzGWXEcmBYKc,DUNE_LIVE,LIVE_POST_BASELINE
Agg31ENc1nS6CF8rDWqhW6stC3tZBu4FvXT1JWW4ufcW,0,,,BfBqvwoNLVSEvrjukaRUdex72PEF234oY8RogGtqFRZv,1,7LscpY288mvuC8kBax5KhcxH9BucLs9cCndo2HUi5xWb,BfBqvwoNLVSEvrjukaRUdex72PEF234oY8RogGtqFRZv,2025-04-13T04:33:14Z,4Tp2AoKzYjmaQHNQLyV5Vf3M7fCkstcwauPJ6CJcrBtJBobAFXTWqBQqtgNY3VBwdEhzuELeUFdgNqs2oLvszCGv,7LscpY288mvuC8kBax5KhcxH9BucLs9cCndo2HUi5xWb,BfBqvwoNLVSEvrjukaRUdex72PEF234oY8RogGtqFRZv,2025-04-13T04:33:14Z,4Tp2AoKzYjmaQHNQLyV5Vf3M7fCkstcwauPJ6CJcrBtJBobAFXTWqBQqtgNY3VBwdEhzuELeUFdgNqs2oLvszCGv,2026-08-25T07:31:11.000Z,4rtP3LQdxEFrF724Pcfj9eTdaMqDrbmvi11ewwfNYdLQTN1Zi9niu13zAFrmkA5n1V2cgfjmM8vUtzGWXEcmBYKc,DUNE_LIVE,LIVE_POST_BASELINE
AhfKUxcx2E2kFWokGyYzFxRgXZtNwyCNhttGjnxR6c5j,1,2026-08-24T15:31:42.000Z,2maq11dNXGvCnAVqKkKtAhGhu1BUAcixzWjtu85CUokLUSFLhrvLaVN1ZBtbgSq7ZikCnk6xHh4o5Sm4MsrCrcot,,0,,,2026-08-24T15:31:42.000Z,2maq11dNXGvCnAVqKkKtAhGhu1BUAcixzWjtu85CUokLUSFLhrvLaVN1ZBtbgSq7ZikCnk6xHh4o5Sm4MsrCrcot,,,,,,,,
AiTe1WpLNYsTZN5BnUYuuowNzmTEAC4FncWwdhbgK7n9,0,,,BfBqvwoNLVSEvrjukaRUdex72PEF234oY8RogGtqFRZv,1,7LscpY288mvuC8kBax5KhcxH9BucLs9cCndo2HUi5xWb,BfBqvwoNLVSEvrjukaRUdex72PEF234oY8RogGtqFRZv,2025-12-01T14:36:45Z,5GaLru4aMn3CrG6yzcocxCnWmLg1ZuupuShu7AQ7hNWLLpfj79RRvRsPHp8evNT7f9gcswC1hGu7m8yeS4BkX8vn,7LscpY288mvuC8kBax5KhcxH9BucLs9cCndo2HUi5xWb,BfBqvwoNLVSEvrjukaRUdex72PEF234oY8RogGtqFRZv,2025-12-01T14:36:45Z,5GaLru4aMn3CrG6yzcocxCnWmLg1ZuupuShu7AQ7hNWLLpfj79RRvRsPHp8evNT7f9gcswC1hGu7m8yeS4BkX8vn,2026-08-25T07:31:11.000Z,4rtP3LQdxEFrF724Pcfj9eTdaMqDrbmvi11ewwfNYdLQTN1Zi9niu13zAFrmkA5n1V2cgfjmM8vUtzGWXEcmBYKc,DUNE_LIVE,LIVE_POST_BASELINE
Aic291gxj8z24e1gGUVLxBpYTvswLUjsQgKoyYMx3HhK,0,,,BfBqvwoNLVSEvrjukaRUdex72PEF234oY8RogGtqFRZv,1,7LscpY288mvuC8kBax5KhcxH9BucLs9cCndo2HUi5xWb,BfBqvwoNLVSEvrjukaRUdex72PEF234oY8RogGtqFRZv,2025-04-13T04:50:44Z,2RW5GyPmRz8Azh1KysYnoNp4ZgTMZtSUNu31XWAkGceqB9wyTbvx74WA1iDny9tpqKqAaqyeVEwYUgqcgXfgcSXB,7LscpY288mvuC8kBax5KhcxH9BucLs9cCndo2HUi5xWb,BfBqvwoNLVSEvrjukaRUdex72PEF234oY8RogGtqFRZv,2025-04-13T04:50:44Z,2RW5GyPmRz8Azh1KysYnoNp4ZgTMZtSUNu31XWAkGceqB9wyTbvx74WA1iDny9tpqKqAaqyeVEwYUgqcgXfgcSXB,2026-08-25T07:31:11.000Z,4rtP3LQdxEFrF724Pcfj9eTdaMqDrbmvi11ewwfNYdLQTN1Zi9niu13zAFrmkA5n1V2cgfjmM8vUtzGWXEcmBYKc,DUNE_LIVE,LIVE_POST_BASELINE
AjHT3bgZ4CWnthWf2Nkk79JqDAX7Rgr8gydv33wb9Vpt,0,,,FYL4LRChq2a6w8PenydNEd1ExoKpBVNpueitXAXanSGy,1,FpqrjWJpTNwv1b1nu3Kouzn7KRZeAxcvyXfHgkGFQ9Gd,FYL4LRChq2a6w8PenydNEd1ExoKpBVNpueitXAXanSGy,2025-04-19T15:16:15Z,4T5Q5ro5ZKenbdtzA6qHDE7khzXoUME9ZMC4gdSZYwEn2BkAjj29TT19CdjL9vQZ5vzyGeYtDYD9SykZ5nwEBdjH,FpqrjWJpTNwv1b1nu3Kouzn7KRZeAxcvyXfHgkGFQ9Gd,FYL4LRChq2a6w8PenydNEd1ExoKpBVNpueitXAXanSGy,2025-04-19T15:16:15Z,4T5Q5ro5ZKenbdtzA6qHDE7khzXoUME9ZMC4gdSZYwEn2BkAjj29TT19CdjL9vQZ5vzyGeYtDYD9SykZ5nwEBdjH,2026-08-24T04:22:35.000Z,5oK95ozVzmUYxqJmZd7NLGb2U4oYDLVTieQMPA7TJve19iKQ41uaDdvJ8VHYNmcxSnH1A7BK2NrfTFFcJbTUKTey,DUNE_LIVE,LIVE_POST_BASELINE
AkqyaAAUAa2Kx9MFhZ9kA8YAu2mgckekCDBubqQLZ51z,0,,,BfBqvwoNLVSEvrjukaRUdex72PEF234oY8RogGtqFRZv,1,7LscpY288mvuC8kBax5KhcxH9BucLs9cCndo2HUi5xWb,BfBqvwoNLVSEvrjukaRUdex72PEF234oY8RogGtqFRZv,2025-12-01T14:26:37Z,S71FUA3tFK8SHvW6TJZPFq2dhBYtxN7qPQFGfMy1mFGrtQZkjjygcUdnpDb1utHUmZXdes8RqHWKACBL9gFsjem,7LscpY288mvuC8kBax5KhcxH9BucLs9cCndo2HUi5xWb,BfBqvwoNLVSEvrjukaRUdex72PEF234oY8RogGtqFRZv,2025-12-01T14:26:37Z,S71FUA3tFK8SHvW6TJZPFq2dhBYtxN7qPQFGfMy1mFGrtQZkjjygcUdnpDb1utHUmZXdes8RqHWKACBL9gFsjem,2026-08-25T07:31:11.000Z,4rtP3LQdxEFrF724Pcfj9eTdaMqDrbmvi11ewwfNYdLQTN1Zi9niu13zAFrmkA5n1V2cgfjmM8vUtzGWXEcmBYKc,DUNE_LIVE,LIVE_POST_BASELINE
AksH3nzx8ZYPaoBzVG1e7m329TR849W4PxXnWU6VeusB,0,,,BfBqvwoNLVSEvrjukaRUdex72PEF234oY8RogGtqFRZv,1,7LscpY288mvuC8kBax5KhcxH9BucLs9cCndo2HUi5xWb,BfBqvwoNLVSEvrjukaRUdex72PEF234oY8RogGtqFRZv,2025-12-01T14:48:42Z,2YLg9LZ7v6swgRyDcRXpvYWXnu8Lji2u5dThBpF9afJxXvo1E4tVmyTnEojYrShKK8jpeR25ZtSxuZ9z81c5dxY6,7LscpY288mvuC8kBax5KhcxH9BucLs9cCndo2HUi5xWb,BfBqvwoNLVSEvrjukaRUdex72PEF234oY8RogGtqFRZv,2025-12-01T14:48:42Z,2YLg9LZ7v6swgRyDcRXpvYWXnu8Lji2u5dThBpF9afJxXvo1E4tVmyTnEojYrShKK8jpeR25ZtSxuZ9z81c5dxY6,2026-08-25T07:31:11.000Z,4rtP3LQdxEFrF724Pcfj9eTdaMqDrbmvi11ewwfNYdLQTN1Zi9niu13zAFrmkA5n1V2cgfjmM8vUtzGWXEcmBYKc,DUNE_LIVE,LIVE_POST_BASELINE
AmZxJWXVrjCid4ZrM89eHE4cD5ThemQWQYyRcVYAgQ1p,0,,,BfBqvwoNLVSEvrjukaRUdex72PEF234oY8RogGtqFRZv,1,7LscpY288mvuC8kBax5KhcxH9BucLs9cCndo2HUi5xWb,BfBqvwoNLVSEvrjukaRUdex72PEF234oY8RogGtqFRZv,2025-04-13T04:32:50Z,2kbDr7DiLjpNkT3TBgPLrow6H41oyGm4tUVu3TapVhrv8NsELHpZrqTJocxW7rxSEoYounDGR68cdHoHu2CFnD6f,7LscpY288mvuC8kBax5KhcxH9BucLs9cCndo2HUi5xWb,BfBqvwoNLVSEvrjukaRUdex72PEF234oY8RogGtqFRZv,2025-04-13T04:32:50Z,2kbDr7DiLjpNkT3TBgPLrow6H41oyGm4tUVu3TapVhrv8NsELHpZrqTJocxW7rxSEoYounDGR68cdHoHu2CFnD6f,2026-08-25T07:31:11.000Z,4rtP3LQdxEFrF724Pcfj9eTdaMqDrbmvi11ewwfNYdLQTN1Zi9niu13zAFrmkA5n1V2cgfjmM8vUtzGWXEcmBYKc,DUNE_LIVE,LIVE_POST_BASELINE
AoZPQtAVPax2S7AN1AVxaSczbSXUR7TgSkqnkq21aDMm,0,,,DM5YNogviE6YxVESWYG9TaZ9q4qiBLAJmxnA1LQRFMGZ,1,B1Pv8HZNHGdXC8qTsNGLCJKpnoetE2Y52RyeoJW9pE5Z,DM5YNogviE6YxVESWYG9TaZ9q4qiBLAJmxnA1LQRFMGZ,2025-04-15T02:16:24Z,2Tf5fsFN5xGSqLb5FYbguXL3KgHf8ABcG8grtAT8GSdQWbyusBMYMhTMDJ8pgoLkzV3pumf4nfUFfYAAkkJRWZ3t,B1Pv8HZNHGdXC8qTsNGLCJKpnoetE2Y52RyeoJW9pE5Z,DM5YNogviE6YxVESWYG9TaZ9q4qiBLAJmxnA1LQRFMGZ,2025-04-15T02:16:24Z,2Tf5fsFN5xGSqLb5FYbguXL3KgHf8ABcG8grtAT8GSdQWbyusBMYMhTMDJ8pgoLkzV3pumf4nfUFfYAAkkJRWZ3t,2026-08-31T09:39:48Z,5rqET3n1SkPB9jrcz8yM3KNBt6b2Q925G69tDBYwhL5yd6cLZzD3gSDSSgsbFqwtJkuaCoAvuRNq3eCNaKxhpdWi,INDEPENDENT_LIVE,LIVE_POST_CUTOVER
Ar5yk3b7mZMvg9NNC56u3KgspSEt5BrkA2u2pgYr2pED,0,,,8TAx5eRzjvYioRmc83vrzWuEzhav63ccEs7ZuzndxddU,1,Cwg4F9HnwEKktX662TLjYvUjvZStpQHss9BasJYSaGPj,8TAx5eRzjvYioRmc83vrzWuEzhav63ccEs7ZuzndxddU,2026-07-30T16:00:20Z,3p2KLkUu3DKgFMp9Rx9P5Wcgo4i2yRYUwWprErFoua4WMWC4vttXe6xBjKVkERt5z2sgw8eCjRsVBANffrYZLFLi,Cwg4F9HnwEKktX662TLjYvUjvZStpQHss9BasJYSaGPj,8TAx5eRzjvYioRmc83vrzWuEzhav63ccEs7ZuzndxddU,2026-07-30T16:00:20Z,3p2KLkUu3DKgFMp9Rx9P5Wcgo4i2yRYUwWprErFoua4WMWC4vttXe6xBjKVkERt5z2sgw8eCjRsVBANffrYZLFLi,2026-08-28T06:25:53Z,3wyPJbJFHo4Fvu7Und18ezfHzbJFeq5FuiuZQzTTQAzrrC7RmAWXjXmonJge3e898SwmhStEUrJE6grUaYQ74KcV,INDEPENDENT_LIVE,LIVE_POST_CUTOVER
ArAgesNV6oucdGHNtaYat7xFjAJFJ7Bg6WucduSqUPPF,0,,,BfBqvwoNLVSEvrjukaRUdex72PEF234oY8RogGtqFRZv,1,7LscpY288mvuC8kBax5KhcxH9BucLs9cCndo2HUi5xWb,BfBqvwoNLVSEvrjukaRUdex72PEF234oY8RogGtqFRZv,2025-12-01T14:25:29Z,U9LSB9RPEB4Aw9137kAKkjSPHwAEh9yy2MH5mq4iMy743amQQEewBVDsB1MxB4yMSe4DN6cTnGu8QVbrncKT9AC,7LscpY288mvuC8kBax5KhcxH9BucLs9cCndo2HUi5xWb,BfBqvwoNLVSEvrjukaRUdex72PEF234oY8RogGtqFRZv,2025-12-01T14:25:29Z,U9LSB9RPEB4Aw9137kAKkjSPHwAEh9yy2MH5mq4iMy743amQQEewBVDsB1MxB4yMSe4DN6cTnGu8QVbrncKT9AC,2026-08-25T07:31:11.000Z,4rtP3LQdxEFrF724Pcfj9eTdaMqDrbmvi11ewwfNYdLQTN1Zi9niu13zAFrmkA5n1V2cgfjmM8vUtzGWXEcmBYKc,DUNE_LIVE,LIVE_POST_BASELINE
ArJUiFJEnHS2iVgSvFsyXwPB8AF6C3v1r1SnRLNv8XMQ,0,,,BfBqvwoNLVSEvrjukaRUdex72PEF234oY8RogGtqFRZv,1,7LscpY288mvuC8kBax5KhcxH9BucLs9cCndo2HUi5xWb,BfBqvwoNLVSEvrjukaRUdex72PEF234oY8RogGtqFRZv,2025-12-01T14:40:34Z,361yKg15RFeLmR2mmkF3rM8p6L8W5FeUnV1BaAeSS3SbYXHrDdmbgosi1ibdP48GFm8gtoNh5b6p6ozCUd2YjA1d,7LscpY288mvuC8kBax5KhcxH9BucLs9cCndo2HUi5xWb,BfBqvwoNLVSEvrjukaRUdex72PEF234oY8RogGtqFRZv,2025-12-01T14:40:34Z,361yKg15RFeLmR2mmkF3rM8p6L8W5FeUnV1BaAeSS3SbYXHrDdmbgosi1ibdP48GFm8gtoNh5b6p6ozCUd2YjA1d,2026-08-25T07:31:11.000Z,4rtP3LQdxEFrF724Pcfj9eTdaMqDrbmvi11ewwfNYdLQTN1Zi9niu13zAFrmkA5n1V2cgfjmM8vUtzGWXEcmBYKc,DUNE_LIVE,LIVE_POST_BASELINE
ArQ8EWKzjRF6dtkM7d3aACV7V1DtqDTRn46kiQschUWK,0,,,BfBqvwoNLVSEvrjukaRUdex72PEF234oY8RogGtqFRZv,1,7LscpY288mvuC8kBax5KhcxH9BucLs9cCndo2HUi5xWb,BfBqvwoNLVSEvrjukaRUdex72PEF234oY8RogGtqFRZv,2025-04-13T04:56:45Z,3DtgypVz6P1niAN3TaM3HXu2LgSgd7jPbwNtTjjsedjG1EL8oX8qiVmm2GfrpjaduHs7EKuyC72DAv6XWMXxLmYn,7LscpY288mvuC8kBax5KhcxH9BucLs9cCndo2HUi5xWb,BfBqvwoNLVSEvrjukaRUdex72PEF234oY8RogGtqFRZv,2025-04-13T04:56:45Z,3DtgypVz6P1niAN3TaM3HXu2LgSgd7jPbwNtTjjsedjG1EL8oX8qiVmm2GfrpjaduHs7EKuyC72DAv6XWMXxLmYn,2026-08-25T07:31:11.000Z,4rtP3LQdxEFrF724Pcfj9eTdaMqDrbmvi11ewwfNYdLQTN1Zi9niu13zAFrmkA5n1V2cgfjmM8vUtzGWXEcmBYKc,DUNE_LIVE,LIVE_POST_BASELINE
ArVDuwWT3wkTHDjaJYFuRhXhJ28ikpgSbr6ykriFwzjX,1,2026-08-24T15:31:42.000Z,59J1wgoFySb9drEYRCHiP1fBXXofUoLdgcfz62TGz9prJjxcYkkpWdWvHXFY1AYS3AVQnTwr5PqmgjWtv3Qh54AB,,0,,,2026-08-24T15:31:42.000Z,59J1wgoFySb9drEYRCHiP1fBXXofUoLdgcfz62TGz9prJjxcYkkpWdWvHXFY1AYS3AVQnTwr5PqmgjWtv3Qh54AB,,,,,,,,
ArYWDfqzp7jhnvyDh14kwL4cDDYQqHTUofyBSFG1Ks4H,0,,,BfBqvwoNLVSEvrjukaRUdex72PEF234oY8RogGtqFRZv,1,7LscpY288mvuC8kBax5KhcxH9BucLs9cCndo2HUi5xWb,BfBqvwoNLVSEvrjukaRUdex72PEF234oY8RogGtqFRZv,2025-12-01T14:39:28Z,3hmfvn7h15tqJDKDoL7TohQf4Wv5PhLBLtUn7ZowByrHRA1iTUiUJrnwnnRmHKbKyAQmSWTvDKMaNyUPUe5exSwU,7LscpY288mvuC8kBax5KhcxH9BucLs9cCndo2HUi5xWb,BfBqvwoNLVSEvrjukaRUdex72PEF234oY8RogGtqFRZv,2025-12-01T14:39:28Z,3hmfvn7h15tqJDKDoL7TohQf4Wv5PhLBLtUn7ZowByrHRA1iTUiUJrnwnnRmHKbKyAQmSWTvDKMaNyUPUe5exSwU,2026-08-25T07:31:11.000Z,4rtP3LQdxEFrF724Pcfj9eTdaMqDrbmvi11ewwfNYdLQTN1Zi9niu13zAFrmkA5n1V2cgfjmM8vUtzGWXEcmBYKc,DUNE_LIVE,LIVE_POST_BASELINE
AsQVdcS3deyEkF5G2guHPD4qs1y1RhXfkwnUBmb9YTZZ,0,,,BfBqvwoNLVSEvrjukaRUdex72PEF234oY8RogGtqFRZv,1,7LscpY288mvuC8kBax5KhcxH9BucLs9cCndo2HUi5xWb,BfBqvwoNLVSEvrjukaRUdex72PEF234oY8RogGtqFRZv,2025-04-13T04:53:53Z,2AnDcy5aoiVAniMsdsbeqEdGMR6scafRhTk5DJXtmGhNZbXfMsSqqMZZpswktobC96WxKkr3UdR1Lo9YK8NdsSjK,7LscpY288mvuC8kBax5KhcxH9BucLs9cCndo2HUi5xWb,BfBqvwoNLVSEvrjukaRUdex72PEF234oY8RogGtqFRZv,2025-04-13T04:53:53Z,2AnDcy5aoiVAniMsdsbeqEdGMR6scafRhTk5DJXtmGhNZbXfMsSqqMZZpswktobC96WxKkr3UdR1Lo9YK8NdsSjK,2026-08-25T07:31:11.000Z,4rtP3LQdxEFrF724Pcfj9eTdaMqDrbmvi11ewwfNYdLQTN1Zi9niu13zAFrmkA5n1V2cgfjmM8vUtzGWXEcmBYKc,DUNE_LIVE,LIVE_POST_BASELINE
Asu2ZiF6BbkdXEdgHcw28ZGoQ5MkxFdHe9doGK7n9T96,0,,,FYL4LRChq2a6w8PenydNEd1ExoKpBVNpueitXAXanSGy,1,FpqrjWJpTNwv1b1nu3Kouzn7KRZeAxcvyXfHgkGFQ9Gd,FYL4LRChq2a6w8PenydNEd1ExoKpBVNpueitXAXanSGy,2025-04-19T15:06:45Z,pVaf2u9RLyeCE2xM8dr4BzbQjFKHkSsVCRgqoyd946TxNh3jUm5Ykh4ttv2mTuv6UA5ZaD5Hd5Dt3Q78cwevbRv,FpqrjWJpTNwv1b1nu3Kouzn7KRZeAxcvyXfHgkGFQ9Gd,FYL4LRChq2a6w8PenydNEd1ExoKpBVNpueitXAXanSGy,2025-04-19T15:06:45Z,pVaf2u9RLyeCE2xM8dr4BzbQjFKHkSsVCRgqoyd946TxNh3jUm5Ykh4ttv2mTuv6UA5ZaD5Hd5Dt3Q78cwevbRv,2026-08-24T04:22:35.000Z,5oK95ozVzmUYxqJmZd7NLGb2U4oYDLVTieQMPA7TJve19iKQ41uaDdvJ8VHYNmcxSnH1A7BK2NrfTFFcJbTUKTey,DUNE_LIVE,LIVE_POST_BASELINE
AtSSUp7KvNL3W9oAqYZGgaDEaG9FW42TEEYr53rAHJ2K,0,,,BfBqvwoNLVSEvrjukaRUdex72PEF234oY8RogGtqFRZv,1,7LscpY288mvuC8kBax5KhcxH9BucLs9cCndo2HUi5xWb,BfBqvwoNLVSEvrjukaRUdex72PEF234oY8RogGtqFRZv,2025-04-13T04:47:19Z,2NVELyr5FjZSGZX3QLZ75hT47VwJWsJ9F4yeCR97XCNpKJvf9Nc56uBJVx2pUi6BYPLC9QT1ecABqcEN7NGBa2RB,7LscpY288mvuC8kBax5KhcxH9BucLs9cCndo2HUi5xWb,BfBqvwoNLVSEvrjukaRUdex72PEF234oY8RogGtqFRZv,2025-04-13T04:47:19Z,2NVELyr5FjZSGZX3QLZ75hT47VwJWsJ9F4yeCR97XCNpKJvf9Nc56uBJVx2pUi6BYPLC9QT1ecABqcEN7NGBa2RB,2026-08-25T07:31:11.000Z,4rtP3LQdxEFrF724Pcfj9eTdaMqDrbmvi11ewwfNYdLQTN1Zi9niu13zAFrmkA5n1V2cgfjmM8vUtzGWXEcmBYKc,DUNE_LIVE,LIVE_POST_BASELINE
AtoHGS7XXXvyUs2QNqmrjnfYMJAQu6nM6APaMm3AzStH,0,,,BFpTSgrkFXFycgvaraoSt75osy6EgKEeivXUgxz3AdEz,1,FnqEYzRtDV1zHUaEFycnGS6F3SCmjAvMLsNQQrnQcLPN,BFpTSgrkFXFycgvaraoSt75osy6EgKEeivXUgxz3AdEz,2025-08-28T16:28:08Z,4TwpSVgrvhfykeV1Q79AnR81qgpvFHTAnyzeR2YWyVPgC5tQCNiAQVNydGwa6FG3aYGPrKMox4wFq5CopexD18n1,FnqEYzRtDV1zHUaEFycnGS6F3SCmjAvMLsNQQrnQcLPN,BFpTSgrkFXFycgvaraoSt75osy6EgKEeivXUgxz3AdEz,2025-08-28T16:28:08Z,4TwpSVgrvhfykeV1Q79AnR81qgpvFHTAnyzeR2YWyVPgC5tQCNiAQVNydGwa6FG3aYGPrKMox4wFq5CopexD18n1,2026-08-30T18:20:59Z,4rGPKBHqqLhzjS6Y5dbuTSUCxKq4LmSxk1LUGZhanbv1vBDdiFLqSGyEReA7P3gTAkqXnVWTFdxGw69fkJjsw87Z,INDEPENDENT_LIVE,LIVE_POST_CUTOVER
AuLx6bVv45reQYLuyjQZ79YVZuYFtjvFURfKsfNkiDsV,0,,,BfBqvwoNLVSEvrjukaRUdex72PEF234oY8RogGtqFRZv,1,7LscpY288mvuC8kBax5KhcxH9BucLs9cCndo2HUi5xWb,BfBqvwoNLVSEvrjukaRUdex72PEF234oY8RogGtqFRZv,2025-12-01T14:45:03Z,4oCFYa8DbUJCHcsZQpNgGSkC9vsfn8yUZsB2CSTNhr5wWBWvzfnF8gre4tQ2P5iTdeb16SLqPUzfbRmPzxZvUc6v,7LscpY288mvuC8kBax5KhcxH9BucLs9cCndo2HUi5xWb,BfBqvwoNLVSEvrjukaRUdex72PEF234oY8RogGtqFRZv,2025-12-01T14:45:03Z,4oCFYa8DbUJCHcsZQpNgGSkC9vsfn8yUZsB2CSTNhr5wWBWvzfnF8gre4tQ2P5iTdeb16SLqPUzfbRmPzxZvUc6v,2026-08-25T07:31:11.000Z,4rtP3LQdxEFrF724Pcfj9eTdaMqDrbmvi11ewwfNYdLQTN1Zi9niu13zAFrmkA5n1V2cgfjmM8vUtzGWXEcmBYKc,DUNE_LIVE,LIVE_POST_BASELINE
AvFMVqHK71dHpRoRzat3GFp58ZvSVChKKDSYF8XHDCn5,0,,,8TAx5eRzjvYioRmc83vrzWuEzhav63ccEs7ZuzndxddU,1,Cwg4F9HnwEKktX662TLjYvUjvZStpQHss9BasJYSaGPj,8TAx5eRzjvYioRmc83vrzWuEzhav63ccEs7ZuzndxddU,2022-08-25T08:35:50Z,5YXGdJ6szEkpxmhxEUbHVn2cUbRaUwVqACtJwQf4fwtvozKQQLup8mJA6qm21CL1HPpngADaVdUwbGeukXWRPkNd,Cwg4F9HnwEKktX662TLjYvUjvZStpQHss9BasJYSaGPj,8TAx5eRzjvYioRmc83vrzWuEzhav63ccEs7ZuzndxddU,2022-08-25T08:35:50Z,5YXGdJ6szEkpxmhxEUbHVn2cUbRaUwVqACtJwQf4fwtvozKQQLup8mJA6qm21CL1HPpngADaVdUwbGeukXWRPkNd,2026-08-28T06:25:53Z,3wyPJbJFHo4Fvu7Und18ezfHzbJFeq5FuiuZQzTTQAzrrC7RmAWXjXmonJge3e898SwmhStEUrJE6grUaYQ74KcV,INDEPENDENT_LIVE,LIVE_POST_CUTOVER
AvRpEd9i6aEUaxssfg9AawnhSyyqrrMSNUscWLEPPpd2,0,,,BfBqvwoNLVSEvrjukaRUdex72PEF234oY8RogGtqFRZv,1,7LscpY288mvuC8kBax5KhcxH9BucLs9cCndo2HUi5xWb,BfBqvwoNLVSEvrjukaRUdex72PEF234oY8RogGtqFRZv,2025-12-01T14:41:54Z,3gKYtqD5Qns6MtsT5XsxNtLQWhnNADu1LDs4yLW6tpjv4hfAfNEx9pgP7kooEUzBEnt3UK7ViomvrCLeRiFuL759,7LscpY288mvuC8kBax5KhcxH9BucLs9cCndo2HUi5xWb,BfBqvwoNLVSEvrjukaRUdex72PEF234oY8RogGtqFRZv,2025-12-01T14:41:54Z,3gKYtqD5Qns6MtsT5XsxNtLQWhnNADu1LDs4yLW6tpjv4hfAfNEx9pgP7kooEUzBEnt3UK7ViomvrCLeRiFuL759,2026-08-25T07:31:11.000Z,4rtP3LQdxEFrF724Pcfj9eTdaMqDrbmvi11ewwfNYdLQTN1Zi9niu13zAFrmkA5n1V2cgfjmM8vUtzGWXEcmBYKc,DUNE_LIVE,LIVE_POST_BASELINE
AwfpSar3zfE8QNndkfSescM2RrryuMkDKpvUBDjK4iK3,0,,,BfBqvwoNLVSEvrjukaRUdex72PEF234oY8RogGtqFRZv,1,7LscpY288mvuC8kBax5KhcxH9BucLs9cCndo2HUi5xWb,BfBqvwoNLVSEvrjukaRUdex72PEF234oY8RogGtqFRZv,2025-12-01T14:43:10Z,4nYp39RdpJWsYvSkzN4bmAVfpphihHjcb2KF3ZYaZNLjpJsYNjUMkdcRTdLmZtSjUNZzVsr7dzYdMEpV9VU11dr4,7LscpY288mvuC8kBax5KhcxH9BucLs9cCndo2HUi5xWb,BfBqvwoNLVSEvrjukaRUdex72PEF234oY8RogGtqFRZv,2025-12-01T14:43:10Z,4nYp39RdpJWsYvSkzN4bmAVfpphihHjcb2KF3ZYaZNLjpJsYNjUMkdcRTdLmZtSjUNZzVsr7dzYdMEpV9VU11dr4,2026-08-25T07:31:11.000Z,4rtP3LQdxEFrF724Pcfj9eTdaMqDrbmvi11ewwfNYdLQTN1Zi9niu13zAFrmkA5n1V2cgfjmM8vUtzGWXEcmBYKc,DUNE_LIVE,LIVE_POST_BASELINE
Ax5JdnKCPj5Qh1NnL4fWjkKTuv1CgEbMpDSVAekvxt4n,0,,,DM5YNogviE6YxVESWYG9TaZ9q4qiBLAJmxnA1LQRFMGZ,1,B1Pv8HZNHGdXC8qTsNGLCJKpnoetE2Y52RyeoJW9pE5Z,DM5YNogviE6YxVESWYG9TaZ9q4qiBLAJmxnA1LQRFMGZ,2025-04-13T07:11:02Z,5vAm39DF68pVHpAUZuuwf6PnEAJERfBvn3uFpSEwPYLJ2crcjKzuppuKvqd7ntzfSHz5g9ot8aauKbFfwmS2grdp,B1Pv8HZNHGdXC8qTsNGLCJKpnoetE2Y52RyeoJW9pE5Z,DM5YNogviE6YxVESWYG9TaZ9q4qiBLAJmxnA1LQRFMGZ,2025-04-13T07:11:02Z,5vAm39DF68pVHpAUZuuwf6PnEAJERfBvn3uFpSEwPYLJ2crcjKzuppuKvqd7ntzfSHz5g9ot8aauKbFfwmS2grdp,2026-08-31T09:39:48Z,5rqET3n1SkPB9jrcz8yM3KNBt6b2Q925G69tDBYwhL5yd6cLZzD3gSDSSgsbFqwtJkuaCoAvuRNq3eCNaKxhpdWi,INDEPENDENT_LIVE,LIVE_POST_CUTOVER
AyynKjdZh28ZC2YoHqJVz1kYiEEd4bqbZz24tygcBw61,0,,,FYL4LRChq2a6w8PenydNEd1ExoKpBVNpueitXAXanSGy,1,FpqrjWJpTNwv1b1nu3Kouzn7KRZeAxcvyXfHgkGFQ9Gd,FYL4LRChq2a6w8PenydNEd1ExoKpBVNpueitXAXanSGy,2025-04-19T15:06:35Z,2uw8xG2JaW1hBCdvNYjbhfD5UvTJqcy9ehHtGKZQYe7MgoXqqwNSCEhwSK5UfKaGfrq6wAYestMp5AYWACzuN83o,FpqrjWJpTNwv1b1nu3Kouzn7KRZeAxcvyXfHgkGFQ9Gd,FYL4LRChq2a6w8PenydNEd1ExoKpBVNpueitXAXanSGy,2025-04-19T15:06:35Z,2uw8xG2JaW1hBCdvNYjbhfD5UvTJqcy9ehHtGKZQYe7MgoXqqwNSCEhwSK5UfKaGfrq6wAYestMp5AYWACzuN83o,2026-08-24T04:22:35.000Z,5oK95ozVzmUYxqJmZd7NLGb2U4oYDLVTieQMPA7TJve19iKQ41uaDdvJ8VHYNmcxSnH1A7BK2NrfTFFcJbTUKTey,DUNE_LIVE,LIVE_POST_BASELINE
B2iZSAC3bCotWAqzK3mt8RmdU7DCWB95z2jTS6XrnDtp,0,,,8TAx5eRzjvYioRmc83vrzWuEzhav63ccEs7ZuzndxddU,1,Cwg4F9HnwEKktX662TLjYvUjvZStpQHss9BasJYSaGPj,8TAx5eRzjvYioRmc83vrzWuEzhav63ccEs7ZuzndxddU,2026-02-22T16:20:44Z,d9b1NcXTQiYCJDKre8FtfUoWvapsK7LypGcWtreA2XHDDBaVHFXE221FRwohsTqvCzrVrjwMyN5JhppmAuqg5Rj,Cwg4F9HnwEKktX662TLjYvUjvZStpQHss9BasJYSaGPj,8TAx5eRzjvYioRmc83vrzWuEzhav63ccEs7ZuzndxddU,2026-02-22T16:20:44Z,d9b1NcXTQiYCJDKre8FtfUoWvapsK7LypGcWtreA2XHDDBaVHFXE221FRwohsTqvCzrVrjwMyN5JhppmAuqg5Rj,2026-08-28T06:25:53Z,3wyPJbJFHo4Fvu7Und18ezfHzbJFeq5FuiuZQzTTQAzrrC7RmAWXjXmonJge3e898SwmhStEUrJE6grUaYQ74KcV,INDEPENDENT_LIVE,LIVE_POST_CUTOVER
B3HUc7rdWG8P1hzpY5bp1ZReNKM5nueP2DkVJRPh5kWw,0,,,BfBqvwoNLVSEvrjukaRUdex72PEF234oY8RogGtqFRZv,1,7LscpY288mvuC8kBax5KhcxH9BucLs9cCndo2HUi5xWb,BfBqvwoNLVSEvrjukaRUdex72PEF234oY8RogGtqFRZv,2025-12-01T14:37:13Z,56BauHe4rNuPffnBtzZTdzQEyohNqUqRZptZb4NRiiQeNE97QtJMi1Xuu8M8nzrCYgYo6LWm2hhbsEBQZBFM3Gzy,7LscpY288mvuC8kBax5KhcxH9BucLs9cCndo2HUi5xWb,BfBqvwoNLVSEvrjukaRUdex72PEF234oY8RogGtqFRZv,2025-12-01T14:37:13Z,56BauHe4rNuPffnBtzZTdzQEyohNqUqRZptZb4NRiiQeNE97QtJMi1Xuu8M8nzrCYgYo6LWm2hhbsEBQZBFM3Gzy,2026-08-25T07:31:11.000Z,4rtP3LQdxEFrF724Pcfj9eTdaMqDrbmvi11ewwfNYdLQTN1Zi9niu13zAFrmkA5n1V2cgfjmM8vUtzGWXEcmBYKc,DUNE_LIVE,LIVE_POST_BASELINE
B3dWtNeTnGe9CdJzs1pgEwZhzSR3by78CosMxyXwYj8Z,0,,,BFpTSgrkFXFycgvaraoSt75osy6EgKEeivXUgxz3AdEz,1,FnqEYzRtDV1zHUaEFycnGS6F3SCmjAvMLsNQQrnQcLPN,BFpTSgrkFXFycgvaraoSt75osy6EgKEeivXUgxz3AdEz,2025-09-25T02:52:42Z,4BBt3EC9VgdS3nnPJn7LPQSNyBm5tX1Zr6cYNf4a6bZuFPvg168y6iNpzkqwttxhyWmNUgo3hKJqaF8mnbnamt4d,FnqEYzRtDV1zHUaEFycnGS6F3SCmjAvMLsNQQrnQcLPN,BFpTSgrkFXFycgvaraoSt75osy6EgKEeivXUgxz3AdEz,2025-09-25T02:52:42Z,4BBt3EC9VgdS3nnPJn7LPQSNyBm5tX1Zr6cYNf4a6bZuFPvg168y6iNpzkqwttxhyWmNUgo3hKJqaF8mnbnamt4d,2026-08-30T18:20:59Z,4rGPKBHqqLhzjS6Y5dbuTSUCxKq4LmSxk1LUGZhanbv1vBDdiFLqSGyEReA7P3gTAkqXnVWTFdxGw69fkJjsw87Z,INDEPENDENT_LIVE,LIVE_POST_CUTOVER
B4Tkme8ndN8TzwJSaL2BYaDW9pk4kcSVWftyL5nQQ16B,0,,,BCdR4tGAsJCV2PiD4y7LvUgSpoKhaEqj9cWLA68hCkzA,1,2hx9Je3RCTArTNhWJ4JYKreKxa1NPdTQqXZyBrgtUiKS,BCdR4tGAsJCV2PiD4y7LvUgSpoKhaEqj9cWLA68hCkzA,2024-01-16T20:54:15Z,BMKHY1MMdfcyGRDpExqxhKEDzD9VAqXdf9TTu61TSUQTc8R2ztGewHbBhVo7Vfea9UvCjkbgfwkp7S8KXhM7D3u,2hx9Je3RCTArTNhWJ4JYKreKxa1NPdTQqXZyBrgtUiKS,BCdR4tGAsJCV2PiD4y7LvUgSpoKhaEqj9cWLA68hCkzA,2024-01-16T20:54:15Z,BMKHY1MMdfcyGRDpExqxhKEDzD9VAqXdf9TTu61TSUQTc8R2ztGewHbBhVo7Vfea9UvCjkbgfwkp7S8KXhM7D3u,2026-08-28T07:33:31Z,3WnMgm1LaiyZF2QCBQCTGZxjKwxzixaRBAx5TYVVxU6iycjepqfBCzFeHYMVPPtNuwzRpoycy5tvW8jd3JHkLV6F,INDEPENDENT_LIVE,LIVE_POST_CUTOVER
B574ksoUd1Ja7cKdJwCQptpDkzwrfaVNq4tyvHcncdrX,1,2026-08-24T15:31:42.000Z,61ehvvD9AFJ5Rz3iGWTV68v5GnoJmgtTZsq7YsVeoqXCwuBCmpeaKBcjUcdpQeuH4Zi17aSsm5YpqoUCHR3vUYgG,,0,,,2026-08-24T15:31:42.000Z,61ehvvD9AFJ5Rz3iGWTV68v5GnoJmgtTZsq7YsVeoqXCwuBCmpeaKBcjUcdpQeuH4Zi17aSsm5YpqoUCHR3vUYgG,,,,,,,,
B6Fs8V8y8CiUh1pQNWm6VKuQMEC3i4zCUSBVsAqEXUmU,0,,,BfBqvwoNLVSEvrjukaRUdex72PEF234oY8RogGtqFRZv,1,7LscpY288mvuC8kBax5KhcxH9BucLs9cCndo2HUi5xWb,BfBqvwoNLVSEvrjukaRUdex72PEF234oY8RogGtqFRZv,2025-12-01T14:21:02Z,4fqWPc6uQRXe35JcJSm7ATZ3yosEwQiS2kuXR2jgm5nQ1LoF5aqFgfDYxgshsfpAPBZGwNNmsE38vph4ZqGAp8DG,7LscpY288mvuC8kBax5KhcxH9BucLs9cCndo2HUi5xWb,BfBqvwoNLVSEvrjukaRUdex72PEF234oY8RogGtqFRZv,2025-12-01T14:21:02Z,4fqWPc6uQRXe35JcJSm7ATZ3yosEwQiS2kuXR2jgm5nQ1LoF5aqFgfDYxgshsfpAPBZGwNNmsE38vph4ZqGAp8DG,2026-08-25T07:31:11.000Z,4rtP3LQdxEFrF724Pcfj9eTdaMqDrbmvi11ewwfNYdLQTN1Zi9niu13zAFrmkA5n1V2cgfjmM8vUtzGWXEcmBYKc,DUNE_LIVE,LIVE_POST_BASELINE
B6rYVpafM6mZaNVGTfDjtneLcVWPrRPDZX7RJJbo8BL9,0,,,BfBqvwoNLVSEvrjukaRUdex72PEF234oY8RogGtqFRZv,1,7LscpY288mvuC8kBax5KhcxH9BucLs9cCndo2HUi5xWb,BfBqvwoNLVSEvrjukaRUdex72PEF234oY8RogGtqFRZv,2025-04-13T04:54:25Z,3u33MdYeLoVkJScWEDkBSZCqq4kvUzDpvuNSb9iY9C2pB7DWfnzxtQh5QRFAXbdieUPT3gL2CnqSRrQg7kzcbrwB,7LscpY288mvuC8kBax5KhcxH9BucLs9cCndo2HUi5xWb,BfBqvwoNLVSEvrjukaRUdex72PEF234oY8RogGtqFRZv,2025-04-13T04:54:25Z,3u33MdYeLoVkJScWEDkBSZCqq4kvUzDpvuNSb9iY9C2pB7DWfnzxtQh5QRFAXbdieUPT3gL2CnqSRrQg7kzcbrwB,2026-08-25T07:31:11.000Z,4rtP3LQdxEFrF724Pcfj9eTdaMqDrbmvi11ewwfNYdLQTN1Zi9niu13zAFrmkA5n1V2cgfjmM8vUtzGWXEcmBYKc,DUNE_LIVE,LIVE_POST_BASELINE
B7QJ4mHpAzFKPACbpwtkEezKkPmPKXDGwbf5azddUtwT,0,,,FYL4LRChq2a6w8PenydNEd1ExoKpBVNpueitXAXanSGy,1,FpqrjWJpTNwv1b1nu3Kouzn7KRZeAxcvyXfHgkGFQ9Gd,FYL4LRChq2a6w8PenydNEd1ExoKpBVNpueitXAXanSGy,2025-04-19T15:08:31Z,4PekhxLbABMWjx8in5b5omU4hY9VFdxmeu7v11zpf5zWvM53KsecxA3jyd48rTKY5MgKTHmgvmePwUoWQTptauNy,FpqrjWJpTNwv1b1nu3Kouzn7KRZeAxcvyXfHgkGFQ9Gd,FYL4LRChq2a6w8PenydNEd1ExoKpBVNpueitXAXanSGy,2025-04-19T15:08:31Z,4PekhxLbABMWjx8in5b5omU4hY9VFdxmeu7v11zpf5zWvM53KsecxA3jyd48rTKY5MgKTHmgvmePwUoWQTptauNy,2026-08-24T04:22:35.000Z,5oK95ozVzmUYxqJmZd7NLGb2U4oYDLVTieQMPA7TJve19iKQ41uaDdvJ8VHYNmcxSnH1A7BK2NrfTFFcJbTUKTey,DUNE_LIVE,LIVE_POST_BASELINE
B9VNiLSaefKkMrTSJyizoSnf9nWQx7yYNfBLCDCetGnM,0,,,7nxj4danuBXVjct9ve56D6fE6Yx6iHWcHWDv8ik75q6j,1,6vmoJLFeVHCnrm2XpDPd6EYdRrkG2hcg8CAyr4Sy5ALZ,7nxj4danuBXVjct9ve56D6fE6Yx6iHWcHWDv8ik75q6j,2025-10-29T21:48:24+00:00,3gLPCJwtykmM8kkFUbtLYX1wZzD8xdYhotWb1ZnatoJxea16m1pXq33zPYAFcQkbjwBZzEmCqCSUMB4zy42LoT8F,6vmoJLFeVHCnrm2XpDPd6EYdRrkG2hcg8CAyr4Sy5ALZ,7nxj4danuBXVjct9ve56D6fE6Yx6iHWcHWDv8ik75q6j,2025-10-29T21:48:24+00:00,3gLPCJwtykmM8kkFUbtLYX1wZzD8xdYhotWb1ZnatoJxea16m1pXq33zPYAFcQkbjwBZzEmCqCSUMB4zy42LoT8F,2026-08-28T21:17:36Z,3BpkuDNGr3YDL3fV3yBZprmCnrBsjK6h5CpK6kC9SVGhRkPU7bXMppxgfdwYR3B2auxmz7U4T73PXB4cDhPK4ybc,INDEPENDENT_LIVE,LIVE_POST_CUTOVER
BEthXn2nVQYbZtyP13zxHBgNTZuXeUxn2imKUTzRKd7y,0,,,8TAx5eRzjvYioRmc83vrzWuEzhav63ccEs7ZuzndxddU,1,Cwg4F9HnwEKktX662TLjYvUjvZStpQHss9BasJYSaGPj,8TAx5eRzjvYioRmc83vrzWuEzhav63ccEs7ZuzndxddU,2026-06-29T18:48:54Z,48wqkJUYQUKW937hJMQfFTMf5hhWEqnbDAS7cBZgDJuZseRxKEngyxJKLoe3YNUA7UCXdxSERLJDCbT2DzpBC7Ai,Cwg4F9HnwEKktX662TLjYvUjvZStpQHss9BasJYSaGPj,8TAx5eRzjvYioRmc83vrzWuEzhav63ccEs7ZuzndxddU,2026-06-29T18:48:54Z,48wqkJUYQUKW937hJMQfFTMf5hhWEqnbDAS7cBZgDJuZseRxKEngyxJKLoe3YNUA7UCXdxSERLJDCbT2DzpBC7Ai,2026-08-28T06:25:53Z,3wyPJbJFHo4Fvu7Und18ezfHzbJFeq5FuiuZQzTTQAzrrC7RmAWXjXmonJge3e898SwmhStEUrJE6grUaYQ74KcV,INDEPENDENT_LIVE,LIVE_POST_CUTOVER
BFQJgZL3m2maHZ1HU9b45FBujAhSdxB1Rd9YhN6qPss1,0,,,BfBqvwoNLVSEvrjukaRUdex72PEF234oY8RogGtqFRZv,1,7LscpY288mvuC8kBax5KhcxH9BucLs9cCndo2HUi5xWb,BfBqvwoNLVSEvrjukaRUdex72PEF234oY8RogGtqFRZv,2025-04-13T04:47:36Z,3HqQPDt5GywqzB7WqB7U4NFNzGagNMgkAnzAZukgUutD1NBPdCU2RbkvNHY7CpsgrCmp9UNke4aDDacX8nGGR9cn,7LscpY288mvuC8kBax5KhcxH9BucLs9cCndo2HUi5xWb,BfBqvwoNLVSEvrjukaRUdex72PEF234oY8RogGtqFRZv,2025-04-13T04:47:36Z,3HqQPDt5GywqzB7WqB7U4NFNzGagNMgkAnzAZukgUutD1NBPdCU2RbkvNHY7CpsgrCmp9UNke4aDDacX8nGGR9cn,2026-08-25T07:31:11.000Z,4rtP3LQdxEFrF724Pcfj9eTdaMqDrbmvi11ewwfNYdLQTN1Zi9niu13zAFrmkA5n1V2cgfjmM8vUtzGWXEcmBYKc,DUNE_LIVE,LIVE_POST_BASELINE
BG2DWzsTdTiniSNdhtMcos4z5Evo3Gejtd2ARv69SuZw,0,,,CqNYeYsqQ8B7WXuo3EJrUe8ZXL7Jwd8esprgfJ5dy8Ks,1,J5PmDvfYhrsmeqeo8MxtJiQu4p2dE6uVAF4wiFKvLQBQ,CqNYeYsqQ8B7WXuo3EJrUe8ZXL7Jwd8esprgfJ5dy8Ks,2022-06-01T17:12:52+00:00,5i3CQvZSkZ6mrTb39oo84EVoqrfi5937uzAcJWAeb7fNDDbYeH3ZBfpEvPX9QxeV8i3cnVvocqwfKj27RovhTk4P,J5PmDvfYhrsmeqeo8MxtJiQu4p2dE6uVAF4wiFKvLQBQ,CqNYeYsqQ8B7WXuo3EJrUe8ZXL7Jwd8esprgfJ5dy8Ks,2022-06-01T17:12:52+00:00,5i3CQvZSkZ6mrTb39oo84EVoqrfi5937uzAcJWAeb7fNDDbYeH3ZBfpEvPX9QxeV8i3cnVvocqwfKj27RovhTk4P,2026-08-30T02:38:23Z,2NdWdgrvAL9Coz9Au1AWsj7hNDHKXjGqK5pVVjLCyR6cS55DwaRhT4mS9iU5ehpstKwp6DwrAGeWrpNCMjQJVNSN,INDEPENDENT_LIVE,LIVE_POST_CUTOVER
BGMh5xLHCsyhMiDiHdoA1shjXzS4d72UVr6uDg4hMPRj,0,,,38Bj4DFXhAkDxB6Atj66kdxGZfhZEC3ejRX1HDh1YFKj,1,8Vpqxxbon9s4Hnk2eMhysjx6XKjHiUgEUAm3MSq9yQv2,38Bj4DFXhAkDxB6Atj66kdxGZfhZEC3ejRX1HDh1YFKj,2025-04-26T14:29:57Z,4gqPQD9p9RtZ2bGSPXssKQmBZFNPF6pfeH5wYZNwEJy84kbzxCs9knQ5dZ5sTc8sJjobMiXGb6pcZhb4b5NwBpnr,8Vpqxxbon9s4Hnk2eMhysjx6XKjHiUgEUAm3MSq9yQv2,38Bj4DFXhAkDxB6Atj66kdxGZfhZEC3ejRX1HDh1YFKj,2025-04-26T14:29:57Z,4gqPQD9p9RtZ2bGSPXssKQmBZFNPF6pfeH5wYZNwEJy84kbzxCs9knQ5dZ5sTc8sJjobMiXGb6pcZhb4b5NwBpnr,2026-08-21T19:39:25.000Z,4AT1PFFkyADXcz2QFJi78yrTeP8dAhFkfWJU5JCvpEx2a7pWsAxn14owrdqpvwkTU7bAzxxCYoBijEksgty9W6qe,DUNE_LIVE,LIVE_POST_BASELINE
BJZKFV8EyPZqN5UqomPvumdLuNeGSfguL6zF94HbpsCE,0,,,8TAx5eRzjvYioRmc83vrzWuEzhav63ccEs7ZuzndxddU,1,Cwg4F9HnwEKktX662TLjYvUjvZStpQHss9BasJYSaGPj,8TAx5eRzjvYioRmc83vrzWuEzhav63ccEs7ZuzndxddU,2022-11-13T16:55:09Z,HvnYHkbnYWqtriuQxAYijcby1jMC9J2h9M1m71Vhorf44UzTptP8MFpztGgTEpUedK9C8c8gqJzn1dtVfCssaK7,Cwg4F9HnwEKktX662TLjYvUjvZStpQHss9BasJYSaGPj,8TAx5eRzjvYioRmc83vrzWuEzhav63ccEs7ZuzndxddU,2022-11-13T16:55:09Z,HvnYHkbnYWqtriuQxAYijcby1jMC9J2h9M1m71Vhorf44UzTptP8MFpztGgTEpUedK9C8c8gqJzn1dtVfCssaK7,2026-08-28T06:25:53Z,3wyPJbJFHo4Fvu7Und18ezfHzbJFeq5FuiuZQzTTQAzrrC7RmAWXjXmonJge3e898SwmhStEUrJE6grUaYQ74KcV,INDEPENDENT_LIVE,LIVE_POST_CUTOVER
BKG2oGhCZe3E1uJFaYPufruxLyB2i38hmnvzgXKCfYCB,0,,,Db1meMQEgj8dCwzhR5W6coWt1yV4iEaQsYPKKDyGRUqW,1,Do9VaY2ru9QtaTWdhmuwc2Z9rj4rZ7D6EShdLTvxnp6h,Db1meMQEgj8dCwzhR5W6coWt1yV4iEaQsYPKKDyGRUqW,2025-12-16T15:34:01Z,4qqw6xMkRwL1m5776WX3Bs5a3oCjxVc9DG65Quf9n2DVEYM3W1B73Aayi7TRZXptQa42U3WqG3dy7w1itqRt2hCL,Do9VaY2ru9QtaTWdhmuwc2Z9rj4rZ7D6EShdLTvxnp6h,Db1meMQEgj8dCwzhR5W6coWt1yV4iEaQsYPKKDyGRUqW,2025-12-16T15:34:01Z,4qqw6xMkRwL1m5776WX3Bs5a3oCjxVc9DG65Quf9n2DVEYM3W1B73Aayi7TRZXptQa42U3WqG3dy7w1itqRt2hCL,2026-08-26T21:34:16Z,5y9KKMidZA2pNm3QLD2z2j7BfPbwsAQt6HEVyCQMK7sSkCy7PRQUy35JJG3GRnTBDLDeD6YVxYpw9nXSayk6pTiK,INDEPENDENT_LIVE,LIVE_POST_CUTOVER
BKnvH1ndanh1T941yynPBoPrXgYDSxTMf8H7AAqYRyGR,0,,,BfBqvwoNLVSEvrjukaRUdex72PEF234oY8RogGtqFRZv,1,7LscpY288mvuC8kBax5KhcxH9BucLs9cCndo2HUi5xWb,BfBqvwoNLVSEvrjukaRUdex72PEF234oY8RogGtqFRZv,2025-12-01T14:37:36Z,3UG3YhDHm1zoNSfmnvJC4kcjVwJECEF6vDHyMfxBDfuZBdkbX8tNH9K9a26dHBUXGVk5rjQShmFmr252VVSmAT3d,7LscpY288mvuC8kBax5KhcxH9BucLs9cCndo2HUi5xWb,BfBqvwoNLVSEvrjukaRUdex72PEF234oY8RogGtqFRZv,2025-12-01T14:37:36Z,3UG3YhDHm1zoNSfmnvJC4kcjVwJECEF6vDHyMfxBDfuZBdkbX8tNH9K9a26dHBUXGVk5rjQShmFmr252VVSmAT3d,2026-08-25T07:31:11.000Z,4rtP3LQdxEFrF724Pcfj9eTdaMqDrbmvi11ewwfNYdLQTN1Zi9niu13zAFrmkA5n1V2cgfjmM8vUtzGWXEcmBYKc,DUNE_LIVE,LIVE_POST_BASELINE
BL1vZBo18zhsghQ5R3snJX4kdmmzv9D3v7wphz4qACU3,0,,,BfBqvwoNLVSEvrjukaRUdex72PEF234oY8RogGtqFRZv,1,7LscpY288mvuC8kBax5KhcxH9BucLs9cCndo2HUi5xWb,BfBqvwoNLVSEvrjukaRUdex72PEF234oY8RogGtqFRZv,2025-12-01T14:29:19Z,5QGvKYnBPkAiMNYoEEnFrzWLpdjqZpsrpnHGzPeYWBA2yBLDqqVxvoubu9vTSXqSdWTdWGxaCUQhHhT9JkHgFNhh,7LscpY288mvuC8kBax5KhcxH9BucLs9cCndo2HUi5xWb,BfBqvwoNLVSEvrjukaRUdex72PEF234oY8RogGtqFRZv,2025-12-01T14:29:19Z,5QGvKYnBPkAiMNYoEEnFrzWLpdjqZpsrpnHGzPeYWBA2yBLDqqVxvoubu9vTSXqSdWTdWGxaCUQhHhT9JkHgFNhh,2026-08-25T07:31:11.000Z,4rtP3LQdxEFrF724Pcfj9eTdaMqDrbmvi11ewwfNYdLQTN1Zi9niu13zAFrmkA5n1V2cgfjmM8vUtzGWXEcmBYKc,DUNE_LIVE,LIVE_POST_BASELINE
BLCxxt4sBjGDkZPZwHC7H9VxiyVbSmXW7VdpJdycMFDG,0,,,BfBqvwoNLVSEvrjukaRUdex72PEF234oY8RogGtqFRZv,1,7LscpY288mvuC8kBax5KhcxH9BucLs9cCndo2HUi5xWb,BfBqvwoNLVSEvrjukaRUdex72PEF234oY8RogGtqFRZv,2025-08-29T21:45:24Z,3x2LXVZMYthaLvtEWmMj5kAV1id6DtkBAyXfJeWwWsZkAzNhD1sJ9Z37rnzRBn2RBVnh6wLZp55Tfhfz3RGhYTWT,7LscpY288mvuC8kBax5KhcxH9BucLs9cCndo2HUi5xWb,BfBqvwoNLVSEvrjukaRUdex72PEF234oY8RogGtqFRZv,2025-08-29T21:45:24Z,3x2LXVZMYthaLvtEWmMj5kAV1id6DtkBAyXfJeWwWsZkAzNhD1sJ9Z37rnzRBn2RBVnh6wLZp55Tfhfz3RGhYTWT,2026-08-25T07:31:11.000Z,4rtP3LQdxEFrF724Pcfj9eTdaMqDrbmvi11ewwfNYdLQTN1Zi9niu13zAFrmkA5n1V2cgfjmM8vUtzGWXEcmBYKc,DUNE_LIVE,LIVE_POST_BASELINE
BLo74oH7cPzwpcHuEhZiS3nCk9SfXqF5ZbnyF9iCykJZ,0,,,38Bj4DFXhAkDxB6Atj66kdxGZfhZEC3ejRX1HDh1YFKj,1,8Vpqxxbon9s4Hnk2eMhysjx6XKjHiUgEUAm3MSq9yQv2,38Bj4DFXhAkDxB6Atj66kdxGZfhZEC3ejRX1HDh1YFKj,2025-04-26T14:26:21Z,3AfAUYFMyRwTUQsmdBtx7BQuwYVHy21xJNe9N6DEGgcGRxQVAqfWzN4LrNzKqKKS8ZEts11dudtQjUtsHFqjJwxy,8Vpqxxbon9s4Hnk2eMhysjx6XKjHiUgEUAm3MSq9yQv2,38Bj4DFXhAkDxB6Atj66kdxGZfhZEC3ejRX1HDh1YFKj,2025-04-26T14:26:21Z,3AfAUYFMyRwTUQsmdBtx7BQuwYVHy21xJNe9N6DEGgcGRxQVAqfWzN4LrNzKqKKS8ZEts11dudtQjUtsHFqjJwxy,2026-08-21T19:39:25.000Z,4AT1PFFkyADXcz2QFJi78yrTeP8dAhFkfWJU5JCvpEx2a7pWsAxn14owrdqpvwkTU7bAzxxCYoBijEksgty9W6qe,DUNE_LIVE,LIVE_POST_BASELINE
BNS3vi5HCZhwSfsSadzSdFppHjJJt5gVU3JDTfU7dVrm,0,,,8TAx5eRzjvYioRmc83vrzWuEzhav63ccEs7ZuzndxddU,1,Cwg4F9HnwEKktX662TLjYvUjvZStpQHss9BasJYSaGPj,8TAx5eRzjvYioRmc83vrzWuEzhav63ccEs7ZuzndxddU,2026-02-07T15:34:21Z,35vzE8XoMGWWRR3q72g91wjgZUZGYRzxcxMy1sUcZgFP2XzkuJSeLHdxXpzcFDh87L9YYmaiVTnyZxnfAXe9HRxN,Cwg4F9HnwEKktX662TLjYvUjvZStpQHss9BasJYSaGPj,8TAx5eRzjvYioRmc83vrzWuEzhav63ccEs7ZuzndxddU,2026-02-07T15:34:21Z,35vzE8XoMGWWRR3q72g91wjgZUZGYRzxcxMy1sUcZgFP2XzkuJSeLHdxXpzcFDh87L9YYmaiVTnyZxnfAXe9HRxN,2026-08-28T06:25:53Z,3wyPJbJFHo4Fvu7Und18ezfHzbJFeq5FuiuZQzTTQAzrrC7RmAWXjXmonJge3e898SwmhStEUrJE6grUaYQ74KcV,INDEPENDENT_LIVE,LIVE_POST_CUTOVER
BPNDjMzASn3u2rn9h38Dw7y5oM4MAFQrtGLyLhHvas1n,0,,,BfBqvwoNLVSEvrjukaRUdex72PEF234oY8RogGtqFRZv,1,7LscpY288mvuC8kBax5KhcxH9BucLs9cCndo2HUi5xWb,BfBqvwoNLVSEvrjukaRUdex72PEF234oY8RogGtqFRZv,2025-12-01T14:44:05Z,25w6w5btcGugb1yartkpQmfwmQ1HDQmUmUNmGB64hkAWdjFxSLC3LR8DT1myBToLfsCpNpHH4Y9RqzYYHkoPXy3W,7LscpY288mvuC8kBax5KhcxH9BucLs9cCndo2HUi5xWb,BfBqvwoNLVSEvrjukaRUdex72PEF234oY8RogGtqFRZv,2025-12-01T14:44:05Z,25w6w5btcGugb1yartkpQmfwmQ1HDQmUmUNmGB64hkAWdjFxSLC3LR8DT1myBToLfsCpNpHH4Y9RqzYYHkoPXy3W,2026-08-25T07:31:11.000Z,4rtP3LQdxEFrF724Pcfj9eTdaMqDrbmvi11ewwfNYdLQTN1Zi9niu13zAFrmkA5n1V2cgfjmM8vUtzGWXEcmBYKc,DUNE_LIVE,LIVE_POST_BASELINE
BQFZ7aWciTrpBqvokqSAsnrcSAYjwMEFdMjxjGC3tdAx,0,,,Db1meMQEgj8dCwzhR5W6coWt1yV4iEaQsYPKKDyGRUqW,1,Do9VaY2ru9QtaTWdhmuwc2Z9rj4rZ7D6EShdLTvxnp6h,Db1meMQEgj8dCwzhR5W6coWt1yV4iEaQsYPKKDyGRUqW,2025-10-29T10:09:16Z,2UhuUFPDHm3HhY13R5NqXohGfjTDaEK83uikZX8rWLhdtcVetHQAZqM4zo13cZTdZae94hNaNE8NEUt7KM44XciJ,Do9VaY2ru9QtaTWdhmuwc2Z9rj4rZ7D6EShdLTvxnp6h,Db1meMQEgj8dCwzhR5W6coWt1yV4iEaQsYPKKDyGRUqW,2025-10-29T10:09:16Z,2UhuUFPDHm3HhY13R5NqXohGfjTDaEK83uikZX8rWLhdtcVetHQAZqM4zo13cZTdZae94hNaNE8NEUt7KM44XciJ,2026-08-26T21:34:16Z,5y9KKMidZA2pNm3QLD2z2j7BfPbwsAQt6HEVyCQMK7sSkCy7PRQUy35JJG3GRnTBDLDeD6YVxYpw9nXSayk6pTiK,INDEPENDENT_LIVE,LIVE_POST_CUTOVER
BR7otXypA5qS7xRooe6a6hXfcQydmhGPQEJYCchQNzR8,0,,,Db1meMQEgj8dCwzhR5W6coWt1yV4iEaQsYPKKDyGRUqW,1,Do9VaY2ru9QtaTWdhmuwc2Z9rj4rZ7D6EShdLTvxnp6h,Db1meMQEgj8dCwzhR5W6coWt1yV4iEaQsYPKKDyGRUqW,2025-09-18T19:19:35Z,2XRdncoyZX9qghe9XGURfdgE15CW18RjAuaqKSG2n8SZN7Aat3Y7VoCdXaxNHe69nbaYJrqm8N8jGDCC6VjCJdSq,Do9VaY2ru9QtaTWdhmuwc2Z9rj4rZ7D6EShdLTvxnp6h,Db1meMQEgj8dCwzhR5W6coWt1yV4iEaQsYPKKDyGRUqW,2025-09-18T19:19:35Z,2XRdncoyZX9qghe9XGURfdgE15CW18RjAuaqKSG2n8SZN7Aat3Y7VoCdXaxNHe69nbaYJrqm8N8jGDCC6VjCJdSq,2026-08-26T21:34:16Z,5y9KKMidZA2pNm3QLD2z2j7BfPbwsAQt6HEVyCQMK7sSkCy7PRQUy35JJG3GRnTBDLDeD6YVxYpw9nXSayk6pTiK,INDEPENDENT_LIVE,LIVE_POST_CUTOVER
BUNYGBfwmMeg8iTpqA5nCVRm9aKALiRpnXJLq72EVStk,0,,,12C1h5y5RHoEd2oDtLd5Gzume2CBV5ibiz4eTnK81uib,1,EyV2y4RjQFrArtUDDwZznyzUbwd3nBDuZ6D9imXVb72y,12C1h5y5RHoEd2oDtLd5Gzume2CBV5ibiz4eTnK81uib,2025-04-22T03:16:07Z,ckocH7gQkc9h8uLBtu4kGYP1v2zzF9jfR2ULrRi9qkEqKaq5mnExBUJtrenerwfYbYajVDjo6aRbCiwHEEf8Liu,EyV2y4RjQFrArtUDDwZznyzUbwd3nBDuZ6D9imXVb72y,12C1h5y5RHoEd2oDtLd5Gzume2CBV5ibiz4eTnK81uib,2025-04-22T03:16:07Z,ckocH7gQkc9h8uLBtu4kGYP1v2zzF9jfR2ULrRi9qkEqKaq5mnExBUJtrenerwfYbYajVDjo6aRbCiwHEEf8Liu,2026-08-24T22:24:51.000Z,3PG1zyXqqr4MrijYcNYcGVc8BtLLwySMqq8cTeQxmfAyeRAn91WNm4fiKcRFvy6Ms3vXjGcoewQDFMw5bBxv83x3,DUNE_LIVE,LIVE_POST_BASELINE
BXTg9kqW7QdLfXEMieZdyyZ2SnEAHtPg59LvnfhBDgRu,0,,,FYL4LRChq2a6w8PenydNEd1ExoKpBVNpueitXAXanSGy,1,FpqrjWJpTNwv1b1nu3Kouzn7KRZeAxcvyXfHgkGFQ9Gd,FYL4LRChq2a6w8PenydNEd1ExoKpBVNpueitXAXanSGy,2025-04-19T15:10:56Z,353WwZFa7Dpr7GzRmnggGUZwohgdZi1tJYeFwSTPmd8rgaKFvBXVaWkhMqLKHsAd8Y7ginUfg6r6gWJvDagChh9A,FpqrjWJpTNwv1b1nu3Kouzn7KRZeAxcvyXfHgkGFQ9Gd,FYL4LRChq2a6w8PenydNEd1ExoKpBVNpueitXAXanSGy,2025-04-19T15:10:56Z,353WwZFa7Dpr7GzRmnggGUZwohgdZi1tJYeFwSTPmd8rgaKFvBXVaWkhMqLKHsAd8Y7ginUfg6r6gWJvDagChh9A,2026-08-24T04:22:35.000Z,5oK95ozVzmUYxqJmZd7NLGb2U4oYDLVTieQMPA7TJve19iKQ41uaDdvJ8VHYNmcxSnH1A7BK2NrfTFFcJbTUKTey,DUNE_LIVE,LIVE_POST_BASELINE
BY5iPfcx2yxW4hWx3AerwtocDtvGmpCm7bVLMp6msemJ,0,,,BfBqvwoNLVSEvrjukaRUdex72PEF234oY8RogGtqFRZv,1,7LscpY288mvuC8kBax5KhcxH9BucLs9cCndo2HUi5xWb,BfBqvwoNLVSEvrjukaRUdex72PEF234oY8RogGtqFRZv,2025-12-01T14:36:32Z,4FhtpZZJZtZozmCLbGPzQFHcuuoeMxWxHYENcsynA4YmEVRnokzdq1CPkiqhTDfENCKVYVgCxidBJSKBTiM9vTB,7LscpY288mvuC8kBax5KhcxH9BucLs9cCndo2HUi5xWb,BfBqvwoNLVSEvrjukaRUdex72PEF234oY8RogGtqFRZv,2025-12-01T14:36:32Z,4FhtpZZJZtZozmCLbGPzQFHcuuoeMxWxHYENcsynA4YmEVRnokzdq1CPkiqhTDfENCKVYVgCxidBJSKBTiM9vTB,2026-08-25T07:31:11.000Z,4rtP3LQdxEFrF724Pcfj9eTdaMqDrbmvi11ewwfNYdLQTN1Zi9niu13zAFrmkA5n1V2cgfjmM8vUtzGWXEcmBYKc,DUNE_LIVE,LIVE_POST_BASELINE
BYRnVG195GgKqioryVSJizSnVpJDXt3nYuBhXwwfn9BB,0,,,BfBqvwoNLVSEvrjukaRUdex72PEF234oY8RogGtqFRZv,1,7LscpY288mvuC8kBax5KhcxH9BucLs9cCndo2HUi5xWb,BfBqvwoNLVSEvrjukaRUdex72PEF234oY8RogGtqFRZv,2025-12-01T14:39:50Z,5gBn9H2WqG85NpaMUVyRps8GK7Vwd5NvJoH59gPg1AdBcnb3259HBdbNRUBetwZNjcS6ABNsbLDZXjtHMqG53qs3,7LscpY288mvuC8kBax5KhcxH9BucLs9cCndo2HUi5xWb,BfBqvwoNLVSEvrjukaRUdex72PEF234oY8RogGtqFRZv,2025-12-01T14:39:50Z,5gBn9H2WqG85NpaMUVyRps8GK7Vwd5NvJoH59gPg1AdBcnb3259HBdbNRUBetwZNjcS6ABNsbLDZXjtHMqG53qs3,2026-08-25T07:31:11.000Z,4rtP3LQdxEFrF724Pcfj9eTdaMqDrbmvi11ewwfNYdLQTN1Zi9niu13zAFrmkA5n1V2cgfjmM8vUtzGWXEcmBYKc,DUNE_LIVE,LIVE_POST_BASELINE
BYrvA2yn6v1CcMpqpvRQeSqoxekq2E1Q3invxQoTSDDA,0,,,DM5YNogviE6YxVESWYG9TaZ9q4qiBLAJmxnA1LQRFMGZ,1,B1Pv8HZNHGdXC8qTsNGLCJKpnoetE2Y52RyeoJW9pE5Z,DM5YNogviE6YxVESWYG9TaZ9q4qiBLAJmxnA1LQRFMGZ,2025-04-15T02:14:13Z,64qTyU6uiJnerM1oTHJbN3R18o382tND5uAvVCUkWjpmYWV3Cy6NMsSSrGyTdT9bx54vqMQ6VpURvW68vmA3oT9V,B1Pv8HZNHGdXC8qTsNGLCJKpnoetE2Y52RyeoJW9pE5Z,DM5YNogviE6YxVESWYG9TaZ9q4qiBLAJmxnA1LQRFMGZ,2025-04-15T02:14:13Z,64qTyU6uiJnerM1oTHJbN3R18o382tND5uAvVCUkWjpmYWV3Cy6NMsSSrGyTdT9bx54vqMQ6VpURvW68vmA3oT9V,2026-08-31T09:39:48Z,5rqET3n1SkPB9jrcz8yM3KNBt6b2Q925G69tDBYwhL5yd6cLZzD3gSDSSgsbFqwtJkuaCoAvuRNq3eCNaKxhpdWi,INDEPENDENT_LIVE,LIVE_POST_CUTOVER
BZAUAc4n38vKtTJH8UoP7ov3Bscm8Niip3n3AVsXsPN3,0,,,BVEk4Tz91vwEbCL6eMTejE5nxXkAso3mBSwJcbqoB2Vj,1,86ThTZQ2X5TVWzy8GCbgzt9vfJZFkWE27Ns9Vdv2T5f9,BVEk4Tz91vwEbCL6eMTejE5nxXkAso3mBSwJcbqoB2Vj,2022-06-02T21:44:33Z,2bWaj12KGso9Qe9GijKxXFFixfHbbi7KU889eJ1LHDAwiL2YqjPQLccWHVn9koVKFMwAbuau2BtRTw3Gs2bBzJew,86ThTZQ2X5TVWzy8GCbgzt9vfJZFkWE27Ns9Vdv2T5f9,BVEk4Tz91vwEbCL6eMTejE5nxXkAso3mBSwJcbqoB2Vj,2022-06-02T21:44:33Z,2bWaj12KGso9Qe9GijKxXFFixfHbbi7KU889eJ1LHDAwiL2YqjPQLccWHVn9koVKFMwAbuau2BtRTw3Gs2bBzJew,2026-08-29T16:34:58Z,4Nuqkdp9aT4nJeCP967hSU1hPo8aXzRtFYZpHikKKAXrzSP5Qi99AvAG1K7C8BsTp3CKbDNvki6V9u7imfn9cYr2,INDEPENDENT_LIVE,LIVE_POST_CUTOVER
BZeywNafSXeboyEzEgveq8knbJc4ZyhzjnBaCw2AJL5z,0,,,BfBqvwoNLVSEvrjukaRUdex72PEF234oY8RogGtqFRZv,1,7LscpY288mvuC8kBax5KhcxH9BucLs9cCndo2HUi5xWb,BfBqvwoNLVSEvrjukaRUdex72PEF234oY8RogGtqFRZv,2025-04-13T04:36:16Z,35rpSJvLJSPi4Z43G2hmAqkp4JXFuQAs1h4ke7DD6VtRuadpZo1vPUgUzgWS19ASnDcixHcVdbpwgB6v2CqFm6BE,7LscpY288mvuC8kBax5KhcxH9BucLs9cCndo2HUi5xWb,BfBqvwoNLVSEvrjukaRUdex72PEF234oY8RogGtqFRZv,2025-04-13T04:36:16Z,35rpSJvLJSPi4Z43G2hmAqkp4JXFuQAs1h4ke7DD6VtRuadpZo1vPUgUzgWS19ASnDcixHcVdbpwgB6v2CqFm6BE,2026-08-25T07:31:11.000Z,4rtP3LQdxEFrF724Pcfj9eTdaMqDrbmvi11ewwfNYdLQTN1Zi9niu13zAFrmkA5n1V2cgfjmM8vUtzGWXEcmBYKc,DUNE_LIVE,LIVE_POST_BASELINE
BaRrcUHQZfs8TMNGjAH7aU4xuqwkCmVxKvdFsDsWWHfx,0,,,DM5YNogviE6YxVESWYG9TaZ9q4qiBLAJmxnA1LQRFMGZ,1,B1Pv8HZNHGdXC8qTsNGLCJKpnoetE2Y52RyeoJW9pE5Z,DM5YNogviE6YxVESWYG9TaZ9q4qiBLAJmxnA1LQRFMGZ,2026-08-31T09:38:49Z,zk7tnbSCQa42gR7anMA4zbR7H8yvPSXkFubJDuJkEPRSb61UyKrcGqDEKCm3MaSSxzEVEX5FwdK3itPzdi4jqia,B1Pv8HZNHGdXC8qTsNGLCJKpnoetE2Y52RyeoJW9pE5Z,DM5YNogviE6YxVESWYG9TaZ9q4qiBLAJmxnA1LQRFMGZ,2026-08-31T09:38:49Z,zk7tnbSCQa42gR7anMA4zbR7H8yvPSXkFubJDuJkEPRSb61UyKrcGqDEKCm3MaSSxzEVEX5FwdK3itPzdi4jqia,2026-08-31T09:39:48Z,5rqET3n1SkPB9jrcz8yM3KNBt6b2Q925G69tDBYwhL5yd6cLZzD3gSDSSgsbFqwtJkuaCoAvuRNq3eCNaKxhpdWi,INDEPENDENT_LIVE,LIVE_POST_CUTOVER
BbeDehrVew4f47xk2CBo21PAwTCiCyiepyZzTVJr3cTY,0,,,BfBqvwoNLVSEvrjukaRUdex72PEF234oY8RogGtqFRZv,1,7LscpY288mvuC8kBax5KhcxH9BucLs9cCndo2HUi5xWb,BfBqvwoNLVSEvrjukaRUdex72PEF234oY8RogGtqFRZv,2025-08-19T10:57:41Z,3Nn7K6nzWkTbaazk35RiDhXfob8eQbZj1RJ76h31vLkWCiSNM476zsow1Q3KKr9WBTdesNN5xt28f8UnzwBrAQr1,7LscpY288mvuC8kBax5KhcxH9BucLs9cCndo2HUi5xWb,BfBqvwoNLVSEvrjukaRUdex72PEF234oY8RogGtqFRZv,2025-08-19T10:57:41Z,3Nn7K6nzWkTbaazk35RiDhXfob8eQbZj1RJ76h31vLkWCiSNM476zsow1Q3KKr9WBTdesNN5xt28f8UnzwBrAQr1,2026-08-25T07:31:11.000Z,4rtP3LQdxEFrF724Pcfj9eTdaMqDrbmvi11ewwfNYdLQTN1Zi9niu13zAFrmkA5n1V2cgfjmM8vUtzGWXEcmBYKc,DUNE_LIVE,LIVE_POST_BASELINE
BcK9s7LqKUEMrhoXbs7WicLJX8bfCqoMh9un9MMPdtN4,0,,,5rEfNxZ9czZ5aFAVc3CNLJMdKP5Yy58EMPW7p5Naq1jb,1,HCWQuh29WhHNkTam3vrV2DrWuBDyHzcSVDrLAgo2pph6,5rEfNxZ9czZ5aFAVc3CNLJMdKP5Yy58EMPW7p5Naq1jb,2025-05-05T06:53:36Z,4sEfViXZUxPWbzpoVdTTuehAqrVjPMcWVD89NF9wyzRrgcY653siyjvoatYXGdmAbshYt338i91e4EnwUVHYESmQ,HCWQuh29WhHNkTam3vrV2DrWuBDyHzcSVDrLAgo2pph6,5rEfNxZ9czZ5aFAVc3CNLJMdKP5Yy58EMPW7p5Naq1jb,2025-05-05T06:53:36Z,4sEfViXZUxPWbzpoVdTTuehAqrVjPMcWVD89NF9wyzRrgcY653siyjvoatYXGdmAbshYt338i91e4EnwUVHYESmQ,2026-08-17T14:06:03.000Z,3k15GgaM5brAMcpjjwvufSkYd9MTUVQQr46zpR9maZcR5W2Z5nobxMxGYP7FataRN5R2YSPoCxyZDWjsjAU3QSS4,DUNE_LIVE,LIVE_POST_BASELINE
BdmT1CjssSGPGTwBvbeAUeLmg7i8aGfZ1DFxHFSDAT9c,0,,,BfBqvwoNLVSEvrjukaRUdex72PEF234oY8RogGtqFRZv,1,7LscpY288mvuC8kBax5KhcxH9BucLs9cCndo2HUi5xWb,BfBqvwoNLVSEvrjukaRUdex72PEF234oY8RogGtqFRZv,2025-12-01T14:36:51Z,2wezoKq8U6ZeQmRJUYt7SCky8J8preUNgqqLUdT8eB5RUJRPJJUADbFuM1knHGbgc88FWiMupc3CphpSi8DRKaBG,7LscpY288mvuC8kBax5KhcxH9BucLs9cCndo2HUi5xWb,BfBqvwoNLVSEvrjukaRUdex72PEF234oY8RogGtqFRZv,2025-12-01T14:36:51Z,2wezoKq8U6ZeQmRJUYt7SCky8J8preUNgqqLUdT8eB5RUJRPJJUADbFuM1knHGbgc88FWiMupc3CphpSi8DRKaBG,2026-08-25T07:31:11.000Z,4rtP3LQdxEFrF724Pcfj9eTdaMqDrbmvi11ewwfNYdLQTN1Zi9niu13zAFrmkA5n1V2cgfjmM8vUtzGWXEcmBYKc,DUNE_LIVE,LIVE_POST_BASELINE
Bdp72cvMMnVaSN3So19BkefgJER3ZEPru8zN4hPM4Ahe,0,,,BfBqvwoNLVSEvrjukaRUdex72PEF234oY8RogGtqFRZv,1,7LscpY288mvuC8kBax5KhcxH9BucLs9cCndo2HUi5xWb,BfBqvwoNLVSEvrjukaRUdex72PEF234oY8RogGtqFRZv,2025-12-01T14:22:52Z,ox4ynwF7MrK8msNk4KnkyrtxCzFfNDFQWjFVikMesKraMgsZVDbWa3wBGzZLekGnEdCoAo5TQmdRBqEAdQHKKHr,7LscpY288mvuC8kBax5KhcxH9BucLs9cCndo2HUi5xWb,BfBqvwoNLVSEvrjukaRUdex72PEF234oY8RogGtqFRZv,2025-12-01T14:22:52Z,ox4ynwF7MrK8msNk4KnkyrtxCzFfNDFQWjFVikMesKraMgsZVDbWa3wBGzZLekGnEdCoAo5TQmdRBqEAdQHKKHr,2026-08-25T07:31:11.000Z,4rtP3LQdxEFrF724Pcfj9eTdaMqDrbmvi11ewwfNYdLQTN1Zi9niu13zAFrmkA5n1V2cgfjmM8vUtzGWXEcmBYKc,DUNE_LIVE,LIVE_POST_BASELINE
BdzSG4RHwZPg2dW5G9sk8C7MXca1uwU36TAKbaT7YGxi,0,,,Db1meMQEgj8dCwzhR5W6coWt1yV4iEaQsYPKKDyGRUqW,1,Do9VaY2ru9QtaTWdhmuwc2Z9rj4rZ7D6EShdLTvxnp6h,Db1meMQEgj8dCwzhR5W6coWt1yV4iEaQsYPKKDyGRUqW,2026-02-10T08:03:41Z,ZdKpfgVV7vPEeXvWiHehN75NiDrHnpFrFwvGegTRVpFRpngREz377TF2PeTnebGb7FPWjGiNWZhJd9AudXbWp1C,Do9VaY2ru9QtaTWdhmuwc2Z9rj4rZ7D6EShdLTvxnp6h,Db1meMQEgj8dCwzhR5W6coWt1yV4iEaQsYPKKDyGRUqW,2026-02-10T08:03:41Z,ZdKpfgVV7vPEeXvWiHehN75NiDrHnpFrFwvGegTRVpFRpngREz377TF2PeTnebGb7FPWjGiNWZhJd9AudXbWp1C,2026-08-26T21:34:16Z,5y9KKMidZA2pNm3QLD2z2j7BfPbwsAQt6HEVyCQMK7sSkCy7PRQUy35JJG3GRnTBDLDeD6YVxYpw9nXSayk6pTiK,INDEPENDENT_LIVE,LIVE_POST_CUTOVER
BeciBH76jXQ6QCeNBTAdAjpLL7BqVtnttvTC8koKFjP2,0,,,ALWioRV1zqeqLZcL6HdnWBCpRj1eGsoiyDsJxqaATh5L,1,7ZYrmZdkRw6hp3MANNWePNoheqNZJyeCTQFfwQXPzE2v,ALWioRV1zqeqLZcL6HdnWBCpRj1eGsoiyDsJxqaATh5L,2025-04-22T10:05:18+00:00,2DajgTijdZDqLxE11dh3mRoJ8yL4MEspxnbd3w3XV3hSbSSEgreHe4HaxPvWVCt2e744EbeFnJteAoNdPH6AQeVm,7ZYrmZdkRw6hp3MANNWePNoheqNZJyeCTQFfwQXPzE2v,ALWioRV1zqeqLZcL6HdnWBCpRj1eGsoiyDsJxqaATh5L,2025-04-22T10:05:18+00:00,2DajgTijdZDqLxE11dh3mRoJ8yL4MEspxnbd3w3XV3hSbSSEgreHe4HaxPvWVCt2e744EbeFnJteAoNdPH6AQeVm,2026-08-27T12:11:33Z,CGZcRiGwJCA2fBTAEuB5eD25LwsdPtAWvA6SZRJ9DM2xBTpy3s42ZkZgqGjCekTQa4twKYrHnbEQ6KDAX4F6A6K,INDEPENDENT_LIVE,LIVE_POST_CUTOVER
Bfkoy6PgbXoa3njW31feSygoGqjHqYMTfPR39qWuwEHc,0,,,8TAx5eRzjvYioRmc83vrzWuEzhav63ccEs7ZuzndxddU,1,Cwg4F9HnwEKktX662TLjYvUjvZStpQHss9BasJYSaGPj,8TAx5eRzjvYioRmc83vrzWuEzhav63ccEs7ZuzndxddU,2023-08-02T18:51:57Z,2NjEyCSh25bT9EDueG6igvMPs6JUNMT6fTtvSQHuHYDHTRpMc6CmkVkbErTu42nbGCpb2hVfL6HozSCNbdEPKDgs,Cwg4F9HnwEKktX662TLjYvUjvZStpQHss9BasJYSaGPj,8TAx5eRzjvYioRmc83vrzWuEzhav63ccEs7ZuzndxddU,2023-08-02T18:51:57Z,2NjEyCSh25bT9EDueG6igvMPs6JUNMT6fTtvSQHuHYDHTRpMc6CmkVkbErTu42nbGCpb2hVfL6HozSCNbdEPKDgs,2026-08-28T06:25:53Z,3wyPJbJFHo4Fvu7Und18ezfHzbJFeq5FuiuZQzTTQAzrrC7RmAWXjXmonJge3e898SwmhStEUrJE6grUaYQ74KcV,INDEPENDENT_LIVE,LIVE_POST_CUTOVER
BiFX5ASMzd8ZQzSbzec9tz6awACZJSsbbLYy3dvkpD66,0,,,Db1meMQEgj8dCwzhR5W6coWt1yV4iEaQsYPKKDyGRUqW,1,Do9VaY2ru9QtaTWdhmuwc2Z9rj4rZ7D6EShdLTvxnp6h,Db1meMQEgj8dCwzhR5W6coWt1yV4iEaQsYPKKDyGRUqW,2025-11-28T19:10:28Z,3PzRhY7LAECqEVWQqYgm6TcURtjSvsfWR1tp8fFvEwoJsHc9ZWTR3EeQXJZ2ypEFMG45DoWaWKBGF7n4hhVW179A,Do9VaY2ru9QtaTWdhmuwc2Z9rj4rZ7D6EShdLTvxnp6h,Db1meMQEgj8dCwzhR5W6coWt1yV4iEaQsYPKKDyGRUqW,2025-11-28T19:10:28Z,3PzRhY7LAECqEVWQqYgm6TcURtjSvsfWR1tp8fFvEwoJsHc9ZWTR3EeQXJZ2ypEFMG45DoWaWKBGF7n4hhVW179A,2026-08-26T21:34:16Z,5y9KKMidZA2pNm3QLD2z2j7BfPbwsAQt6HEVyCQMK7sSkCy7PRQUy35JJG3GRnTBDLDeD6YVxYpw9nXSayk6pTiK,INDEPENDENT_LIVE,LIVE_POST_CUTOVER
BkdKwmDoz9TBnnVbL39iLkFn2Goo9V8Aa5jjxPdVsmCC,0,,,BfBqvwoNLVSEvrjukaRUdex72PEF234oY8RogGtqFRZv,1,7LscpY288mvuC8kBax5KhcxH9BucLs9cCndo2HUi5xWb,BfBqvwoNLVSEvrjukaRUdex72PEF234oY8RogGtqFRZv,2025-12-01T14:32:33Z,25cHVDCBnVCiNkJ7x4iSfpEVFzSYiGxy5G5tybKcogxw4RURcfC2xFDhyQXjYm3dLdKYoa6pGcCo2TequouXmyQn,7LscpY288mvuC8kBax5KhcxH9BucLs9cCndo2HUi5xWb,BfBqvwoNLVSEvrjukaRUdex72PEF234oY8RogGtqFRZv,2025-12-01T14:32:33Z,25cHVDCBnVCiNkJ7x4iSfpEVFzSYiGxy5G5tybKcogxw4RURcfC2xFDhyQXjYm3dLdKYoa6pGcCo2TequouXmyQn,2026-08-25T07:31:11.000Z,4rtP3LQdxEFrF724Pcfj9eTdaMqDrbmvi11ewwfNYdLQTN1Zi9niu13zAFrmkA5n1V2cgfjmM8vUtzGWXEcmBYKc,DUNE_LIVE,LIVE_POST_BASELINE
BmoE7XmoJy4gqoe1GZ16WyTpyhuhE8f26NdYjAGKCc5a,1,2026-08-24T15:31:42.000Z,38RGhLbf1RuuiUikt2uuPdQJg6f5sqD1ToLTxqQyjXbFG5pi1BCGjMNSjkTTYzY2BwShr9eGvDBnMRZLJi2Z5hQx,,0,,,2026-08-24T15:31:42.000Z,38RGhLbf1RuuiUikt2uuPdQJg6f5sqD1ToLTxqQyjXbFG5pi1BCGjMNSjkTTYzY2BwShr9eGvDBnMRZLJi2Z5hQx,,,,,,,,
Bof5e2Z9Lgec6bfv5LU3FhJ9uv6i6BXdcNx9nFCkY9Bi,0,,,Db1meMQEgj8dCwzhR5W6coWt1yV4iEaQsYPKKDyGRUqW,1,Do9VaY2ru9QtaTWdhmuwc2Z9rj4rZ7D6EShdLTvxnp6h,Db1meMQEgj8dCwzhR5W6coWt1yV4iEaQsYPKKDyGRUqW,2025-04-14T13:04:57Z,3H3ZkrW2mUe5DSFcmAXa7NBjB7NUYhXCfJhTX5VmhtEBaa8T5gi5o9Lkyc2jQoG8JpqJpJEoJsvcKJ8jbByE9nPd,Do9VaY2ru9QtaTWdhmuwc2Z9rj4rZ7D6EShdLTvxnp6h,Db1meMQEgj8dCwzhR5W6coWt1yV4iEaQsYPKKDyGRUqW,2025-04-14T13:04:57Z,3H3ZkrW2mUe5DSFcmAXa7NBjB7NUYhXCfJhTX5VmhtEBaa8T5gi5o9Lkyc2jQoG8JpqJpJEoJsvcKJ8jbByE9nPd,2026-08-26T21:34:16Z,5y9KKMidZA2pNm3QLD2z2j7BfPbwsAQt6HEVyCQMK7sSkCy7PRQUy35JJG3GRnTBDLDeD6YVxYpw9nXSayk6pTiK,INDEPENDENT_LIVE,LIVE_POST_CUTOVER
BpSS1gtXmmh4RERwGBtYEafBTdHAKV6nbm3dbsqMFf9L,0,,,8TAx5eRzjvYioRmc83vrzWuEzhav63ccEs7ZuzndxddU,1,Cwg4F9HnwEKktX662TLjYvUjvZStpQHss9BasJYSaGPj,8TAx5eRzjvYioRmc83vrzWuEzhav63ccEs7ZuzndxddU,2023-08-02T18:42:55Z,5E86XmHwFZZC2uP7m2E7phSsUfiX2bbaajVModeHb2APgWsBo7vwUPXTSi89jzFXX6HhVASvt528eTgPw6LRnK4n,Cwg4F9HnwEKktX662TLjYvUjvZStpQHss9BasJYSaGPj,8TAx5eRzjvYioRmc83vrzWuEzhav63ccEs7ZuzndxddU,2023-08-02T18:42:55Z,5E86XmHwFZZC2uP7m2E7phSsUfiX2bbaajVModeHb2APgWsBo7vwUPXTSi89jzFXX6HhVASvt528eTgPw6LRnK4n,2026-08-28T06:25:53Z,3wyPJbJFHo4Fvu7Und18ezfHzbJFeq5FuiuZQzTTQAzrrC7RmAWXjXmonJge3e898SwmhStEUrJE6grUaYQ74KcV,INDEPENDENT_LIVE,LIVE_POST_CUTOVER
Bt8VicsN2pw9kSknoKhmJNUmjBVcAdArw7jzv6tMD45P,0,,,DM5YNogviE6YxVESWYG9TaZ9q4qiBLAJmxnA1LQRFMGZ,1,B1Pv8HZNHGdXC8qTsNGLCJKpnoetE2Y52RyeoJW9pE5Z,DM5YNogviE6YxVESWYG9TaZ9q4qiBLAJmxnA1LQRFMGZ,2025-10-30T16:22:25Z,4MeGMq9iHxdDA8Ug4EZ6P9X1vXr1DdrHCaTyPMoCF62bUAiJm4j3CUDYoFiX43fUa4NdLAGt2c7sohFSJKjGrMLL,B1Pv8HZNHGdXC8qTsNGLCJKpnoetE2Y52RyeoJW9pE5Z,DM5YNogviE6YxVESWYG9TaZ9q4qiBLAJmxnA1LQRFMGZ,2025-10-30T16:22:25Z,4MeGMq9iHxdDA8Ug4EZ6P9X1vXr1DdrHCaTyPMoCF62bUAiJm4j3CUDYoFiX43fUa4NdLAGt2c7sohFSJKjGrMLL,2026-08-31T09:39:48Z,5rqET3n1SkPB9jrcz8yM3KNBt6b2Q925G69tDBYwhL5yd6cLZzD3gSDSSgsbFqwtJkuaCoAvuRNq3eCNaKxhpdWi,INDEPENDENT_LIVE,LIVE_POST_CUTOVER
Bwmw6HkUebKtychSa9iv6PpUy3BV8B17pxHwFm5giBnC,0,,,BfBqvwoNLVSEvrjukaRUdex72PEF234oY8RogGtqFRZv,1,7LscpY288mvuC8kBax5KhcxH9BucLs9cCndo2HUi5xWb,BfBqvwoNLVSEvrjukaRUdex72PEF234oY8RogGtqFRZv,2025-04-13T04:31:35Z,JZJntpew64C6VfGEec4U6ocg8JpCusxVPvRXWe2ryHLwG4uPQRjQ2arjofBPNavSWHoMbxy2j7r9fuL8tZB19Y4,7LscpY288mvuC8kBax5KhcxH9BucLs9cCndo2HUi5xWb,BfBqvwoNLVSEvrjukaRUdex72PEF234oY8RogGtqFRZv,2025-04-13T04:31:35Z,JZJntpew64C6VfGEec4U6ocg8JpCusxVPvRXWe2ryHLwG4uPQRjQ2arjofBPNavSWHoMbxy2j7r9fuL8tZB19Y4,2026-08-25T07:31:11.000Z,4rtP3LQdxEFrF724Pcfj9eTdaMqDrbmvi11ewwfNYdLQTN1Zi9niu13zAFrmkA5n1V2cgfjmM8vUtzGWXEcmBYKc,DUNE_LIVE,LIVE_POST_BASELINE
BwqQNGgk2Qig8ywZBY7vnT2KoQe4BJpC6YBZ9Gm5tk9F,0,,,BfBqvwoNLVSEvrjukaRUdex72PEF234oY8RogGtqFRZv,1,7LscpY288mvuC8kBax5KhcxH9BucLs9cCndo2HUi5xWb,BfBqvwoNLVSEvrjukaRUdex72PEF234oY8RogGtqFRZv,2025-12-01T14:33:37Z,DuDsrmVL5QXkvystzBBcN5yotFknEpFuZ5fwZR9R4jrxc8DUzYxRNfmV6bdU7MiDFpST4o4NzhHPuugqKyNN8zB,7LscpY288mvuC8kBax5KhcxH9BucLs9cCndo2HUi5xWb,BfBqvwoNLVSEvrjukaRUdex72PEF234oY8RogGtqFRZv,2025-12-01T14:33:37Z,DuDsrmVL5QXkvystzBBcN5yotFknEpFuZ5fwZR9R4jrxc8DUzYxRNfmV6bdU7MiDFpST4o4NzhHPuugqKyNN8zB,2026-08-25T07:31:11.000Z,4rtP3LQdxEFrF724Pcfj9eTdaMqDrbmvi11ewwfNYdLQTN1Zi9niu13zAFrmkA5n1V2cgfjmM8vUtzGWXEcmBYKc,DUNE_LIVE,LIVE_POST_BASELINE
ByPB2yhAAuCa52HV5jxEZ1ieZHaYYoKxv3syXHum4xV3,0,,,DM5YNogviE6YxVESWYG9TaZ9q4qiBLAJmxnA1LQRFMGZ,1,B1Pv8HZNHGdXC8qTsNGLCJKpnoetE2Y52RyeoJW9pE5Z,DM5YNogviE6YxVESWYG9TaZ9q4qiBLAJmxnA1LQRFMGZ,2025-04-15T02:11:23Z,4ndtHM6RqmuZUf8kw8GCyNAiRSfuJUkytoknSZv3HjzhvK8UHNkM6jV5Due2MdfCVL9YuDpPmurKfDXrprYRYFez,B1Pv8HZNHGdXC8qTsNGLCJKpnoetE2Y52RyeoJW9pE5Z,DM5YNogviE6YxVESWYG9TaZ9q4qiBLAJmxnA1LQRFMGZ,2025-04-15T02:11:23Z,4ndtHM6RqmuZUf8kw8GCyNAiRSfuJUkytoknSZv3HjzhvK8UHNkM6jV5Due2MdfCVL9YuDpPmurKfDXrprYRYFez,2026-08-31T09:39:48Z,5rqET3n1SkPB9jrcz8yM3KNBt6b2Q925G69tDBYwhL5yd6cLZzD3gSDSSgsbFqwtJkuaCoAvuRNq3eCNaKxhpdWi,INDEPENDENT_LIVE,LIVE_POST_CUTOVER
C25Q4CcQC9RtCHdXSxheReUQygkW3tfL2JBwBURW24SX,0,,,8TAx5eRzjvYioRmc83vrzWuEzhav63ccEs7ZuzndxddU,1,Cwg4F9HnwEKktX662TLjYvUjvZStpQHss9BasJYSaGPj,8TAx5eRzjvYioRmc83vrzWuEzhav63ccEs7ZuzndxddU,2026-06-29T18:48:32Z,5vGSZVAQyJzfXF4La9jQUYQDXzVTBgffR1XzA8M3es19FZG83ikT9pyQrzdCREzDSktspVHchxVYQF5zVPqyymx,Cwg4F9HnwEKktX662TLjYvUjvZStpQHss9BasJYSaGPj,8TAx5eRzjvYioRmc83vrzWuEzhav63ccEs7ZuzndxddU,2026-06-29T18:48:32Z,5vGSZVAQyJzfXF4La9jQUYQDXzVTBgffR1XzA8M3es19FZG83ikT9pyQrzdCREzDSktspVHchxVYQF5zVPqyymx,2026-08-28T06:25:53Z,3wyPJbJFHo4Fvu7Und18ezfHzbJFeq5FuiuZQzTTQAzrrC7RmAWXjXmonJge3e898SwmhStEUrJE6grUaYQ74KcV,INDEPENDENT_LIVE,LIVE_POST_CUTOVER
C2AFGt5mWuHwE1zjpFSgQ3QAhPyqQQx88PLkNyHRdooS,0,,,BfBqvwoNLVSEvrjukaRUdex72PEF234oY8RogGtqFRZv,1,7LscpY288mvuC8kBax5KhcxH9BucLs9cCndo2HUi5xWb,BfBqvwoNLVSEvrjukaRUdex72PEF234oY8RogGtqFRZv,2025-04-13T04:46:44Z,4D52RMcbQ7rLUCbSoiDizpxjZfkiBx5q8fTMrpFBZXWjFUP7XLn9dJH6euugCFzYS8ADFsYNHrb2MtsmC45QRgGw,7LscpY288mvuC8kBax5KhcxH9BucLs9cCndo2HUi5xWb,BfBqvwoNLVSEvrjukaRUdex72PEF234oY8RogGtqFRZv,2025-04-13T04:46:44Z,4D52RMcbQ7rLUCbSoiDizpxjZfkiBx5q8fTMrpFBZXWjFUP7XLn9dJH6euugCFzYS8ADFsYNHrb2MtsmC45QRgGw,2026-08-25T07:31:11.000Z,4rtP3LQdxEFrF724Pcfj9eTdaMqDrbmvi11ewwfNYdLQTN1Zi9niu13zAFrmkA5n1V2cgfjmM8vUtzGWXEcmBYKc,DUNE_LIVE,LIVE_POST_BASELINE
C2EoNxLvhGoKVNFvwZzxP9THiB6hRZkfPz3Gb7GFCY8T,0,,,BfBqvwoNLVSEvrjukaRUdex72PEF234oY8RogGtqFRZv,1,7LscpY288mvuC8kBax5KhcxH9BucLs9cCndo2HUi5xWb,BfBqvwoNLVSEvrjukaRUdex72PEF234oY8RogGtqFRZv,2025-12-01T14:34:58Z,QuCmk58RhajP4KESkUJcDDWXGP5hBZ3Fm7uNtNnee2Jc1CG1ycV6tKJt6sBHbpRGfV3u3hS5MenW6wAn1CQxbyb,7LscpY288mvuC8kBax5KhcxH9BucLs9cCndo2HUi5xWb,BfBqvwoNLVSEvrjukaRUdex72PEF234oY8RogGtqFRZv,2025-12-01T14:34:58Z,QuCmk58RhajP4KESkUJcDDWXGP5hBZ3Fm7uNtNnee2Jc1CG1ycV6tKJt6sBHbpRGfV3u3hS5MenW6wAn1CQxbyb,2026-08-25T07:31:11.000Z,4rtP3LQdxEFrF724Pcfj9eTdaMqDrbmvi11ewwfNYdLQTN1Zi9niu13zAFrmkA5n1V2cgfjmM8vUtzGWXEcmBYKc,DUNE_LIVE,LIVE_POST_BASELINE
C6gEoNztXCh31qCAB1ZWrQ68awLWnAjTxEiNpUX8taVN,0,,,BfBqvwoNLVSEvrjukaRUdex72PEF234oY8RogGtqFRZv,1,7LscpY288mvuC8kBax5KhcxH9BucLs9cCndo2HUi5xWb,BfBqvwoNLVSEvrjukaRUdex72PEF234oY8RogGtqFRZv,2025-04-13T04:45:00Z,517xEf6imY1C7xGGqMfPiZB945nJyibrMxx3JFwjUNRFn6kS1VNpzPtxp55WqK3TY4nx1RRUuS75ge4UWhDZDw3P,7LscpY288mvuC8kBax5KhcxH9BucLs9cCndo2HUi5xWb,BfBqvwoNLVSEvrjukaRUdex72PEF234oY8RogGtqFRZv,2025-04-13T04:45:00Z,517xEf6imY1C7xGGqMfPiZB945nJyibrMxx3JFwjUNRFn6kS1VNpzPtxp55WqK3TY4nx1RRUuS75ge4UWhDZDw3P,2026-08-25T07:31:11.000Z,4rtP3LQdxEFrF724Pcfj9eTdaMqDrbmvi11ewwfNYdLQTN1Zi9niu13zAFrmkA5n1V2cgfjmM8vUtzGWXEcmBYKc,DUNE_LIVE,LIVE_POST_BASELINE
C8kA5dZxkXa4p6rooCy2z6HVVfKtgUtSHi8o9htyiZZY,0,,,BfBqvwoNLVSEvrjukaRUdex72PEF234oY8RogGtqFRZv,1,7LscpY288mvuC8kBax5KhcxH9BucLs9cCndo2HUi5xWb,BfBqvwoNLVSEvrjukaRUdex72PEF234oY8RogGtqFRZv,2025-12-01T14:36:26Z,4uujtU5tuhwnG9WRLiwLRs8kuTrgtK2BQ9BHwtAAeGwSdLo3SaQn3vhL749P83JFoECDVF3XGYTdWsC3Q7F2Higc,7LscpY288mvuC8kBax5KhcxH9BucLs9cCndo2HUi5xWb,BfBqvwoNLVSEvrjukaRUdex72PEF234oY8RogGtqFRZv,2025-12-01T14:36:26Z,4uujtU5tuhwnG9WRLiwLRs8kuTrgtK2BQ9BHwtAAeGwSdLo3SaQn3vhL749P83JFoECDVF3XGYTdWsC3Q7F2Higc,2026-08-25T07:31:11.000Z,4rtP3LQdxEFrF724Pcfj9eTdaMqDrbmvi11ewwfNYdLQTN1Zi9niu13zAFrmkA5n1V2cgfjmM8vUtzGWXEcmBYKc,DUNE_LIVE,LIVE_POST_BASELINE
CA5Qqi8K6bG1Tq9PA9JAzm45ogaWJy8m4ZqPHCARefkN,0,,,BfBqvwoNLVSEvrjukaRUdex72PEF234oY8RogGtqFRZv,1,7LscpY288mvuC8kBax5KhcxH9BucLs9cCndo2HUi5xWb,BfBqvwoNLVSEvrjukaRUdex72PEF234oY8RogGtqFRZv,2025-12-01T14:33:41Z,2VoUnSpwCD1SLv11b4ewmhRvB8fptWxeaVcmxmSpkLVGrzVY2CdvznKvmyWGrr1K3z44ht6q2VqmH68UTJpErwL4,7LscpY288mvuC8kBax5KhcxH9BucLs9cCndo2HUi5xWb,BfBqvwoNLVSEvrjukaRUdex72PEF234oY8RogGtqFRZv,2025-12-01T14:33:41Z,2VoUnSpwCD1SLv11b4ewmhRvB8fptWxeaVcmxmSpkLVGrzVY2CdvznKvmyWGrr1K3z44ht6q2VqmH68UTJpErwL4,2026-08-25T07:31:11.000Z,4rtP3LQdxEFrF724Pcfj9eTdaMqDrbmvi11ewwfNYdLQTN1Zi9niu13zAFrmkA5n1V2cgfjmM8vUtzGWXEcmBYKc,DUNE_LIVE,LIVE_POST_BASELINE
CAPNGXNXVFfkgAYbYMuEHSaQARf51A5hQKPdFiymr92P,1,2026-08-24T15:31:42.000Z,4vCVtgkBVLBk7mDP9ph8dujTsrC1u9peWZbWF6sc8o4s2GD7PShbFWsbVLoo7ivijgNvkc1SVT7PcHiEGMrk61wx,,0,,,2026-08-24T15:31:42.000Z,4vCVtgkBVLBk7mDP9ph8dujTsrC1u9peWZbWF6sc8o4s2GD7PShbFWsbVLoo7ivijgNvkc1SVT7PcHiEGMrk61wx,,,,,,,,
CATzPHfYNSsAosXrEH7URR5hVrXTivoKMGARB6cLVNjQ,0,,,DM5YNogviE6YxVESWYG9TaZ9q4qiBLAJmxnA1LQRFMGZ,1,B1Pv8HZNHGdXC8qTsNGLCJKpnoetE2Y52RyeoJW9pE5Z,DM5YNogviE6YxVESWYG9TaZ9q4qiBLAJmxnA1LQRFMGZ,2025-04-13T07:10:33Z,2kWBtGsJjnSq3AFr86AbZHVwxcUwsCqGAAgKL7uu3htGEaPDW6o1Skkmm4EcKfqn2SpWA8ruSqUnoBNZ4sMfSY9K,B1Pv8HZNHGdXC8qTsNGLCJKpnoetE2Y52RyeoJW9pE5Z,DM5YNogviE6YxVESWYG9TaZ9q4qiBLAJmxnA1LQRFMGZ,2025-04-13T07:10:33Z,2kWBtGsJjnSq3AFr86AbZHVwxcUwsCqGAAgKL7uu3htGEaPDW6o1Skkmm4EcKfqn2SpWA8ruSqUnoBNZ4sMfSY9K,2026-08-31T09:39:48Z,5rqET3n1SkPB9jrcz8yM3KNBt6b2Q925G69tDBYwhL5yd6cLZzD3gSDSSgsbFqwtJkuaCoAvuRNq3eCNaKxhpdWi,INDEPENDENT_LIVE,LIVE_POST_CUTOVER
CAiTD3EKipZGn2pB4RCk3YhCKuwMXHeZ9MFt13FBRFgu,0,,,8TAx5eRzjvYioRmc83vrzWuEzhav63ccEs7ZuzndxddU,1,Cwg4F9HnwEKktX662TLjYvUjvZStpQHss9BasJYSaGPj,8TAx5eRzjvYioRmc83vrzWuEzhav63ccEs7ZuzndxddU,2026-07-30T16:00:15Z,3ZDAHZm4T8GbcAPqtT8rbAzpVY3NUfi6ceC7McNhev1xrors9zvWMoRxx1GSGTpZBp9ucsN2JP3t7LiDtQJrsWrK,Cwg4F9HnwEKktX662TLjYvUjvZStpQHss9BasJYSaGPj,8TAx5eRzjvYioRmc83vrzWuEzhav63ccEs7ZuzndxddU,2026-07-30T16:00:15Z,3ZDAHZm4T8GbcAPqtT8rbAzpVY3NUfi6ceC7McNhev1xrors9zvWMoRxx1GSGTpZBp9ucsN2JP3t7LiDtQJrsWrK,2026-08-28T06:25:53Z,3wyPJbJFHo4Fvu7Und18ezfHzbJFeq5FuiuZQzTTQAzrrC7RmAWXjXmonJge3e898SwmhStEUrJE6grUaYQ74KcV,INDEPENDENT_LIVE,LIVE_POST_CUTOVER
CDsYrjaFDFEHKJxjx53PaG7LS9ha1LS3VuDC3wbq2Fhb,0,,,DM5YNogviE6YxVESWYG9TaZ9q4qiBLAJmxnA1LQRFMGZ,1,B1Pv8HZNHGdXC8qTsNGLCJKpnoetE2Y52RyeoJW9pE5Z,DM5YNogviE6YxVESWYG9TaZ9q4qiBLAJmxnA1LQRFMGZ,2025-04-15T02:17:49Z,66EXscu83HS1jwrFUdGnvPqBCZXFmkXhNwfuyLDosAFCJKsDfvoUmMkJsNhSrhJkWjpomTYPQzmCsEwe8q2UqtVu,B1Pv8HZNHGdXC8qTsNGLCJKpnoetE2Y52RyeoJW9pE5Z,DM5YNogviE6YxVESWYG9TaZ9q4qiBLAJmxnA1LQRFMGZ,2025-04-15T02:17:49Z,66EXscu83HS1jwrFUdGnvPqBCZXFmkXhNwfuyLDosAFCJKsDfvoUmMkJsNhSrhJkWjpomTYPQzmCsEwe8q2UqtVu,2026-08-31T09:39:48Z,5rqET3n1SkPB9jrcz8yM3KNBt6b2Q925G69tDBYwhL5yd6cLZzD3gSDSSgsbFqwtJkuaCoAvuRNq3eCNaKxhpdWi,INDEPENDENT_LIVE,LIVE_POST_CUTOVER
CEEsL3djxnR9FzHMDwzdjsVJUjvuPqCu8zEyuv9CSU4W,0,,,BfBqvwoNLVSEvrjukaRUdex72PEF234oY8RogGtqFRZv,1,7LscpY288mvuC8kBax5KhcxH9BucLs9cCndo2HUi5xWb,BfBqvwoNLVSEvrjukaRUdex72PEF234oY8RogGtqFRZv,2025-12-01T14:23:42Z,dTHjGmMXzY9UBg18sXfrk7V3AhUD5CbgLbJkiacehrXG2zHi7vwg9bRewzHHaFy9KsFJBpHt6bEttBUhEZgQ5vu,7LscpY288mvuC8kBax5KhcxH9BucLs9cCndo2HUi5xWb,BfBqvwoNLVSEvrjukaRUdex72PEF234oY8RogGtqFRZv,2025-12-01T14:23:42Z,dTHjGmMXzY9UBg18sXfrk7V3AhUD5CbgLbJkiacehrXG2zHi7vwg9bRewzHHaFy9KsFJBpHt6bEttBUhEZgQ5vu,2026-08-25T07:31:11.000Z,4rtP3LQdxEFrF724Pcfj9eTdaMqDrbmvi11ewwfNYdLQTN1Zi9niu13zAFrmkA5n1V2cgfjmM8vUtzGWXEcmBYKc,DUNE_LIVE,LIVE_POST_BASELINE
CEQ2FJmHs2orhAmgXpNPXFs8j5qjQSCWGNLYdefNNiQq,0,,,BfBqvwoNLVSEvrjukaRUdex72PEF234oY8RogGtqFRZv,1,7LscpY288mvuC8kBax5KhcxH9BucLs9cCndo2HUi5xWb,BfBqvwoNLVSEvrjukaRUdex72PEF234oY8RogGtqFRZv,2025-12-01T14:31:35Z,57Es5xujjDRmrJw4pbgiHgCapCN4GYy8huJyGoXYK2LU158H3TgsCajNPgkCiyuMpJzorXJBoqf5DyG7oz2XJvPv,7LscpY288mvuC8kBax5KhcxH9BucLs9cCndo2HUi5xWb,BfBqvwoNLVSEvrjukaRUdex72PEF234oY8RogGtqFRZv,2025-12-01T14:31:35Z,57Es5xujjDRmrJw4pbgiHgCapCN4GYy8huJyGoXYK2LU158H3TgsCajNPgkCiyuMpJzorXJBoqf5DyG7oz2XJvPv,2026-08-25T07:31:11.000Z,4rtP3LQdxEFrF724Pcfj9eTdaMqDrbmvi11ewwfNYdLQTN1Zi9niu13zAFrmkA5n1V2cgfjmM8vUtzGWXEcmBYKc,DUNE_LIVE,LIVE_POST_BASELINE
CGLByZXRCtsE49ZvTNfZ7Mu2GN3W4PxHfJkFJrAJJQpA,0,,,38Bj4DFXhAkDxB6Atj66kdxGZfhZEC3ejRX1HDh1YFKj,1,8Vpqxxbon9s4Hnk2eMhysjx6XKjHiUgEUAm3MSq9yQv2,38Bj4DFXhAkDxB6Atj66kdxGZfhZEC3ejRX1HDh1YFKj,2025-04-26T14:35:32Z,5rhaaSGprmJSNdmLz2PR3ppou8S1d9VqVhkKjjo7gHT2pWanRJBSiVXQWSyZgb711kvYzFU9Wszet1dTPSH5oBTD,8Vpqxxbon9s4Hnk2eMhysjx6XKjHiUgEUAm3MSq9yQv2,38Bj4DFXhAkDxB6Atj66kdxGZfhZEC3ejRX1HDh1YFKj,2025-04-26T14:35:32Z,5rhaaSGprmJSNdmLz2PR3ppou8S1d9VqVhkKjjo7gHT2pWanRJBSiVXQWSyZgb711kvYzFU9Wszet1dTPSH5oBTD,2026-08-21T19:39:25.000Z,4AT1PFFkyADXcz2QFJi78yrTeP8dAhFkfWJU5JCvpEx2a7pWsAxn14owrdqpvwkTU7bAzxxCYoBijEksgty9W6qe,DUNE_LIVE,LIVE_POST_BASELINE
CJMhN8mZZYLGHtbEGmjp3ok3jpSRWg7uHtJiujXS3gsP,0,,,FYL4LRChq2a6w8PenydNEd1ExoKpBVNpueitXAXanSGy,1,FpqrjWJpTNwv1b1nu3Kouzn7KRZeAxcvyXfHgkGFQ9Gd,FYL4LRChq2a6w8PenydNEd1ExoKpBVNpueitXAXanSGy,2025-04-19T15:06:08Z,2Ghh3eUZ4Qa4Puqg7cUxDPtxiWLLfd2ZeSqRuiGEsKCzTtCu9LBU7BZUHTxLonxF4hrjL5YbZQMhQjWdC8RTP2xX,FpqrjWJpTNwv1b1nu3Kouzn7KRZeAxcvyXfHgkGFQ9Gd,FYL4LRChq2a6w8PenydNEd1ExoKpBVNpueitXAXanSGy,2025-04-19T15:06:08Z,2Ghh3eUZ4Qa4Puqg7cUxDPtxiWLLfd2ZeSqRuiGEsKCzTtCu9LBU7BZUHTxLonxF4hrjL5YbZQMhQjWdC8RTP2xX,2026-08-24T04:22:35.000Z,5oK95ozVzmUYxqJmZd7NLGb2U4oYDLVTieQMPA7TJve19iKQ41uaDdvJ8VHYNmcxSnH1A7BK2NrfTFFcJbTUKTey,DUNE_LIVE,LIVE_POST_BASELINE
CKmA4aNrhPU8vPTunn8td2iUZGsuN7k3wHPGxhSh14YP,0,,,8TAx5eRzjvYioRmc83vrzWuEzhav63ccEs7ZuzndxddU,1,Cwg4F9HnwEKktX662TLjYvUjvZStpQHss9BasJYSaGPj,8TAx5eRzjvYioRmc83vrzWuEzhav63ccEs7ZuzndxddU,2022-09-09T09:26:00Z,3bQEA39ut4URYVFYECyqNYAjqgBEy6idGhw3Hb394UKosXShhR3bcY2aLrHH7scjJJ1ZHdCD12D96NhPXAAosf66,Cwg4F9HnwEKktX662TLjYvUjvZStpQHss9BasJYSaGPj,8TAx5eRzjvYioRmc83vrzWuEzhav63ccEs7ZuzndxddU,2022-09-09T09:26:00Z,3bQEA39ut4URYVFYECyqNYAjqgBEy6idGhw3Hb394UKosXShhR3bcY2aLrHH7scjJJ1ZHdCD12D96NhPXAAosf66,2026-08-28T06:25:53Z,3wyPJbJFHo4Fvu7Und18ezfHzbJFeq5FuiuZQzTTQAzrrC7RmAWXjXmonJge3e898SwmhStEUrJE6grUaYQ74KcV,INDEPENDENT_LIVE,LIVE_POST_CUTOVER
CLFsU9aXRtpib9BGnuYFtgM3D2v9cH8dtWs5YxyJA4n2,0,,,Db1meMQEgj8dCwzhR5W6coWt1yV4iEaQsYPKKDyGRUqW,1,Do9VaY2ru9QtaTWdhmuwc2Z9rj4rZ7D6EShdLTvxnp6h,Db1meMQEgj8dCwzhR5W6coWt1yV4iEaQsYPKKDyGRUqW,2026-02-10T08:03:24Z,5zxctkcD327gd2To8N3zgzJf9wCRPwqScb41M1a7iEPAMoDB8DEK768E131y8izf5VQctMRAUt5cqW8nsR8RKxCY,Do9VaY2ru9QtaTWdhmuwc2Z9rj4rZ7D6EShdLTvxnp6h,Db1meMQEgj8dCwzhR5W6coWt1yV4iEaQsYPKKDyGRUqW,2026-02-10T08:03:24Z,5zxctkcD327gd2To8N3zgzJf9wCRPwqScb41M1a7iEPAMoDB8DEK768E131y8izf5VQctMRAUt5cqW8nsR8RKxCY,2026-08-26T21:34:16Z,5y9KKMidZA2pNm3QLD2z2j7BfPbwsAQt6HEVyCQMK7sSkCy7PRQUy35JJG3GRnTBDLDeD6YVxYpw9nXSayk6pTiK,INDEPENDENT_LIVE,LIVE_POST_CUTOVER
CLi5bZ2cfhqtcYdHF9Tg1EQoXNDUhF4RNWYHv9DtZDQu,0,,,8TAx5eRzjvYioRmc83vrzWuEzhav63ccEs7ZuzndxddU,1,Cwg4F9HnwEKktX662TLjYvUjvZStpQHss9BasJYSaGPj,8TAx5eRzjvYioRmc83vrzWuEzhav63ccEs7ZuzndxddU,2023-08-02T18:43:45Z,2AqThmmhiuaNnocrkG6GWhAoeREF1VSKRc2B7N8TQ5jWv6k7ReekNWvhmmRXHQpnCUaCgowuYpusnfFbRVN1GZEV,Cwg4F9HnwEKktX662TLjYvUjvZStpQHss9BasJYSaGPj,8TAx5eRzjvYioRmc83vrzWuEzhav63ccEs7ZuzndxddU,2023-08-02T18:43:45Z,2AqThmmhiuaNnocrkG6GWhAoeREF1VSKRc2B7N8TQ5jWv6k7ReekNWvhmmRXHQpnCUaCgowuYpusnfFbRVN1GZEV,2026-08-28T06:25:53Z,3wyPJbJFHo4Fvu7Und18ezfHzbJFeq5FuiuZQzTTQAzrrC7RmAWXjXmonJge3e898SwmhStEUrJE6grUaYQ74KcV,INDEPENDENT_LIVE,LIVE_POST_CUTOVER
CMJTKBW9cNxL6CHY1YWLPWLcEJrrubqoznbtuTKbNCv8,1,2026-08-24T15:31:42.000Z,5nu7KQW4cqVBkynFYRN9ZoD4LUtsxj9UJGZKduEANe4yToA7gqgP5pEVyNReTHQMVsowjXJHntMkx75EJ8Aa4Q2r,,0,,,2026-08-24T15:31:42.000Z,5nu7KQW4cqVBkynFYRN9ZoD4LUtsxj9UJGZKduEANe4yToA7gqgP5pEVyNReTHQMVsowjXJHntMkx75EJ8Aa4Q2r,,,,,,,,
CPPrKte96ogMUbGQSQJrDbSR2ABnPMK9jAxCAeqDKwVn,0,,,DM5YNogviE6YxVESWYG9TaZ9q4qiBLAJmxnA1LQRFMGZ,1,B1Pv8HZNHGdXC8qTsNGLCJKpnoetE2Y52RyeoJW9pE5Z,DM5YNogviE6YxVESWYG9TaZ9q4qiBLAJmxnA1LQRFMGZ,2026-04-16T05:18:55Z,QXbxEQM6w41SAmN2wvNxiV18FjpE3ryWvEvJLJayLGnbKhjCGcq178RUmkfsiiYpmXBvcr9uboiPCfbh5XU7wY5,B1Pv8HZNHGdXC8qTsNGLCJKpnoetE2Y52RyeoJW9pE5Z,DM5YNogviE6YxVESWYG9TaZ9q4qiBLAJmxnA1LQRFMGZ,2026-04-16T05:18:55Z,QXbxEQM6w41SAmN2wvNxiV18FjpE3ryWvEvJLJayLGnbKhjCGcq178RUmkfsiiYpmXBvcr9uboiPCfbh5XU7wY5,2026-08-31T09:39:48Z,5rqET3n1SkPB9jrcz8yM3KNBt6b2Q925G69tDBYwhL5yd6cLZzD3gSDSSgsbFqwtJkuaCoAvuRNq3eCNaKxhpdWi,INDEPENDENT_LIVE,LIVE_POST_CUTOVER
CRscA842K26F9DYfTmTtjCUEFSPRXMqC2n4iLmdQfC3m,0,,,BfBqvwoNLVSEvrjukaRUdex72PEF234oY8RogGtqFRZv,1,7LscpY288mvuC8kBax5KhcxH9BucLs9cCndo2HUi5xWb,BfBqvwoNLVSEvrjukaRUdex72PEF234oY8RogGtqFRZv,2025-04-13T04:44:37Z,4V26vX1Wz1QjFZeFVLSELRkgpQ7Q1rphtuC18jWiyQXwi8718DTXYPiD4t3JFgYpa97X1NFUEKkigFZCXXLbcLZf,7LscpY288mvuC8kBax5KhcxH9BucLs9cCndo2HUi5xWb,BfBqvwoNLVSEvrjukaRUdex72PEF234oY8RogGtqFRZv,2025-04-13T04:44:37Z,4V26vX1Wz1QjFZeFVLSELRkgpQ7Q1rphtuC18jWiyQXwi8718DTXYPiD4t3JFgYpa97X1NFUEKkigFZCXXLbcLZf,2026-08-25T07:31:11.000Z,4rtP3LQdxEFrF724Pcfj9eTdaMqDrbmvi11ewwfNYdLQTN1Zi9niu13zAFrmkA5n1V2cgfjmM8vUtzGWXEcmBYKc,DUNE_LIVE,LIVE_POST_BASELINE
CSG5CLLNuS13AbNEHcwfpdY3n92xez3tsDje7KepejcZ,0,,,FYL4LRChq2a6w8PenydNEd1ExoKpBVNpueitXAXanSGy,1,FpqrjWJpTNwv1b1nu3Kouzn7KRZeAxcvyXfHgkGFQ9Gd,FYL4LRChq2a6w8PenydNEd1ExoKpBVNpueitXAXanSGy,2025-04-19T15:05:43Z,4qvdXtY65S68DZxJMFaRMowCehyWdLrG7yGSFxNZMcYHvtGzkU7VeeFTZj5akj5pAE8S1pgQjcbdNd2ieoAXRVX7,FpqrjWJpTNwv1b1nu3Kouzn7KRZeAxcvyXfHgkGFQ9Gd,FYL4LRChq2a6w8PenydNEd1ExoKpBVNpueitXAXanSGy,2025-04-19T15:05:43Z,4qvdXtY65S68DZxJMFaRMowCehyWdLrG7yGSFxNZMcYHvtGzkU7VeeFTZj5akj5pAE8S1pgQjcbdNd2ieoAXRVX7,2026-08-24T04:22:35.000Z,5oK95ozVzmUYxqJmZd7NLGb2U4oYDLVTieQMPA7TJve19iKQ41uaDdvJ8VHYNmcxSnH1A7BK2NrfTFFcJbTUKTey,DUNE_LIVE,LIVE_POST_BASELINE
CSRh6nygyFMQ1Lp4Qe9giXRCW7KzqXEvgefyLiW9KZQh,0,,,FYL4LRChq2a6w8PenydNEd1ExoKpBVNpueitXAXanSGy,1,FpqrjWJpTNwv1b1nu3Kouzn7KRZeAxcvyXfHgkGFQ9Gd,FYL4LRChq2a6w8PenydNEd1ExoKpBVNpueitXAXanSGy,2025-04-19T15:17:58Z,4dMKX68HEdVRdwtFVYsVQCG8Hos7EB2DEMomtkqDf6NbBQiTBVAQThh9DgouNZX4dCYPtdDTDcett9RDudi84DNE,FpqrjWJpTNwv1b1nu3Kouzn7KRZeAxcvyXfHgkGFQ9Gd,FYL4LRChq2a6w8PenydNEd1ExoKpBVNpueitXAXanSGy,2025-04-19T15:17:58Z,4dMKX68HEdVRdwtFVYsVQCG8Hos7EB2DEMomtkqDf6NbBQiTBVAQThh9DgouNZX4dCYPtdDTDcett9RDudi84DNE,2026-08-24T04:22:35.000Z,5oK95ozVzmUYxqJmZd7NLGb2U4oYDLVTieQMPA7TJve19iKQ41uaDdvJ8VHYNmcxSnH1A7BK2NrfTFFcJbTUKTey,DUNE_LIVE,LIVE_POST_BASELINE
CTbU5x6CMZmhof3r6GLpdSZR96YLgd1ujrjzpAhDseXZ,0,,,BfBqvwoNLVSEvrjukaRUdex72PEF234oY8RogGtqFRZv,1,7LscpY288mvuC8kBax5KhcxH9BucLs9cCndo2HUi5xWb,BfBqvwoNLVSEvrjukaRUdex72PEF234oY8RogGtqFRZv,2025-12-01T14:47:15Z,3mcDzaJbs9G2MCvuAS3GFwmmGyHXwhXFvLAYqvu9Xo9ERaDPbEgDdoUX1imFsi4uAXcWYLWN22tVJDJEH8KtmZim,7LscpY288mvuC8kBax5KhcxH9BucLs9cCndo2HUi5xWb,BfBqvwoNLVSEvrjukaRUdex72PEF234oY8RogGtqFRZv,2025-12-01T14:47:15Z,3mcDzaJbs9G2MCvuAS3GFwmmGyHXwhXFvLAYqvu9Xo9ERaDPbEgDdoUX1imFsi4uAXcWYLWN22tVJDJEH8KtmZim,2026-08-25T07:31:11.000Z,4rtP3LQdxEFrF724Pcfj9eTdaMqDrbmvi11ewwfNYdLQTN1Zi9niu13zAFrmkA5n1V2cgfjmM8vUtzGWXEcmBYKc,DUNE_LIVE,LIVE_POST_BASELINE
CTjYbSWsnuJ7tPEJNoC6NZVDCnsPb7ufZi1Cv3Yv7Jiz,0,,,8TAx5eRzjvYioRmc83vrzWuEzhav63ccEs7ZuzndxddU,1,Cwg4F9HnwEKktX662TLjYvUjvZStpQHss9BasJYSaGPj,8TAx5eRzjvYioRmc83vrzWuEzhav63ccEs7ZuzndxddU,2026-02-17T16:17:40Z,3qzpwcNcgBFd9ZKfKqGNJrhNGPCVJzvZbF5FVBRQjkH5dPH6X1fp5yYR7PxE91voVxNriDjwLfw2HDJQZuQnLPu1,Cwg4F9HnwEKktX662TLjYvUjvZStpQHss9BasJYSaGPj,8TAx5eRzjvYioRmc83vrzWuEzhav63ccEs7ZuzndxddU,2026-02-17T16:17:40Z,3qzpwcNcgBFd9ZKfKqGNJrhNGPCVJzvZbF5FVBRQjkH5dPH6X1fp5yYR7PxE91voVxNriDjwLfw2HDJQZuQnLPu1,2026-08-28T06:25:53Z,3wyPJbJFHo4Fvu7Und18ezfHzbJFeq5FuiuZQzTTQAzrrC7RmAWXjXmonJge3e898SwmhStEUrJE6grUaYQ74KcV,INDEPENDENT_LIVE,LIVE_POST_CUTOVER
CU34Vua8WcgNsh1Wxb3TeqRFts7pNyv2Gw6RtJCpzPEM,0,,,Db1meMQEgj8dCwzhR5W6coWt1yV4iEaQsYPKKDyGRUqW,1,Do9VaY2ru9QtaTWdhmuwc2Z9rj4rZ7D6EShdLTvxnp6h,Db1meMQEgj8dCwzhR5W6coWt1yV4iEaQsYPKKDyGRUqW,2026-05-19T11:50:37Z,PrqGqhG8u4ss7N9pGuR2qbei7koXaCfjyGtFGd8k8H1f5RjsnvZ5v4fnPrs7CCtMUqnc3xAvRyRwDTwnbL2xdo2,Do9VaY2ru9QtaTWdhmuwc2Z9rj4rZ7D6EShdLTvxnp6h,Db1meMQEgj8dCwzhR5W6coWt1yV4iEaQsYPKKDyGRUqW,2026-05-19T11:50:37Z,PrqGqhG8u4ss7N9pGuR2qbei7koXaCfjyGtFGd8k8H1f5RjsnvZ5v4fnPrs7CCtMUqnc3xAvRyRwDTwnbL2xdo2,2026-08-26T21:34:16Z,5y9KKMidZA2pNm3QLD2z2j7BfPbwsAQt6HEVyCQMK7sSkCy7PRQUy35JJG3GRnTBDLDeD6YVxYpw9nXSayk6pTiK,INDEPENDENT_LIVE,LIVE_POST_CUTOVER
CUnq9yNuQbdfpGNoLQj73Dh7kYt2qLdxpXcrRqGE7ZJy,1,2026-08-24T15:31:42.000Z,38RGhLbf1RuuiUikt2uuPdQJg6f5sqD1ToLTxqQyjXbFG5pi1BCGjMNSjkTTYzY2BwShr9eGvDBnMRZLJi2Z5hQx,,0,,,2026-08-24T15:31:42.000Z,38RGhLbf1RuuiUikt2uuPdQJg6f5sqD1ToLTxqQyjXbFG5pi1BCGjMNSjkTTYzY2BwShr9eGvDBnMRZLJi2Z5hQx,,,,,,,,
CVD94faFsXwa9DzPskaAkJ8aUB92sTZ8TsdqTgDZjes1,0,,,BfBqvwoNLVSEvrjukaRUdex72PEF234oY8RogGtqFRZv,1,7LscpY288mvuC8kBax5KhcxH9BucLs9cCndo2HUi5xWb,BfBqvwoNLVSEvrjukaRUdex72PEF234oY8RogGtqFRZv,2025-12-01T14:27:23Z,2nbtsfSTGEius8QKpc1YRoqtgcGJ3YHsocXwa6fdL9dGVwkY8BqdVHqskQUMBDon3FcYDedev1eM7CLFyvzLLxKi,7LscpY288mvuC8kBax5KhcxH9BucLs9cCndo2HUi5xWb,BfBqvwoNLVSEvrjukaRUdex72PEF234oY8RogGtqFRZv,2025-12-01T14:27:23Z,2nbtsfSTGEius8QKpc1YRoqtgcGJ3YHsocXwa6fdL9dGVwkY8BqdVHqskQUMBDon3FcYDedev1eM7CLFyvzLLxKi,2026-08-25T07:31:11.000Z,4rtP3LQdxEFrF724Pcfj9eTdaMqDrbmvi11ewwfNYdLQTN1Zi9niu13zAFrmkA5n1V2cgfjmM8vUtzGWXEcmBYKc,DUNE_LIVE,LIVE_POST_BASELINE
CVN2ZYsV5LJH4YMi5jh74QyZkpujK74tKJkhg1MixZLm,0,,,8TAx5eRzjvYioRmc83vrzWuEzhav63ccEs7ZuzndxddU,1,Cwg4F9HnwEKktX662TLjYvUjvZStpQHss9BasJYSaGPj,8TAx5eRzjvYioRmc83vrzWuEzhav63ccEs7ZuzndxddU,2026-02-07T15:33:48Z,5SGz4Vk3Bh9YfickCFrHjDQ9xcXa4aTh7NZ4qYSrMv3gMWPyhsB5kmWnsZFdw9SRJpkEVrfQo9gTk3GejdmL6yHB,Cwg4F9HnwEKktX662TLjYvUjvZStpQHss9BasJYSaGPj,8TAx5eRzjvYioRmc83vrzWuEzhav63ccEs7ZuzndxddU,2026-02-07T15:33:48Z,5SGz4Vk3Bh9YfickCFrHjDQ9xcXa4aTh7NZ4qYSrMv3gMWPyhsB5kmWnsZFdw9SRJpkEVrfQo9gTk3GejdmL6yHB,2026-08-28T06:25:53Z,3wyPJbJFHo4Fvu7Und18ezfHzbJFeq5FuiuZQzTTQAzrrC7RmAWXjXmonJge3e898SwmhStEUrJE6grUaYQ74KcV,INDEPENDENT_LIVE,LIVE_POST_CUTOVER
CXkijUKoFyxMHCyQzkz9fXxGS4gthyb8sdvAyiM1KCHB,0,,,DM5YNogviE6YxVESWYG9TaZ9q4qiBLAJmxnA1LQRFMGZ,1,B1Pv8HZNHGdXC8qTsNGLCJKpnoetE2Y52RyeoJW9pE5Z,DM5YNogviE6YxVESWYG9TaZ9q4qiBLAJmxnA1LQRFMGZ,2025-04-15T02:11:43Z,43VCrnXb6D4ZnmcSBkAT6QEEtye1yjQTSejKeSGfhv2FgBrfAMHy8YYDxCm19K73p6FvN4BbYJuyz87Y1rsXPs6K,B1Pv8HZNHGdXC8qTsNGLCJKpnoetE2Y52RyeoJW9pE5Z,DM5YNogviE6YxVESWYG9TaZ9q4qiBLAJmxnA1LQRFMGZ,2025-04-15T02:11:43Z,43VCrnXb6D4ZnmcSBkAT6QEEtye1yjQTSejKeSGfhv2FgBrfAMHy8YYDxCm19K73p6FvN4BbYJuyz87Y1rsXPs6K,2026-08-31T09:39:48Z,5rqET3n1SkPB9jrcz8yM3KNBt6b2Q925G69tDBYwhL5yd6cLZzD3gSDSSgsbFqwtJkuaCoAvuRNq3eCNaKxhpdWi,INDEPENDENT_LIVE,LIVE_POST_CUTOVER
CYRimbGDicehAAhKQu2dohaWfZBBpZgyF3ZPn9PENDui,0,,,8TAx5eRzjvYioRmc83vrzWuEzhav63ccEs7ZuzndxddU,1,Cwg4F9HnwEKktX662TLjYvUjvZStpQHss9BasJYSaGPj,8TAx5eRzjvYioRmc83vrzWuEzhav63ccEs7ZuzndxddU,2022-08-25T08:37:44Z,4gc5MRuABfURd2JjaqgoEnE8NQPUQTZoTSo5gat8xhcs1WpiRF2dgcZNLmYt2afnmz4wAQiixBQ6b5XqwcsTHbAF,Cwg4F9HnwEKktX662TLjYvUjvZStpQHss9BasJYSaGPj,8TAx5eRzjvYioRmc83vrzWuEzhav63ccEs7ZuzndxddU,2022-08-25T08:37:44Z,4gc5MRuABfURd2JjaqgoEnE8NQPUQTZoTSo5gat8xhcs1WpiRF2dgcZNLmYt2afnmz4wAQiixBQ6b5XqwcsTHbAF,2026-08-28T06:25:53Z,3wyPJbJFHo4Fvu7Und18ezfHzbJFeq5FuiuZQzTTQAzrrC7RmAWXjXmonJge3e898SwmhStEUrJE6grUaYQ74KcV,INDEPENDENT_LIVE,LIVE_POST_CUTOVER
CaX4DKY1ZAW83ZpTq6sHWhS6psr86nkbtqQQYfX9bnSJ,0,,,FYL4LRChq2a6w8PenydNEd1ExoKpBVNpueitXAXanSGy,1,FpqrjWJpTNwv1b1nu3Kouzn7KRZeAxcvyXfHgkGFQ9Gd,FYL4LRChq2a6w8PenydNEd1ExoKpBVNpueitXAXanSGy,2025-04-19T15:08:57Z,3XCNfjNVg4PD8fhbKK3vycdTQmDLB3zosQ6uSs8TN7qJXYVsuF3yAo3L2JdDPnYrciREjk5gpQMTeV5ZD5ZnK2FL,FpqrjWJpTNwv1b1nu3Kouzn7KRZeAxcvyXfHgkGFQ9Gd,FYL4LRChq2a6w8PenydNEd1ExoKpBVNpueitXAXanSGy,2025-04-19T15:08:57Z,3XCNfjNVg4PD8fhbKK3vycdTQmDLB3zosQ6uSs8TN7qJXYVsuF3yAo3L2JdDPnYrciREjk5gpQMTeV5ZD5ZnK2FL,2026-08-24T04:22:35.000Z,5oK95ozVzmUYxqJmZd7NLGb2U4oYDLVTieQMPA7TJve19iKQ41uaDdvJ8VHYNmcxSnH1A7BK2NrfTFFcJbTUKTey,DUNE_LIVE,LIVE_POST_BASELINE
CcVXK8RbU1YcJrEre1VMB7xVkxrRQzn8Pd9pqqek5Ezx,0,,,BfBqvwoNLVSEvrjukaRUdex72PEF234oY8RogGtqFRZv,1,7LscpY288mvuC8kBax5KhcxH9BucLs9cCndo2HUi5xWb,BfBqvwoNLVSEvrjukaRUdex72PEF234oY8RogGtqFRZv,2025-04-18T08:12:35Z,4SMM94Ee6Sa5VdnzqLHge741ewFg511KnERj7eHchomNMx2ZXzXRxWmpTFT86UWise88dmRTjwca1BrHYvjGomaw,7LscpY288mvuC8kBax5KhcxH9BucLs9cCndo2HUi5xWb,BfBqvwoNLVSEvrjukaRUdex72PEF234oY8RogGtqFRZv,2025-04-18T08:12:35Z,4SMM94Ee6Sa5VdnzqLHge741ewFg511KnERj7eHchomNMx2ZXzXRxWmpTFT86UWise88dmRTjwca1BrHYvjGomaw,2026-08-25T07:31:11.000Z,4rtP3LQdxEFrF724Pcfj9eTdaMqDrbmvi11ewwfNYdLQTN1Zi9niu13zAFrmkA5n1V2cgfjmM8vUtzGWXEcmBYKc,DUNE_LIVE,LIVE_POST_BASELINE
CefzGbbA9okhRxR7xgQMxiA94S7WmzgexFcQgDY8phDo,0,,,8TAx5eRzjvYioRmc83vrzWuEzhav63ccEs7ZuzndxddU,1,Cwg4F9HnwEKktX662TLjYvUjvZStpQHss9BasJYSaGPj,8TAx5eRzjvYioRmc83vrzWuEzhav63ccEs7ZuzndxddU,2026-06-29T18:48:19Z,7Dn8nPch2XzMo8VB1S3cjCfNc8SpUG1iSzPdda8nK5zn8cLvqFV3RSVXNJHY1gnztTz8yv5toZJQckurERMi4hX,Cwg4F9HnwEKktX662TLjYvUjvZStpQHss9BasJYSaGPj,8TAx5eRzjvYioRmc83vrzWuEzhav63ccEs7ZuzndxddU,2026-06-29T18:48:19Z,7Dn8nPch2XzMo8VB1S3cjCfNc8SpUG1iSzPdda8nK5zn8cLvqFV3RSVXNJHY1gnztTz8yv5toZJQckurERMi4hX,2026-08-28T06:25:53Z,3wyPJbJFHo4Fvu7Und18ezfHzbJFeq5FuiuZQzTTQAzrrC7RmAWXjXmonJge3e898SwmhStEUrJE6grUaYQ74KcV,INDEPENDENT_LIVE,LIVE_POST_CUTOVER
Cev3E14TmYGX1T3UR55C5nRyDahomFptPMMQwZWhyNr1,0,,,BfBqvwoNLVSEvrjukaRUdex72PEF234oY8RogGtqFRZv,1,7LscpY288mvuC8kBax5KhcxH9BucLs9cCndo2HUi5xWb,BfBqvwoNLVSEvrjukaRUdex72PEF234oY8RogGtqFRZv,2025-12-01T14:22:36Z,5E6dvDKr17ejE7T23qDu6cjsvwNibdnqskninoc3ukyyHzgkDEBB212tCZnz7GUze99cHjhmqAqs9A544XxLPs9u,7LscpY288mvuC8kBax5KhcxH9BucLs9cCndo2HUi5xWb,BfBqvwoNLVSEvrjukaRUdex72PEF234oY8RogGtqFRZv,2025-12-01T14:22:36Z,5E6dvDKr17ejE7T23qDu6cjsvwNibdnqskninoc3ukyyHzgkDEBB212tCZnz7GUze99cHjhmqAqs9A544XxLPs9u,2026-08-25T07:31:11.000Z,4rtP3LQdxEFrF724Pcfj9eTdaMqDrbmvi11ewwfNYdLQTN1Zi9niu13zAFrmkA5n1V2cgfjmM8vUtzGWXEcmBYKc,DUNE_LIVE,LIVE_POST_BASELINE
CfKmdX3ZBzHcF5Z43tXzCLSEyhJArAwtzABH9JozHcVy,0,,,BfBqvwoNLVSEvrjukaRUdex72PEF234oY8RogGtqFRZv,1,7LscpY288mvuC8kBax5KhcxH9BucLs9cCndo2HUi5xWb,BfBqvwoNLVSEvrjukaRUdex72PEF234oY8RogGtqFRZv,2025-12-01T14:21:38Z,3TMywEN8KCEQWas4KbGeH5zKzxTGyZH4LXK3EiYmWYby1gWDqH2h6rDiv913gxAtTAjxBYNsMG5gLWF2fVn6wr23,7LscpY288mvuC8kBax5KhcxH9BucLs9cCndo2HUi5xWb,BfBqvwoNLVSEvrjukaRUdex72PEF234oY8RogGtqFRZv,2025-12-01T14:21:38Z,3TMywEN8KCEQWas4KbGeH5zKzxTGyZH4LXK3EiYmWYby1gWDqH2h6rDiv913gxAtTAjxBYNsMG5gLWF2fVn6wr23,2026-08-25T07:31:11.000Z,4rtP3LQdxEFrF724Pcfj9eTdaMqDrbmvi11ewwfNYdLQTN1Zi9niu13zAFrmkA5n1V2cgfjmM8vUtzGWXEcmBYKc,DUNE_LIVE,LIVE_POST_BASELINE
CgsKCccRuZbDVQW3Xu3HpBxEVhh8i3d2rCykNmCB1ct5,0,,,BfBqvwoNLVSEvrjukaRUdex72PEF234oY8RogGtqFRZv,1,7LscpY288mvuC8kBax5KhcxH9BucLs9cCndo2HUi5xWb,BfBqvwoNLVSEvrjukaRUdex72PEF234oY8RogGtqFRZv,2025-12-01T14:22:57Z,56DkwoPAfUrvPoxQ3Dc9UVwujJaeXAYGrZEP7exYJM1RKL7W5d3WL4korEaz9r7HHHwR3AdTbZZCDA1cBaXqh7Nu,7LscpY288mvuC8kBax5KhcxH9BucLs9cCndo2HUi5xWb,BfBqvwoNLVSEvrjukaRUdex72PEF234oY8RogGtqFRZv,2025-12-01T14:22:57Z,56DkwoPAfUrvPoxQ3Dc9UVwujJaeXAYGrZEP7exYJM1RKL7W5d3WL4korEaz9r7HHHwR3AdTbZZCDA1cBaXqh7Nu,2026-08-25T07:31:11.000Z,4rtP3LQdxEFrF724Pcfj9eTdaMqDrbmvi11ewwfNYdLQTN1Zi9niu13zAFrmkA5n1V2cgfjmM8vUtzGWXEcmBYKc,DUNE_LIVE,LIVE_POST_BASELINE
ChsHSYQezbdEHfHxupggTMAubDHE5Mpa1Eeb6xgRRN6h,0,,,BfBqvwoNLVSEvrjukaRUdex72PEF234oY8RogGtqFRZv,1,7LscpY288mvuC8kBax5KhcxH9BucLs9cCndo2HUi5xWb,BfBqvwoNLVSEvrjukaRUdex72PEF234oY8RogGtqFRZv,2025-12-01T14:46:11Z,2MBpX8NhcHvRKVsWtmZq4MZddRgDxFhLiQCjYBtLn8bRJdcdBNnEh7wuac5gvF7w4dbC3a3RJDrE2GTXEMirKGDs,7LscpY288mvuC8kBax5KhcxH9BucLs9cCndo2HUi5xWb,BfBqvwoNLVSEvrjukaRUdex72PEF234oY8RogGtqFRZv,2025-12-01T14:46:11Z,2MBpX8NhcHvRKVsWtmZq4MZddRgDxFhLiQCjYBtLn8bRJdcdBNnEh7wuac5gvF7w4dbC3a3RJDrE2GTXEMirKGDs,2026-08-25T07:31:11.000Z,4rtP3LQdxEFrF724Pcfj9eTdaMqDrbmvi11ewwfNYdLQTN1Zi9niu13zAFrmkA5n1V2cgfjmM8vUtzGWXEcmBYKc,DUNE_LIVE,LIVE_POST_BASELINE
CjYgEdXdAxD3Lkv7tft5P4D7bBuSzs7nMTfxQazCHCp6,0,,,BfBqvwoNLVSEvrjukaRUdex72PEF234oY8RogGtqFRZv,1,7LscpY288mvuC8kBax5KhcxH9BucLs9cCndo2HUi5xWb,BfBqvwoNLVSEvrjukaRUdex72PEF234oY8RogGtqFRZv,2025-12-01T14:42:23Z,XFPbHR6JLZ9yPQ8WsvjUYjJx4UfoAEocGgwoFYua7Ti9BbrgB8bu8QqJYC7Hz6KiMvncmpDThKnfMD926oq55L7,7LscpY288mvuC8kBax5KhcxH9BucLs9cCndo2HUi5xWb,BfBqvwoNLVSEvrjukaRUdex72PEF234oY8RogGtqFRZv,2025-12-01T14:42:23Z,XFPbHR6JLZ9yPQ8WsvjUYjJx4UfoAEocGgwoFYua7Ti9BbrgB8bu8QqJYC7Hz6KiMvncmpDThKnfMD926oq55L7,2026-08-25T07:31:11.000Z,4rtP3LQdxEFrF724Pcfj9eTdaMqDrbmvi11ewwfNYdLQTN1Zi9niu13zAFrmkA5n1V2cgfjmM8vUtzGWXEcmBYKc,DUNE_LIVE,LIVE_POST_BASELINE
CjkmbjRkJoV8da59JUjUb3aESeY3rnCyuXURwJy9s9AN,1,2026-08-24T15:31:42.000Z,2qACpujW8iXsHDko7AytBTPd4zKb23FhpwXaCD9u2y9vBpbUqXi4GaPkurEXWd33qXCzK7kvDydBDWbiHRotbsty,,0,,,2026-08-24T15:31:42.000Z,2qACpujW8iXsHDko7AytBTPd4zKb23FhpwXaCD9u2y9vBpbUqXi4GaPkurEXWd33qXCzK7kvDydBDWbiHRotbsty,,,,,,,,
CmDs3SVmfzx66c6mataibjHkf4sBjDa4y7dYR73sgk6y,0,,,BfBqvwoNLVSEvrjukaRUdex72PEF234oY8RogGtqFRZv,1,7LscpY288mvuC8kBax5KhcxH9BucLs9cCndo2HUi5xWb,BfBqvwoNLVSEvrjukaRUdex72PEF234oY8RogGtqFRZv,2025-09-25T10:38:55Z,cXfnmv5FDNRwHGKNUsB6gfnZp2vuhPUsojxfL7MiMRJm6PZSdrLsqRzaN2nVzJMoCe6vHfcBeBaVZKUcMbXVD6o,7LscpY288mvuC8kBax5KhcxH9BucLs9cCndo2HUi5xWb,BfBqvwoNLVSEvrjukaRUdex72PEF234oY8RogGtqFRZv,2025-09-25T10:38:55Z,cXfnmv5FDNRwHGKNUsB6gfnZp2vuhPUsojxfL7MiMRJm6PZSdrLsqRzaN2nVzJMoCe6vHfcBeBaVZKUcMbXVD6o,2026-08-25T07:31:11.000Z,4rtP3LQdxEFrF724Pcfj9eTdaMqDrbmvi11ewwfNYdLQTN1Zi9niu13zAFrmkA5n1V2cgfjmM8vUtzGWXEcmBYKc,DUNE_LIVE,LIVE_POST_BASELINE
CnCZNMLkTMEMKhBh4YTyuuJ3f31eHB41GGAcqUdiwU6c,0,,,BFpTSgrkFXFycgvaraoSt75osy6EgKEeivXUgxz3AdEz,1,FnqEYzRtDV1zHUaEFycnGS6F3SCmjAvMLsNQQrnQcLPN,BFpTSgrkFXFycgvaraoSt75osy6EgKEeivXUgxz3AdEz,2025-04-22T14:15:04Z,35VCRDDAiqSZNFvzZ2n1H5FJDzQ5n5iDf3ZR5M5g3MV68YZjBSELoPtRyFAUg3aFo18cj4i5ztFKYrejmzDczrR,FnqEYzRtDV1zHUaEFycnGS6F3SCmjAvMLsNQQrnQcLPN,BFpTSgrkFXFycgvaraoSt75osy6EgKEeivXUgxz3AdEz,2025-04-22T14:15:04Z,35VCRDDAiqSZNFvzZ2n1H5FJDzQ5n5iDf3ZR5M5g3MV68YZjBSELoPtRyFAUg3aFo18cj4i5ztFKYrejmzDczrR,2026-08-30T18:20:59Z,4rGPKBHqqLhzjS6Y5dbuTSUCxKq4LmSxk1LUGZhanbv1vBDdiFLqSGyEReA7P3gTAkqXnVWTFdxGw69fkJjsw87Z,INDEPENDENT_LIVE,LIVE_POST_CUTOVER
CnLEpMLVnUk7sQuMaFbb1ZzrzPhGZkYjGjrMpS7Hj7RB,0,,,BfBqvwoNLVSEvrjukaRUdex72PEF234oY8RogGtqFRZv,1,7LscpY288mvuC8kBax5KhcxH9BucLs9cCndo2HUi5xWb,BfBqvwoNLVSEvrjukaRUdex72PEF234oY8RogGtqFRZv,2025-12-01T14:21:56Z,3bWppzxmWfAdAUx7zmgNLsr5G2gMFbJo9sJtdUvShLY69yypX9Vtg3cvQ5nYN8mP9C1sLzm2CaWFXwXfqsKf98pC,7LscpY288mvuC8kBax5KhcxH9BucLs9cCndo2HUi5xWb,BfBqvwoNLVSEvrjukaRUdex72PEF234oY8RogGtqFRZv,2025-12-01T14:21:56Z,3bWppzxmWfAdAUx7zmgNLsr5G2gMFbJo9sJtdUvShLY69yypX9Vtg3cvQ5nYN8mP9C1sLzm2CaWFXwXfqsKf98pC,2026-08-25T07:31:11.000Z,4rtP3LQdxEFrF724Pcfj9eTdaMqDrbmvi11ewwfNYdLQTN1Zi9niu13zAFrmkA5n1V2cgfjmM8vUtzGWXEcmBYKc,DUNE_LIVE,LIVE_POST_BASELINE
CnnxzbYoVtJJ5KAoYymP8pqQW4jDa3HRBdixL1ZRWpzN,0,,,Db1meMQEgj8dCwzhR5W6coWt1yV4iEaQsYPKKDyGRUqW,1,Do9VaY2ru9QtaTWdhmuwc2Z9rj4rZ7D6EShdLTvxnp6h,Db1meMQEgj8dCwzhR5W6coWt1yV4iEaQsYPKKDyGRUqW,2025-04-14T13:05:28Z,4E7Lrcs2vZduNVQsV8ryQZff6hX7Zdz7ERCiGbvBsfwYWkm6RxMp5ijqGtBo8ubAZAziKAPbNcH3ocSNjHRLdUiY,Do9VaY2ru9QtaTWdhmuwc2Z9rj4rZ7D6EShdLTvxnp6h,Db1meMQEgj8dCwzhR5W6coWt1yV4iEaQsYPKKDyGRUqW,2025-04-14T13:05:28Z,4E7Lrcs2vZduNVQsV8ryQZff6hX7Zdz7ERCiGbvBsfwYWkm6RxMp5ijqGtBo8ubAZAziKAPbNcH3ocSNjHRLdUiY,2026-08-26T21:34:16Z,5y9KKMidZA2pNm3QLD2z2j7BfPbwsAQt6HEVyCQMK7sSkCy7PRQUy35JJG3GRnTBDLDeD6YVxYpw9nXSayk6pTiK,INDEPENDENT_LIVE,LIVE_POST_CUTOVER
CpWwgbmLXfe4Zds9zPytt1daAQJmdEUBHd35djVf9Azf,0,,,8TAx5eRzjvYioRmc83vrzWuEzhav63ccEs7ZuzndxddU,1,Cwg4F9HnwEKktX662TLjYvUjvZStpQHss9BasJYSaGPj,8TAx5eRzjvYioRmc83vrzWuEzhav63ccEs7ZuzndxddU,2026-02-17T16:18:03Z,4PSLTuSsJoZqAivT3aRUFFTpyWsMuN2FhwsGFPQ7tsAhqVc2AXQW1mVNaCqsrwbnMQyL8rfeZjEMFD8iW7KMZ3QH,Cwg4F9HnwEKktX662TLjYvUjvZStpQHss9BasJYSaGPj,8TAx5eRzjvYioRmc83vrzWuEzhav63ccEs7ZuzndxddU,2026-02-17T16:18:03Z,4PSLTuSsJoZqAivT3aRUFFTpyWsMuN2FhwsGFPQ7tsAhqVc2AXQW1mVNaCqsrwbnMQyL8rfeZjEMFD8iW7KMZ3QH,2026-08-28T06:25:53Z,3wyPJbJFHo4Fvu7Und18ezfHzbJFeq5FuiuZQzTTQAzrrC7RmAWXjXmonJge3e898SwmhStEUrJE6grUaYQ74KcV,INDEPENDENT_LIVE,LIVE_POST_CUTOVER
CqSDExRVjSGuotwfJj6XCXMPFnB82ijWABjXbn8LMEzk,0,,,5ByLqbLYQcBZd5pwTFtDcU9cJXgqMBxnbEbynTdmqDPZ,1,DXaSLA5KS5fCAQvtGorUyUPRD4dVX5tB12zv8QyDUtBL,5ByLqbLYQcBZd5pwTFtDcU9cJXgqMBxnbEbynTdmqDPZ,2025-04-22T10:01:53+00:00,36juYDMjqXW9XTGq9KLSSHxGrzL8nt7sJR8xJwRX1UfnvEyVJuCQ92375gjrS1gkXYmWJCe7eUDwCJzvkFgoWgfc,DXaSLA5KS5fCAQvtGorUyUPRD4dVX5tB12zv8QyDUtBL,5ByLqbLYQcBZd5pwTFtDcU9cJXgqMBxnbEbynTdmqDPZ,2025-04-22T10:01:53+00:00,36juYDMjqXW9XTGq9KLSSHxGrzL8nt7sJR8xJwRX1UfnvEyVJuCQ92375gjrS1gkXYmWJCe7eUDwCJzvkFgoWgfc,2026-08-27T12:12:14Z,36BeMmDBLYZkVBpuYpxjRDekbJRsk2MHBpreJqqzCN2vzKzY4QX3U5Jc2RVrGDqjF5KZPR2y3vmZdY4QLsQVP6k8,INDEPENDENT_LIVE,LIVE_POST_CUTOVER
CsdnW2RewSo89r5sc2UfDZ6KR91Fr1AmjcRVJGmhceLr,0,,,DM5YNogviE6YxVESWYG9TaZ9q4qiBLAJmxnA1LQRFMGZ,1,B1Pv8HZNHGdXC8qTsNGLCJKpnoetE2Y52RyeoJW9pE5Z,DM5YNogviE6YxVESWYG9TaZ9q4qiBLAJmxnA1LQRFMGZ,2025-04-13T07:09:57Z,KDpvD6A4nParAFe7ib98UnuT7QYLqsjcEziZA5BMyqbBJ1p6nFBTpatgoweVZ6mAyy9aXbZVLcLi8zCr5gnMHqU,B1Pv8HZNHGdXC8qTsNGLCJKpnoetE2Y52RyeoJW9pE5Z,DM5YNogviE6YxVESWYG9TaZ9q4qiBLAJmxnA1LQRFMGZ,2025-04-13T07:09:57Z,KDpvD6A4nParAFe7ib98UnuT7QYLqsjcEziZA5BMyqbBJ1p6nFBTpatgoweVZ6mAyy9aXbZVLcLi8zCr5gnMHqU,2026-08-31T09:39:48Z,5rqET3n1SkPB9jrcz8yM3KNBt6b2Q925G69tDBYwhL5yd6cLZzD3gSDSSgsbFqwtJkuaCoAvuRNq3eCNaKxhpdWi,INDEPENDENT_LIVE,LIVE_POST_CUTOVER
Ctt8M4p7hnyPKGo5vNemXcdnp9LXv91qK1dwwNtNrUpv,0,,,FYL4LRChq2a6w8PenydNEd1ExoKpBVNpueitXAXanSGy,1,FpqrjWJpTNwv1b1nu3Kouzn7KRZeAxcvyXfHgkGFQ9Gd,FYL4LRChq2a6w8PenydNEd1ExoKpBVNpueitXAXanSGy,2025-04-19T15:14:12Z,RFcK2mDNwtmK7h8gZFda4yVxr4TzS126FjDDjXWXe54Ng1aqoAT13iiPekfMdfgYCe2m1VqGxQuhjzhDWXdSaAm,FpqrjWJpTNwv1b1nu3Kouzn7KRZeAxcvyXfHgkGFQ9Gd,FYL4LRChq2a6w8PenydNEd1ExoKpBVNpueitXAXanSGy,2025-04-19T15:14:12Z,RFcK2mDNwtmK7h8gZFda4yVxr4TzS126FjDDjXWXe54Ng1aqoAT13iiPekfMdfgYCe2m1VqGxQuhjzhDWXdSaAm,2026-08-24T04:22:35.000Z,5oK95ozVzmUYxqJmZd7NLGb2U4oYDLVTieQMPA7TJve19iKQ41uaDdvJ8VHYNmcxSnH1A7BK2NrfTFFcJbTUKTey,DUNE_LIVE,LIVE_POST_BASELINE
CvoSjwTnWdxpjVszJk9ysRCEu3Lr56jaEWjAbzhqR3yU,0,,,BfBqvwoNLVSEvrjukaRUdex72PEF234oY8RogGtqFRZv,1,7LscpY288mvuC8kBax5KhcxH9BucLs9cCndo2HUi5xWb,BfBqvwoNLVSEvrjukaRUdex72PEF234oY8RogGtqFRZv,2025-04-13T04:50:24Z,3jjLTbqawpKJ7dNL2zKrwmpfc967bwPnya7Dem8FbyCTJXvLqFY3F54B64gjSg4FzpDcBwXp1TcKtvxxYwnRMrFq,7LscpY288mvuC8kBax5KhcxH9BucLs9cCndo2HUi5xWb,BfBqvwoNLVSEvrjukaRUdex72PEF234oY8RogGtqFRZv,2025-04-13T04:50:24Z,3jjLTbqawpKJ7dNL2zKrwmpfc967bwPnya7Dem8FbyCTJXvLqFY3F54B64gjSg4FzpDcBwXp1TcKtvxxYwnRMrFq,2026-08-25T07:31:11.000Z,4rtP3LQdxEFrF724Pcfj9eTdaMqDrbmvi11ewwfNYdLQTN1Zi9niu13zAFrmkA5n1V2cgfjmM8vUtzGWXEcmBYKc,DUNE_LIVE,LIVE_POST_BASELINE
D3VdfCfxBDcWQaHPH2XkTf3sNFiMCuNMuPuj1LsGLWAg,0,,,BfBqvwoNLVSEvrjukaRUdex72PEF234oY8RogGtqFRZv,1,7LscpY288mvuC8kBax5KhcxH9BucLs9cCndo2HUi5xWb,BfBqvwoNLVSEvrjukaRUdex72PEF234oY8RogGtqFRZv,2025-12-01T14:26:21Z,61ngE2rXCjVwGKNa8mUh4xBaKeFPoC6jdV4cVvqmXEucVi979rjoTnWznTMVT9FWBoaydDK1SGQ6vL4zW7R4FPsu,7LscpY288mvuC8kBax5KhcxH9BucLs9cCndo2HUi5xWb,BfBqvwoNLVSEvrjukaRUdex72PEF234oY8RogGtqFRZv,2025-12-01T14:26:21Z,61ngE2rXCjVwGKNa8mUh4xBaKeFPoC6jdV4cVvqmXEucVi979rjoTnWznTMVT9FWBoaydDK1SGQ6vL4zW7R4FPsu,2026-08-25T07:31:11.000Z,4rtP3LQdxEFrF724Pcfj9eTdaMqDrbmvi11ewwfNYdLQTN1Zi9niu13zAFrmkA5n1V2cgfjmM8vUtzGWXEcmBYKc,DUNE_LIVE,LIVE_POST_BASELINE
D4H1ErmkjQ4iT1MqcDodntwjAZo8pok42wHrZPJBo4QH,0,,,Db1meMQEgj8dCwzhR5W6coWt1yV4iEaQsYPKKDyGRUqW,1,Do9VaY2ru9QtaTWdhmuwc2Z9rj4rZ7D6EShdLTvxnp6h,Db1meMQEgj8dCwzhR5W6coWt1yV4iEaQsYPKKDyGRUqW,2025-04-14T13:05:46Z,3qVtpMbQXQKPdAathD7KBitRC8z652LwF7gFnMqGg9WMmpwBDtBndMVCzEfdU2mdM1n5vqYkfCEvFfBccSpdiyBb,Do9VaY2ru9QtaTWdhmuwc2Z9rj4rZ7D6EShdLTvxnp6h,Db1meMQEgj8dCwzhR5W6coWt1yV4iEaQsYPKKDyGRUqW,2025-04-14T13:05:46Z,3qVtpMbQXQKPdAathD7KBitRC8z652LwF7gFnMqGg9WMmpwBDtBndMVCzEfdU2mdM1n5vqYkfCEvFfBccSpdiyBb,2026-08-26T21:34:16Z,5y9KKMidZA2pNm3QLD2z2j7BfPbwsAQt6HEVyCQMK7sSkCy7PRQUy35JJG3GRnTBDLDeD6YVxYpw9nXSayk6pTiK,INDEPENDENT_LIVE,LIVE_POST_CUTOVER
D5aFKs4EKM2uZHiW8NoUBsZZYxzaXtGBGrNqycALNjhW,0,,,8TAx5eRzjvYioRmc83vrzWuEzhav63ccEs7ZuzndxddU,1,Cwg4F9HnwEKktX662TLjYvUjvZStpQHss9BasJYSaGPj,8TAx5eRzjvYioRmc83vrzWuEzhav63ccEs7ZuzndxddU,2026-02-17T16:19:02Z,5D78Cj9g77Apn8Bk42XLyZN68sc1XPdW9RySxugBQCavUAXtmaP8wMvV1JPmee2xuwGBvWHYYMRbWMWbf9hZ9ygR,Cwg4F9HnwEKktX662TLjYvUjvZStpQHss9BasJYSaGPj,8TAx5eRzjvYioRmc83vrzWuEzhav63ccEs7ZuzndxddU,2026-02-17T16:19:02Z,5D78Cj9g77Apn8Bk42XLyZN68sc1XPdW9RySxugBQCavUAXtmaP8wMvV1JPmee2xuwGBvWHYYMRbWMWbf9hZ9ygR,2026-08-28T06:25:53Z,3wyPJbJFHo4Fvu7Und18ezfHzbJFeq5FuiuZQzTTQAzrrC7RmAWXjXmonJge3e898SwmhStEUrJE6grUaYQ74KcV,INDEPENDENT_LIVE,LIVE_POST_CUTOVER
D64kTaiqz6etqPBMQSPWyigcLhjDdz1GFKr7wFNAdC67,0,,,8TAx5eRzjvYioRmc83vrzWuEzhav63ccEs7ZuzndxddU,1,Cwg4F9HnwEKktX662TLjYvUjvZStpQHss9BasJYSaGPj,8TAx5eRzjvYioRmc83vrzWuEzhav63ccEs7ZuzndxddU,2022-10-24T13:15:30Z,XkVGJnnfRJ6UktrnV1vSgA7Yzj3HaoUBVGUgQmrwWqRnhr9oWcqUswfUC3Sbb31ye7Jqz8xYzqvnEUaD5Nx1F3C,Cwg4F9HnwEKktX662TLjYvUjvZStpQHss9BasJYSaGPj,8TAx5eRzjvYioRmc83vrzWuEzhav63ccEs7ZuzndxddU,2022-10-24T13:15:30Z,XkVGJnnfRJ6UktrnV1vSgA7Yzj3HaoUBVGUgQmrwWqRnhr9oWcqUswfUC3Sbb31ye7Jqz8xYzqvnEUaD5Nx1F3C,2026-08-28T06:25:53Z,3wyPJbJFHo4Fvu7Und18ezfHzbJFeq5FuiuZQzTTQAzrrC7RmAWXjXmonJge3e898SwmhStEUrJE6grUaYQ74KcV,INDEPENDENT_LIVE,LIVE_POST_CUTOVER
D9uY13MSvo6rBNmV9uAyoCSi8avjjmkKCXVb47gDrMfV,0,,,BfBqvwoNLVSEvrjukaRUdex72PEF234oY8RogGtqFRZv,1,7LscpY288mvuC8kBax5KhcxH9BucLs9cCndo2HUi5xWb,BfBqvwoNLVSEvrjukaRUdex72PEF234oY8RogGtqFRZv,2025-04-13T04:46:20Z,2aJ8NGSaeZKJm5v8QudFdiuKSG14nMrqTTnaYmcyo35mafRzFhLxGpa7xTv6iGu2Z4PaATJTAQD3JXGDvgZE7Nh3,7LscpY288mvuC8kBax5KhcxH9BucLs9cCndo2HUi5xWb,BfBqvwoNLVSEvrjukaRUdex72PEF234oY8RogGtqFRZv,2025-04-13T04:46:20Z,2aJ8NGSaeZKJm5v8QudFdiuKSG14nMrqTTnaYmcyo35mafRzFhLxGpa7xTv6iGu2Z4PaATJTAQD3JXGDvgZE7Nh3,2026-08-25T07:31:11.000Z,4rtP3LQdxEFrF724Pcfj9eTdaMqDrbmvi11ewwfNYdLQTN1Zi9niu13zAFrmkA5n1V2cgfjmM8vUtzGWXEcmBYKc,DUNE_LIVE,LIVE_POST_BASELINE
DD3RxiX3YD3mZxfNsUTVcux8wN9NVpjBHDpWmBqqfgnC,0,,,BfBqvwoNLVSEvrjukaRUdex72PEF234oY8RogGtqFRZv,1,7LscpY288mvuC8kBax5KhcxH9BucLs9cCndo2HUi5xWb,BfBqvwoNLVSEvrjukaRUdex72PEF234oY8RogGtqFRZv,2025-12-01T14:41:22Z,5btSAzuXxxi495CdBw8WkwyCMtGT6phxYA4pnXEZC3kuiVQwdpBVaABK7uQRiNcddsnWDbTWcwP9SAHUd3iNf9sz,7LscpY288mvuC8kBax5KhcxH9BucLs9cCndo2HUi5xWb,BfBqvwoNLVSEvrjukaRUdex72PEF234oY8RogGtqFRZv,2025-12-01T14:41:22Z,5btSAzuXxxi495CdBw8WkwyCMtGT6phxYA4pnXEZC3kuiVQwdpBVaABK7uQRiNcddsnWDbTWcwP9SAHUd3iNf9sz,2026-08-25T07:31:11.000Z,4rtP3LQdxEFrF724Pcfj9eTdaMqDrbmvi11ewwfNYdLQTN1Zi9niu13zAFrmkA5n1V2cgfjmM8vUtzGWXEcmBYKc,DUNE_LIVE,LIVE_POST_BASELINE
DFBNZBRDFFP4SF1PbjyBAY2DpKQFvcTLEjzSHFGv6dQ3,1,2026-08-24T15:31:42.000Z,4uNxNnK3Pnc9wk6JLT2kweSUZEMBc555gZjcanvgmnK6CQxfRuGuV4KBViyHx3Cr3NJEy9N556Dwex61nq1JSuw8,,0,,,2026-08-24T15:31:42.000Z,4uNxNnK3Pnc9wk6JLT2kweSUZEMBc555gZjcanvgmnK6CQxfRuGuV4KBViyHx3Cr3NJEy9N556Dwex61nq1JSuw8,,,,,,,,
DGzWNVVyXo25LeAkwp8TfCS4giUhhgWKQWAK2LmJjS4S,0,,,BfBqvwoNLVSEvrjukaRUdex72PEF234oY8RogGtqFRZv,1,7LscpY288mvuC8kBax5KhcxH9BucLs9cCndo2HUi5xWb,BfBqvwoNLVSEvrjukaRUdex72PEF234oY8RogGtqFRZv,2025-12-01T14:26:47Z,3xh7iBHCGyGQTyPLCEhaKy2CLf8RFu51RCMwtqqcPiTtTe6mwSoLxyHZoecLC2niZK1VdBM8jaLAs1yGsAGtWGD,7LscpY288mvuC8kBax5KhcxH9BucLs9cCndo2HUi5xWb,BfBqvwoNLVSEvrjukaRUdex72PEF234oY8RogGtqFRZv,2025-12-01T14:26:47Z,3xh7iBHCGyGQTyPLCEhaKy2CLf8RFu51RCMwtqqcPiTtTe6mwSoLxyHZoecLC2niZK1VdBM8jaLAs1yGsAGtWGD,2026-08-25T07:31:11.000Z,4rtP3LQdxEFrF724Pcfj9eTdaMqDrbmvi11ewwfNYdLQTN1Zi9niu13zAFrmkA5n1V2cgfjmM8vUtzGWXEcmBYKc,DUNE_LIVE,LIVE_POST_BASELINE
DHaskBdJqXpGqmYAi17UBDUsq9cp3J4AH4YXiD9kDwG2,0,,,BfBqvwoNLVSEvrjukaRUdex72PEF234oY8RogGtqFRZv,1,7LscpY288mvuC8kBax5KhcxH9BucLs9cCndo2HUi5xWb,BfBqvwoNLVSEvrjukaRUdex72PEF234oY8RogGtqFRZv,2025-12-01T14:41:05Z,5C3VrxjwLUSxq43tbeYUqfF5F3rxYwT1oUCfCJrUZh7KTuDAiQWUJ2UZcH4KP2d1f4aAgFmExis3J6akxuRtXLEE,7LscpY288mvuC8kBax5KhcxH9BucLs9cCndo2HUi5xWb,BfBqvwoNLVSEvrjukaRUdex72PEF234oY8RogGtqFRZv,2025-12-01T14:41:05Z,5C3VrxjwLUSxq43tbeYUqfF5F3rxYwT1oUCfCJrUZh7KTuDAiQWUJ2UZcH4KP2d1f4aAgFmExis3J6akxuRtXLEE,2026-08-25T07:31:11.000Z,4rtP3LQdxEFrF724Pcfj9eTdaMqDrbmvi11ewwfNYdLQTN1Zi9niu13zAFrmkA5n1V2cgfjmM8vUtzGWXEcmBYKc,DUNE_LIVE,LIVE_POST_BASELINE
DJ55573QdRQu6GZgxdPBfzbspGD2bqhgLNkwhconhGbZ,0,,,BfBqvwoNLVSEvrjukaRUdex72PEF234oY8RogGtqFRZv,1,7LscpY288mvuC8kBax5KhcxH9BucLs9cCndo2HUi5xWb,BfBqvwoNLVSEvrjukaRUdex72PEF234oY8RogGtqFRZv,2025-04-13T04:47:02Z,4hJqCXDudoz6cNH7MDq5gaFSs7ZbfU8WHvE72gFBHmsMBz7iajRmWAoHzdjyk6iNLB83PsTZtxEVtA85vg2uXJSd,7LscpY288mvuC8kBax5KhcxH9BucLs9cCndo2HUi5xWb,BfBqvwoNLVSEvrjukaRUdex72PEF234oY8RogGtqFRZv,2025-04-13T04:47:02Z,4hJqCXDudoz6cNH7MDq5gaFSs7ZbfU8WHvE72gFBHmsMBz7iajRmWAoHzdjyk6iNLB83PsTZtxEVtA85vg2uXJSd,2026-08-25T07:31:11.000Z,4rtP3LQdxEFrF724Pcfj9eTdaMqDrbmvi11ewwfNYdLQTN1Zi9niu13zAFrmkA5n1V2cgfjmM8vUtzGWXEcmBYKc,DUNE_LIVE,LIVE_POST_BASELINE
DJEajG5psYFnQmmjHQTLqrkJQwi3uzeLFDtmSRCRoGt1,0,,,38Bj4DFXhAkDxB6Atj66kdxGZfhZEC3ejRX1HDh1YFKj,1,8Vpqxxbon9s4Hnk2eMhysjx6XKjHiUgEUAm3MSq9yQv2,38Bj4DFXhAkDxB6Atj66kdxGZfhZEC3ejRX1HDh1YFKj,2025-04-26T14:24:54Z,4hUsJUnknXUF2esd6cQ9cJ3GyBAhK6niPAbKKBesCnFAwZbtT9ATe5gmPMWKD54tUfng7qw6rRx6twjdjMhigNww,8Vpqxxbon9s4Hnk2eMhysjx6XKjHiUgEUAm3MSq9yQv2,38Bj4DFXhAkDxB6Atj66kdxGZfhZEC3ejRX1HDh1YFKj,2025-04-26T14:24:54Z,4hUsJUnknXUF2esd6cQ9cJ3GyBAhK6niPAbKKBesCnFAwZbtT9ATe5gmPMWKD54tUfng7qw6rRx6twjdjMhigNww,2026-08-21T19:39:25.000Z,4AT1PFFkyADXcz2QFJi78yrTeP8dAhFkfWJU5JCvpEx2a7pWsAxn14owrdqpvwkTU7bAzxxCYoBijEksgty9W6qe,DUNE_LIVE,LIVE_POST_BASELINE
DJrvEWmqSeV4FXgDiyFssKDCDDMH3XNv99YoairvAjAo,0,,,BCdR4tGAsJCV2PiD4y7LvUgSpoKhaEqj9cWLA68hCkzA,1,2hx9Je3RCTArTNhWJ4JYKreKxa1NPdTQqXZyBrgtUiKS,BCdR4tGAsJCV2PiD4y7LvUgSpoKhaEqj9cWLA68hCkzA,2024-01-16T20:53:31Z,4LwNVEB1eRzpie9iG3hbLbmhMA83Kc4DBPBjAuWkduSKovs4xzg9Xm7skEprZadbBkQ4njULgWNJaF83JkV4Pndn,2hx9Je3RCTArTNhWJ4JYKreKxa1NPdTQqXZyBrgtUiKS,BCdR4tGAsJCV2PiD4y7LvUgSpoKhaEqj9cWLA68hCkzA,2024-01-16T20:53:31Z,4LwNVEB1eRzpie9iG3hbLbmhMA83Kc4DBPBjAuWkduSKovs4xzg9Xm7skEprZadbBkQ4njULgWNJaF83JkV4Pndn,2026-08-28T07:33:31Z,3WnMgm1LaiyZF2QCBQCTGZxjKwxzixaRBAx5TYVVxU6iycjepqfBCzFeHYMVPPtNuwzRpoycy5tvW8jd3JHkLV6F,INDEPENDENT_LIVE,LIVE_POST_CUTOVER
DKqvqB7Q5CzKVcjNPAGu1oV2S1mWv4H3CoGvegRaLJ38,0,,,8TAx5eRzjvYioRmc83vrzWuEzhav63ccEs7ZuzndxddU,1,Cwg4F9HnwEKktX662TLjYvUjvZStpQHss9BasJYSaGPj,8TAx5eRzjvYioRmc83vrzWuEzhav63ccEs7ZuzndxddU,2026-02-07T15:33:37Z,4hsFkSVweEgEHfZhVd4NfVHaF6Fk8yci6jNYFsAtgivBzd6S7RWGe9BhWDpdHJLzoWtjD27WCRn5HksR437QZAM6,Cwg4F9HnwEKktX662TLjYvUjvZStpQHss9BasJYSaGPj,8TAx5eRzjvYioRmc83vrzWuEzhav63ccEs7ZuzndxddU,2026-02-07T15:33:37Z,4hsFkSVweEgEHfZhVd4NfVHaF6Fk8yci6jNYFsAtgivBzd6S7RWGe9BhWDpdHJLzoWtjD27WCRn5HksR437QZAM6,2026-08-28T06:25:53Z,3wyPJbJFHo4Fvu7Und18ezfHzbJFeq5FuiuZQzTTQAzrrC7RmAWXjXmonJge3e898SwmhStEUrJE6grUaYQ74KcV,INDEPENDENT_LIVE,LIVE_POST_CUTOVER
DNg955F6BdBQ8P9od9WhbZer53wVofq2dnBcn5oQYoRx,0,,,FYL4LRChq2a6w8PenydNEd1ExoKpBVNpueitXAXanSGy,1,FpqrjWJpTNwv1b1nu3Kouzn7KRZeAxcvyXfHgkGFQ9Gd,FYL4LRChq2a6w8PenydNEd1ExoKpBVNpueitXAXanSGy,2025-04-19T15:08:05Z,GkPGogg8zb4Y8Y9fbxPFaGHjbT4VwzdtmCWEmndZPw5JQRQHQBtJQ8VF61z7Y1pcLTdBhVQdPQpx1Syi9RmJtqQ,FpqrjWJpTNwv1b1nu3Kouzn7KRZeAxcvyXfHgkGFQ9Gd,FYL4LRChq2a6w8PenydNEd1ExoKpBVNpueitXAXanSGy,2025-04-19T15:08:05Z,GkPGogg8zb4Y8Y9fbxPFaGHjbT4VwzdtmCWEmndZPw5JQRQHQBtJQ8VF61z7Y1pcLTdBhVQdPQpx1Syi9RmJtqQ,2026-08-24T04:22:35.000Z,5oK95ozVzmUYxqJmZd7NLGb2U4oYDLVTieQMPA7TJve19iKQ41uaDdvJ8VHYNmcxSnH1A7BK2NrfTFFcJbTUKTey,DUNE_LIVE,LIVE_POST_BASELINE
DP1WrLYnE77GW5EfYk7DWZVuhLfZvj83kZ4SucJzYKzF,0,,,Db1meMQEgj8dCwzhR5W6coWt1yV4iEaQsYPKKDyGRUqW,1,Do9VaY2ru9QtaTWdhmuwc2Z9rj4rZ7D6EShdLTvxnp6h,Db1meMQEgj8dCwzhR5W6coWt1yV4iEaQsYPKKDyGRUqW,2025-04-14T13:06:49Z,5sBy2LTecyuWaVMFzrFnUhShbF5WeB6KPShYmTPhFCgomUQujNmxnsCsBR96MNYmjehSwxrcQzZHWE29eyd22QGr,Do9VaY2ru9QtaTWdhmuwc2Z9rj4rZ7D6EShdLTvxnp6h,Db1meMQEgj8dCwzhR5W6coWt1yV4iEaQsYPKKDyGRUqW,2025-04-14T13:06:49Z,5sBy2LTecyuWaVMFzrFnUhShbF5WeB6KPShYmTPhFCgomUQujNmxnsCsBR96MNYmjehSwxrcQzZHWE29eyd22QGr,2026-08-26T21:34:16Z,5y9KKMidZA2pNm3QLD2z2j7BfPbwsAQt6HEVyCQMK7sSkCy7PRQUy35JJG3GRnTBDLDeD6YVxYpw9nXSayk6pTiK,INDEPENDENT_LIVE,LIVE_POST_CUTOVER
DPjXcrFN3ANaeQhjLqEioi4VuLT1dzuDAHSn7kmyQpvL,0,,,Db1meMQEgj8dCwzhR5W6coWt1yV4iEaQsYPKKDyGRUqW,1,Do9VaY2ru9QtaTWdhmuwc2Z9rj4rZ7D6EShdLTvxnp6h,Db1meMQEgj8dCwzhR5W6coWt1yV4iEaQsYPKKDyGRUqW,2025-08-23T13:26:24Z,hgMEDcbpm9g2oum14iPc13BLBSmvApGXdwu3CzK9ooeRGexbZJ4yQUjLzwqMCRoGAazCRCroE3HxmqeJRyzEQ41,Do9VaY2ru9QtaTWdhmuwc2Z9rj4rZ7D6EShdLTvxnp6h,Db1meMQEgj8dCwzhR5W6coWt1yV4iEaQsYPKKDyGRUqW,2025-08-23T13:26:24Z,hgMEDcbpm9g2oum14iPc13BLBSmvApGXdwu3CzK9ooeRGexbZJ4yQUjLzwqMCRoGAazCRCroE3HxmqeJRyzEQ41,2026-08-26T21:34:16Z,5y9KKMidZA2pNm3QLD2z2j7BfPbwsAQt6HEVyCQMK7sSkCy7PRQUy35JJG3GRnTBDLDeD6YVxYpw9nXSayk6pTiK,INDEPENDENT_LIVE,LIVE_POST_CUTOVER
DPoow8VmW5p1BCkof6LqtAbcMV8DJJSYQhYUdXch29em,0,,,BfBqvwoNLVSEvrjukaRUdex72PEF234oY8RogGtqFRZv,1,7LscpY288mvuC8kBax5KhcxH9BucLs9cCndo2HUi5xWb,BfBqvwoNLVSEvrjukaRUdex72PEF234oY8RogGtqFRZv,2025-12-01T14:21:11Z,5YYE9vxiHZxrp4zGyXvwJzEzvMpjTHvfS1RRFVHtriq4dm2Ax6mzngBUCrHUbFc35SKiecMHYU7ey4jE5ZouYk69,7LscpY288mvuC8kBax5KhcxH9BucLs9cCndo2HUi5xWb,BfBqvwoNLVSEvrjukaRUdex72PEF234oY8RogGtqFRZv,2025-12-01T14:21:11Z,5YYE9vxiHZxrp4zGyXvwJzEzvMpjTHvfS1RRFVHtriq4dm2Ax6mzngBUCrHUbFc35SKiecMHYU7ey4jE5ZouYk69,2026-08-25T07:31:11.000Z,4rtP3LQdxEFrF724Pcfj9eTdaMqDrbmvi11ewwfNYdLQTN1Zi9niu13zAFrmkA5n1V2cgfjmM8vUtzGWXEcmBYKc,DUNE_LIVE,LIVE_POST_BASELINE
DRgSY6thjRrww3orXvbRTauHypTEdrdznFjfBBSED14j,0,,,BfBqvwoNLVSEvrjukaRUdex72PEF234oY8RogGtqFRZv,1,7LscpY288mvuC8kBax5KhcxH9BucLs9cCndo2HUi5xWb,BfBqvwoNLVSEvrjukaRUdex72PEF234oY8RogGtqFRZv,2025-12-01T14:45:34Z,5NfxoBUtycsB4EreDPsxuGyGxo8Rm3AMEP4EkaPMw1Zc15zPaJcVX1dYX1ATgK2bTtkGGJViBpKbcTx3wBFd44tR,7LscpY288mvuC8kBax5KhcxH9BucLs9cCndo2HUi5xWb,BfBqvwoNLVSEvrjukaRUdex72PEF234oY8RogGtqFRZv,2025-12-01T14:45:34Z,5NfxoBUtycsB4EreDPsxuGyGxo8Rm3AMEP4EkaPMw1Zc15zPaJcVX1dYX1ATgK2bTtkGGJViBpKbcTx3wBFd44tR,2026-08-25T07:31:11.000Z,4rtP3LQdxEFrF724Pcfj9eTdaMqDrbmvi11ewwfNYdLQTN1Zi9niu13zAFrmkA5n1V2cgfjmM8vUtzGWXEcmBYKc,DUNE_LIVE,LIVE_POST_BASELINE
DRmDuEtfKnMGEpF84gT3CTRHSMVQhbyuyAPeNfDuc2Yh,0,,,BfBqvwoNLVSEvrjukaRUdex72PEF234oY8RogGtqFRZv,1,7LscpY288mvuC8kBax5KhcxH9BucLs9cCndo2HUi5xWb,BfBqvwoNLVSEvrjukaRUdex72PEF234oY8RogGtqFRZv,2025-12-01T14:29:07Z,4x9jUofFtGSEqM9Ep1K9Cdz2muxAxVLW3LxQCD4jETK4mTzyT11qak7HMCsougDwQVoPWFMQiKgbXvfCu3HHvBkS,7LscpY288mvuC8kBax5KhcxH9BucLs9cCndo2HUi5xWb,BfBqvwoNLVSEvrjukaRUdex72PEF234oY8RogGtqFRZv,2025-12-01T14:29:07Z,4x9jUofFtGSEqM9Ep1K9Cdz2muxAxVLW3LxQCD4jETK4mTzyT11qak7HMCsougDwQVoPWFMQiKgbXvfCu3HHvBkS,2026-08-25T07:31:11.000Z,4rtP3LQdxEFrF724Pcfj9eTdaMqDrbmvi11ewwfNYdLQTN1Zi9niu13zAFrmkA5n1V2cgfjmM8vUtzGWXEcmBYKc,DUNE_LIVE,LIVE_POST_BASELINE
DRp1fiSZCR9NaHxJZmFMQzMDYUpnGVmSTFqgc7PPu3NH,0,,,DM5YNogviE6YxVESWYG9TaZ9q4qiBLAJmxnA1LQRFMGZ,1,B1Pv8HZNHGdXC8qTsNGLCJKpnoetE2Y52RyeoJW9pE5Z,DM5YNogviE6YxVESWYG9TaZ9q4qiBLAJmxnA1LQRFMGZ,2026-04-09T04:02:08Z,2bSjZHgdxLAvnHwCqXR17neyArpUT1mc7NZmLWynz8Z4JsXQMLR5y7EWgT4ofDDmpCtBgKAKazNkXWe5cRUV2HRD,B1Pv8HZNHGdXC8qTsNGLCJKpnoetE2Y52RyeoJW9pE5Z,DM5YNogviE6YxVESWYG9TaZ9q4qiBLAJmxnA1LQRFMGZ,2026-04-09T04:02:08Z,2bSjZHgdxLAvnHwCqXR17neyArpUT1mc7NZmLWynz8Z4JsXQMLR5y7EWgT4ofDDmpCtBgKAKazNkXWe5cRUV2HRD,2026-08-31T09:39:48Z,5rqET3n1SkPB9jrcz8yM3KNBt6b2Q925G69tDBYwhL5yd6cLZzD3gSDSSgsbFqwtJkuaCoAvuRNq3eCNaKxhpdWi,INDEPENDENT_LIVE,LIVE_POST_CUTOVER
DU7kAwziW6cdfGozepaoB2XerAku4LxS2wmyWS563t5k,1,2026-08-24T15:31:42.000Z,2qACpujW8iXsHDko7AytBTPd4zKb23FhpwXaCD9u2y9vBpbUqXi4GaPkurEXWd33qXCzK7kvDydBDWbiHRotbsty,,0,,,2026-08-24T15:31:42.000Z,2qACpujW8iXsHDko7AytBTPd4zKb23FhpwXaCD9u2y9vBpbUqXi4GaPkurEXWd33qXCzK7kvDydBDWbiHRotbsty,,,,,,,,
DVEFe6GaNeYz5hpi8znN7CXQBx3CwatXFu8W5diQdjKS,0,,,BfBqvwoNLVSEvrjukaRUdex72PEF234oY8RogGtqFRZv,1,7LscpY288mvuC8kBax5KhcxH9BucLs9cCndo2HUi5xWb,BfBqvwoNLVSEvrjukaRUdex72PEF234oY8RogGtqFRZv,2025-12-01T14:43:05Z,2e9HvvGnURtH7LYkfuB8gst91UBcv6Q3AmsCVx9jo8RSr7WBSbJjMg7wWo19chR84oPfhA2gHTojengZbuPNiohB,7LscpY288mvuC8kBax5KhcxH9BucLs9cCndo2HUi5xWb,BfBqvwoNLVSEvrjukaRUdex72PEF234oY8RogGtqFRZv,2025-12-01T14:43:05Z,2e9HvvGnURtH7LYkfuB8gst91UBcv6Q3AmsCVx9jo8RSr7WBSbJjMg7wWo19chR84oPfhA2gHTojengZbuPNiohB,2026-08-25T07:31:11.000Z,4rtP3LQdxEFrF724Pcfj9eTdaMqDrbmvi11ewwfNYdLQTN1Zi9niu13zAFrmkA5n1V2cgfjmM8vUtzGWXEcmBYKc,DUNE_LIVE,LIVE_POST_BASELINE
DWM6kwNJqS2n6eZzXbLXEFaQv3AWm8eWCXWVkBoiB4UK,0,,,38Bj4DFXhAkDxB6Atj66kdxGZfhZEC3ejRX1HDh1YFKj,1,8Vpqxxbon9s4Hnk2eMhysjx6XKjHiUgEUAm3MSq9yQv2,38Bj4DFXhAkDxB6Atj66kdxGZfhZEC3ejRX1HDh1YFKj,2025-04-26T14:26:03Z,54EEpgHkVPfHQ1a3jhC2KmJPhfs1vUkhCU2YZdyinAz6HK2bKFyiB2Fpw3TFSfudZfpotzrwFfKwv4eaNJBpF7vL,8Vpqxxbon9s4Hnk2eMhysjx6XKjHiUgEUAm3MSq9yQv2,38Bj4DFXhAkDxB6Atj66kdxGZfhZEC3ejRX1HDh1YFKj,2025-04-26T14:26:03Z,54EEpgHkVPfHQ1a3jhC2KmJPhfs1vUkhCU2YZdyinAz6HK2bKFyiB2Fpw3TFSfudZfpotzrwFfKwv4eaNJBpF7vL,2026-08-21T19:39:25.000Z,4AT1PFFkyADXcz2QFJi78yrTeP8dAhFkfWJU5JCvpEx2a7pWsAxn14owrdqpvwkTU7bAzxxCYoBijEksgty9W6qe,DUNE_LIVE,LIVE_POST_BASELINE
DWnmFMH8zKTKF7xpChsFXnAddzGAojmf8LHMraDc2LL4,0,,,8TAx5eRzjvYioRmc83vrzWuEzhav63ccEs7ZuzndxddU,1,Cwg4F9HnwEKktX662TLjYvUjvZStpQHss9BasJYSaGPj,8TAx5eRzjvYioRmc83vrzWuEzhav63ccEs7ZuzndxddU,2022-08-20T08:27:15Z,41Bv958AEhxVTw8e1mb1f2PpuQnwNpg3RL2ZE8sd7cdKDpmhzSH6KYbg25X7Ng5bc5pKUJC3TZcBKJh5VmzzVxCy,Cwg4F9HnwEKktX662TLjYvUjvZStpQHss9BasJYSaGPj,8TAx5eRzjvYioRmc83vrzWuEzhav63ccEs7ZuzndxddU,2022-08-20T08:27:15Z,41Bv958AEhxVTw8e1mb1f2PpuQnwNpg3RL2ZE8sd7cdKDpmhzSH6KYbg25X7Ng5bc5pKUJC3TZcBKJh5VmzzVxCy,2026-08-28T06:25:53Z,3wyPJbJFHo4Fvu7Und18ezfHzbJFeq5FuiuZQzTTQAzrrC7RmAWXjXmonJge3e898SwmhStEUrJE6grUaYQ74KcV,INDEPENDENT_LIVE,LIVE_POST_CUTOVER
DXFFoyy1k13pUAAP9FQaNa7UkhCkoHtTwxdDxoXvivYr,0,,,8TAx5eRzjvYioRmc83vrzWuEzhav63ccEs7ZuzndxddU,1,Cwg4F9HnwEKktX662TLjYvUjvZStpQHss9BasJYSaGPj,8TAx5eRzjvYioRmc83vrzWuEzhav63ccEs7ZuzndxddU,2023-04-13T19:22:50Z,5mv9oeLtsN8Df1LjXsSyZ1FGVLC5xHd4nDtGnCDPFg1Vb26DPT1XN2tDfPdjA2fPZr66H7MzPzE7eVzkYQjC4iGw,Cwg4F9HnwEKktX662TLjYvUjvZStpQHss9BasJYSaGPj,8TAx5eRzjvYioRmc83vrzWuEzhav63ccEs7ZuzndxddU,2023-04-13T19:22:50Z,5mv9oeLtsN8Df1LjXsSyZ1FGVLC5xHd4nDtGnCDPFg1Vb26DPT1XN2tDfPdjA2fPZr66H7MzPzE7eVzkYQjC4iGw,2026-08-28T06:25:53Z,3wyPJbJFHo4Fvu7Und18ezfHzbJFeq5FuiuZQzTTQAzrrC7RmAWXjXmonJge3e898SwmhStEUrJE6grUaYQ74KcV,INDEPENDENT_LIVE,LIVE_POST_CUTOVER
Da2cyXpL6g2CYU9Yi3umwDkWriBjeC8S3RYtPNmrFtKt,0,,,7nxj4danuBXVjct9ve56D6fE6Yx6iHWcHWDv8ik75q6j,1,6vmoJLFeVHCnrm2XpDPd6EYdRrkG2hcg8CAyr4Sy5ALZ,7nxj4danuBXVjct9ve56D6fE6Yx6iHWcHWDv8ik75q6j,2025-10-15T21:22:11+00:00,3PAJ2VGmgivSLa426Xxt6Zr1yhe7U8cWtFiWVFAQGZRarpCyLmcXaLWBJW3G1rPJqVWvmTJdTquLsUWhgJapLBBT,6vmoJLFeVHCnrm2XpDPd6EYdRrkG2hcg8CAyr4Sy5ALZ,7nxj4danuBXVjct9ve56D6fE6Yx6iHWcHWDv8ik75q6j,2025-10-15T21:22:11+00:00,3PAJ2VGmgivSLa426Xxt6Zr1yhe7U8cWtFiWVFAQGZRarpCyLmcXaLWBJW3G1rPJqVWvmTJdTquLsUWhgJapLBBT,2026-08-28T21:17:36Z,3BpkuDNGr3YDL3fV3yBZprmCnrBsjK6h5CpK6kC9SVGhRkPU7bXMppxgfdwYR3B2auxmz7U4T73PXB4cDhPK4ybc,INDEPENDENT_LIVE,LIVE_POST_CUTOVER
Dc5xUAx7iAjwBUSa5baabF1Ce7kdzabHQQMr8Gb6cK2c,0,,,BCdR4tGAsJCV2PiD4y7LvUgSpoKhaEqj9cWLA68hCkzA,1,2hx9Je3RCTArTNhWJ4JYKreKxa1NPdTQqXZyBrgtUiKS,BCdR4tGAsJCV2PiD4y7LvUgSpoKhaEqj9cWLA68hCkzA,2024-01-16T20:53:04Z,4BvaNCjKuVhfCdLE4WxaK7zMnAJfMeBy5wVFkFyP82Sz12J7Yq4pbW3gmpbwDdPEL6LztVEpiCgtEFynoMwH3Dht,2hx9Je3RCTArTNhWJ4JYKreKxa1NPdTQqXZyBrgtUiKS,BCdR4tGAsJCV2PiD4y7LvUgSpoKhaEqj9cWLA68hCkzA,2024-01-16T20:53:04Z,4BvaNCjKuVhfCdLE4WxaK7zMnAJfMeBy5wVFkFyP82Sz12J7Yq4pbW3gmpbwDdPEL6LztVEpiCgtEFynoMwH3Dht,2026-08-28T07:33:31Z,3WnMgm1LaiyZF2QCBQCTGZxjKwxzixaRBAx5TYVVxU6iycjepqfBCzFeHYMVPPtNuwzRpoycy5tvW8jd3JHkLV6F,INDEPENDENT_LIVE,LIVE_POST_CUTOVER
DeBfpy8vGmz4ByEHEupGKU9fsJu2u13Brv1ZqF7etHLZ,0,,,BfBqvwoNLVSEvrjukaRUdex72PEF234oY8RogGtqFRZv,1,7LscpY288mvuC8kBax5KhcxH9BucLs9cCndo2HUi5xWb,BfBqvwoNLVSEvrjukaRUdex72PEF234oY8RogGtqFRZv,2025-12-01T14:46:42Z,cTi6NgBagZButgzzLGodRaE28zDecRxA9QPQb72GXByz7Ee3DFPzUsf1nTELVeQEHb4R7Ja3BsPz1CF1E9ogsDN,7LscpY288mvuC8kBax5KhcxH9BucLs9cCndo2HUi5xWb,BfBqvwoNLVSEvrjukaRUdex72PEF234oY8RogGtqFRZv,2025-12-01T14:46:42Z,cTi6NgBagZButgzzLGodRaE28zDecRxA9QPQb72GXByz7Ee3DFPzUsf1nTELVeQEHb4R7Ja3BsPz1CF1E9ogsDN,2026-08-25T07:31:11.000Z,4rtP3LQdxEFrF724Pcfj9eTdaMqDrbmvi11ewwfNYdLQTN1Zi9niu13zAFrmkA5n1V2cgfjmM8vUtzGWXEcmBYKc,DUNE_LIVE,LIVE_POST_BASELINE
Dg8EzUxKvDqJP4NpxiyN3pf1uFbveSPLupe4PmzSvDJA,0,,,8TAx5eRzjvYioRmc83vrzWuEzhav63ccEs7ZuzndxddU,1,Cwg4F9HnwEKktX662TLjYvUjvZStpQHss9BasJYSaGPj,8TAx5eRzjvYioRmc83vrzWuEzhav63ccEs7ZuzndxddU,2026-02-22T16:20:38Z,3RxbuBX8vDTPAzeHMetNexZ3539n433tptutvG3KhfWruzibD3XMZPXAKbo31DxXZbjVx3W3uyAXZQTvmzStrRc6,Cwg4F9HnwEKktX662TLjYvUjvZStpQHss9BasJYSaGPj,8TAx5eRzjvYioRmc83vrzWuEzhav63ccEs7ZuzndxddU,2026-02-22T16:20:38Z,3RxbuBX8vDTPAzeHMetNexZ3539n433tptutvG3KhfWruzibD3XMZPXAKbo31DxXZbjVx3W3uyAXZQTvmzStrRc6,2026-08-28T06:25:53Z,3wyPJbJFHo4Fvu7Und18ezfHzbJFeq5FuiuZQzTTQAzrrC7RmAWXjXmonJge3e898SwmhStEUrJE6grUaYQ74KcV,INDEPENDENT_LIVE,LIVE_POST_CUTOVER
DgVn3Nd7qoGhq41wxAVggpkC5CZvFxydt9zDy3CdFz56,0,,,DM5YNogviE6YxVESWYG9TaZ9q4qiBLAJmxnA1LQRFMGZ,1,B1Pv8HZNHGdXC8qTsNGLCJKpnoetE2Y52RyeoJW9pE5Z,DM5YNogviE6YxVESWYG9TaZ9q4qiBLAJmxnA1LQRFMGZ,2026-08-31T09:38:39Z,5p88HrF3JK1ige1Uar8QwaduJNkZ9VrtbF4ztCSedpiamFwDFJQmVYzCKYbrUiG5iYsMozZLhA5QCZBKZG6zeF99,B1Pv8HZNHGdXC8qTsNGLCJKpnoetE2Y52RyeoJW9pE5Z,DM5YNogviE6YxVESWYG9TaZ9q4qiBLAJmxnA1LQRFMGZ,2026-08-31T09:38:39Z,5p88HrF3JK1ige1Uar8QwaduJNkZ9VrtbF4ztCSedpiamFwDFJQmVYzCKYbrUiG5iYsMozZLhA5QCZBKZG6zeF99,2026-08-31T09:39:48Z,5rqET3n1SkPB9jrcz8yM3KNBt6b2Q925G69tDBYwhL5yd6cLZzD3gSDSSgsbFqwtJkuaCoAvuRNq3eCNaKxhpdWi,INDEPENDENT_LIVE,LIVE_POST_CUTOVER
DmTiZarfEF8oLtBgNEyBXmQFHa2WmPVuidpQo8o7Qtxy,0,,,DM5YNogviE6YxVESWYG9TaZ9q4qiBLAJmxnA1LQRFMGZ,1,B1Pv8HZNHGdXC8qTsNGLCJKpnoetE2Y52RyeoJW9pE5Z,DM5YNogviE6YxVESWYG9TaZ9q4qiBLAJmxnA1LQRFMGZ,2025-10-30T16:21:51Z,stgXMC3cZceYa4fAGZUnWJeyuC2Y8W8uLuAzxnqnVA7fMVb68bAgvKHPUXR6b1sVz3vaJ5eBKrHNk3xdteR7kxo,B1Pv8HZNHGdXC8qTsNGLCJKpnoetE2Y52RyeoJW9pE5Z,DM5YNogviE6YxVESWYG9TaZ9q4qiBLAJmxnA1LQRFMGZ,2025-10-30T16:21:51Z,stgXMC3cZceYa4fAGZUnWJeyuC2Y8W8uLuAzxnqnVA7fMVb68bAgvKHPUXR6b1sVz3vaJ5eBKrHNk3xdteR7kxo,2026-08-31T09:39:48Z,5rqET3n1SkPB9jrcz8yM3KNBt6b2Q925G69tDBYwhL5yd6cLZzD3gSDSSgsbFqwtJkuaCoAvuRNq3eCNaKxhpdWi,INDEPENDENT_LIVE,LIVE_POST_CUTOVER
DmnrGy3KBPSVcaTrPRhzH9yMYxbmw1vQMguzyiN3wetS,0,,,BfBqvwoNLVSEvrjukaRUdex72PEF234oY8RogGtqFRZv,1,7LscpY288mvuC8kBax5KhcxH9BucLs9cCndo2HUi5xWb,BfBqvwoNLVSEvrjukaRUdex72PEF234oY8RogGtqFRZv,2025-12-01T14:28:20Z,1TCw62HTckUTxVG3XU8bWtL6VXsQJwTctS1mpCSANxU7x2X9qxpzohKYqEDDxQPjmnkofdfJEzApUuzJysykH8w,7LscpY288mvuC8kBax5KhcxH9BucLs9cCndo2HUi5xWb,BfBqvwoNLVSEvrjukaRUdex72PEF234oY8RogGtqFRZv,2025-12-01T14:28:20Z,1TCw62HTckUTxVG3XU8bWtL6VXsQJwTctS1mpCSANxU7x2X9qxpzohKYqEDDxQPjmnkofdfJEzApUuzJysykH8w,2026-08-25T07:31:11.000Z,4rtP3LQdxEFrF724Pcfj9eTdaMqDrbmvi11ewwfNYdLQTN1Zi9niu13zAFrmkA5n1V2cgfjmM8vUtzGWXEcmBYKc,DUNE_LIVE,LIVE_POST_BASELINE
DnCP1JqUPekAP2nLwFJM4XUUxNcrLUHQ2AWNQtRGmKcj,0,,,CqNYeYsqQ8B7WXuo3EJrUe8ZXL7Jwd8esprgfJ5dy8Ks,1,J5PmDvfYhrsmeqeo8MxtJiQu4p2dE6uVAF4wiFKvLQBQ,CqNYeYsqQ8B7WXuo3EJrUe8ZXL7Jwd8esprgfJ5dy8Ks,2022-06-01T17:12:09+00:00,Vmpj569LGFbENB4vcC5wQ4ps19HrrxXLq39W2sWG4qjXRZ6RAsEhzHwbnwNAoe6yUKdYKpWoL11TaDuoQPgBbD7,J5PmDvfYhrsmeqeo8MxtJiQu4p2dE6uVAF4wiFKvLQBQ,CqNYeYsqQ8B7WXuo3EJrUe8ZXL7Jwd8esprgfJ5dy8Ks,2022-06-01T17:12:09+00:00,Vmpj569LGFbENB4vcC5wQ4ps19HrrxXLq39W2sWG4qjXRZ6RAsEhzHwbnwNAoe6yUKdYKpWoL11TaDuoQPgBbD7,2026-08-30T02:38:23Z,2NdWdgrvAL9Coz9Au1AWsj7hNDHKXjGqK5pVVjLCyR6cS55DwaRhT4mS9iU5ehpstKwp6DwrAGeWrpNCMjQJVNSN,INDEPENDENT_LIVE,LIVE_POST_CUTOVER
DpHAL72dQceWM8iXoKh6JKx3UYhYwtD7dioATYMG42rm,0,,,DM5YNogviE6YxVESWYG9TaZ9q4qiBLAJmxnA1LQRFMGZ,1,B1Pv8HZNHGdXC8qTsNGLCJKpnoetE2Y52RyeoJW9pE5Z,DM5YNogviE6YxVESWYG9TaZ9q4qiBLAJmxnA1LQRFMGZ,2025-04-15T02:20:46Z,4XRYMPucdr6eidFKwmH9VQsXYAuL6KqtcyuR4ETJTuHAgXoDpmxRkDzTnVkiXs6B3DhjihLUstPUzkcFeeJto39h,B1Pv8HZNHGdXC8qTsNGLCJKpnoetE2Y52RyeoJW9pE5Z,DM5YNogviE6YxVESWYG9TaZ9q4qiBLAJmxnA1LQRFMGZ,2025-04-15T02:20:46Z,4XRYMPucdr6eidFKwmH9VQsXYAuL6KqtcyuR4ETJTuHAgXoDpmxRkDzTnVkiXs6B3DhjihLUstPUzkcFeeJto39h,2026-08-31T09:39:48Z,5rqET3n1SkPB9jrcz8yM3KNBt6b2Q925G69tDBYwhL5yd6cLZzD3gSDSSgsbFqwtJkuaCoAvuRNq3eCNaKxhpdWi,INDEPENDENT_LIVE,LIVE_POST_CUTOVER
DqLEfGTvQspS88J2bAScQrrWVwUHqkTZP1huQC9LaGdq,0,,,8TAx5eRzjvYioRmc83vrzWuEzhav63ccEs7ZuzndxddU,1,Cwg4F9HnwEKktX662TLjYvUjvZStpQHss9BasJYSaGPj,8TAx5eRzjvYioRmc83vrzWuEzhav63ccEs7ZuzndxddU,2023-08-02T18:42:50Z,2MPSQ5QazNCxfMVw2TJ9PeMutxGxGfVFfTKaPGF9mjbsC9RPPfaLpqmQ5cJiQcZYGUi5NbwjYLgSgZJxLv2C9taE,Cwg4F9HnwEKktX662TLjYvUjvZStpQHss9BasJYSaGPj,8TAx5eRzjvYioRmc83vrzWuEzhav63ccEs7ZuzndxddU,2023-08-02T18:42:50Z,2MPSQ5QazNCxfMVw2TJ9PeMutxGxGfVFfTKaPGF9mjbsC9RPPfaLpqmQ5cJiQcZYGUi5NbwjYLgSgZJxLv2C9taE,2026-08-28T06:25:53Z,3wyPJbJFHo4Fvu7Und18ezfHzbJFeq5FuiuZQzTTQAzrrC7RmAWXjXmonJge3e898SwmhStEUrJE6grUaYQ74KcV,INDEPENDENT_LIVE,LIVE_POST_CUTOVER
DsE7X6enEdZ5fUqUAmX6dnLmM9Kr7NH5UsP3WwUxdrDB,0,,,8TAx5eRzjvYioRmc83vrzWuEzhav63ccEs7ZuzndxddU,1,Cwg4F9HnwEKktX662TLjYvUjvZStpQHss9BasJYSaGPj,8TAx5eRzjvYioRmc83vrzWuEzhav63ccEs7ZuzndxddU,2022-07-06T04:47:36Z,smuEPFnCEf2hPiFGUQyPnDZ3kH5E2nD8kVsHe8eVYaDHGQkTcCXpoWnXFdRXCvW87KWXQLNBrV7kjsd2iHNebQx,Cwg4F9HnwEKktX662TLjYvUjvZStpQHss9BasJYSaGPj,8TAx5eRzjvYioRmc83vrzWuEzhav63ccEs7ZuzndxddU,2022-07-06T04:47:36Z,smuEPFnCEf2hPiFGUQyPnDZ3kH5E2nD8kVsHe8eVYaDHGQkTcCXpoWnXFdRXCvW87KWXQLNBrV7kjsd2iHNebQx,2026-08-28T06:25:53Z,3wyPJbJFHo4Fvu7Und18ezfHzbJFeq5FuiuZQzTTQAzrrC7RmAWXjXmonJge3e898SwmhStEUrJE6grUaYQ74KcV,INDEPENDENT_LIVE,LIVE_POST_CUTOVER
DtpRXpPNjAqAvfCpNW7ZooJqsHun6EwS9r2rXra58HYB,0,,,BfBqvwoNLVSEvrjukaRUdex72PEF234oY8RogGtqFRZv,1,7LscpY288mvuC8kBax5KhcxH9BucLs9cCndo2HUi5xWb,BfBqvwoNLVSEvrjukaRUdex72PEF234oY8RogGtqFRZv,2025-12-01T14:46:33Z,67pm4QdgTqjaY7NHEWU9rTUkPdgpTmqCUQtcG9tySnXBGAtXKxg1bnqUVGFTPv5X6xzGknsddRSwaYFQjwddnPW,7LscpY288mvuC8kBax5KhcxH9BucLs9cCndo2HUi5xWb,BfBqvwoNLVSEvrjukaRUdex72PEF234oY8RogGtqFRZv,2025-12-01T14:46:33Z,67pm4QdgTqjaY7NHEWU9rTUkPdgpTmqCUQtcG9tySnXBGAtXKxg1bnqUVGFTPv5X6xzGknsddRSwaYFQjwddnPW,2026-08-25T07:31:11.000Z,4rtP3LQdxEFrF724Pcfj9eTdaMqDrbmvi11ewwfNYdLQTN1Zi9niu13zAFrmkA5n1V2cgfjmM8vUtzGWXEcmBYKc,DUNE_LIVE,LIVE_POST_BASELINE
DuYPtTSNZ7xx5nbamLj9FnbM82qZyjzYMhctiPw3X4oz,0,,,BfBqvwoNLVSEvrjukaRUdex72PEF234oY8RogGtqFRZv,1,7LscpY288mvuC8kBax5KhcxH9BucLs9cCndo2HUi5xWb,BfBqvwoNLVSEvrjukaRUdex72PEF234oY8RogGtqFRZv,2025-12-01T14:33:03Z,3XQe2an4PHH1bSF1JWjxHVLvta2Qa8RgZzeJAMJDwiksGvBrHazYF1Fo9aTxoRaLVyHniB8ZaJ3G44E4Yb9jnGnS,7LscpY288mvuC8kBax5KhcxH9BucLs9cCndo2HUi5xWb,BfBqvwoNLVSEvrjukaRUdex72PEF234oY8RogGtqFRZv,2025-12-01T14:33:03Z,3XQe2an4PHH1bSF1JWjxHVLvta2Qa8RgZzeJAMJDwiksGvBrHazYF1Fo9aTxoRaLVyHniB8ZaJ3G44E4Yb9jnGnS,2026-08-25T07:31:11.000Z,4rtP3LQdxEFrF724Pcfj9eTdaMqDrbmvi11ewwfNYdLQTN1Zi9niu13zAFrmkA5n1V2cgfjmM8vUtzGWXEcmBYKc,DUNE_LIVE,LIVE_POST_BASELINE
Duukb8hyf2r1gdNq6WLdGvUEaxqhwqfN4G4RVACpJ5NJ,0,,,FYL4LRChq2a6w8PenydNEd1ExoKpBVNpueitXAXanSGy,1,FpqrjWJpTNwv1b1nu3Kouzn7KRZeAxcvyXfHgkGFQ9Gd,FYL4LRChq2a6w8PenydNEd1ExoKpBVNpueitXAXanSGy,2025-04-19T15:17:35Z,54W4Qz6TKBgaWcJqyUuAPm7CRhCcKa85PwhfZKN3r7LXLb48XtJshhipwcUykvCn258H3gr1ubcA3A9Cv8Nh5VVz,FpqrjWJpTNwv1b1nu3Kouzn7KRZeAxcvyXfHgkGFQ9Gd,FYL4LRChq2a6w8PenydNEd1ExoKpBVNpueitXAXanSGy,2025-04-19T15:17:35Z,54W4Qz6TKBgaWcJqyUuAPm7CRhCcKa85PwhfZKN3r7LXLb48XtJshhipwcUykvCn258H3gr1ubcA3A9Cv8Nh5VVz,2026-08-24T04:22:35.000Z,5oK95ozVzmUYxqJmZd7NLGb2U4oYDLVTieQMPA7TJve19iKQ41uaDdvJ8VHYNmcxSnH1A7BK2NrfTFFcJbTUKTey,DUNE_LIVE,LIVE_POST_BASELINE
Dw1XCho8xbApmiX3k4XHArCMuGMmaUoFPSxn9EWHWTov,1,2026-08-24T15:31:42.000Z,4hcoBi6PQHM1NqUvmEoKvzQ9uUkyCFcGfabRVA431Matv7E3LSKvKfVTGsktjNYmD36oE53kyhGmGCyDJp5E3oHK,,0,,,2026-08-24T15:31:42.000Z,4hcoBi6PQHM1NqUvmEoKvzQ9uUkyCFcGfabRVA431Matv7E3LSKvKfVTGsktjNYmD36oE53kyhGmGCyDJp5E3oHK,,,,,,,,
DwX7ZpoRzkJ2iySsN4Lh46k6rmCjTP52Dz3SpBxxXMbd,0,,,BfBqvwoNLVSEvrjukaRUdex72PEF234oY8RogGtqFRZv,1,7LscpY288mvuC8kBax5KhcxH9BucLs9cCndo2HUi5xWb,BfBqvwoNLVSEvrjukaRUdex72PEF234oY8RogGtqFRZv,2025-12-01T14:47:21Z,3TaJuN9jY9fKfwwi3gwpu6wJJfBUg9ap56UXjzVo5d5ajie5Z4EbL5rAnKwYmphXF23Y3ZHsXQmiuKfUMMXoHkpz,7LscpY288mvuC8kBax5KhcxH9BucLs9cCndo2HUi5xWb,BfBqvwoNLVSEvrjukaRUdex72PEF234oY8RogGtqFRZv,2025-12-01T14:47:21Z,3TaJuN9jY9fKfwwi3gwpu6wJJfBUg9ap56UXjzVo5d5ajie5Z4EbL5rAnKwYmphXF23Y3ZHsXQmiuKfUMMXoHkpz,2026-08-25T07:31:11.000Z,4rtP3LQdxEFrF724Pcfj9eTdaMqDrbmvi11ewwfNYdLQTN1Zi9niu13zAFrmkA5n1V2cgfjmM8vUtzGWXEcmBYKc,DUNE_LIVE,LIVE_POST_BASELINE
Dx2Qq6U3PHxEuaJJgcLfx3kF89mVpGweJ9fNLLCC8muh,0,,,8TAx5eRzjvYioRmc83vrzWuEzhav63ccEs7ZuzndxddU,1,Cwg4F9HnwEKktX662TLjYvUjvZStpQHss9BasJYSaGPj,8TAx5eRzjvYioRmc83vrzWuEzhav63ccEs7ZuzndxddU,2023-08-02T18:52:26Z,3t9wHLWTcGszBP3AoXgpwsf1frgiYsbnDx2LP9RoUigr6upG9ZnRwRgq1F2aWePE7frQuMZmKcG45L1SuvigZb9T,Cwg4F9HnwEKktX662TLjYvUjvZStpQHss9BasJYSaGPj,8TAx5eRzjvYioRmc83vrzWuEzhav63ccEs7ZuzndxddU,2023-08-02T18:52:26Z,3t9wHLWTcGszBP3AoXgpwsf1frgiYsbnDx2LP9RoUigr6upG9ZnRwRgq1F2aWePE7frQuMZmKcG45L1SuvigZb9T,2026-08-28T06:25:53Z,3wyPJbJFHo4Fvu7Und18ezfHzbJFeq5FuiuZQzTTQAzrrC7RmAWXjXmonJge3e898SwmhStEUrJE6grUaYQ74KcV,INDEPENDENT_LIVE,LIVE_POST_CUTOVER
DxL64qJWCFEfy3VdVEyvVgh7cNbkb4MeQniigTJRSbTo,0,,,38Bj4DFXhAkDxB6Atj66kdxGZfhZEC3ejRX1HDh1YFKj,1,8Vpqxxbon9s4Hnk2eMhysjx6XKjHiUgEUAm3MSq9yQv2,38Bj4DFXhAkDxB6Atj66kdxGZfhZEC3ejRX1HDh1YFKj,2025-04-26T14:37:35Z,5E2w8hRfUJgNZ13kyBeRVcgWTYnjxyD9Qwuv7PFz4y97PX4NNXyPJ18EZj2aMLvXH1311xU7iryZFfxWzUCdUNx7,8Vpqxxbon9s4Hnk2eMhysjx6XKjHiUgEUAm3MSq9yQv2,38Bj4DFXhAkDxB6Atj66kdxGZfhZEC3ejRX1HDh1YFKj,2025-04-26T14:37:35Z,5E2w8hRfUJgNZ13kyBeRVcgWTYnjxyD9Qwuv7PFz4y97PX4NNXyPJ18EZj2aMLvXH1311xU7iryZFfxWzUCdUNx7,2026-08-21T19:39:25.000Z,4AT1PFFkyADXcz2QFJi78yrTeP8dAhFkfWJU5JCvpEx2a7pWsAxn14owrdqpvwkTU7bAzxxCYoBijEksgty9W6qe,DUNE_LIVE,LIVE_POST_BASELINE
DxVxkfg1bfMtLVtfPugyXPwhcfk2Qjaahqshgkgf3AMm,0,,,BfBqvwoNLVSEvrjukaRUdex72PEF234oY8RogGtqFRZv,1,7LscpY288mvuC8kBax5KhcxH9BucLs9cCndo2HUi5xWb,BfBqvwoNLVSEvrjukaRUdex72PEF234oY8RogGtqFRZv,2025-12-01T14:26:25Z,5zFyLuLpVH2kcLVEdDy7N5a8GKMaWfHiC8Bbfp1ELMcHtbhQpLQf66JgtpyHYoVKkzjg2TWqfyWWdfxvY6VL2tUh,7LscpY288mvuC8kBax5KhcxH9BucLs9cCndo2HUi5xWb,BfBqvwoNLVSEvrjukaRUdex72PEF234oY8RogGtqFRZv,2025-12-01T14:26:25Z,5zFyLuLpVH2kcLVEdDy7N5a8GKMaWfHiC8Bbfp1ELMcHtbhQpLQf66JgtpyHYoVKkzjg2TWqfyWWdfxvY6VL2tUh,2026-08-25T07:31:11.000Z,4rtP3LQdxEFrF724Pcfj9eTdaMqDrbmvi11ewwfNYdLQTN1Zi9niu13zAFrmkA5n1V2cgfjmM8vUtzGWXEcmBYKc,DUNE_LIVE,LIVE_POST_BASELINE
DxdbGub6HH7D8woX6KWzmrsuNj7VAEctSGXYXC7ffQst,0,,,DM5YNogviE6YxVESWYG9TaZ9q4qiBLAJmxnA1LQRFMGZ,1,B1Pv8HZNHGdXC8qTsNGLCJKpnoetE2Y52RyeoJW9pE5Z,DM5YNogviE6YxVESWYG9TaZ9q4qiBLAJmxnA1LQRFMGZ,2026-08-31T09:38:29Z,56gfEv8Xcc3c7FE7aNtwpJRCpcriDfERHrdsGosZy9NAQokdXSna2XEDw5wRv8QAtNd5p2VdgtGH8jyxP4q1LqjL,B1Pv8HZNHGdXC8qTsNGLCJKpnoetE2Y52RyeoJW9pE5Z,DM5YNogviE6YxVESWYG9TaZ9q4qiBLAJmxnA1LQRFMGZ,2026-08-31T09:38:29Z,56gfEv8Xcc3c7FE7aNtwpJRCpcriDfERHrdsGosZy9NAQokdXSna2XEDw5wRv8QAtNd5p2VdgtGH8jyxP4q1LqjL,2026-08-31T09:39:48Z,5rqET3n1SkPB9jrcz8yM3KNBt6b2Q925G69tDBYwhL5yd6cLZzD3gSDSSgsbFqwtJkuaCoAvuRNq3eCNaKxhpdWi,INDEPENDENT_LIVE,LIVE_POST_CUTOVER
E1RibF9v65e76XpBgVdK2MFaJStvFg38eUnjew7UBXQ1,0,,,BfBqvwoNLVSEvrjukaRUdex72PEF234oY8RogGtqFRZv,1,7LscpY288mvuC8kBax5KhcxH9BucLs9cCndo2HUi5xWb,BfBqvwoNLVSEvrjukaRUdex72PEF234oY8RogGtqFRZv,2025-12-01T14:38:07Z,3kCeuF7dbKbxmxCjfNXCruVeHVPdBDYcnvBABQ5Ja69uxT5uj7QYrXZPgFdrexugJUhviLCuqb7P71KZFzKFvZDd,7LscpY288mvuC8kBax5KhcxH9BucLs9cCndo2HUi5xWb,BfBqvwoNLVSEvrjukaRUdex72PEF234oY8RogGtqFRZv,2025-12-01T14:38:07Z,3kCeuF7dbKbxmxCjfNXCruVeHVPdBDYcnvBABQ5Ja69uxT5uj7QYrXZPgFdrexugJUhviLCuqb7P71KZFzKFvZDd,2026-08-25T07:31:11.000Z,4rtP3LQdxEFrF724Pcfj9eTdaMqDrbmvi11ewwfNYdLQTN1Zi9niu13zAFrmkA5n1V2cgfjmM8vUtzGWXEcmBYKc,DUNE_LIVE,LIVE_POST_BASELINE
E1ppkLfKF1fvBHXrrwbt6QRzGZnVUDvPNaM6NbJ23p9V,0,,,8TAx5eRzjvYioRmc83vrzWuEzhav63ccEs7ZuzndxddU,1,Cwg4F9HnwEKktX662TLjYvUjvZStpQHss9BasJYSaGPj,8TAx5eRzjvYioRmc83vrzWuEzhav63ccEs7ZuzndxddU,2026-02-07T15:33:54Z,3yj5JWBq5MePgWQxkyT2AodwUQCRmiv8igjMz7esuqhqBYaYppZUDEHPBabBnEpFByPNMsyvmFpgoCXR9Mk4XUBz,Cwg4F9HnwEKktX662TLjYvUjvZStpQHss9BasJYSaGPj,8TAx5eRzjvYioRmc83vrzWuEzhav63ccEs7ZuzndxddU,2026-02-07T15:33:54Z,3yj5JWBq5MePgWQxkyT2AodwUQCRmiv8igjMz7esuqhqBYaYppZUDEHPBabBnEpFByPNMsyvmFpgoCXR9Mk4XUBz,2026-08-28T06:25:53Z,3wyPJbJFHo4Fvu7Und18ezfHzbJFeq5FuiuZQzTTQAzrrC7RmAWXjXmonJge3e898SwmhStEUrJE6grUaYQ74KcV,INDEPENDENT_LIVE,LIVE_POST_CUTOVER
E3HG8iRTcLEHrrfr7a12Ph9HgLdeqwCybe7YGQmd9qB8,0,,,38Bj4DFXhAkDxB6Atj66kdxGZfhZEC3ejRX1HDh1YFKj,1,8Vpqxxbon9s4Hnk2eMhysjx6XKjHiUgEUAm3MSq9yQv2,38Bj4DFXhAkDxB6Atj66kdxGZfhZEC3ejRX1HDh1YFKj,2025-04-26T14:31:44Z,oaDVwzudxEgV88YdZthxF3Vw1eLQPqUYjJ1GFgiyRckuNYixaJWUPgyKmbqLk7DeZ6jPxi2Nyr16wEjhtFFiBHt,8Vpqxxbon9s4Hnk2eMhysjx6XKjHiUgEUAm3MSq9yQv2,38Bj4DFXhAkDxB6Atj66kdxGZfhZEC3ejRX1HDh1YFKj,2025-04-26T14:31:44Z,oaDVwzudxEgV88YdZthxF3Vw1eLQPqUYjJ1GFgiyRckuNYixaJWUPgyKmbqLk7DeZ6jPxi2Nyr16wEjhtFFiBHt,2026-08-21T19:39:25.000Z,4AT1PFFkyADXcz2QFJi78yrTeP8dAhFkfWJU5JCvpEx2a7pWsAxn14owrdqpvwkTU7bAzxxCYoBijEksgty9W6qe,DUNE_LIVE,LIVE_POST_BASELINE
E4kLLn7AcC3dRp11eh4Uwtz5MLUQYit9jPEAqGq5DUNv,0,,,DM5YNogviE6YxVESWYG9TaZ9q4qiBLAJmxnA1LQRFMGZ,1,B1Pv8HZNHGdXC8qTsNGLCJKpnoetE2Y52RyeoJW9pE5Z,DM5YNogviE6YxVESWYG9TaZ9q4qiBLAJmxnA1LQRFMGZ,2026-06-06T07:24:25Z,3Cfc9prGtqi25XvegdixHG4qDXQFJxhPVyoLejhJkc7L4UJPusW7U7ULcbbZdmBQT9fiZ1qSsuxWASzLggjWQA98,B1Pv8HZNHGdXC8qTsNGLCJKpnoetE2Y52RyeoJW9pE5Z,DM5YNogviE6YxVESWYG9TaZ9q4qiBLAJmxnA1LQRFMGZ,2026-06-06T07:24:25Z,3Cfc9prGtqi25XvegdixHG4qDXQFJxhPVyoLejhJkc7L4UJPusW7U7ULcbbZdmBQT9fiZ1qSsuxWASzLggjWQA98,2026-08-31T09:39:48Z,5rqET3n1SkPB9jrcz8yM3KNBt6b2Q925G69tDBYwhL5yd6cLZzD3gSDSSgsbFqwtJkuaCoAvuRNq3eCNaKxhpdWi,INDEPENDENT_LIVE,LIVE_POST_CUTOVER
E5PBdpUNPZGrFnqNAEB3VdaVU8LJjHoZdRPBWpWfi7Ph,0,,,Db1meMQEgj8dCwzhR5W6coWt1yV4iEaQsYPKKDyGRUqW,1,Do9VaY2ru9QtaTWdhmuwc2Z9rj4rZ7D6EShdLTvxnp6h,Db1meMQEgj8dCwzhR5W6coWt1yV4iEaQsYPKKDyGRUqW,2025-04-14T13:07:53Z,LRnvfPPVn3hTccp3Aoj3LYHgACSUHQP7X7hJTSpP5nbvGjCfEYuK7RqRHdxzBrTHY924bbscfq84D97hLKerMnE,Do9VaY2ru9QtaTWdhmuwc2Z9rj4rZ7D6EShdLTvxnp6h,Db1meMQEgj8dCwzhR5W6coWt1yV4iEaQsYPKKDyGRUqW,2025-04-14T13:07:53Z,LRnvfPPVn3hTccp3Aoj3LYHgACSUHQP7X7hJTSpP5nbvGjCfEYuK7RqRHdxzBrTHY924bbscfq84D97hLKerMnE,2026-08-26T21:34:16Z,5y9KKMidZA2pNm3QLD2z2j7BfPbwsAQt6HEVyCQMK7sSkCy7PRQUy35JJG3GRnTBDLDeD6YVxYpw9nXSayk6pTiK,INDEPENDENT_LIVE,LIVE_POST_CUTOVER
E68PUFDD5dqkX8HRu6VsXGRn9d5Ee6kgsGYwiFJ9N6kY,0,,,BfBqvwoNLVSEvrjukaRUdex72PEF234oY8RogGtqFRZv,1,7LscpY288mvuC8kBax5KhcxH9BucLs9cCndo2HUi5xWb,BfBqvwoNLVSEvrjukaRUdex72PEF234oY8RogGtqFRZv,2025-12-01T14:22:12Z,4NuCF4aLjY5ojawPTVDLHMPsjrjNNjbEtSReSaa2cDoZEZAvvYqgcueFJYRiUxPuf5WyLqE5JcP9AqtdrTnXL5oL,7LscpY288mvuC8kBax5KhcxH9BucLs9cCndo2HUi5xWb,BfBqvwoNLVSEvrjukaRUdex72PEF234oY8RogGtqFRZv,2025-12-01T14:22:12Z,4NuCF4aLjY5ojawPTVDLHMPsjrjNNjbEtSReSaa2cDoZEZAvvYqgcueFJYRiUxPuf5WyLqE5JcP9AqtdrTnXL5oL,2026-08-25T07:31:11.000Z,4rtP3LQdxEFrF724Pcfj9eTdaMqDrbmvi11ewwfNYdLQTN1Zi9niu13zAFrmkA5n1V2cgfjmM8vUtzGWXEcmBYKc,DUNE_LIVE,LIVE_POST_BASELINE
E8hh3ojXaZs4TaExaEDr9j7zvsumj2tTfHjrPah6DBBW,0,,,8TAx5eRzjvYioRmc83vrzWuEzhav63ccEs7ZuzndxddU,1,Cwg4F9HnwEKktX662TLjYvUjvZStpQHss9BasJYSaGPj,8TAx5eRzjvYioRmc83vrzWuEzhav63ccEs7ZuzndxddU,2022-09-09T09:26:29Z,41zFW36HxoTN1DnoJYvqgkMVam7KwZikfWRrSYGPy7KEY8LW9oTR2ysA5ywST81LV3sA5JhKFkHcsEApPPJvRo72,Cwg4F9HnwEKktX662TLjYvUjvZStpQHss9BasJYSaGPj,8TAx5eRzjvYioRmc83vrzWuEzhav63ccEs7ZuzndxddU,2022-09-09T09:26:29Z,41zFW36HxoTN1DnoJYvqgkMVam7KwZikfWRrSYGPy7KEY8LW9oTR2ysA5ywST81LV3sA5JhKFkHcsEApPPJvRo72,2026-08-28T06:25:53Z,3wyPJbJFHo4Fvu7Und18ezfHzbJFeq5FuiuZQzTTQAzrrC7RmAWXjXmonJge3e898SwmhStEUrJE6grUaYQ74KcV,INDEPENDENT_LIVE,LIVE_POST_CUTOVER
E9szSAjpk6e7Vfvv1qjGKQ4e7y2TnE4fLkup5HGcMYVq,0,,,8TAx5eRzjvYioRmc83vrzWuEzhav63ccEs7ZuzndxddU,1,Cwg4F9HnwEKktX662TLjYvUjvZStpQHss9BasJYSaGPj,8TAx5eRzjvYioRmc83vrzWuEzhav63ccEs7ZuzndxddU,2026-05-14T17:42:11Z,5LwgkU3SQevBrCmYQUQKKccRx5Tm4xn1Hvd9FRin584aKes7De79hrmCBWpwhNTFkebKtxxFkByVAwFcxsaPKji4,Cwg4F9HnwEKktX662TLjYvUjvZStpQHss9BasJYSaGPj,8TAx5eRzjvYioRmc83vrzWuEzhav63ccEs7ZuzndxddU,2026-05-14T17:42:11Z,5LwgkU3SQevBrCmYQUQKKccRx5Tm4xn1Hvd9FRin584aKes7De79hrmCBWpwhNTFkebKtxxFkByVAwFcxsaPKji4,2026-08-28T06:25:53Z,3wyPJbJFHo4Fvu7Und18ezfHzbJFeq5FuiuZQzTTQAzrrC7RmAWXjXmonJge3e898SwmhStEUrJE6grUaYQ74KcV,INDEPENDENT_LIVE,LIVE_POST_CUTOVER
EABwsRvfh3wMhE4HMmtNzE2B951QupYXwd788D9w8ij2,0,,,BfBqvwoNLVSEvrjukaRUdex72PEF234oY8RogGtqFRZv,1,7LscpY288mvuC8kBax5KhcxH9BucLs9cCndo2HUi5xWb,BfBqvwoNLVSEvrjukaRUdex72PEF234oY8RogGtqFRZv,2025-12-01T14:21:21Z,QPf5Sb5iFjLsuZJcvoj21b6rPv7BiE7qxMVWEBkM1HiWjjFrM7JYzunSpggDS2Kc6CqUJE7MuFDW83ia4F6iPYy,7LscpY288mvuC8kBax5KhcxH9BucLs9cCndo2HUi5xWb,BfBqvwoNLVSEvrjukaRUdex72PEF234oY8RogGtqFRZv,2025-12-01T14:21:21Z,QPf5Sb5iFjLsuZJcvoj21b6rPv7BiE7qxMVWEBkM1HiWjjFrM7JYzunSpggDS2Kc6CqUJE7MuFDW83ia4F6iPYy,2026-08-25T07:31:11.000Z,4rtP3LQdxEFrF724Pcfj9eTdaMqDrbmvi11ewwfNYdLQTN1Zi9niu13zAFrmkA5n1V2cgfjmM8vUtzGWXEcmBYKc,DUNE_LIVE,LIVE_POST_BASELINE
EBQpBBZ95dgGnf4Nth6vNXX5u4XHqj9N56wxrYL2U7i7,0,,,38Bj4DFXhAkDxB6Atj66kdxGZfhZEC3ejRX1HDh1YFKj,1,8Vpqxxbon9s4Hnk2eMhysjx6XKjHiUgEUAm3MSq9yQv2,38Bj4DFXhAkDxB6Atj66kdxGZfhZEC3ejRX1HDh1YFKj,2025-04-26T14:25:28Z,2GatBi6Dae5VTNtM3RmhXwhvHNT18Bgir7u1RfwrTPxc1wGqX8ruVWfZCdmrrNrdGMjiwsFCDqQNV1fWTmfNAeBM,8Vpqxxbon9s4Hnk2eMhysjx6XKjHiUgEUAm3MSq9yQv2,38Bj4DFXhAkDxB6Atj66kdxGZfhZEC3ejRX1HDh1YFKj,2025-04-26T14:25:28Z,2GatBi6Dae5VTNtM3RmhXwhvHNT18Bgir7u1RfwrTPxc1wGqX8ruVWfZCdmrrNrdGMjiwsFCDqQNV1fWTmfNAeBM,2026-08-21T19:39:25.000Z,4AT1PFFkyADXcz2QFJi78yrTeP8dAhFkfWJU5JCvpEx2a7pWsAxn14owrdqpvwkTU7bAzxxCYoBijEksgty9W6qe,DUNE_LIVE,LIVE_POST_BASELINE
EDVrZ9ZRWStHMJ2Kv8ixiAxbBZ4RQXYNYjTrVPpu1x9m,0,,,BfBqvwoNLVSEvrjukaRUdex72PEF234oY8RogGtqFRZv,1,7LscpY288mvuC8kBax5KhcxH9BucLs9cCndo2HUi5xWb,BfBqvwoNLVSEvrjukaRUdex72PEF234oY8RogGtqFRZv,2025-12-01T14:34:29Z,2C1UTTRwLR6Ca9hM5yp8ZXD6qHmvQTMVQALoHZCFgcLCbWDfqmGZHn6TiwgBhhAA9U51YSBRAuZatjETCiMrrqdp,7LscpY288mvuC8kBax5KhcxH9BucLs9cCndo2HUi5xWb,BfBqvwoNLVSEvrjukaRUdex72PEF234oY8RogGtqFRZv,2025-12-01T14:34:29Z,2C1UTTRwLR6Ca9hM5yp8ZXD6qHmvQTMVQALoHZCFgcLCbWDfqmGZHn6TiwgBhhAA9U51YSBRAuZatjETCiMrrqdp,2026-08-25T07:31:11.000Z,4rtP3LQdxEFrF724Pcfj9eTdaMqDrbmvi11ewwfNYdLQTN1Zi9niu13zAFrmkA5n1V2cgfjmM8vUtzGWXEcmBYKc,DUNE_LIVE,LIVE_POST_BASELINE
EDkFpEFtQvv3dcrfdT142EceBFgjax2XvgtaB4YBeXmF,0,,,BFpTSgrkFXFycgvaraoSt75osy6EgKEeivXUgxz3AdEz,1,FnqEYzRtDV1zHUaEFycnGS6F3SCmjAvMLsNQQrnQcLPN,BFpTSgrkFXFycgvaraoSt75osy6EgKEeivXUgxz3AdEz,2025-04-22T14:16:20Z,2vNL8iUzPkJXw9BpynQiLF1XyQNzcTLZNL73bLU2DEhBwBsPGoBamghiR6vHjJDHsW4o4GJd6pZvtEskyFBt8P9N,FnqEYzRtDV1zHUaEFycnGS6F3SCmjAvMLsNQQrnQcLPN,BFpTSgrkFXFycgvaraoSt75osy6EgKEeivXUgxz3AdEz,2025-04-22T14:16:20Z,2vNL8iUzPkJXw9BpynQiLF1XyQNzcTLZNL73bLU2DEhBwBsPGoBamghiR6vHjJDHsW4o4GJd6pZvtEskyFBt8P9N,2026-08-30T18:20:59Z,4rGPKBHqqLhzjS6Y5dbuTSUCxKq4LmSxk1LUGZhanbv1vBDdiFLqSGyEReA7P3gTAkqXnVWTFdxGw69fkJjsw87Z,INDEPENDENT_LIVE,LIVE_POST_CUTOVER
EFXeW63c9F9mxgvWzjRD29i1q8FWY1tmTY4qZaFxumLd,0,,,BfBqvwoNLVSEvrjukaRUdex72PEF234oY8RogGtqFRZv,1,7LscpY288mvuC8kBax5KhcxH9BucLs9cCndo2HUi5xWb,BfBqvwoNLVSEvrjukaRUdex72PEF234oY8RogGtqFRZv,2025-12-01T14:32:40Z,2QvRUfFW3oFYjoLJc4TgRP7BprTKXS9fC2SJfbSzDLhe3vCjPttKk7uUTTvaP8rx2PJoBMN6VCkpahX8uSsHrHRr,7LscpY288mvuC8kBax5KhcxH9BucLs9cCndo2HUi5xWb,BfBqvwoNLVSEvrjukaRUdex72PEF234oY8RogGtqFRZv,2025-12-01T14:32:40Z,2QvRUfFW3oFYjoLJc4TgRP7BprTKXS9fC2SJfbSzDLhe3vCjPttKk7uUTTvaP8rx2PJoBMN6VCkpahX8uSsHrHRr,2026-08-25T07:31:11.000Z,4rtP3LQdxEFrF724Pcfj9eTdaMqDrbmvi11ewwfNYdLQTN1Zi9niu13zAFrmkA5n1V2cgfjmM8vUtzGWXEcmBYKc,DUNE_LIVE,LIVE_POST_BASELINE
EG6rQ2QFPFp7iSey68XX9TvhY3vTWNpi9F8s94g35iGC,0,,,BfBqvwoNLVSEvrjukaRUdex72PEF234oY8RogGtqFRZv,1,7LscpY288mvuC8kBax5KhcxH9BucLs9cCndo2HUi5xWb,BfBqvwoNLVSEvrjukaRUdex72PEF234oY8RogGtqFRZv,2025-09-25T10:38:59Z,3RGnnbQJsE5QfjzZdi8wt3NxC7WZK7gnoDEoXMnw1HrvkKc5TC1FiR9PXA2XwDqKBA8SctakQDnfN7BCWutJFQUM,7LscpY288mvuC8kBax5KhcxH9BucLs9cCndo2HUi5xWb,BfBqvwoNLVSEvrjukaRUdex72PEF234oY8RogGtqFRZv,2025-09-25T10:38:59Z,3RGnnbQJsE5QfjzZdi8wt3NxC7WZK7gnoDEoXMnw1HrvkKc5TC1FiR9PXA2XwDqKBA8SctakQDnfN7BCWutJFQUM,2026-08-25T07:31:11.000Z,4rtP3LQdxEFrF724Pcfj9eTdaMqDrbmvi11ewwfNYdLQTN1Zi9niu13zAFrmkA5n1V2cgfjmM8vUtzGWXEcmBYKc,DUNE_LIVE,LIVE_POST_BASELINE
EGy7FiRNzBopDtit2KSvDXYnKu2a9Vy2yxyUjiQV4MkZ,0,,,8TAx5eRzjvYioRmc83vrzWuEzhav63ccEs7ZuzndxddU,1,Cwg4F9HnwEKktX662TLjYvUjvZStpQHss9BasJYSaGPj,8TAx5eRzjvYioRmc83vrzWuEzhav63ccEs7ZuzndxddU,2023-08-02T18:50:38Z,5md8dihyPEKDW5vQK9ZPjDoj3veqkLJyB7Cxw3HSTnmsK9eMDU1JkKeWE3XRLb4ZKnF2exHsJ88epDK6eR5VKUtW,Cwg4F9HnwEKktX662TLjYvUjvZStpQHss9BasJYSaGPj,8TAx5eRzjvYioRmc83vrzWuEzhav63ccEs7ZuzndxddU,2023-08-02T18:50:38Z,5md8dihyPEKDW5vQK9ZPjDoj3veqkLJyB7Cxw3HSTnmsK9eMDU1JkKeWE3XRLb4ZKnF2exHsJ88epDK6eR5VKUtW,2026-08-28T06:25:53Z,3wyPJbJFHo4Fvu7Und18ezfHzbJFeq5FuiuZQzTTQAzrrC7RmAWXjXmonJge3e898SwmhStEUrJE6grUaYQ74KcV,INDEPENDENT_LIVE,LIVE_POST_CUTOVER
EHjrsdFqdDDQVyZXnmBnfNnqPM8QK5fgnUJjLnu3xGJN,0,,,BfBqvwoNLVSEvrjukaRUdex72PEF234oY8RogGtqFRZv,1,7LscpY288mvuC8kBax5KhcxH9BucLs9cCndo2HUi5xWb,BfBqvwoNLVSEvrjukaRUdex72PEF234oY8RogGtqFRZv,2025-12-01T14:29:35Z,3acMRyRtdmTbduXXajdkBj11ZK5YeCsvnh8eXXHaR9zPNdxojA1DSjr5CUKKCQEbPBi6g7kRmkMfVhVCYnNjALo5,7LscpY288mvuC8kBax5KhcxH9BucLs9cCndo2HUi5xWb,BfBqvwoNLVSEvrjukaRUdex72PEF234oY8RogGtqFRZv,2025-12-01T14:29:35Z,3acMRyRtdmTbduXXajdkBj11ZK5YeCsvnh8eXXHaR9zPNdxojA1DSjr5CUKKCQEbPBi6g7kRmkMfVhVCYnNjALo5,2026-08-25T07:31:11.000Z,4rtP3LQdxEFrF724Pcfj9eTdaMqDrbmvi11ewwfNYdLQTN1Zi9niu13zAFrmkA5n1V2cgfjmM8vUtzGWXEcmBYKc,DUNE_LIVE,LIVE_POST_BASELINE
EJD5GbcDHma3XkoDKe769mD5vF4uXZGdhBTyjwEdMhyW,0,,,8TAx5eRzjvYioRmc83vrzWuEzhav63ccEs7ZuzndxddU,1,Cwg4F9HnwEKktX662TLjYvUjvZStpQHss9BasJYSaGPj,8TAx5eRzjvYioRmc83vrzWuEzhav63ccEs7ZuzndxddU,2023-04-13T19:22:55Z,5gjek1myVoUFTWpu3BY79NGSmbhgfFeKQJS2MUnQhQWQGKJQqqnf3fQYGDwQi8jgfxc16V1ZYThMu17FPASMctB4,Cwg4F9HnwEKktX662TLjYvUjvZStpQHss9BasJYSaGPj,8TAx5eRzjvYioRmc83vrzWuEzhav63ccEs7ZuzndxddU,2023-04-13T19:22:55Z,5gjek1myVoUFTWpu3BY79NGSmbhgfFeKQJS2MUnQhQWQGKJQqqnf3fQYGDwQi8jgfxc16V1ZYThMu17FPASMctB4,2026-08-28T06:25:53Z,3wyPJbJFHo4Fvu7Und18ezfHzbJFeq5FuiuZQzTTQAzrrC7RmAWXjXmonJge3e898SwmhStEUrJE6grUaYQ74KcV,INDEPENDENT_LIVE,LIVE_POST_CUTOVER
ELGAZt1m3gjwMmB5cpiE57J5xUBp4uKNUhH2Q2yeZ2R9,0,,,38Bj4DFXhAkDxB6Atj66kdxGZfhZEC3ejRX1HDh1YFKj,1,8Vpqxxbon9s4Hnk2eMhysjx6XKjHiUgEUAm3MSq9yQv2,38Bj4DFXhAkDxB6Atj66kdxGZfhZEC3ejRX1HDh1YFKj,2025-04-26T14:33:30Z,5tVXwZmfNiuGYhNXHD5hojMXLgbm2DMyyG7DciFYxeFjM9wr5C9cKg7QCmBDL3rQNsJ5tgz5mtfiqDqYT91d3n5x,8Vpqxxbon9s4Hnk2eMhysjx6XKjHiUgEUAm3MSq9yQv2,38Bj4DFXhAkDxB6Atj66kdxGZfhZEC3ejRX1HDh1YFKj,2025-04-26T14:33:30Z,5tVXwZmfNiuGYhNXHD5hojMXLgbm2DMyyG7DciFYxeFjM9wr5C9cKg7QCmBDL3rQNsJ5tgz5mtfiqDqYT91d3n5x,2026-08-21T19:39:25.000Z,4AT1PFFkyADXcz2QFJi78yrTeP8dAhFkfWJU5JCvpEx2a7pWsAxn14owrdqpvwkTU7bAzxxCYoBijEksgty9W6qe,DUNE_LIVE,LIVE_POST_BASELINE
ENLGRLM55hrECHL4fXo1yzPYHaZsi54EriLakziSLCzD,0,,,8TAx5eRzjvYioRmc83vrzWuEzhav63ccEs7ZuzndxddU,1,Cwg4F9HnwEKktX662TLjYvUjvZStpQHss9BasJYSaGPj,8TAx5eRzjvYioRmc83vrzWuEzhav63ccEs7ZuzndxddU,2022-11-23T17:17:31Z,iyYfZnGsycxgyG7RcLe8whpcRVucQzC6DFH6Fao8eU8fAsv4utaV6CKMfqCFbf6bq1ozQDs212WFMTZCPcbem1Q,Cwg4F9HnwEKktX662TLjYvUjvZStpQHss9BasJYSaGPj,8TAx5eRzjvYioRmc83vrzWuEzhav63ccEs7ZuzndxddU,2022-11-23T17:17:31Z,iyYfZnGsycxgyG7RcLe8whpcRVucQzC6DFH6Fao8eU8fAsv4utaV6CKMfqCFbf6bq1ozQDs212WFMTZCPcbem1Q,2026-08-28T06:25:53Z,3wyPJbJFHo4Fvu7Und18ezfHzbJFeq5FuiuZQzTTQAzrrC7RmAWXjXmonJge3e898SwmhStEUrJE6grUaYQ74KcV,INDEPENDENT_LIVE,LIVE_POST_CUTOVER
EPD5Ckece9wQfozjtkYbkfPGzeTBFWUKRJ1WCjP35BJr,1,2026-08-24T15:31:42.000Z,5ARbAonBGTcFmtMuUqoy75CkZVxVYLUj1X6H43zBfaasJxG9hYd5fWSq1byWty1sgZ7iZ19rjs3QpiGCukNxV9Yp,,0,,,2026-08-24T15:31:42.000Z,5ARbAonBGTcFmtMuUqoy75CkZVxVYLUj1X6H43zBfaasJxG9hYd5fWSq1byWty1sgZ7iZ19rjs3QpiGCukNxV9Yp,,,,,,,,
EPmDfPgoHtYd7vkLmLfn9LQHn2aoWdeCJqrrvyFPTPF4,0,,,FYL4LRChq2a6w8PenydNEd1ExoKpBVNpueitXAXanSGy,1,FpqrjWJpTNwv1b1nu3Kouzn7KRZeAxcvyXfHgkGFQ9Gd,FYL4LRChq2a6w8PenydNEd1ExoKpBVNpueitXAXanSGy,2025-04-19T15:11:47Z,2EApfPgTSmfd2o6hv68GvxctpDfSfTZFJn6xG9RcyK9YG9crbuk41ckhaniw6LoydxJhYNQeYssKXHmj7bYwmR3H,FpqrjWJpTNwv1b1nu3Kouzn7KRZeAxcvyXfHgkGFQ9Gd,FYL4LRChq2a6w8PenydNEd1ExoKpBVNpueitXAXanSGy,2025-04-19T15:11:47Z,2EApfPgTSmfd2o6hv68GvxctpDfSfTZFJn6xG9RcyK9YG9crbuk41ckhaniw6LoydxJhYNQeYssKXHmj7bYwmR3H,2026-08-24T04:22:35.000Z,5oK95ozVzmUYxqJmZd7NLGb2U4oYDLVTieQMPA7TJve19iKQ41uaDdvJ8VHYNmcxSnH1A7BK2NrfTFFcJbTUKTey,DUNE_LIVE,LIVE_POST_BASELINE
ERLkVvEV4FFqTTepdKRKNStR2mQ5vVwq95vRbUNDxiBe,0,,,BfBqvwoNLVSEvrjukaRUdex72PEF234oY8RogGtqFRZv,1,7LscpY288mvuC8kBax5KhcxH9BucLs9cCndo2HUi5xWb,BfBqvwoNLVSEvrjukaRUdex72PEF234oY8RogGtqFRZv,2025-04-13T04:55:39Z,4avckQ4rJUR7T5QPGhCttCV5DRtdUZN9mE6BBptANaLEfzGpgbWw4vyLMK2rT8Uq7FSjrqGGdGKusBETYbKyiPNB,7LscpY288mvuC8kBax5KhcxH9BucLs9cCndo2HUi5xWb,BfBqvwoNLVSEvrjukaRUdex72PEF234oY8RogGtqFRZv,2025-04-13T04:55:39Z,4avckQ4rJUR7T5QPGhCttCV5DRtdUZN9mE6BBptANaLEfzGpgbWw4vyLMK2rT8Uq7FSjrqGGdGKusBETYbKyiPNB,2026-08-25T07:31:11.000Z,4rtP3LQdxEFrF724Pcfj9eTdaMqDrbmvi11ewwfNYdLQTN1Zi9niu13zAFrmkA5n1V2cgfjmM8vUtzGWXEcmBYKc,DUNE_LIVE,LIVE_POST_BASELINE
ERdGJXxRqfF9W1Mm7oA49V2vmKwxxZn8o13dqi3LQwfX,0,,,BfBqvwoNLVSEvrjukaRUdex72PEF234oY8RogGtqFRZv,1,7LscpY288mvuC8kBax5KhcxH9BucLs9cCndo2HUi5xWb,BfBqvwoNLVSEvrjukaRUdex72PEF234oY8RogGtqFRZv,2025-12-01T14:47:53Z,125Br1a89scw594vtthGSz6LjfhGyoyCGEGq6ufw7cTjrLWE8bE8HVqsRi2MLwfrFeDYnXcJeuLm4LJukPGfGe8d,7LscpY288mvuC8kBax5KhcxH9BucLs9cCndo2HUi5xWb,BfBqvwoNLVSEvrjukaRUdex72PEF234oY8RogGtqFRZv,2025-12-01T14:47:53Z,125Br1a89scw594vtthGSz6LjfhGyoyCGEGq6ufw7cTjrLWE8bE8HVqsRi2MLwfrFeDYnXcJeuLm4LJukPGfGe8d,2026-08-25T07:31:11.000Z,4rtP3LQdxEFrF724Pcfj9eTdaMqDrbmvi11ewwfNYdLQTN1Zi9niu13zAFrmkA5n1V2cgfjmM8vUtzGWXEcmBYKc,DUNE_LIVE,LIVE_POST_BASELINE
ERmSDYwzunA3mvVN76w4Lz8mhWWUCPAT9V3ZHSYkCxsu,0,,,8TAx5eRzjvYioRmc83vrzWuEzhav63ccEs7ZuzndxddU,1,Cwg4F9HnwEKktX662TLjYvUjvZStpQHss9BasJYSaGPj,8TAx5eRzjvYioRmc83vrzWuEzhav63ccEs7ZuzndxddU,2026-02-22T16:20:53Z,4VLpzTXkFAbQo8gYdbeCmTyCChFuGpeBjzPpnNSFc85T1e9Hv2MJLVb6jAkwYX8pvSajkgxiVJ3DCmk8rAvozBDy,Cwg4F9HnwEKktX662TLjYvUjvZStpQHss9BasJYSaGPj,8TAx5eRzjvYioRmc83vrzWuEzhav63ccEs7ZuzndxddU,2026-02-22T16:20:53Z,4VLpzTXkFAbQo8gYdbeCmTyCChFuGpeBjzPpnNSFc85T1e9Hv2MJLVb6jAkwYX8pvSajkgxiVJ3DCmk8rAvozBDy,2026-08-28T06:25:53Z,3wyPJbJFHo4Fvu7Und18ezfHzbJFeq5FuiuZQzTTQAzrrC7RmAWXjXmonJge3e898SwmhStEUrJE6grUaYQ74KcV,INDEPENDENT_LIVE,LIVE_POST_CUTOVER
ESRgeNvzp6vmkvomv3UHHuh63TyPuZEdhhn33Qk2irUA,0,,,BfBqvwoNLVSEvrjukaRUdex72PEF234oY8RogGtqFRZv,1,7LscpY288mvuC8kBax5KhcxH9BucLs9cCndo2HUi5xWb,BfBqvwoNLVSEvrjukaRUdex72PEF234oY8RogGtqFRZv,2025-12-01T14:40:39Z,4mWWBnVtxGvYbNs63mBLYMVdF7o8xUbsYEBYX7yxndUMD4G8xv2owF5VSk2yejjPtEetAyAEkPm7hBrTnH4XSAMS,7LscpY288mvuC8kBax5KhcxH9BucLs9cCndo2HUi5xWb,BfBqvwoNLVSEvrjukaRUdex72PEF234oY8RogGtqFRZv,2025-12-01T14:40:39Z,4mWWBnVtxGvYbNs63mBLYMVdF7o8xUbsYEBYX7yxndUMD4G8xv2owF5VSk2yejjPtEetAyAEkPm7hBrTnH4XSAMS,2026-08-25T07:31:11.000Z,4rtP3LQdxEFrF724Pcfj9eTdaMqDrbmvi11ewwfNYdLQTN1Zi9niu13zAFrmkA5n1V2cgfjmM8vUtzGWXEcmBYKc,DUNE_LIVE,LIVE_POST_BASELINE
EWeDJvtB6RfijNnprCAvfX4i2oo41eRo4j8uysWrEVNy,0,,,BCdR4tGAsJCV2PiD4y7LvUgSpoKhaEqj9cWLA68hCkzA,1,2hx9Je3RCTArTNhWJ4JYKreKxa1NPdTQqXZyBrgtUiKS,BCdR4tGAsJCV2PiD4y7LvUgSpoKhaEqj9cWLA68hCkzA,2024-01-16T20:54:43Z,44TecrHJpSFZ9Y6FwaLMKPNBC1FhAMLPaF8z6XEG1GkqeNpMpyGVUkLxCnzau6dTYxU4Vnuwg3DjjC89ysPZ5ZH5,2hx9Je3RCTArTNhWJ4JYKreKxa1NPdTQqXZyBrgtUiKS,BCdR4tGAsJCV2PiD4y7LvUgSpoKhaEqj9cWLA68hCkzA,2024-01-16T20:54:43Z,44TecrHJpSFZ9Y6FwaLMKPNBC1FhAMLPaF8z6XEG1GkqeNpMpyGVUkLxCnzau6dTYxU4Vnuwg3DjjC89ysPZ5ZH5,2026-08-28T07:33:31Z,3WnMgm1LaiyZF2QCBQCTGZxjKwxzixaRBAx5TYVVxU6iycjepqfBCzFeHYMVPPtNuwzRpoycy5tvW8jd3JHkLV6F,INDEPENDENT_LIVE,LIVE_POST_CUTOVER
EX9NBsUfdYYLQi9dMgAj6qbfhyAy2KVThXU8RpPpu1dX,0,,,DM5YNogviE6YxVESWYG9TaZ9q4qiBLAJmxnA1LQRFMGZ,1,B1Pv8HZNHGdXC8qTsNGLCJKpnoetE2Y52RyeoJW9pE5Z,DM5YNogviE6YxVESWYG9TaZ9q4qiBLAJmxnA1LQRFMGZ,2025-12-23T21:44:58Z,4zDYvR4o2yh1kH2ZQb7wKugQG1Yz19oHHmKGKwfrxryJFXpUgveWQnxWHLeUA27iuydBFUDZB4DhD8bvNHaXacNw,B1Pv8HZNHGdXC8qTsNGLCJKpnoetE2Y52RyeoJW9pE5Z,DM5YNogviE6YxVESWYG9TaZ9q4qiBLAJmxnA1LQRFMGZ,2025-12-23T21:44:58Z,4zDYvR4o2yh1kH2ZQb7wKugQG1Yz19oHHmKGKwfrxryJFXpUgveWQnxWHLeUA27iuydBFUDZB4DhD8bvNHaXacNw,2026-08-31T09:39:48Z,5rqET3n1SkPB9jrcz8yM3KNBt6b2Q925G69tDBYwhL5yd6cLZzD3gSDSSgsbFqwtJkuaCoAvuRNq3eCNaKxhpdWi,INDEPENDENT_LIVE,LIVE_POST_CUTOVER
EXGAGVLhxXHdCVrHuchA9tfwT65j5LFUgXGxQvAwnR27,0,,,7nxj4danuBXVjct9ve56D6fE6Yx6iHWcHWDv8ik75q6j,1,6vmoJLFeVHCnrm2XpDPd6EYdRrkG2hcg8CAyr4Sy5ALZ,7nxj4danuBXVjct9ve56D6fE6Yx6iHWcHWDv8ik75q6j,2025-10-21T21:36:27+00:00,3bAVgkLHzrCL3ge3ysoVEB4hVfJptEGf42KMvCUhpSzrDGqk3qSLQLSKj338LRhWCWZ8XhAG5vjA84oooxezDuib,6vmoJLFeVHCnrm2XpDPd6EYdRrkG2hcg8CAyr4Sy5ALZ,7nxj4danuBXVjct9ve56D6fE6Yx6iHWcHWDv8ik75q6j,2025-10-21T21:36:27+00:00,3bAVgkLHzrCL3ge3ysoVEB4hVfJptEGf42KMvCUhpSzrDGqk3qSLQLSKj338LRhWCWZ8XhAG5vjA84oooxezDuib,2026-08-28T21:17:36Z,3BpkuDNGr3YDL3fV3yBZprmCnrBsjK6h5CpK6kC9SVGhRkPU7bXMppxgfdwYR3B2auxmz7U4T73PXB4cDhPK4ybc,INDEPENDENT_LIVE,LIVE_POST_CUTOVER
EYFqjenUXZVfgCwyTWbLuHivhoFjSVzYRHGHW3acotPT,0,,,BfBqvwoNLVSEvrjukaRUdex72PEF234oY8RogGtqFRZv,1,7LscpY288mvuC8kBax5KhcxH9BucLs9cCndo2HUi5xWb,BfBqvwoNLVSEvrjukaRUdex72PEF234oY8RogGtqFRZv,2025-10-21T11:05:58Z,2hWvKx5TJFodNw455FqV8DVyum1LpbTzUt1GvfYFJgq4sAuDogD8ZJuowPowAe8qeXmBQQznLSp6sakRYBaDDNDY,7LscpY288mvuC8kBax5KhcxH9BucLs9cCndo2HUi5xWb,BfBqvwoNLVSEvrjukaRUdex72PEF234oY8RogGtqFRZv,2025-10-21T11:05:58Z,2hWvKx5TJFodNw455FqV8DVyum1LpbTzUt1GvfYFJgq4sAuDogD8ZJuowPowAe8qeXmBQQznLSp6sakRYBaDDNDY,2026-08-25T07:31:11.000Z,4rtP3LQdxEFrF724Pcfj9eTdaMqDrbmvi11ewwfNYdLQTN1Zi9niu13zAFrmkA5n1V2cgfjmM8vUtzGWXEcmBYKc,DUNE_LIVE,LIVE_POST_BASELINE
EbYVzsKAAtdLeUR1teZaz1BuBJkWpF4qThYmL5x2PvFD,0,,,DM5YNogviE6YxVESWYG9TaZ9q4qiBLAJmxnA1LQRFMGZ,1,B1Pv8HZNHGdXC8qTsNGLCJKpnoetE2Y52RyeoJW9pE5Z,DM5YNogviE6YxVESWYG9TaZ9q4qiBLAJmxnA1LQRFMGZ,2026-02-07T15:10:06Z,65KhR2BPPeDxKGSJ5UfcDk6MaeJ8x1646VSz8Mb3iKUAni5viJjZs2aJJdbGY6CGTaS3NEzs8sY6j6jdCNMKYTmp,B1Pv8HZNHGdXC8qTsNGLCJKpnoetE2Y52RyeoJW9pE5Z,DM5YNogviE6YxVESWYG9TaZ9q4qiBLAJmxnA1LQRFMGZ,2026-02-07T15:10:06Z,65KhR2BPPeDxKGSJ5UfcDk6MaeJ8x1646VSz8Mb3iKUAni5viJjZs2aJJdbGY6CGTaS3NEzs8sY6j6jdCNMKYTmp,2026-08-31T09:39:48Z,5rqET3n1SkPB9jrcz8yM3KNBt6b2Q925G69tDBYwhL5yd6cLZzD3gSDSSgsbFqwtJkuaCoAvuRNq3eCNaKxhpdWi,INDEPENDENT_LIVE,LIVE_POST_CUTOVER
EbmEqoCCZmvnPo7GXGyjMHpPCYRXquc8mgPwy28A6QMK,0,,,BfBqvwoNLVSEvrjukaRUdex72PEF234oY8RogGtqFRZv,1,7LscpY288mvuC8kBax5KhcxH9BucLs9cCndo2HUi5xWb,BfBqvwoNLVSEvrjukaRUdex72PEF234oY8RogGtqFRZv,2025-04-13T04:51:21Z,5d9a5BidSeNNoyieeYYYThkzLcg1YE38ZaybXzdVWCQqqvnqUjEPAX8XGg5hXuo1Y4x7DUPZy24MjtYbauRgkGUf,7LscpY288mvuC8kBax5KhcxH9BucLs9cCndo2HUi5xWb,BfBqvwoNLVSEvrjukaRUdex72PEF234oY8RogGtqFRZv,2025-04-13T04:51:21Z,5d9a5BidSeNNoyieeYYYThkzLcg1YE38ZaybXzdVWCQqqvnqUjEPAX8XGg5hXuo1Y4x7DUPZy24MjtYbauRgkGUf,2026-08-25T07:31:11.000Z,4rtP3LQdxEFrF724Pcfj9eTdaMqDrbmvi11ewwfNYdLQTN1Zi9niu13zAFrmkA5n1V2cgfjmM8vUtzGWXEcmBYKc,DUNE_LIVE,LIVE_POST_BASELINE
EciHyFgihynFy4CcmrREEcrGCinWt5cWUGhjorXD5Qtr,1,2026-08-24T15:31:42.000Z,4vCVtgkBVLBk7mDP9ph8dujTsrC1u9peWZbWF6sc8o4s2GD7PShbFWsbVLoo7ivijgNvkc1SVT7PcHiEGMrk61wx,,0,,,2026-08-24T15:31:42.000Z,4vCVtgkBVLBk7mDP9ph8dujTsrC1u9peWZbWF6sc8o4s2GD7PShbFWsbVLoo7ivijgNvkc1SVT7PcHiEGMrk61wx,,,,,,,,
EfV8bfJDC8akVgPF86DhYDo1XeoM3SwZqRzpzXMh4kM4,0,,,BCdR4tGAsJCV2PiD4y7LvUgSpoKhaEqj9cWLA68hCkzA,1,2hx9Je3RCTArTNhWJ4JYKreKxa1NPdTQqXZyBrgtUiKS,BCdR4tGAsJCV2PiD4y7LvUgSpoKhaEqj9cWLA68hCkzA,2024-01-16T20:54:23Z,5MUakUWkbAAMDTfjK89wZY1NXcuWZn2PLSh2JbQBM4FVc3MMoLZnnmNRF5ZdQSU4vyxZVEwrYEheoQkJ9BitaK5V,2hx9Je3RCTArTNhWJ4JYKreKxa1NPdTQqXZyBrgtUiKS,BCdR4tGAsJCV2PiD4y7LvUgSpoKhaEqj9cWLA68hCkzA,2024-01-16T20:54:23Z,5MUakUWkbAAMDTfjK89wZY1NXcuWZn2PLSh2JbQBM4FVc3MMoLZnnmNRF5ZdQSU4vyxZVEwrYEheoQkJ9BitaK5V,2026-08-28T07:33:31Z,3WnMgm1LaiyZF2QCBQCTGZxjKwxzixaRBAx5TYVVxU6iycjepqfBCzFeHYMVPPtNuwzRpoycy5tvW8jd3JHkLV6F,INDEPENDENT_LIVE,LIVE_POST_CUTOVER
EkDD8Qfxut2MYwma1NmYGUsaTA6W5qz8WK7JeCT2Eiiz,0,,,Db1meMQEgj8dCwzhR5W6coWt1yV4iEaQsYPKKDyGRUqW,1,Do9VaY2ru9QtaTWdhmuwc2Z9rj4rZ7D6EShdLTvxnp6h,Db1meMQEgj8dCwzhR5W6coWt1yV4iEaQsYPKKDyGRUqW,2026-01-12T18:01:20Z,5dm27sh57W3c4VxikJik1LZ7JAV2AKvAY2k87exHahZHGzuwJoVrgCvMDd6nwncSNB3imeMfjvwgsk6LVVVNEsd5,Do9VaY2ru9QtaTWdhmuwc2Z9rj4rZ7D6EShdLTvxnp6h,Db1meMQEgj8dCwzhR5W6coWt1yV4iEaQsYPKKDyGRUqW,2026-01-12T18:01:20Z,5dm27sh57W3c4VxikJik1LZ7JAV2AKvAY2k87exHahZHGzuwJoVrgCvMDd6nwncSNB3imeMfjvwgsk6LVVVNEsd5,2026-08-26T21:34:16Z,5y9KKMidZA2pNm3QLD2z2j7BfPbwsAQt6HEVyCQMK7sSkCy7PRQUy35JJG3GRnTBDLDeD6YVxYpw9nXSayk6pTiK,INDEPENDENT_LIVE,LIVE_POST_CUTOVER
EkEZwKrmTcE2s8DKscCw8zEA3iw4m2NVbYbAeVLomkmj,0,,,BfBqvwoNLVSEvrjukaRUdex72PEF234oY8RogGtqFRZv,1,7LscpY288mvuC8kBax5KhcxH9BucLs9cCndo2HUi5xWb,BfBqvwoNLVSEvrjukaRUdex72PEF234oY8RogGtqFRZv,2025-12-01T14:26:31Z,21L9tNEQw1co91md6WVpKEVB4jsHXPaqJG8jDpyyY2sTjSBsGk8cQg5s8JJ5QUuqbaRKZ9BhdMPThJi1LZX9NyEm,7LscpY288mvuC8kBax5KhcxH9BucLs9cCndo2HUi5xWb,BfBqvwoNLVSEvrjukaRUdex72PEF234oY8RogGtqFRZv,2025-12-01T14:26:31Z,21L9tNEQw1co91md6WVpKEVB4jsHXPaqJG8jDpyyY2sTjSBsGk8cQg5s8JJ5QUuqbaRKZ9BhdMPThJi1LZX9NyEm,2026-08-25T07:31:11.000Z,4rtP3LQdxEFrF724Pcfj9eTdaMqDrbmvi11ewwfNYdLQTN1Zi9niu13zAFrmkA5n1V2cgfjmM8vUtzGWXEcmBYKc,DUNE_LIVE,LIVE_POST_BASELINE
EkExFpPxNCYyD3JdJZjBRjJhEG9LGCP2xLmR2TVgPY91,0,,,BfBqvwoNLVSEvrjukaRUdex72PEF234oY8RogGtqFRZv,1,7LscpY288mvuC8kBax5KhcxH9BucLs9cCndo2HUi5xWb,BfBqvwoNLVSEvrjukaRUdex72PEF234oY8RogGtqFRZv,2025-12-01T14:29:27Z,4rATcgTRaSxPSwJYQbMDCYX5HWwQqHzsKVwLTdyMie3FBDaq9wey9tVKEjnvXJa9UJyNNwvMAAyc9Z3qgR8znyxw,7LscpY288mvuC8kBax5KhcxH9BucLs9cCndo2HUi5xWb,BfBqvwoNLVSEvrjukaRUdex72PEF234oY8RogGtqFRZv,2025-12-01T14:29:27Z,4rATcgTRaSxPSwJYQbMDCYX5HWwQqHzsKVwLTdyMie3FBDaq9wey9tVKEjnvXJa9UJyNNwvMAAyc9Z3qgR8znyxw,2026-08-25T07:31:11.000Z,4rtP3LQdxEFrF724Pcfj9eTdaMqDrbmvi11ewwfNYdLQTN1Zi9niu13zAFrmkA5n1V2cgfjmM8vUtzGWXEcmBYKc,DUNE_LIVE,LIVE_POST_BASELINE
EmC1JZRjNjpKmeumCZtvUVPt2pWGkkFNhA7AQFDjhPr3,0,,,BfBqvwoNLVSEvrjukaRUdex72PEF234oY8RogGtqFRZv,1,7LscpY288mvuC8kBax5KhcxH9BucLs9cCndo2HUi5xWb,BfBqvwoNLVSEvrjukaRUdex72PEF234oY8RogGtqFRZv,2025-12-01T14:27:29Z,46wVrMn8yTVmAD6o1RGjQWdS1RWpDxzQjpXTQbeSSPd6tWngjPrEeBsqcPvnqvXkVfVub8owRFVXPfoz8Jx7wiUx,7LscpY288mvuC8kBax5KhcxH9BucLs9cCndo2HUi5xWb,BfBqvwoNLVSEvrjukaRUdex72PEF234oY8RogGtqFRZv,2025-12-01T14:27:29Z,46wVrMn8yTVmAD6o1RGjQWdS1RWpDxzQjpXTQbeSSPd6tWngjPrEeBsqcPvnqvXkVfVub8owRFVXPfoz8Jx7wiUx,2026-08-25T07:31:11.000Z,4rtP3LQdxEFrF724Pcfj9eTdaMqDrbmvi11ewwfNYdLQTN1Zi9niu13zAFrmkA5n1V2cgfjmM8vUtzGWXEcmBYKc,DUNE_LIVE,LIVE_POST_BASELINE
EpfQEmhUpcmDw9arwFj64QrNVy3ZbVcgCBo84injMn3U,0,,,8TAx5eRzjvYioRmc83vrzWuEzhav63ccEs7ZuzndxddU,1,Cwg4F9HnwEKktX662TLjYvUjvZStpQHss9BasJYSaGPj,8TAx5eRzjvYioRmc83vrzWuEzhav63ccEs7ZuzndxddU,2026-06-29T18:48:58Z,4XnZoZzefSw4RBychUoeSLmH4gq9CEQtj2rzQnAfnPZ6LLKEMNfcaKBTwiVtbX9ThKpwqWTJbKdnS5bMQRaATtYK,Cwg4F9HnwEKktX662TLjYvUjvZStpQHss9BasJYSaGPj,8TAx5eRzjvYioRmc83vrzWuEzhav63ccEs7ZuzndxddU,2026-06-29T18:48:58Z,4XnZoZzefSw4RBychUoeSLmH4gq9CEQtj2rzQnAfnPZ6LLKEMNfcaKBTwiVtbX9ThKpwqWTJbKdnS5bMQRaATtYK,2026-08-28T06:25:53Z,3wyPJbJFHo4Fvu7Und18ezfHzbJFeq5FuiuZQzTTQAzrrC7RmAWXjXmonJge3e898SwmhStEUrJE6grUaYQ74KcV,INDEPENDENT_LIVE,LIVE_POST_CUTOVER
ErFNDc4vsBmkHhQU5ZxS9pksH1TbgL1D8i7H1r9XuZxL,0,,,Db1meMQEgj8dCwzhR5W6coWt1yV4iEaQsYPKKDyGRUqW,1,Do9VaY2ru9QtaTWdhmuwc2Z9rj4rZ7D6EShdLTvxnp6h,Db1meMQEgj8dCwzhR5W6coWt1yV4iEaQsYPKKDyGRUqW,2025-04-14T13:06:58Z,5dbAicqBRFprJMYb8isYS1z4CzpJtCCDVPtXnUkNE5eD5UnsKhWyt1wJ3WL2jDhCoQYw9f9KnZ4N9PbNxAWyiAXu,Do9VaY2ru9QtaTWdhmuwc2Z9rj4rZ7D6EShdLTvxnp6h,Db1meMQEgj8dCwzhR5W6coWt1yV4iEaQsYPKKDyGRUqW,2025-04-14T13:06:58Z,5dbAicqBRFprJMYb8isYS1z4CzpJtCCDVPtXnUkNE5eD5UnsKhWyt1wJ3WL2jDhCoQYw9f9KnZ4N9PbNxAWyiAXu,2026-08-26T21:34:16Z,5y9KKMidZA2pNm3QLD2z2j7BfPbwsAQt6HEVyCQMK7sSkCy7PRQUy35JJG3GRnTBDLDeD6YVxYpw9nXSayk6pTiK,INDEPENDENT_LIVE,LIVE_POST_CUTOVER
Esbe5wAZfg5DYJbzPtKLbgu6TPCJzbo6S92iYAkKY9ji,0,,,5ByLqbLYQcBZd5pwTFtDcU9cJXgqMBxnbEbynTdmqDPZ,1,DXaSLA5KS5fCAQvtGorUyUPRD4dVX5tB12zv8QyDUtBL,5ByLqbLYQcBZd5pwTFtDcU9cJXgqMBxnbEbynTdmqDPZ,2025-04-22T10:00:34+00:00,43gnKnXtoowsJhkCBcLjCEyCP2EtL1gQRWkHupitugAzn6S6c5J39w93QWN1Av7MmA6p5fEXssgLGSEqR1wVWfjc,DXaSLA5KS5fCAQvtGorUyUPRD4dVX5tB12zv8QyDUtBL,5ByLqbLYQcBZd5pwTFtDcU9cJXgqMBxnbEbynTdmqDPZ,2025-04-22T10:00:34+00:00,43gnKnXtoowsJhkCBcLjCEyCP2EtL1gQRWkHupitugAzn6S6c5J39w93QWN1Av7MmA6p5fEXssgLGSEqR1wVWfjc,2026-08-27T12:12:14Z,36BeMmDBLYZkVBpuYpxjRDekbJRsk2MHBpreJqqzCN2vzKzY4QX3U5Jc2RVrGDqjF5KZPR2y3vmZdY4QLsQVP6k8,INDEPENDENT_LIVE,LIVE_POST_CUTOVER
EsinbfL4Nj6aXW5czUo6mcu4E2Uk3mSXLRF2tJbVtK5h,0,,,BfBqvwoNLVSEvrjukaRUdex72PEF234oY8RogGtqFRZv,1,7LscpY288mvuC8kBax5KhcxH9BucLs9cCndo2HUi5xWb,BfBqvwoNLVSEvrjukaRUdex72PEF234oY8RogGtqFRZv,2025-12-01T14:44:17Z,53LmLNuyoc1LFwmrR9DyGLqTLA1uWwKaGFVRCaBsxveLkj7St8J7MjoowEnA64NXZ4Hay6TK4PTa9aNsYVzD42Vn,7LscpY288mvuC8kBax5KhcxH9BucLs9cCndo2HUi5xWb,BfBqvwoNLVSEvrjukaRUdex72PEF234oY8RogGtqFRZv,2025-12-01T14:44:17Z,53LmLNuyoc1LFwmrR9DyGLqTLA1uWwKaGFVRCaBsxveLkj7St8J7MjoowEnA64NXZ4Hay6TK4PTa9aNsYVzD42Vn,2026-08-25T07:31:11.000Z,4rtP3LQdxEFrF724Pcfj9eTdaMqDrbmvi11ewwfNYdLQTN1Zi9niu13zAFrmkA5n1V2cgfjmM8vUtzGWXEcmBYKc,DUNE_LIVE,LIVE_POST_BASELINE
Esj4GkCnVPgnaJdZqxTKvsfzUxNvXZmCaFVqgmrGgJaf,0,,,DM5YNogviE6YxVESWYG9TaZ9q4qiBLAJmxnA1LQRFMGZ,1,B1Pv8HZNHGdXC8qTsNGLCJKpnoetE2Y52RyeoJW9pE5Z,DM5YNogviE6YxVESWYG9TaZ9q4qiBLAJmxnA1LQRFMGZ,2025-04-13T07:13:14Z,HKF3N8HTkbimPbJF7g9saHuXAu6TdMBmwpPxYX4XSw6vZD55iBVSPj32oZiXjQJ1HcpBSPpgWdGkjRcAe2jjuYW,B1Pv8HZNHGdXC8qTsNGLCJKpnoetE2Y52RyeoJW9pE5Z,DM5YNogviE6YxVESWYG9TaZ9q4qiBLAJmxnA1LQRFMGZ,2025-04-13T07:13:14Z,HKF3N8HTkbimPbJF7g9saHuXAu6TdMBmwpPxYX4XSw6vZD55iBVSPj32oZiXjQJ1HcpBSPpgWdGkjRcAe2jjuYW,2026-08-31T09:39:48Z,5rqET3n1SkPB9jrcz8yM3KNBt6b2Q925G69tDBYwhL5yd6cLZzD3gSDSSgsbFqwtJkuaCoAvuRNq3eCNaKxhpdWi,INDEPENDENT_LIVE,LIVE_POST_CUTOVER
Et2tYq8mBjuzqfzNLp7MC2zFKAPkJR8AheSahSR9DMne,0,,,8TAx5eRzjvYioRmc83vrzWuEzhav63ccEs7ZuzndxddU,1,Cwg4F9HnwEKktX662TLjYvUjvZStpQHss9BasJYSaGPj,8TAx5eRzjvYioRmc83vrzWuEzhav63ccEs7ZuzndxddU,2022-08-20T08:30:01Z,5wwTjVVqye5GJKedRmVwuXf9W7xE4NvMknZgDP6hmfmdAr9dqaBcdfWPV7bznWkE1Rp7gydEKCPegarR2b7xwXn6,Cwg4F9HnwEKktX662TLjYvUjvZStpQHss9BasJYSaGPj,8TAx5eRzjvYioRmc83vrzWuEzhav63ccEs7ZuzndxddU,2022-08-20T08:30:01Z,5wwTjVVqye5GJKedRmVwuXf9W7xE4NvMknZgDP6hmfmdAr9dqaBcdfWPV7bznWkE1Rp7gydEKCPegarR2b7xwXn6,2026-08-28T06:25:53Z,3wyPJbJFHo4Fvu7Und18ezfHzbJFeq5FuiuZQzTTQAzrrC7RmAWXjXmonJge3e898SwmhStEUrJE6grUaYQ74KcV,INDEPENDENT_LIVE,LIVE_POST_CUTOVER
EtqzYdkcSi6o8ozKs4HkfnyjKzeVB2kWKmyKFSQbjk7i,0,,,BfBqvwoNLVSEvrjukaRUdex72PEF234oY8RogGtqFRZv,1,7LscpY288mvuC8kBax5KhcxH9BucLs9cCndo2HUi5xWb,BfBqvwoNLVSEvrjukaRUdex72PEF234oY8RogGtqFRZv,2025-12-01T14:38:57Z,49tPrbR1RaRsGcBZwPemMFoR364nkwGmbPP2SnGf3918wYjp64GYi4wgm8SQ7ktxngBhQySkKaVT7qt8od9zUjL8,7LscpY288mvuC8kBax5KhcxH9BucLs9cCndo2HUi5xWb,BfBqvwoNLVSEvrjukaRUdex72PEF234oY8RogGtqFRZv,2025-12-01T14:38:57Z,49tPrbR1RaRsGcBZwPemMFoR364nkwGmbPP2SnGf3918wYjp64GYi4wgm8SQ7ktxngBhQySkKaVT7qt8od9zUjL8,2026-08-25T07:31:11.000Z,4rtP3LQdxEFrF724Pcfj9eTdaMqDrbmvi11ewwfNYdLQTN1Zi9niu13zAFrmkA5n1V2cgfjmM8vUtzGWXEcmBYKc,DUNE_LIVE,LIVE_POST_BASELINE
Etr7ssCULzZoxcUDJhBHeNWYMtfexvTvW9VuKrfMAExN,0,,,FYL4LRChq2a6w8PenydNEd1ExoKpBVNpueitXAXanSGy,1,FpqrjWJpTNwv1b1nu3Kouzn7KRZeAxcvyXfHgkGFQ9Gd,FYL4LRChq2a6w8PenydNEd1ExoKpBVNpueitXAXanSGy,2025-04-19T15:13:10Z,HBJofTEJ7AZyCmubKayEEo6NAUEyet8Lte1QK3r6SBBkBQpqLMcDKUVG7NYLSLoC4SKBMnCwuFUbgs7m6v67GdY,FpqrjWJpTNwv1b1nu3Kouzn7KRZeAxcvyXfHgkGFQ9Gd,FYL4LRChq2a6w8PenydNEd1ExoKpBVNpueitXAXanSGy,2025-04-19T15:13:10Z,HBJofTEJ7AZyCmubKayEEo6NAUEyet8Lte1QK3r6SBBkBQpqLMcDKUVG7NYLSLoC4SKBMnCwuFUbgs7m6v67GdY,2026-08-24T04:22:35.000Z,5oK95ozVzmUYxqJmZd7NLGb2U4oYDLVTieQMPA7TJve19iKQ41uaDdvJ8VHYNmcxSnH1A7BK2NrfTFFcJbTUKTey,DUNE_LIVE,LIVE_POST_BASELINE
EubJD8MJBbGeWZawEXCopiaju6aA9NzP4np9z6JUkyni,0,,,FYL4LRChq2a6w8PenydNEd1ExoKpBVNpueitXAXanSGy,1,FpqrjWJpTNwv1b1nu3Kouzn7KRZeAxcvyXfHgkGFQ9Gd,FYL4LRChq2a6w8PenydNEd1ExoKpBVNpueitXAXanSGy,2025-04-19T15:14:28Z,2rtBHeE74M7KhrdHBvMywyyMm7P9fuQ1TXGGdHM91Ydsxc9GL9kkPzU6ceS8jTbZwRd88GXjvLNHbB95Hh2iyTLY,FpqrjWJpTNwv1b1nu3Kouzn7KRZeAxcvyXfHgkGFQ9Gd,FYL4LRChq2a6w8PenydNEd1ExoKpBVNpueitXAXanSGy,2025-04-19T15:14:28Z,2rtBHeE74M7KhrdHBvMywyyMm7P9fuQ1TXGGdHM91Ydsxc9GL9kkPzU6ceS8jTbZwRd88GXjvLNHbB95Hh2iyTLY,2026-08-24T04:22:35.000Z,5oK95ozVzmUYxqJmZd7NLGb2U4oYDLVTieQMPA7TJve19iKQ41uaDdvJ8VHYNmcxSnH1A7BK2NrfTFFcJbTUKTey,DUNE_LIVE,LIVE_POST_BASELINE
EuswLpnr696ypyDHXA4dJWRRBuL3tZ6m1MpbmonVrc4S,0,,,BfBqvwoNLVSEvrjukaRUdex72PEF234oY8RogGtqFRZv,1,7LscpY288mvuC8kBax5KhcxH9BucLs9cCndo2HUi5xWb,BfBqvwoNLVSEvrjukaRUdex72PEF234oY8RogGtqFRZv,2025-04-13T04:35:48Z,Qtyfg7Z2cwbR2W2LnJ5UEpehwDdwmwNhvy3uZnYGCNkakhaGwiYvkEJG7L2mMD8VKH3brvH1NNvvDmnKJEYcB4n,7LscpY288mvuC8kBax5KhcxH9BucLs9cCndo2HUi5xWb,BfBqvwoNLVSEvrjukaRUdex72PEF234oY8RogGtqFRZv,2025-04-13T04:35:48Z,Qtyfg7Z2cwbR2W2LnJ5UEpehwDdwmwNhvy3uZnYGCNkakhaGwiYvkEJG7L2mMD8VKH3brvH1NNvvDmnKJEYcB4n,2026-08-25T07:31:11.000Z,4rtP3LQdxEFrF724Pcfj9eTdaMqDrbmvi11ewwfNYdLQTN1Zi9niu13zAFrmkA5n1V2cgfjmM8vUtzGWXEcmBYKc,DUNE_LIVE,LIVE_POST_BASELINE
Ev5DqXoG2MK6zwbS3QXrVVmKrbMgCxTrWx2zKtfG6iAB,0,,,Db1meMQEgj8dCwzhR5W6coWt1yV4iEaQsYPKKDyGRUqW,1,Do9VaY2ru9QtaTWdhmuwc2Z9rj4rZ7D6EShdLTvxnp6h,Db1meMQEgj8dCwzhR5W6coWt1yV4iEaQsYPKKDyGRUqW,2025-10-29T10:09:13Z,33HuRuZ7ZZw7WRU6aKH7K88WSDz5chgtUoCH56x4pPtLsjrkvn8yeze44LWXVG53DhSzr6yZs2HoMjVEMp9mZqtt,Do9VaY2ru9QtaTWdhmuwc2Z9rj4rZ7D6EShdLTvxnp6h,Db1meMQEgj8dCwzhR5W6coWt1yV4iEaQsYPKKDyGRUqW,2025-10-29T10:09:13Z,33HuRuZ7ZZw7WRU6aKH7K88WSDz5chgtUoCH56x4pPtLsjrkvn8yeze44LWXVG53DhSzr6yZs2HoMjVEMp9mZqtt,2026-08-26T21:34:16Z,5y9KKMidZA2pNm3QLD2z2j7BfPbwsAQt6HEVyCQMK7sSkCy7PRQUy35JJG3GRnTBDLDeD6YVxYpw9nXSayk6pTiK,INDEPENDENT_LIVE,LIVE_POST_CUTOVER
EwEAtW5tMZ6tsAxYB1y5VZGwKkqqNQxBt1i1ZEsh3R6j,1,2026-08-24T15:31:42.000Z,59J1wgoFySb9drEYRCHiP1fBXXofUoLdgcfz62TGz9prJjxcYkkpWdWvHXFY1AYS3AVQnTwr5PqmgjWtv3Qh54AB,,0,,,2026-08-24T15:31:42.000Z,59J1wgoFySb9drEYRCHiP1fBXXofUoLdgcfz62TGz9prJjxcYkkpWdWvHXFY1AYS3AVQnTwr5PqmgjWtv3Qh54AB,,,,,,,,
EwrYq7197r29QcH6o8cawkHQCA441NfJSt8v9VJwteVq,0,,,BfBqvwoNLVSEvrjukaRUdex72PEF234oY8RogGtqFRZv,1,7LscpY288mvuC8kBax5KhcxH9BucLs9cCndo2HUi5xWb,BfBqvwoNLVSEvrjukaRUdex72PEF234oY8RogGtqFRZv,2025-12-01T14:30:23Z,53uAcNLopo8exwkQqs3E3W8aTeK65a5CHospXFYJVo8gw7QKqEKKcpoE2zdpE67dgp7JCgzZuRJSuqjYaQ5cPWaR,7LscpY288mvuC8kBax5KhcxH9BucLs9cCndo2HUi5xWb,BfBqvwoNLVSEvrjukaRUdex72PEF234oY8RogGtqFRZv,2025-12-01T14:30:23Z,53uAcNLopo8exwkQqs3E3W8aTeK65a5CHospXFYJVo8gw7QKqEKKcpoE2zdpE67dgp7JCgzZuRJSuqjYaQ5cPWaR,2026-08-25T07:31:11.000Z,4rtP3LQdxEFrF724Pcfj9eTdaMqDrbmvi11ewwfNYdLQTN1Zi9niu13zAFrmkA5n1V2cgfjmM8vUtzGWXEcmBYKc,DUNE_LIVE,LIVE_POST_BASELINE
Exfsq35V5MkyuCF87osLe37swe2frLcbFQbpTMD67B76,0,,,CqNYeYsqQ8B7WXuo3EJrUe8ZXL7Jwd8esprgfJ5dy8Ks,1,J5PmDvfYhrsmeqeo8MxtJiQu4p2dE6uVAF4wiFKvLQBQ,CqNYeYsqQ8B7WXuo3EJrUe8ZXL7Jwd8esprgfJ5dy8Ks,2022-10-06T20:24:23+00:00,3KvnDAw7gcXNPEtPHg7CQf7jKXhecASgAgZbxZfKPYbWpVce9UWcAcKjcZNSUPKjbM6G2L6rz94kTdnFbYJgV4LP,J5PmDvfYhrsmeqeo8MxtJiQu4p2dE6uVAF4wiFKvLQBQ,CqNYeYsqQ8B7WXuo3EJrUe8ZXL7Jwd8esprgfJ5dy8Ks,2022-10-06T20:24:23+00:00,3KvnDAw7gcXNPEtPHg7CQf7jKXhecASgAgZbxZfKPYbWpVce9UWcAcKjcZNSUPKjbM6G2L6rz94kTdnFbYJgV4LP,2026-08-30T02:38:23Z,2NdWdgrvAL9Coz9Au1AWsj7hNDHKXjGqK5pVVjLCyR6cS55DwaRhT4mS9iU5ehpstKwp6DwrAGeWrpNCMjQJVNSN,INDEPENDENT_LIVE,LIVE_POST_CUTOVER
Eye9RCFpKicYqg5Dtvwu81qUyLLmT4LJNWBmYWWYRGK9,0,,,BfBqvwoNLVSEvrjukaRUdex72PEF234oY8RogGtqFRZv,1,7LscpY288mvuC8kBax5KhcxH9BucLs9cCndo2HUi5xWb,BfBqvwoNLVSEvrjukaRUdex72PEF234oY8RogGtqFRZv,2025-12-01T14:22:41Z,HCrEvgsNuyzAZACLvJqAyRz8nqPwDnJ9iwoxCenvHbhqX5b5rzZNGdUT2dShZzrwZbL78fE8Qvz4kdMbhFP1tWr,7LscpY288mvuC8kBax5KhcxH9BucLs9cCndo2HUi5xWb,BfBqvwoNLVSEvrjukaRUdex72PEF234oY8RogGtqFRZv,2025-12-01T14:22:41Z,HCrEvgsNuyzAZACLvJqAyRz8nqPwDnJ9iwoxCenvHbhqX5b5rzZNGdUT2dShZzrwZbL78fE8Qvz4kdMbhFP1tWr,2026-08-25T07:31:11.000Z,4rtP3LQdxEFrF724Pcfj9eTdaMqDrbmvi11ewwfNYdLQTN1Zi9niu13zAFrmkA5n1V2cgfjmM8vUtzGWXEcmBYKc,DUNE_LIVE,LIVE_POST_BASELINE
F43WwdreqUzurH1EBWH3fkcXMZbWQPGcGSdjGTzeDA7E,0,,,8TAx5eRzjvYioRmc83vrzWuEzhav63ccEs7ZuzndxddU,1,Cwg4F9HnwEKktX662TLjYvUjvZStpQHss9BasJYSaGPj,8TAx5eRzjvYioRmc83vrzWuEzhav63ccEs7ZuzndxddU,2026-01-18T07:52:52Z,3cd4fdiBSawgwfeAPuUvnCtRLXKEYdDR24JNXjwvZ9iJ3ocb12BNxEj42B3x2oKgsQbeLqZunHrMzzw2X7ubN6XR,Cwg4F9HnwEKktX662TLjYvUjvZStpQHss9BasJYSaGPj,8TAx5eRzjvYioRmc83vrzWuEzhav63ccEs7ZuzndxddU,2026-01-18T07:52:52Z,3cd4fdiBSawgwfeAPuUvnCtRLXKEYdDR24JNXjwvZ9iJ3ocb12BNxEj42B3x2oKgsQbeLqZunHrMzzw2X7ubN6XR,2026-08-28T06:25:53Z,3wyPJbJFHo4Fvu7Und18ezfHzbJFeq5FuiuZQzTTQAzrrC7RmAWXjXmonJge3e898SwmhStEUrJE6grUaYQ74KcV,INDEPENDENT_LIVE,LIVE_POST_CUTOVER
F7RNBHGUA79nqByB2qz9ZSwoMLBwr6fEGwh2t2WxFnhV,0,,,Db1meMQEgj8dCwzhR5W6coWt1yV4iEaQsYPKKDyGRUqW,1,Do9VaY2ru9QtaTWdhmuwc2Z9rj4rZ7D6EShdLTvxnp6h,Db1meMQEgj8dCwzhR5W6coWt1yV4iEaQsYPKKDyGRUqW,2025-04-14T13:07:15Z,42gLfQKcxGbycJVbgp5dZ1UrtTDsnYUSKDjhU7jg8EF3dVvhiJCLpsW8o2oewzemaaC4NVgt9TN7JmscysqK1AU3,Do9VaY2ru9QtaTWdhmuwc2Z9rj4rZ7D6EShdLTvxnp6h,Db1meMQEgj8dCwzhR5W6coWt1yV4iEaQsYPKKDyGRUqW,2025-04-14T13:07:15Z,42gLfQKcxGbycJVbgp5dZ1UrtTDsnYUSKDjhU7jg8EF3dVvhiJCLpsW8o2oewzemaaC4NVgt9TN7JmscysqK1AU3,2026-08-26T21:34:16Z,5y9KKMidZA2pNm3QLD2z2j7BfPbwsAQt6HEVyCQMK7sSkCy7PRQUy35JJG3GRnTBDLDeD6YVxYpw9nXSayk6pTiK,INDEPENDENT_LIVE,LIVE_POST_CUTOVER
F7nhaMc1XoRhTEi9yEwniuTpjdwmmL9rM695bCRz4rCC,0,,,BfBqvwoNLVSEvrjukaRUdex72PEF234oY8RogGtqFRZv,1,7LscpY288mvuC8kBax5KhcxH9BucLs9cCndo2HUi5xWb,BfBqvwoNLVSEvrjukaRUdex72PEF234oY8RogGtqFRZv,2025-12-01T14:38:32Z,5f8R6mzXXfGk3C4UPJdhjKsuEMCrSo8nN8hN1SCb6yPPU7haznNyqm7rmwJLMG1Nq6VwgXm2SSqnajmpkUZPXoYt,7LscpY288mvuC8kBax5KhcxH9BucLs9cCndo2HUi5xWb,BfBqvwoNLVSEvrjukaRUdex72PEF234oY8RogGtqFRZv,2025-12-01T14:38:32Z,5f8R6mzXXfGk3C4UPJdhjKsuEMCrSo8nN8hN1SCb6yPPU7haznNyqm7rmwJLMG1Nq6VwgXm2SSqnajmpkUZPXoYt,2026-08-25T07:31:11.000Z,4rtP3LQdxEFrF724Pcfj9eTdaMqDrbmvi11ewwfNYdLQTN1Zi9niu13zAFrmkA5n1V2cgfjmM8vUtzGWXEcmBYKc,DUNE_LIVE,LIVE_POST_BASELINE
F8htxjaGNS8pfB6GxP6JYJYALCEdxhH8BWwr6EJu7mLv,0,,,Db1meMQEgj8dCwzhR5W6coWt1yV4iEaQsYPKKDyGRUqW,1,Do9VaY2ru9QtaTWdhmuwc2Z9rj4rZ7D6EShdLTvxnp6h,Db1meMQEgj8dCwzhR5W6coWt1yV4iEaQsYPKKDyGRUqW,2026-04-30T12:28:13Z,3zEwhq37bFz9ruUF3aZTz4FHHHtmUfQ3Z1StgY7Y8F3AdoRJEWzyGTgkdhFLBbDNrK7J4jg3Gu6gqKYUxfAPBtnQ,Do9VaY2ru9QtaTWdhmuwc2Z9rj4rZ7D6EShdLTvxnp6h,Db1meMQEgj8dCwzhR5W6coWt1yV4iEaQsYPKKDyGRUqW,2026-04-30T12:28:13Z,3zEwhq37bFz9ruUF3aZTz4FHHHtmUfQ3Z1StgY7Y8F3AdoRJEWzyGTgkdhFLBbDNrK7J4jg3Gu6gqKYUxfAPBtnQ,2026-08-26T21:34:16Z,5y9KKMidZA2pNm3QLD2z2j7BfPbwsAQt6HEVyCQMK7sSkCy7PRQUy35JJG3GRnTBDLDeD6YVxYpw9nXSayk6pTiK,INDEPENDENT_LIVE,LIVE_POST_CUTOVER
F8qRgQDUcpBh3ia3nqzMA6S8gJC2zNjD6iTGfmoB5rh9,0,,,BfBqvwoNLVSEvrjukaRUdex72PEF234oY8RogGtqFRZv,1,7LscpY288mvuC8kBax5KhcxH9BucLs9cCndo2HUi5xWb,BfBqvwoNLVSEvrjukaRUdex72PEF234oY8RogGtqFRZv,2025-12-01T14:21:17Z,21vkAUc36d8a9yFggfdALakrZrRDLvDaHtdYS8NsLhz81sbdfzYKhsKVXTRkZS9Y3tvGiWr6PZgxuxhkA56MW5zn,7LscpY288mvuC8kBax5KhcxH9BucLs9cCndo2HUi5xWb,BfBqvwoNLVSEvrjukaRUdex72PEF234oY8RogGtqFRZv,2025-12-01T14:21:17Z,21vkAUc36d8a9yFggfdALakrZrRDLvDaHtdYS8NsLhz81sbdfzYKhsKVXTRkZS9Y3tvGiWr6PZgxuxhkA56MW5zn,2026-08-25T07:31:11.000Z,4rtP3LQdxEFrF724Pcfj9eTdaMqDrbmvi11ewwfNYdLQTN1Zi9niu13zAFrmkA5n1V2cgfjmM8vUtzGWXEcmBYKc,DUNE_LIVE,LIVE_POST_BASELINE
F8wmwU2a9FBsuFEAjWScENd3jY47er4Yrix8yKREmWT7,0,,,BfBqvwoNLVSEvrjukaRUdex72PEF234oY8RogGtqFRZv,1,7LscpY288mvuC8kBax5KhcxH9BucLs9cCndo2HUi5xWb,BfBqvwoNLVSEvrjukaRUdex72PEF234oY8RogGtqFRZv,2025-12-01T14:34:24Z,3wdaxVJWyDyBD8kCzXRsSDZz4TLgAGo7FesjM7o4fLxC7kCnQY7KHapxAtQgsDBK4iC6bmLKb9eP3TYgusoGtfxR,7LscpY288mvuC8kBax5KhcxH9BucLs9cCndo2HUi5xWb,BfBqvwoNLVSEvrjukaRUdex72PEF234oY8RogGtqFRZv,2025-12-01T14:34:24Z,3wdaxVJWyDyBD8kCzXRsSDZz4TLgAGo7FesjM7o4fLxC7kCnQY7KHapxAtQgsDBK4iC6bmLKb9eP3TYgusoGtfxR,2026-08-25T07:31:11.000Z,4rtP3LQdxEFrF724Pcfj9eTdaMqDrbmvi11ewwfNYdLQTN1Zi9niu13zAFrmkA5n1V2cgfjmM8vUtzGWXEcmBYKc,DUNE_LIVE,LIVE_POST_BASELINE
F9tdCuubJinyK5obLPfyQro5yKLcMyca2esP7ctC1uL9,0,,,FYL4LRChq2a6w8PenydNEd1ExoKpBVNpueitXAXanSGy,1,FpqrjWJpTNwv1b1nu3Kouzn7KRZeAxcvyXfHgkGFQ9Gd,FYL4LRChq2a6w8PenydNEd1ExoKpBVNpueitXAXanSGy,2025-04-19T15:08:49Z,BSLkphmSkA1UGS5sbhVVdouWdU3jeenw1ripyW74twnbdffCqu25L2hEqsSGATzy7fP5b6gyZiTx22Cr7CGhXSN,FpqrjWJpTNwv1b1nu3Kouzn7KRZeAxcvyXfHgkGFQ9Gd,FYL4LRChq2a6w8PenydNEd1ExoKpBVNpueitXAXanSGy,2025-04-19T15:08:49Z,BSLkphmSkA1UGS5sbhVVdouWdU3jeenw1ripyW74twnbdffCqu25L2hEqsSGATzy7fP5b6gyZiTx22Cr7CGhXSN,2026-08-24T04:22:35.000Z,5oK95ozVzmUYxqJmZd7NLGb2U4oYDLVTieQMPA7TJve19iKQ41uaDdvJ8VHYNmcxSnH1A7BK2NrfTFFcJbTUKTey,DUNE_LIVE,LIVE_POST_BASELINE
FAAne5kFwWdEhJi4zzWPtk9SvEa2JoCgJ82smtArgLSe,0,,,5rEfNxZ9czZ5aFAVc3CNLJMdKP5Yy58EMPW7p5Naq1jb,1,HCWQuh29WhHNkTam3vrV2DrWuBDyHzcSVDrLAgo2pph6,5rEfNxZ9czZ5aFAVc3CNLJMdKP5Yy58EMPW7p5Naq1jb,2025-05-05T06:53:44Z,4pbcEk8sXHWWZ8jbY14Y31wdTcfR2smiLC7Vs5v5tqF7XqutBpPE4GtCgHh9Nh9nB17L2hugChjLtLb7wc42HJLc,HCWQuh29WhHNkTam3vrV2DrWuBDyHzcSVDrLAgo2pph6,5rEfNxZ9czZ5aFAVc3CNLJMdKP5Yy58EMPW7p5Naq1jb,2025-05-05T06:53:44Z,4pbcEk8sXHWWZ8jbY14Y31wdTcfR2smiLC7Vs5v5tqF7XqutBpPE4GtCgHh9Nh9nB17L2hugChjLtLb7wc42HJLc,2026-08-17T14:06:03.000Z,3k15GgaM5brAMcpjjwvufSkYd9MTUVQQr46zpR9maZcR5W2Z5nobxMxGYP7FataRN5R2YSPoCxyZDWjsjAU3QSS4,DUNE_LIVE,LIVE_POST_BASELINE
FAyM7HyjfeT6mj33WG9GQkTCvgLt3BogrzqZNdpkCKgy,0,,,8TAx5eRzjvYioRmc83vrzWuEzhav63ccEs7ZuzndxddU,1,Cwg4F9HnwEKktX662TLjYvUjvZStpQHss9BasJYSaGPj,8TAx5eRzjvYioRmc83vrzWuEzhav63ccEs7ZuzndxddU,2026-01-18T07:53:25Z,2ShD7cQb42ACM2hUyydUzWQaZmCb8e35Bo2yjaBJhTuncPFni1wCq9xK35Z9P13ttxqu1zN1argVm8VB9zBEbXAY,Cwg4F9HnwEKktX662TLjYvUjvZStpQHss9BasJYSaGPj,8TAx5eRzjvYioRmc83vrzWuEzhav63ccEs7ZuzndxddU,2026-01-18T07:53:25Z,2ShD7cQb42ACM2hUyydUzWQaZmCb8e35Bo2yjaBJhTuncPFni1wCq9xK35Z9P13ttxqu1zN1argVm8VB9zBEbXAY,2026-08-28T06:25:53Z,3wyPJbJFHo4Fvu7Und18ezfHzbJFeq5FuiuZQzTTQAzrrC7RmAWXjXmonJge3e898SwmhStEUrJE6grUaYQ74KcV,INDEPENDENT_LIVE,LIVE_POST_CUTOVER
FBU6oHfXejRg2ry7EajdJZzLgxexAw6ZPKzzyp9xHifY,0,,,BfBqvwoNLVSEvrjukaRUdex72PEF234oY8RogGtqFRZv,1,7LscpY288mvuC8kBax5KhcxH9BucLs9cCndo2HUi5xWb,BfBqvwoNLVSEvrjukaRUdex72PEF234oY8RogGtqFRZv,2025-08-14T10:17:52Z,3TCmiivJfCxWu3zcEjKyaymVcaedd5eBwn4Lsv19YWZ3K1cwYwjMShuCVyCZvSDTCKEdaoTpjDgBWE9Cd1xzts1H,7LscpY288mvuC8kBax5KhcxH9BucLs9cCndo2HUi5xWb,BfBqvwoNLVSEvrjukaRUdex72PEF234oY8RogGtqFRZv,2025-08-14T10:17:52Z,3TCmiivJfCxWu3zcEjKyaymVcaedd5eBwn4Lsv19YWZ3K1cwYwjMShuCVyCZvSDTCKEdaoTpjDgBWE9Cd1xzts1H,2026-08-25T07:31:11.000Z,4rtP3LQdxEFrF724Pcfj9eTdaMqDrbmvi11ewwfNYdLQTN1Zi9niu13zAFrmkA5n1V2cgfjmM8vUtzGWXEcmBYKc,DUNE_LIVE,LIVE_POST_BASELINE
FDYsXsm3QV1QQMpBGFDSkieQ4jxq29w9kwUf8hGsnG3q,0,,,38Bj4DFXhAkDxB6Atj66kdxGZfhZEC3ejRX1HDh1YFKj,1,8Vpqxxbon9s4Hnk2eMhysjx6XKjHiUgEUAm3MSq9yQv2,38Bj4DFXhAkDxB6Atj66kdxGZfhZEC3ejRX1HDh1YFKj,2025-04-26T14:24:16Z,3E4reR2G4it3vhrV6VeohXXDCra35WSkUMfh4wMFw54sJ2kWg3V6c2SvaJBdYLKy8F5GLWcbE8Njb8rJnWi57LDL,8Vpqxxbon9s4Hnk2eMhysjx6XKjHiUgEUAm3MSq9yQv2,38Bj4DFXhAkDxB6Atj66kdxGZfhZEC3ejRX1HDh1YFKj,2025-04-26T14:24:16Z,3E4reR2G4it3vhrV6VeohXXDCra35WSkUMfh4wMFw54sJ2kWg3V6c2SvaJBdYLKy8F5GLWcbE8Njb8rJnWi57LDL,2026-08-21T19:39:25.000Z,4AT1PFFkyADXcz2QFJi78yrTeP8dAhFkfWJU5JCvpEx2a7pWsAxn14owrdqpvwkTU7bAzxxCYoBijEksgty9W6qe,DUNE_LIVE,LIVE_POST_BASELINE
FDjZ1V14j4cCuUrAKjHCToWVW7zeUaaw19nHoqCQkhVm,0,,,BfBqvwoNLVSEvrjukaRUdex72PEF234oY8RogGtqFRZv,1,7LscpY288mvuC8kBax5KhcxH9BucLs9cCndo2HUi5xWb,BfBqvwoNLVSEvrjukaRUdex72PEF234oY8RogGtqFRZv,2025-12-01T14:38:52Z,ZjV4seG4925q2AjvR6cDW9thkdtaDUwgdtN3UX1CeFei2m98daxSXsfvziovqJzXUbFs4jN9cMBKxdSJw6AaSja,7LscpY288mvuC8kBax5KhcxH9BucLs9cCndo2HUi5xWb,BfBqvwoNLVSEvrjukaRUdex72PEF234oY8RogGtqFRZv,2025-12-01T14:38:52Z,ZjV4seG4925q2AjvR6cDW9thkdtaDUwgdtN3UX1CeFei2m98daxSXsfvziovqJzXUbFs4jN9cMBKxdSJw6AaSja,2026-08-25T07:31:11.000Z,4rtP3LQdxEFrF724Pcfj9eTdaMqDrbmvi11ewwfNYdLQTN1Zi9niu13zAFrmkA5n1V2cgfjmM8vUtzGWXEcmBYKc,DUNE_LIVE,LIVE_POST_BASELINE
FERcEv5SpjZ2kj6R3ZFaWTAPxQGCajgaKYWjRXa89SjP,0,,,BfBqvwoNLVSEvrjukaRUdex72PEF234oY8RogGtqFRZv,1,7LscpY288mvuC8kBax5KhcxH9BucLs9cCndo2HUi5xWb,BfBqvwoNLVSEvrjukaRUdex72PEF234oY8RogGtqFRZv,2025-12-01T14:40:05Z,2wHrsgsxxqAL2FJRd5b2v3Jibygbrt2SXZkVMdCPX4h42AaCxwAY9bK29PtEyAzEH4nAMxyx6oKK2r6kkefjUVyF,7LscpY288mvuC8kBax5KhcxH9BucLs9cCndo2HUi5xWb,BfBqvwoNLVSEvrjukaRUdex72PEF234oY8RogGtqFRZv,2025-12-01T14:40:05Z,2wHrsgsxxqAL2FJRd5b2v3Jibygbrt2SXZkVMdCPX4h42AaCxwAY9bK29PtEyAzEH4nAMxyx6oKK2r6kkefjUVyF,2026-08-25T07:31:11.000Z,4rtP3LQdxEFrF724Pcfj9eTdaMqDrbmvi11ewwfNYdLQTN1Zi9niu13zAFrmkA5n1V2cgfjmM8vUtzGWXEcmBYKc,DUNE_LIVE,LIVE_POST_BASELINE
FEfjzU5jGdiY5YB66yemTcu2xLad7nme4U793YjjCUZQ,0,,,BfBqvwoNLVSEvrjukaRUdex72PEF234oY8RogGtqFRZv,1,7LscpY288mvuC8kBax5KhcxH9BucLs9cCndo2HUi5xWb,BfBqvwoNLVSEvrjukaRUdex72PEF234oY8RogGtqFRZv,2025-12-01T14:21:42Z,3ga1BCBn1sZTeML3o3P39EUqtjLy48P9eRNd9wr8LLRzRkQiKmBwELdmN1QyA1xp9b6QZfKxU6ahss24zEaVpNRo,7LscpY288mvuC8kBax5KhcxH9BucLs9cCndo2HUi5xWb,BfBqvwoNLVSEvrjukaRUdex72PEF234oY8RogGtqFRZv,2025-12-01T14:21:42Z,3ga1BCBn1sZTeML3o3P39EUqtjLy48P9eRNd9wr8LLRzRkQiKmBwELdmN1QyA1xp9b6QZfKxU6ahss24zEaVpNRo,2026-08-25T07:31:11.000Z,4rtP3LQdxEFrF724Pcfj9eTdaMqDrbmvi11ewwfNYdLQTN1Zi9niu13zAFrmkA5n1V2cgfjmM8vUtzGWXEcmBYKc,DUNE_LIVE,LIVE_POST_BASELINE
FH21vWAvV1cTqNfRa7QKtnGJW7eJjXYTpoKexCzogcTU,0,,,DM5YNogviE6YxVESWYG9TaZ9q4qiBLAJmxnA1LQRFMGZ,1,B1Pv8HZNHGdXC8qTsNGLCJKpnoetE2Y52RyeoJW9pE5Z,DM5YNogviE6YxVESWYG9TaZ9q4qiBLAJmxnA1LQRFMGZ,2025-04-15T02:18:26Z,2Rf85uRm9uwv7e34BRMrej42NoE2LJwYQq5agaSc8EmMpaHGGrzWcrNXY96kZwLLSEhzRg1KcNThCVyxm5sZgQVX,B1Pv8HZNHGdXC8qTsNGLCJKpnoetE2Y52RyeoJW9pE5Z,DM5YNogviE6YxVESWYG9TaZ9q4qiBLAJmxnA1LQRFMGZ,2025-04-15T02:18:26Z,2Rf85uRm9uwv7e34BRMrej42NoE2LJwYQq5agaSc8EmMpaHGGrzWcrNXY96kZwLLSEhzRg1KcNThCVyxm5sZgQVX,2026-08-31T09:39:48Z,5rqET3n1SkPB9jrcz8yM3KNBt6b2Q925G69tDBYwhL5yd6cLZzD3gSDSSgsbFqwtJkuaCoAvuRNq3eCNaKxhpdWi,INDEPENDENT_LIVE,LIVE_POST_CUTOVER
FHymXZ8zMPhWT99MyrtocLwqj1yenm7ZuXquTiMtnP2C,0,,,8TAx5eRzjvYioRmc83vrzWuEzhav63ccEs7ZuzndxddU,1,Cwg4F9HnwEKktX662TLjYvUjvZStpQHss9BasJYSaGPj,8TAx5eRzjvYioRmc83vrzWuEzhav63ccEs7ZuzndxddU,2026-01-18T07:53:02Z,4BdTJ6Mcp6Xb1P6WqqFmGmq9FF9KGe3TrxuZMVExyYdxDpbo9R4JqVpgzXQDdQbMX4Ar2z84wcUi3x36tcoYwVMs,Cwg4F9HnwEKktX662TLjYvUjvZStpQHss9BasJYSaGPj,8TAx5eRzjvYioRmc83vrzWuEzhav63ccEs7ZuzndxddU,2026-01-18T07:53:02Z,4BdTJ6Mcp6Xb1P6WqqFmGmq9FF9KGe3TrxuZMVExyYdxDpbo9R4JqVpgzXQDdQbMX4Ar2z84wcUi3x36tcoYwVMs,2026-08-28T06:25:53Z,3wyPJbJFHo4Fvu7Und18ezfHzbJFeq5FuiuZQzTTQAzrrC7RmAWXjXmonJge3e898SwmhStEUrJE6grUaYQ74KcV,INDEPENDENT_LIVE,LIVE_POST_CUTOVER
FJphu6ZnZmAEmdnE8tEjxrXuWMceSomqSDkHifWbh1Ea,0,,,8TAx5eRzjvYioRmc83vrzWuEzhav63ccEs7ZuzndxddU,1,Cwg4F9HnwEKktX662TLjYvUjvZStpQHss9BasJYSaGPj,8TAx5eRzjvYioRmc83vrzWuEzhav63ccEs7ZuzndxddU,2022-08-20T08:30:12Z,ibHUTHgd5XGv3BQLbGet3DA8ZApWtMqvocsLiNwUTdjxjtKwvg9WCunu8533EQRJEeYV6MkNksi3FR48jNgJmf2,Cwg4F9HnwEKktX662TLjYvUjvZStpQHss9BasJYSaGPj,8TAx5eRzjvYioRmc83vrzWuEzhav63ccEs7ZuzndxddU,2022-08-20T08:30:12Z,ibHUTHgd5XGv3BQLbGet3DA8ZApWtMqvocsLiNwUTdjxjtKwvg9WCunu8533EQRJEeYV6MkNksi3FR48jNgJmf2,2026-08-28T06:25:53Z,3wyPJbJFHo4Fvu7Und18ezfHzbJFeq5FuiuZQzTTQAzrrC7RmAWXjXmonJge3e898SwmhStEUrJE6grUaYQ74KcV,INDEPENDENT_LIVE,LIVE_POST_CUTOVER
FLCp2JCi24g29zqeUFQywA7P7CACtRRZcFqbwwgDjHoG,0,,,BfBqvwoNLVSEvrjukaRUdex72PEF234oY8RogGtqFRZv,1,7LscpY288mvuC8kBax5KhcxH9BucLs9cCndo2HUi5xWb,BfBqvwoNLVSEvrjukaRUdex72PEF234oY8RogGtqFRZv,2025-12-01T14:37:56Z,ZEy7P17CBjK9mMn6EKNuG2uLRzkcMyEFC7LgP4RGAQsUZhcijM6zA5YAM4gkeTkahubLP4ytUNoZau9FLVMvL7w,7LscpY288mvuC8kBax5KhcxH9BucLs9cCndo2HUi5xWb,BfBqvwoNLVSEvrjukaRUdex72PEF234oY8RogGtqFRZv,2025-12-01T14:37:56Z,ZEy7P17CBjK9mMn6EKNuG2uLRzkcMyEFC7LgP4RGAQsUZhcijM6zA5YAM4gkeTkahubLP4ytUNoZau9FLVMvL7w,2026-08-25T07:31:11.000Z,4rtP3LQdxEFrF724Pcfj9eTdaMqDrbmvi11ewwfNYdLQTN1Zi9niu13zAFrmkA5n1V2cgfjmM8vUtzGWXEcmBYKc,DUNE_LIVE,LIVE_POST_BASELINE
FMhvA1Asikegcp7hVGJBeRSkDNPvqhcYCpD8fzZZRnfF,0,,,BfBqvwoNLVSEvrjukaRUdex72PEF234oY8RogGtqFRZv,1,7LscpY288mvuC8kBax5KhcxH9BucLs9cCndo2HUi5xWb,BfBqvwoNLVSEvrjukaRUdex72PEF234oY8RogGtqFRZv,2025-12-01T14:42:47Z,2WX7hWMFCKhEkgDfWyBRR2UZxnTas6DMxrGR4Vhdse1aH7h5ux6S6FoHisAmAAH37MksC9V2pTyrSPe6kDcGNy7w,7LscpY288mvuC8kBax5KhcxH9BucLs9cCndo2HUi5xWb,BfBqvwoNLVSEvrjukaRUdex72PEF234oY8RogGtqFRZv,2025-12-01T14:42:47Z,2WX7hWMFCKhEkgDfWyBRR2UZxnTas6DMxrGR4Vhdse1aH7h5ux6S6FoHisAmAAH37MksC9V2pTyrSPe6kDcGNy7w,2026-08-25T07:31:11.000Z,4rtP3LQdxEFrF724Pcfj9eTdaMqDrbmvi11ewwfNYdLQTN1Zi9niu13zAFrmkA5n1V2cgfjmM8vUtzGWXEcmBYKc,DUNE_LIVE,LIVE_POST_BASELINE
FNEFvGSdEpfcjAYbRmwFw6e4cAwpNaUt2wSSq2zHvdD2,0,,,38Bj4DFXhAkDxB6Atj66kdxGZfhZEC3ejRX1HDh1YFKj,1,8Vpqxxbon9s4Hnk2eMhysjx6XKjHiUgEUAm3MSq9yQv2,38Bj4DFXhAkDxB6Atj66kdxGZfhZEC3ejRX1HDh1YFKj,2025-04-26T14:30:54Z,386yAc5sPvoMyUKSGsunNfuVwPCKEANg2faBVTyVrB6SXrHmoEZXF3WbRf17F3JLVFjnrbPzWPEbmP5Z3ext5n2E,8Vpqxxbon9s4Hnk2eMhysjx6XKjHiUgEUAm3MSq9yQv2,38Bj4DFXhAkDxB6Atj66kdxGZfhZEC3ejRX1HDh1YFKj,2025-04-26T14:30:54Z,386yAc5sPvoMyUKSGsunNfuVwPCKEANg2faBVTyVrB6SXrHmoEZXF3WbRf17F3JLVFjnrbPzWPEbmP5Z3ext5n2E,2026-08-21T19:39:25.000Z,4AT1PFFkyADXcz2QFJi78yrTeP8dAhFkfWJU5JCvpEx2a7pWsAxn14owrdqpvwkTU7bAzxxCYoBijEksgty9W6qe,DUNE_LIVE,LIVE_POST_BASELINE
FP2nmYW2YAy137sZyppskuYsjFYx3Hu7rzfN9bdBibPS,0,,,BfBqvwoNLVSEvrjukaRUdex72PEF234oY8RogGtqFRZv,1,7LscpY288mvuC8kBax5KhcxH9BucLs9cCndo2HUi5xWb,BfBqvwoNLVSEvrjukaRUdex72PEF234oY8RogGtqFRZv,2025-04-13T04:47:41Z,4bnUGvDpJKG2xEoYzWgU4A5S5Q3s3GmVxX9tDbxzHBPRUwf9Be9QyJ4HfgfXsw4dxFa9YoPjgciET5YBP5xsJdDH,7LscpY288mvuC8kBax5KhcxH9BucLs9cCndo2HUi5xWb,BfBqvwoNLVSEvrjukaRUdex72PEF234oY8RogGtqFRZv,2025-04-13T04:47:41Z,4bnUGvDpJKG2xEoYzWgU4A5S5Q3s3GmVxX9tDbxzHBPRUwf9Be9QyJ4HfgfXsw4dxFa9YoPjgciET5YBP5xsJdDH,2026-08-25T07:31:11.000Z,4rtP3LQdxEFrF724Pcfj9eTdaMqDrbmvi11ewwfNYdLQTN1Zi9niu13zAFrmkA5n1V2cgfjmM8vUtzGWXEcmBYKc,DUNE_LIVE,LIVE_POST_BASELINE
FPLmNbh7qd6Q9mrvXC5kSXgqwok6rYNf4zG5239pDgSP,0,,,8TAx5eRzjvYioRmc83vrzWuEzhav63ccEs7ZuzndxddU,1,Cwg4F9HnwEKktX662TLjYvUjvZStpQHss9BasJYSaGPj,8TAx5eRzjvYioRmc83vrzWuEzhav63ccEs7ZuzndxddU,2026-01-18T07:52:34Z,2zGetJZAQZ4dHYkvh3yLa1936AMKJ7Zu3YpdAjR2LKvwHGzEhQJAd7JZxsTKtTFiAZWJtkyxBYi3UbBGHNjHjWJJ,Cwg4F9HnwEKktX662TLjYvUjvZStpQHss9BasJYSaGPj,8TAx5eRzjvYioRmc83vrzWuEzhav63ccEs7ZuzndxddU,2026-01-18T07:52:34Z,2zGetJZAQZ4dHYkvh3yLa1936AMKJ7Zu3YpdAjR2LKvwHGzEhQJAd7JZxsTKtTFiAZWJtkyxBYi3UbBGHNjHjWJJ,2026-08-28T06:25:53Z,3wyPJbJFHo4Fvu7Und18ezfHzbJFeq5FuiuZQzTTQAzrrC7RmAWXjXmonJge3e898SwmhStEUrJE6grUaYQ74KcV,INDEPENDENT_LIVE,LIVE_POST_CUTOVER
FQVUE7ZfJdoFugVH2xX4hr4eTmKZpGaKdSGW43ZgFk9r,0,,,BfBqvwoNLVSEvrjukaRUdex72PEF234oY8RogGtqFRZv,1,7LscpY288mvuC8kBax5KhcxH9BucLs9cCndo2HUi5xWb,BfBqvwoNLVSEvrjukaRUdex72PEF234oY8RogGtqFRZv,2025-12-01T14:45:44Z,3FhKF2eLeheiCUAK8EtRuPqxC1TsgDmtrCMik4s5dPi3ArzaDSrnR2wEQZJENCyzZjqQ6eQ6mnhxmvbXSB8KEzRE,7LscpY288mvuC8kBax5KhcxH9BucLs9cCndo2HUi5xWb,BfBqvwoNLVSEvrjukaRUdex72PEF234oY8RogGtqFRZv,2025-12-01T14:45:44Z,3FhKF2eLeheiCUAK8EtRuPqxC1TsgDmtrCMik4s5dPi3ArzaDSrnR2wEQZJENCyzZjqQ6eQ6mnhxmvbXSB8KEzRE,2026-08-25T07:31:11.000Z,4rtP3LQdxEFrF724Pcfj9eTdaMqDrbmvi11ewwfNYdLQTN1Zi9niu13zAFrmkA5n1V2cgfjmM8vUtzGWXEcmBYKc,DUNE_LIVE,LIVE_POST_BASELINE
FQtB3QW6YUXB8yokkRV2qnoyioCCY9mdAFkuHguJWPWD,0,,,DM5YNogviE6YxVESWYG9TaZ9q4qiBLAJmxnA1LQRFMGZ,1,B1Pv8HZNHGdXC8qTsNGLCJKpnoetE2Y52RyeoJW9pE5Z,DM5YNogviE6YxVESWYG9TaZ9q4qiBLAJmxnA1LQRFMGZ,2026-08-31T09:38:19Z,gzWuwHek5Qn5s3Hhw4YpHs9cjsidAhLuS3nNFfBPubPke6TDppk7TrXQSQcVi29RpRm8GJt3UGz79a6yJXhs9Rf,B1Pv8HZNHGdXC8qTsNGLCJKpnoetE2Y52RyeoJW9pE5Z,DM5YNogviE6YxVESWYG9TaZ9q4qiBLAJmxnA1LQRFMGZ,2026-08-31T09:38:19Z,gzWuwHek5Qn5s3Hhw4YpHs9cjsidAhLuS3nNFfBPubPke6TDppk7TrXQSQcVi29RpRm8GJt3UGz79a6yJXhs9Rf,2026-08-31T09:39:48Z,5rqET3n1SkPB9jrcz8yM3KNBt6b2Q925G69tDBYwhL5yd6cLZzD3gSDSSgsbFqwtJkuaCoAvuRNq3eCNaKxhpdWi,INDEPENDENT_LIVE,LIVE_POST_CUTOVER
FR1MV9hsctSGfkSJytwuHzBMjMXSAHtHmD4PCw7a3eVu,0,,,DM5YNogviE6YxVESWYG9TaZ9q4qiBLAJmxnA1LQRFMGZ,1,B1Pv8HZNHGdXC8qTsNGLCJKpnoetE2Y52RyeoJW9pE5Z,DM5YNogviE6YxVESWYG9TaZ9q4qiBLAJmxnA1LQRFMGZ,2025-07-25T15:01:06Z,2994Y6VoGJwCgdsnfZQnraHjoHyJFyLup5VChg1YoF3tFFjxVhtfdyBwor8sv4QCVrBpfSwKyjbDhmuE17dDpyzn,B1Pv8HZNHGdXC8qTsNGLCJKpnoetE2Y52RyeoJW9pE5Z,DM5YNogviE6YxVESWYG9TaZ9q4qiBLAJmxnA1LQRFMGZ,2025-07-25T15:01:06Z,2994Y6VoGJwCgdsnfZQnraHjoHyJFyLup5VChg1YoF3tFFjxVhtfdyBwor8sv4QCVrBpfSwKyjbDhmuE17dDpyzn,2026-08-31T09:39:48Z,5rqET3n1SkPB9jrcz8yM3KNBt6b2Q925G69tDBYwhL5yd6cLZzD3gSDSSgsbFqwtJkuaCoAvuRNq3eCNaKxhpdWi,INDEPENDENT_LIVE,LIVE_POST_CUTOVER
FSSQdyoPgK5vNihRkPo6DHtqahfqUH9CGBAELzm2kkYY,0,,,BfBqvwoNLVSEvrjukaRUdex72PEF234oY8RogGtqFRZv,1,7LscpY288mvuC8kBax5KhcxH9BucLs9cCndo2HUi5xWb,BfBqvwoNLVSEvrjukaRUdex72PEF234oY8RogGtqFRZv,2025-04-13T04:49:29Z,37avuPJovdQAiArR6cKmgTt2LRyhvY1JC49fUHpdsJXphNyDDUk26heVbe7SkqcjC66U4iV4aVk9mmCP78BD9w7K,7LscpY288mvuC8kBax5KhcxH9BucLs9cCndo2HUi5xWb,BfBqvwoNLVSEvrjukaRUdex72PEF234oY8RogGtqFRZv,2025-04-13T04:49:29Z,37avuPJovdQAiArR6cKmgTt2LRyhvY1JC49fUHpdsJXphNyDDUk26heVbe7SkqcjC66U4iV4aVk9mmCP78BD9w7K,2026-08-25T07:31:11.000Z,4rtP3LQdxEFrF724Pcfj9eTdaMqDrbmvi11ewwfNYdLQTN1Zi9niu13zAFrmkA5n1V2cgfjmM8vUtzGWXEcmBYKc,DUNE_LIVE,LIVE_POST_BASELINE
FSajtTbv9ng4XNdUyubJ5i1mtDKMTA85rR4uCMrAAWdz,0,,,FYL4LRChq2a6w8PenydNEd1ExoKpBVNpueitXAXanSGy,1,FpqrjWJpTNwv1b1nu3Kouzn7KRZeAxcvyXfHgkGFQ9Gd,FYL4LRChq2a6w8PenydNEd1ExoKpBVNpueitXAXanSGy,2025-04-19T15:17:06Z,3yekyCyL9kx6E6LXzum465gstdKfDy2EUnnrF4xttFHk46YFsmAj4PuFJXEHv8m7TWt4znPwzK6udHdKXuCJUfRR,FpqrjWJpTNwv1b1nu3Kouzn7KRZeAxcvyXfHgkGFQ9Gd,FYL4LRChq2a6w8PenydNEd1ExoKpBVNpueitXAXanSGy,2025-04-19T15:17:06Z,3yekyCyL9kx6E6LXzum465gstdKfDy2EUnnrF4xttFHk46YFsmAj4PuFJXEHv8m7TWt4znPwzK6udHdKXuCJUfRR,2026-08-24T04:22:35.000Z,5oK95ozVzmUYxqJmZd7NLGb2U4oYDLVTieQMPA7TJve19iKQ41uaDdvJ8VHYNmcxSnH1A7BK2NrfTFFcJbTUKTey,DUNE_LIVE,LIVE_POST_BASELINE
FTsvyjULT9naHNvZfKddYTcs7xT4kuxPNAXYjEZ5C2RG,0,,,BfBqvwoNLVSEvrjukaRUdex72PEF234oY8RogGtqFRZv,1,7LscpY288mvuC8kBax5KhcxH9BucLs9cCndo2HUi5xWb,BfBqvwoNLVSEvrjukaRUdex72PEF234oY8RogGtqFRZv,2025-12-01T14:24:26Z,4kVZhxUY735LwDyE7FNy96PyADptAesTqyrxb688gVaCjSKsmiAN1VKFhf9TRAeXDniyuSAVXYcmev1iNH5QysuE,7LscpY288mvuC8kBax5KhcxH9BucLs9cCndo2HUi5xWb,BfBqvwoNLVSEvrjukaRUdex72PEF234oY8RogGtqFRZv,2025-12-01T14:24:26Z,4kVZhxUY735LwDyE7FNy96PyADptAesTqyrxb688gVaCjSKsmiAN1VKFhf9TRAeXDniyuSAVXYcmev1iNH5QysuE,2026-08-25T07:31:11.000Z,4rtP3LQdxEFrF724Pcfj9eTdaMqDrbmvi11ewwfNYdLQTN1Zi9niu13zAFrmkA5n1V2cgfjmM8vUtzGWXEcmBYKc,DUNE_LIVE,LIVE_POST_BASELINE
FUSucu1FqYbhYR92nzAdgTGMw131vz4Ue6ZE17nmyrK6,0,,,BfBqvwoNLVSEvrjukaRUdex72PEF234oY8RogGtqFRZv,1,7LscpY288mvuC8kBax5KhcxH9BucLs9cCndo2HUi5xWb,BfBqvwoNLVSEvrjukaRUdex72PEF234oY8RogGtqFRZv,2025-12-01T14:43:25Z,5NnUZ2NhJr6eLUD9zbCYrhA4meimaHJiWVe9ARHQ3es6JLXmfUQPSFvWRDNPLG2MFZeBspdrEg3L6fWof6rpSHEd,7LscpY288mvuC8kBax5KhcxH9BucLs9cCndo2HUi5xWb,BfBqvwoNLVSEvrjukaRUdex72PEF234oY8RogGtqFRZv,2025-12-01T14:43:25Z,5NnUZ2NhJr6eLUD9zbCYrhA4meimaHJiWVe9ARHQ3es6JLXmfUQPSFvWRDNPLG2MFZeBspdrEg3L6fWof6rpSHEd,2026-08-25T07:31:11.000Z,4rtP3LQdxEFrF724Pcfj9eTdaMqDrbmvi11ewwfNYdLQTN1Zi9niu13zAFrmkA5n1V2cgfjmM8vUtzGWXEcmBYKc,DUNE_LIVE,LIVE_POST_BASELINE
FUepFagnzuCB7Rid52V9J6VN9VpEoqmL9J3p1h8aSmiq,0,,,BfBqvwoNLVSEvrjukaRUdex72PEF234oY8RogGtqFRZv,1,7LscpY288mvuC8kBax5KhcxH9BucLs9cCndo2HUi5xWb,BfBqvwoNLVSEvrjukaRUdex72PEF234oY8RogGtqFRZv,2025-12-01T14:31:16Z,pF11zUnEUSgwtFC7fFPGGn1pFvMwDtX2DPf8NgkgdzHqCXNZ8mxMpnhMSWmKYFjEwvf3VxwzJWf6m8jR1cvAFwu,7LscpY288mvuC8kBax5KhcxH9BucLs9cCndo2HUi5xWb,BfBqvwoNLVSEvrjukaRUdex72PEF234oY8RogGtqFRZv,2025-12-01T14:31:16Z,pF11zUnEUSgwtFC7fFPGGn1pFvMwDtX2DPf8NgkgdzHqCXNZ8mxMpnhMSWmKYFjEwvf3VxwzJWf6m8jR1cvAFwu,2026-08-25T07:31:11.000Z,4rtP3LQdxEFrF724Pcfj9eTdaMqDrbmvi11ewwfNYdLQTN1Zi9niu13zAFrmkA5n1V2cgfjmM8vUtzGWXEcmBYKc,DUNE_LIVE,LIVE_POST_BASELINE
FUwCZ6BbcaasT7gKty3HdDJ38277ddrB117oZUoXnUZN,0,,,BfBqvwoNLVSEvrjukaRUdex72PEF234oY8RogGtqFRZv,1,7LscpY288mvuC8kBax5KhcxH9BucLs9cCndo2HUi5xWb,BfBqvwoNLVSEvrjukaRUdex72PEF234oY8RogGtqFRZv,2025-04-18T08:13:27Z,RaA14qBDiMkahCegBZdJRn17FiU3zrp18xU5k6WHtMsPRFpaj3UonngPcavb9MSynrP4LduKy9DnLKpHFPLhRzK,7LscpY288mvuC8kBax5KhcxH9BucLs9cCndo2HUi5xWb,BfBqvwoNLVSEvrjukaRUdex72PEF234oY8RogGtqFRZv,2025-04-18T08:13:27Z,RaA14qBDiMkahCegBZdJRn17FiU3zrp18xU5k6WHtMsPRFpaj3UonngPcavb9MSynrP4LduKy9DnLKpHFPLhRzK,2026-08-25T07:31:11.000Z,4rtP3LQdxEFrF724Pcfj9eTdaMqDrbmvi11ewwfNYdLQTN1Zi9niu13zAFrmkA5n1V2cgfjmM8vUtzGWXEcmBYKc,DUNE_LIVE,LIVE_POST_BASELINE
FVRSwzXXryPLijLakK2rrqQwT6NU7v7dsNYPA1ou5Eo3,0,,,FYL4LRChq2a6w8PenydNEd1ExoKpBVNpueitXAXanSGy,1,FpqrjWJpTNwv1b1nu3Kouzn7KRZeAxcvyXfHgkGFQ9Gd,FYL4LRChq2a6w8PenydNEd1ExoKpBVNpueitXAXanSGy,2025-04-19T15:11:39Z,5JbXgrnQRpZqoTedhLoAMUGxEhzUmjgHJcMcXnQczrk8DzLzpkQjSdLMHgyEgJoVcSdLjEzJBhnGryhnNMCCic3t,FpqrjWJpTNwv1b1nu3Kouzn7KRZeAxcvyXfHgkGFQ9Gd,FYL4LRChq2a6w8PenydNEd1ExoKpBVNpueitXAXanSGy,2025-04-19T15:11:39Z,5JbXgrnQRpZqoTedhLoAMUGxEhzUmjgHJcMcXnQczrk8DzLzpkQjSdLMHgyEgJoVcSdLjEzJBhnGryhnNMCCic3t,2026-08-24T04:22:35.000Z,5oK95ozVzmUYxqJmZd7NLGb2U4oYDLVTieQMPA7TJve19iKQ41uaDdvJ8VHYNmcxSnH1A7BK2NrfTFFcJbTUKTey,DUNE_LIVE,LIVE_POST_BASELINE
FY7eJFopGtWgb87WqtLceJpYSWp7yXsMzoi5tXN6xkFe,0,,,BfBqvwoNLVSEvrjukaRUdex72PEF234oY8RogGtqFRZv,1,7LscpY288mvuC8kBax5KhcxH9BucLs9cCndo2HUi5xWb,BfBqvwoNLVSEvrjukaRUdex72PEF234oY8RogGtqFRZv,2025-04-13T04:49:53Z,2bDV4BPw84VEPP8iUHRfA6VzrdCpXUhdjBduX7G2zp53J7ewouFv6DSxE6wX5LdXHJ6ByAob4RbMpGvJvJLqNbnc,7LscpY288mvuC8kBax5KhcxH9BucLs9cCndo2HUi5xWb,BfBqvwoNLVSEvrjukaRUdex72PEF234oY8RogGtqFRZv,2025-04-13T04:49:53Z,2bDV4BPw84VEPP8iUHRfA6VzrdCpXUhdjBduX7G2zp53J7ewouFv6DSxE6wX5LdXHJ6ByAob4RbMpGvJvJLqNbnc,2026-08-25T07:31:11.000Z,4rtP3LQdxEFrF724Pcfj9eTdaMqDrbmvi11ewwfNYdLQTN1Zi9niu13zAFrmkA5n1V2cgfjmM8vUtzGWXEcmBYKc,DUNE_LIVE,LIVE_POST_BASELINE
FbHyQ7ak4nn9CGNiAbxzgSt3xkCAC7spWfgooL58P9U4,0,,,FYL4LRChq2a6w8PenydNEd1ExoKpBVNpueitXAXanSGy,1,FpqrjWJpTNwv1b1nu3Kouzn7KRZeAxcvyXfHgkGFQ9Gd,FYL4LRChq2a6w8PenydNEd1ExoKpBVNpueitXAXanSGy,2025-04-19T15:08:13Z,2BMRLQ4UtwKqZzRhQK6E2zuCEXH5bBA9ZbdPHACRjZmn9BP9W4Jjj5PFLwt5Wn7n7pRaQugfaeiMoERnjyRTCtiy,FpqrjWJpTNwv1b1nu3Kouzn7KRZeAxcvyXfHgkGFQ9Gd,FYL4LRChq2a6w8PenydNEd1ExoKpBVNpueitXAXanSGy,2025-04-19T15:08:13Z,2BMRLQ4UtwKqZzRhQK6E2zuCEXH5bBA9ZbdPHACRjZmn9BP9W4Jjj5PFLwt5Wn7n7pRaQugfaeiMoERnjyRTCtiy,2026-08-24T04:22:35.000Z,5oK95ozVzmUYxqJmZd7NLGb2U4oYDLVTieQMPA7TJve19iKQ41uaDdvJ8VHYNmcxSnH1A7BK2NrfTFFcJbTUKTey,DUNE_LIVE,LIVE_POST_BASELINE
FcPCbyiibbJ3rnqmQ4mAPSnWKG8sV4DXZwNke8NBi3ue,0,,,BfBqvwoNLVSEvrjukaRUdex72PEF234oY8RogGtqFRZv,1,7LscpY288mvuC8kBax5KhcxH9BucLs9cCndo2HUi5xWb,BfBqvwoNLVSEvrjukaRUdex72PEF234oY8RogGtqFRZv,2025-12-01T14:25:07Z,wdBz8MTSTiidp5c953qZGS155684GkKzMVuggdqhhMz3jehsbBeJqrv4JJj8CwKZPvirid8G9qC3rCEZADEZuPf,7LscpY288mvuC8kBax5KhcxH9BucLs9cCndo2HUi5xWb,BfBqvwoNLVSEvrjukaRUdex72PEF234oY8RogGtqFRZv,2025-12-01T14:25:07Z,wdBz8MTSTiidp5c953qZGS155684GkKzMVuggdqhhMz3jehsbBeJqrv4JJj8CwKZPvirid8G9qC3rCEZADEZuPf,2026-08-25T07:31:11.000Z,4rtP3LQdxEFrF724Pcfj9eTdaMqDrbmvi11ewwfNYdLQTN1Zi9niu13zAFrmkA5n1V2cgfjmM8vUtzGWXEcmBYKc,DUNE_LIVE,LIVE_POST_BASELINE
FcUwkEnGj6hJ1bJbMpkpPwFWqivP48SJoZfmzYr5LGNr,0,,,Db1meMQEgj8dCwzhR5W6coWt1yV4iEaQsYPKKDyGRUqW,1,Do9VaY2ru9QtaTWdhmuwc2Z9rj4rZ7D6EShdLTvxnp6h,Db1meMQEgj8dCwzhR5W6coWt1yV4iEaQsYPKKDyGRUqW,2025-08-23T13:26:07Z,5V3ZjEzUNr9v9qjy1rtkiFVuk71STPkniL4FXGQHQB8a3BzxJU3WtNMfikQhLNgYkyPvWVrrLocJaH6kkWo8mJHw,Do9VaY2ru9QtaTWdhmuwc2Z9rj4rZ7D6EShdLTvxnp6h,Db1meMQEgj8dCwzhR5W6coWt1yV4iEaQsYPKKDyGRUqW,2025-08-23T13:26:07Z,5V3ZjEzUNr9v9qjy1rtkiFVuk71STPkniL4FXGQHQB8a3BzxJU3WtNMfikQhLNgYkyPvWVrrLocJaH6kkWo8mJHw,2026-08-26T21:34:16Z,5y9KKMidZA2pNm3QLD2z2j7BfPbwsAQt6HEVyCQMK7sSkCy7PRQUy35JJG3GRnTBDLDeD6YVxYpw9nXSayk6pTiK,INDEPENDENT_LIVE,LIVE_POST_CUTOVER
FccyeYxu6XUtZLvmVjunCAyCZKPcjg3hM23TSziaD7uB,0,,,BfBqvwoNLVSEvrjukaRUdex72PEF234oY8RogGtqFRZv,1,7LscpY288mvuC8kBax5KhcxH9BucLs9cCndo2HUi5xWb,BfBqvwoNLVSEvrjukaRUdex72PEF234oY8RogGtqFRZv,2025-12-01T14:48:57Z,3VpQrtKpYtyVha6Rz22FWQFwbz7RYarF8DBdv8CVT63dCrSgipqdCg95KNTodPn2adYZjYgUpM2uAEBff8sGn7FB,7LscpY288mvuC8kBax5KhcxH9BucLs9cCndo2HUi5xWb,BfBqvwoNLVSEvrjukaRUdex72PEF234oY8RogGtqFRZv,2025-12-01T14:48:57Z,3VpQrtKpYtyVha6Rz22FWQFwbz7RYarF8DBdv8CVT63dCrSgipqdCg95KNTodPn2adYZjYgUpM2uAEBff8sGn7FB,2026-08-25T07:31:11.000Z,4rtP3LQdxEFrF724Pcfj9eTdaMqDrbmvi11ewwfNYdLQTN1Zi9niu13zAFrmkA5n1V2cgfjmM8vUtzGWXEcmBYKc,DUNE_LIVE,LIVE_POST_BASELINE
Fe4JUZAePAzsSzfV98ZDKyZMK4hymeWXyS5Dyy4mmwFC,0,,,8TAx5eRzjvYioRmc83vrzWuEzhav63ccEs7ZuzndxddU,1,Cwg4F9HnwEKktX662TLjYvUjvZStpQHss9BasJYSaGPj,8TAx5eRzjvYioRmc83vrzWuEzhav63ccEs7ZuzndxddU,2022-08-10T07:07:02Z,61V9VixxEqniw5UYEThZqYooY5nVvA446UCa3YL1NqX2ooFmuXz2528rPaS1b3aGGhYXnbayz2h2p6Vc5rk5sEqe,Cwg4F9HnwEKktX662TLjYvUjvZStpQHss9BasJYSaGPj,8TAx5eRzjvYioRmc83vrzWuEzhav63ccEs7ZuzndxddU,2022-08-10T07:07:02Z,61V9VixxEqniw5UYEThZqYooY5nVvA446UCa3YL1NqX2ooFmuXz2528rPaS1b3aGGhYXnbayz2h2p6Vc5rk5sEqe,2026-08-28T06:25:53Z,3wyPJbJFHo4Fvu7Und18ezfHzbJFeq5FuiuZQzTTQAzrrC7RmAWXjXmonJge3e898SwmhStEUrJE6grUaYQ74KcV,INDEPENDENT_LIVE,LIVE_POST_CUTOVER
Fh316Y7AfsacWimDLhzEU7AngabkDb3uj5fmLwkP29yD,0,,,DM5YNogviE6YxVESWYG9TaZ9q4qiBLAJmxnA1LQRFMGZ,1,B1Pv8HZNHGdXC8qTsNGLCJKpnoetE2Y52RyeoJW9pE5Z,DM5YNogviE6YxVESWYG9TaZ9q4qiBLAJmxnA1LQRFMGZ,2025-04-13T07:10:06Z,4VwyCYwZwKDWrBZjTcQ5uUWoYxxUNZp8m7d26KS9zgjXRn3dAi7VXZEQfMibpQLFT5kit7pGTKS4k9Y26g61RsuJ,B1Pv8HZNHGdXC8qTsNGLCJKpnoetE2Y52RyeoJW9pE5Z,DM5YNogviE6YxVESWYG9TaZ9q4qiBLAJmxnA1LQRFMGZ,2025-04-13T07:10:06Z,4VwyCYwZwKDWrBZjTcQ5uUWoYxxUNZp8m7d26KS9zgjXRn3dAi7VXZEQfMibpQLFT5kit7pGTKS4k9Y26g61RsuJ,2026-08-31T09:39:48Z,5rqET3n1SkPB9jrcz8yM3KNBt6b2Q925G69tDBYwhL5yd6cLZzD3gSDSSgsbFqwtJkuaCoAvuRNq3eCNaKxhpdWi,INDEPENDENT_LIVE,LIVE_POST_CUTOVER
FhxN38NELEZgAg8Ud2MDv6YQMpCVov81szhsvdVAbCV,0,,,DM5YNogviE6YxVESWYG9TaZ9q4qiBLAJmxnA1LQRFMGZ,1,B1Pv8HZNHGdXC8qTsNGLCJKpnoetE2Y52RyeoJW9pE5Z,DM5YNogviE6YxVESWYG9TaZ9q4qiBLAJmxnA1LQRFMGZ,2025-04-15T02:12:35Z,3TNwA82LEpvtp5LsZkKNHWYZAE7pQA68P687FGPN6sFTiV2a7S7bRFDXmeee9rqvAPnAzvkNbzyKVagMSEvjKPtQ,B1Pv8HZNHGdXC8qTsNGLCJKpnoetE2Y52RyeoJW9pE5Z,DM5YNogviE6YxVESWYG9TaZ9q4qiBLAJmxnA1LQRFMGZ,2025-04-15T02:12:35Z,3TNwA82LEpvtp5LsZkKNHWYZAE7pQA68P687FGPN6sFTiV2a7S7bRFDXmeee9rqvAPnAzvkNbzyKVagMSEvjKPtQ,2026-08-31T09:39:48Z,5rqET3n1SkPB9jrcz8yM3KNBt6b2Q925G69tDBYwhL5yd6cLZzD3gSDSSgsbFqwtJkuaCoAvuRNq3eCNaKxhpdWi,INDEPENDENT_LIVE,LIVE_POST_CUTOVER
FiMccBG44PE5RcA4rAFWKskYS7GBFbfMGWfbtenYQaB4,0,,,ALWioRV1zqeqLZcL6HdnWBCpRj1eGsoiyDsJxqaATh5L,1,7ZYrmZdkRw6hp3MANNWePNoheqNZJyeCTQFfwQXPzE2v,ALWioRV1zqeqLZcL6HdnWBCpRj1eGsoiyDsJxqaATh5L,2025-04-22T10:05:59+00:00,wJjodPUpWLAb5ThWEZ6DQQU22tX7VeUXq3LmbWxFxCnpvNXmrTDBhbm1zyHwzYgU8JEuvim81ipmkJH8ewKpZj7,7ZYrmZdkRw6hp3MANNWePNoheqNZJyeCTQFfwQXPzE2v,ALWioRV1zqeqLZcL6HdnWBCpRj1eGsoiyDsJxqaATh5L,2025-04-22T10:05:59+00:00,wJjodPUpWLAb5ThWEZ6DQQU22tX7VeUXq3LmbWxFxCnpvNXmrTDBhbm1zyHwzYgU8JEuvim81ipmkJH8ewKpZj7,2026-08-27T12:11:33Z,CGZcRiGwJCA2fBTAEuB5eD25LwsdPtAWvA6SZRJ9DM2xBTpy3s42ZkZgqGjCekTQa4twKYrHnbEQ6KDAX4F6A6K,INDEPENDENT_LIVE,LIVE_POST_CUTOVER
FjbBRMGSaDBxEqT2bcgkSG4Z3TxtZLFn5jyHtUj2oV6F,0,,,Db1meMQEgj8dCwzhR5W6coWt1yV4iEaQsYPKKDyGRUqW,1,Do9VaY2ru9QtaTWdhmuwc2Z9rj4rZ7D6EShdLTvxnp6h,Db1meMQEgj8dCwzhR5W6coWt1yV4iEaQsYPKKDyGRUqW,2025-04-14T13:06:41Z,5tPCUiZur2f8qjVa9DaYhXjTcYjTjZTGuNBMQF9HtsTpfoeXeHYr3NP8z7CbCryLkxghCE5hm8nL58XHWaKTfti7,Do9VaY2ru9QtaTWdhmuwc2Z9rj4rZ7D6EShdLTvxnp6h,Db1meMQEgj8dCwzhR5W6coWt1yV4iEaQsYPKKDyGRUqW,2025-04-14T13:06:41Z,5tPCUiZur2f8qjVa9DaYhXjTcYjTjZTGuNBMQF9HtsTpfoeXeHYr3NP8z7CbCryLkxghCE5hm8nL58XHWaKTfti7,2026-08-26T21:34:16Z,5y9KKMidZA2pNm3QLD2z2j7BfPbwsAQt6HEVyCQMK7sSkCy7PRQUy35JJG3GRnTBDLDeD6YVxYpw9nXSayk6pTiK,INDEPENDENT_LIVE,LIVE_POST_CUTOVER
FmKqhoAHVfs3afFAdrunkE19KgNzstuYfRYnAN7cn1EJ,0,,,BfBqvwoNLVSEvrjukaRUdex72PEF234oY8RogGtqFRZv,1,7LscpY288mvuC8kBax5KhcxH9BucLs9cCndo2HUi5xWb,BfBqvwoNLVSEvrjukaRUdex72PEF234oY8RogGtqFRZv,2025-04-13T04:56:08Z,5af3uYJb6RiNBdcAPaGPZXgHduxnchhimCAfUPcnek37nVHVy12r3vuAVVVqMDXmfcekcquJeRWrr9uGozhjANbS,7LscpY288mvuC8kBax5KhcxH9BucLs9cCndo2HUi5xWb,BfBqvwoNLVSEvrjukaRUdex72PEF234oY8RogGtqFRZv,2025-04-13T04:56:08Z,5af3uYJb6RiNBdcAPaGPZXgHduxnchhimCAfUPcnek37nVHVy12r3vuAVVVqMDXmfcekcquJeRWrr9uGozhjANbS,2026-08-25T07:31:11.000Z,4rtP3LQdxEFrF724Pcfj9eTdaMqDrbmvi11ewwfNYdLQTN1Zi9niu13zAFrmkA5n1V2cgfjmM8vUtzGWXEcmBYKc,DUNE_LIVE,LIVE_POST_BASELINE
FndY9LHkC6R2JTpduVQPoqbTnJ834EHjVPgmQxMUwZgw,0,,,8HfKN9ocY89F8Z2nLvKHrefUDqcX2jAVmfJVB8j3d3Mb,1,4REnZop7oP5yJcxUevLwUqGWsGf2SA6MY8tdQfTaQbNk,8HfKN9ocY89F8Z2nLvKHrefUDqcX2jAVmfJVB8j3d3Mb,2022-06-02T00:57:04Z,2ZS4WFR2podmpBT3VrXM2BM5kD5sm23DzfTiZbVkTPGJgUfZFSt8QKNDgw4sXDfLBAxEYg6C8wFtuJ6NpCpTK3fM,4REnZop7oP5yJcxUevLwUqGWsGf2SA6MY8tdQfTaQbNk,8HfKN9ocY89F8Z2nLvKHrefUDqcX2jAVmfJVB8j3d3Mb,2022-06-02T00:57:04Z,2ZS4WFR2podmpBT3VrXM2BM5kD5sm23DzfTiZbVkTPGJgUfZFSt8QKNDgw4sXDfLBAxEYg6C8wFtuJ6NpCpTK3fM,2026-08-29T16:34:59Z,JHagDchy5vJHk5dknEY4T7pCWcGFviRFapeEULWmQMdJfQexHvJASvinunBwt9cyHxFKgmSoTB4cMmufvrSBF1P,INDEPENDENT_LIVE,LIVE_POST_CUTOVER
FoNZPbWgCezKyKdvjSjtgptkhoLqd8HHXKbR6TFnJqJc,0,,,BVEk4Tz91vwEbCL6eMTejE5nxXkAso3mBSwJcbqoB2Vj,1,86ThTZQ2X5TVWzy8GCbgzt9vfJZFkWE27Ns9Vdv2T5f9,BVEk4Tz91vwEbCL6eMTejE5nxXkAso3mBSwJcbqoB2Vj,2022-06-02T21:44:46Z,5FFfaE2gWAh91YZLR1v4u8FTcAvJAVAidw1FKcUnUe1CD7Ce1K4rNzKcr5xLK8HdodjSwxjVFUaAuH2G9L2Qo66r,86ThTZQ2X5TVWzy8GCbgzt9vfJZFkWE27Ns9Vdv2T5f9,BVEk4Tz91vwEbCL6eMTejE5nxXkAso3mBSwJcbqoB2Vj,2022-06-02T21:44:46Z,5FFfaE2gWAh91YZLR1v4u8FTcAvJAVAidw1FKcUnUe1CD7Ce1K4rNzKcr5xLK8HdodjSwxjVFUaAuH2G9L2Qo66r,2026-08-29T16:34:58Z,4Nuqkdp9aT4nJeCP967hSU1hPo8aXzRtFYZpHikKKAXrzSP5Qi99AvAG1K7C8BsTp3CKbDNvki6V9u7imfn9cYr2,INDEPENDENT_LIVE,LIVE_POST_CUTOVER
FoeZCWokEGPKs1bkLMDKwpuCy8ocyi9Rfz9phEouGxpD,0,,,BCdR4tGAsJCV2PiD4y7LvUgSpoKhaEqj9cWLA68hCkzA,1,2hx9Je3RCTArTNhWJ4JYKreKxa1NPdTQqXZyBrgtUiKS,BCdR4tGAsJCV2PiD4y7LvUgSpoKhaEqj9cWLA68hCkzA,2024-01-16T20:53:59Z,RfTDWSCpooptQexDGbiZ78bQaLjeAn4aoovfDtx2qp1DDDPiuVrkYEgugdpY4JYBgDKvyNTuEVuTN2zH4bFUGNM,2hx9Je3RCTArTNhWJ4JYKreKxa1NPdTQqXZyBrgtUiKS,BCdR4tGAsJCV2PiD4y7LvUgSpoKhaEqj9cWLA68hCkzA,2024-01-16T20:53:59Z,RfTDWSCpooptQexDGbiZ78bQaLjeAn4aoovfDtx2qp1DDDPiuVrkYEgugdpY4JYBgDKvyNTuEVuTN2zH4bFUGNM,2026-08-28T07:33:31Z,3WnMgm1LaiyZF2QCBQCTGZxjKwxzixaRBAx5TYVVxU6iycjepqfBCzFeHYMVPPtNuwzRpoycy5tvW8jd3JHkLV6F,INDEPENDENT_LIVE,LIVE_POST_CUTOVER
FqiuFkYGw8R29puwj8rqoTAzkKGWfkFt9RY7ovLs18YH,0,,,BfBqvwoNLVSEvrjukaRUdex72PEF234oY8RogGtqFRZv,1,7LscpY288mvuC8kBax5KhcxH9BucLs9cCndo2HUi5xWb,BfBqvwoNLVSEvrjukaRUdex72PEF234oY8RogGtqFRZv,2025-12-01T14:28:15Z,41a7ztRE7iBGy1EBo4hRKoBDQKrb5KmsNNzPhNVHHEZ7qpPWyJEBReCs4DvrS3awZ18hfjf24R1sM5c1m4L5NGto,7LscpY288mvuC8kBax5KhcxH9BucLs9cCndo2HUi5xWb,BfBqvwoNLVSEvrjukaRUdex72PEF234oY8RogGtqFRZv,2025-12-01T14:28:15Z,41a7ztRE7iBGy1EBo4hRKoBDQKrb5KmsNNzPhNVHHEZ7qpPWyJEBReCs4DvrS3awZ18hfjf24R1sM5c1m4L5NGto,2026-08-25T07:31:11.000Z,4rtP3LQdxEFrF724Pcfj9eTdaMqDrbmvi11ewwfNYdLQTN1Zi9niu13zAFrmkA5n1V2cgfjmM8vUtzGWXEcmBYKc,DUNE_LIVE,LIVE_POST_BASELINE
FqvGrJMC6h1QCqkEJrANXKnVQDaYZNkq2qjenwvi2b4s,0,,,BfBqvwoNLVSEvrjukaRUdex72PEF234oY8RogGtqFRZv,1,7LscpY288mvuC8kBax5KhcxH9BucLs9cCndo2HUi5xWb,BfBqvwoNLVSEvrjukaRUdex72PEF234oY8RogGtqFRZv,2025-12-01T14:30:18Z,2TNktwksRzVvRhjkmjoA5G6ASzZ6V8vuNd4qaiTBr99FVoYVQ2M5hSn6qtzWz63BS3Gnn5o4YPGnjNyM1Z2JSEWH,7LscpY288mvuC8kBax5KhcxH9BucLs9cCndo2HUi5xWb,BfBqvwoNLVSEvrjukaRUdex72PEF234oY8RogGtqFRZv,2025-12-01T14:30:18Z,2TNktwksRzVvRhjkmjoA5G6ASzZ6V8vuNd4qaiTBr99FVoYVQ2M5hSn6qtzWz63BS3Gnn5o4YPGnjNyM1Z2JSEWH,2026-08-25T07:31:11.000Z,4rtP3LQdxEFrF724Pcfj9eTdaMqDrbmvi11ewwfNYdLQTN1Zi9niu13zAFrmkA5n1V2cgfjmM8vUtzGWXEcmBYKc,DUNE_LIVE,LIVE_POST_BASELINE
FrgETJ8BBLFwJCsXemXNRTYUfe1vtjAoxLYDNwGNguUb,0,,,BfBqvwoNLVSEvrjukaRUdex72PEF234oY8RogGtqFRZv,1,7LscpY288mvuC8kBax5KhcxH9BucLs9cCndo2HUi5xWb,BfBqvwoNLVSEvrjukaRUdex72PEF234oY8RogGtqFRZv,2025-12-01T14:42:05Z,C6mkNp6N3rvwpYE6GpX4i7hn9tWZo2xGFV7pp5SW68S3tYTnz35hdj5fg8qAKCq4aQdNCyawwRsdCcRT8RXLwpj,7LscpY288mvuC8kBax5KhcxH9BucLs9cCndo2HUi5xWb,BfBqvwoNLVSEvrjukaRUdex72PEF234oY8RogGtqFRZv,2025-12-01T14:42:05Z,C6mkNp6N3rvwpYE6GpX4i7hn9tWZo2xGFV7pp5SW68S3tYTnz35hdj5fg8qAKCq4aQdNCyawwRsdCcRT8RXLwpj,2026-08-25T07:31:11.000Z,4rtP3LQdxEFrF724Pcfj9eTdaMqDrbmvi11ewwfNYdLQTN1Zi9niu13zAFrmkA5n1V2cgfjmM8vUtzGWXEcmBYKc,DUNE_LIVE,LIVE_POST_BASELINE
FrqKqFryJA6dUyHtkvtwHFFex3zhkMCxYFWDU4AK82Mh,0,,,Db1meMQEgj8dCwzhR5W6coWt1yV4iEaQsYPKKDyGRUqW,1,Do9VaY2ru9QtaTWdhmuwc2Z9rj4rZ7D6EShdLTvxnp6h,Db1meMQEgj8dCwzhR5W6coWt1yV4iEaQsYPKKDyGRUqW,2025-04-14T13:08:06Z,3LoGHbb2WP8tUZcmTUmVm4haH3h4bvSGq5JoiuCngZ8bRY2SFougRR5tS3CXCvun5fCnjvfefyDcqsLNPdVdxDv4,Do9VaY2ru9QtaTWdhmuwc2Z9rj4rZ7D6EShdLTvxnp6h,Db1meMQEgj8dCwzhR5W6coWt1yV4iEaQsYPKKDyGRUqW,2025-04-14T13:08:06Z,3LoGHbb2WP8tUZcmTUmVm4haH3h4bvSGq5JoiuCngZ8bRY2SFougRR5tS3CXCvun5fCnjvfefyDcqsLNPdVdxDv4,2026-08-26T21:34:16Z,5y9KKMidZA2pNm3QLD2z2j7BfPbwsAQt6HEVyCQMK7sSkCy7PRQUy35JJG3GRnTBDLDeD6YVxYpw9nXSayk6pTiK,INDEPENDENT_LIVE,LIVE_POST_CUTOVER
FxCAgsv2y4nQhuWUKhaxRGqM2g2ntvf5KtW9YMDEQdZ7,0,,,BFpTSgrkFXFycgvaraoSt75osy6EgKEeivXUgxz3AdEz,1,FnqEYzRtDV1zHUaEFycnGS6F3SCmjAvMLsNQQrnQcLPN,BFpTSgrkFXFycgvaraoSt75osy6EgKEeivXUgxz3AdEz,2025-04-22T14:15:24Z,2fezdbWuiSNiYat6N6c13G1RYCRJjh1GZvFCyLN76XZJrZyWr541XXeWSuEiPDpnjzPfRMu2Eq9oYRkK5ScKxNQB,FnqEYzRtDV1zHUaEFycnGS6F3SCmjAvMLsNQQrnQcLPN,BFpTSgrkFXFycgvaraoSt75osy6EgKEeivXUgxz3AdEz,2025-04-22T14:15:24Z,2fezdbWuiSNiYat6N6c13G1RYCRJjh1GZvFCyLN76XZJrZyWr541XXeWSuEiPDpnjzPfRMu2Eq9oYRkK5ScKxNQB,2026-08-30T18:20:59Z,4rGPKBHqqLhzjS6Y5dbuTSUCxKq4LmSxk1LUGZhanbv1vBDdiFLqSGyEReA7P3gTAkqXnVWTFdxGw69fkJjsw87Z,INDEPENDENT_LIVE,LIVE_POST_CUTOVER
G1yK5e1PrRauoWrUBwRNmFdCqJ75txTBdN1438Jns4xA,0,,,8TAx5eRzjvYioRmc83vrzWuEzhav63ccEs7ZuzndxddU,1,Cwg4F9HnwEKktX662TLjYvUjvZStpQHss9BasJYSaGPj,8TAx5eRzjvYioRmc83vrzWuEzhav63ccEs7ZuzndxddU,2022-09-09T09:25:07Z,MpUYcWmB4kbFF15RVSNqWSyLxBPiUVyNsT2XTL4SSjiZZx9PzGratKYAxAUSHorBrKYGA2CGDnrd64XDjj7pUHX,Cwg4F9HnwEKktX662TLjYvUjvZStpQHss9BasJYSaGPj,8TAx5eRzjvYioRmc83vrzWuEzhav63ccEs7ZuzndxddU,2022-09-09T09:25:07Z,MpUYcWmB4kbFF15RVSNqWSyLxBPiUVyNsT2XTL4SSjiZZx9PzGratKYAxAUSHorBrKYGA2CGDnrd64XDjj7pUHX,2026-08-28T06:25:53Z,3wyPJbJFHo4Fvu7Und18ezfHzbJFeq5FuiuZQzTTQAzrrC7RmAWXjXmonJge3e898SwmhStEUrJE6grUaYQ74KcV,INDEPENDENT_LIVE,LIVE_POST_CUTOVER
G2HNdb5j9HnrdknVEqVeqKkTCfB57CmUrPcSBiHa2ZtZ,1,2026-08-24T15:31:42.000Z,59J1wgoFySb9drEYRCHiP1fBXXofUoLdgcfz62TGz9prJjxcYkkpWdWvHXFY1AYS3AVQnTwr5PqmgjWtv3Qh54AB,,0,,,2026-08-24T15:31:42.000Z,59J1wgoFySb9drEYRCHiP1fBXXofUoLdgcfz62TGz9prJjxcYkkpWdWvHXFY1AYS3AVQnTwr5PqmgjWtv3Qh54AB,,,,,,,,
G5RXRb3bX173qRmdyGxgVFEHcNckuqjfZE3CEYXNLkXD,0,,,BfBqvwoNLVSEvrjukaRUdex72PEF234oY8RogGtqFRZv,1,7LscpY288mvuC8kBax5KhcxH9BucLs9cCndo2HUi5xWb,BfBqvwoNLVSEvrjukaRUdex72PEF234oY8RogGtqFRZv,2025-04-13T04:31:26Z,2VjpHCCwRQ9BMMqdb1Xosddukaion24qnpuVGXdnobRsvwvGoa99CRXUeU7rsLtExsYXniqR3HVvfBgE6k74fQfE,7LscpY288mvuC8kBax5KhcxH9BucLs9cCndo2HUi5xWb,BfBqvwoNLVSEvrjukaRUdex72PEF234oY8RogGtqFRZv,2025-04-13T04:31:26Z,2VjpHCCwRQ9BMMqdb1Xosddukaion24qnpuVGXdnobRsvwvGoa99CRXUeU7rsLtExsYXniqR3HVvfBgE6k74fQfE,2026-08-25T07:31:11.000Z,4rtP3LQdxEFrF724Pcfj9eTdaMqDrbmvi11ewwfNYdLQTN1Zi9niu13zAFrmkA5n1V2cgfjmM8vUtzGWXEcmBYKc,DUNE_LIVE,LIVE_POST_BASELINE
G7S5yVBYfeHRjYXeGGMFYMrv7mS8aFHNV2K9q3nhwqw5,0,,,8TAx5eRzjvYioRmc83vrzWuEzhav63ccEs7ZuzndxddU,1,Cwg4F9HnwEKktX662TLjYvUjvZStpQHss9BasJYSaGPj,8TAx5eRzjvYioRmc83vrzWuEzhav63ccEs7ZuzndxddU,2022-08-25T08:37:23Z,4ta89grez1gebsRkkwTDkVsrGYPKj6o61Hk8FcbRuBmL5ntvHGfYtDv2iXnMxdDj1csuTgQTBRABYMJ3gdR1bgHR,Cwg4F9HnwEKktX662TLjYvUjvZStpQHss9BasJYSaGPj,8TAx5eRzjvYioRmc83vrzWuEzhav63ccEs7ZuzndxddU,2022-08-25T08:37:23Z,4ta89grez1gebsRkkwTDkVsrGYPKj6o61Hk8FcbRuBmL5ntvHGfYtDv2iXnMxdDj1csuTgQTBRABYMJ3gdR1bgHR,2026-08-28T06:25:53Z,3wyPJbJFHo4Fvu7Und18ezfHzbJFeq5FuiuZQzTTQAzrrC7RmAWXjXmonJge3e898SwmhStEUrJE6grUaYQ74KcV,INDEPENDENT_LIVE,LIVE_POST_CUTOVER
G85LKPgfuuuyYyexNGgXZRLRLgUeKSgBF4S1KHYJbYXH,0,,,BfBqvwoNLVSEvrjukaRUdex72PEF234oY8RogGtqFRZv,1,7LscpY288mvuC8kBax5KhcxH9BucLs9cCndo2HUi5xWb,BfBqvwoNLVSEvrjukaRUdex72PEF234oY8RogGtqFRZv,2025-12-01T14:48:53Z,28tbzFFfXNnJ3kBT4j2Mb4C9eQ4EsFHPNr1utGSTtFAyCKy4LWBYachFDA3xQ1PCHY7vJxngMqwAAoaM1Y9bDLtF,7LscpY288mvuC8kBax5KhcxH9BucLs9cCndo2HUi5xWb,BfBqvwoNLVSEvrjukaRUdex72PEF234oY8RogGtqFRZv,2025-12-01T14:48:53Z,28tbzFFfXNnJ3kBT4j2Mb4C9eQ4EsFHPNr1utGSTtFAyCKy4LWBYachFDA3xQ1PCHY7vJxngMqwAAoaM1Y9bDLtF,2026-08-25T07:31:11.000Z,4rtP3LQdxEFrF724Pcfj9eTdaMqDrbmvi11ewwfNYdLQTN1Zi9niu13zAFrmkA5n1V2cgfjmM8vUtzGWXEcmBYKc,DUNE_LIVE,LIVE_POST_BASELINE
G8mLZyb1Cx3j8XaPKVZ5NAquGbG8mxWE55QnkEcnzKfK,0,,,DM5YNogviE6YxVESWYG9TaZ9q4qiBLAJmxnA1LQRFMGZ,1,B1Pv8HZNHGdXC8qTsNGLCJKpnoetE2Y52RyeoJW9pE5Z,DM5YNogviE6YxVESWYG9TaZ9q4qiBLAJmxnA1LQRFMGZ,2025-04-13T07:11:17Z,qhoiY4ScrKQxNSwxGN6tsR9AJ6ke2MLnxz64JSLmKaEfD16U3LGwAN9pvUXzLL3wLVt7qbQy4auDXU6ibCxQ4Mt,B1Pv8HZNHGdXC8qTsNGLCJKpnoetE2Y52RyeoJW9pE5Z,DM5YNogviE6YxVESWYG9TaZ9q4qiBLAJmxnA1LQRFMGZ,2025-04-13T07:11:17Z,qhoiY4ScrKQxNSwxGN6tsR9AJ6ke2MLnxz64JSLmKaEfD16U3LGwAN9pvUXzLL3wLVt7qbQy4auDXU6ibCxQ4Mt,2026-08-31T09:39:48Z,5rqET3n1SkPB9jrcz8yM3KNBt6b2Q925G69tDBYwhL5yd6cLZzD3gSDSSgsbFqwtJkuaCoAvuRNq3eCNaKxhpdWi,INDEPENDENT_LIVE,LIVE_POST_CUTOVER
GA46RuttDwmHh8JxKKVHGsgknX16XmZ7F3vvswm2Fpxo,0,,,BfBqvwoNLVSEvrjukaRUdex72PEF234oY8RogGtqFRZv,1,7LscpY288mvuC8kBax5KhcxH9BucLs9cCndo2HUi5xWb,BfBqvwoNLVSEvrjukaRUdex72PEF234oY8RogGtqFRZv,2025-10-16T10:17:46Z,x7qmZENEQHcnF86QDc6aYt6XW9ZXyNW8vZJsBMB1ZUz3EsdBdEV9GTz88kPdyReJcQXtArNHUSjkKGfPAn9LVdS,7LscpY288mvuC8kBax5KhcxH9BucLs9cCndo2HUi5xWb,BfBqvwoNLVSEvrjukaRUdex72PEF234oY8RogGtqFRZv,2025-10-16T10:17:46Z,x7qmZENEQHcnF86QDc6aYt6XW9ZXyNW8vZJsBMB1ZUz3EsdBdEV9GTz88kPdyReJcQXtArNHUSjkKGfPAn9LVdS,2026-08-25T07:31:11.000Z,4rtP3LQdxEFrF724Pcfj9eTdaMqDrbmvi11ewwfNYdLQTN1Zi9niu13zAFrmkA5n1V2cgfjmM8vUtzGWXEcmBYKc,DUNE_LIVE,LIVE_POST_BASELINE
GACvo9ssTQBi7Ras8aLHKCyqNwkrywmSymTpHWnbjAnQ,0,,,8HfKN9ocY89F8Z2nLvKHrefUDqcX2jAVmfJVB8j3d3Mb,1,4REnZop7oP5yJcxUevLwUqGWsGf2SA6MY8tdQfTaQbNk,8HfKN9ocY89F8Z2nLvKHrefUDqcX2jAVmfJVB8j3d3Mb,2022-06-02T00:58:14Z,FhiaSTV6uNDy77hDqebSn1QAJnv97xM18fJK86sVAH7tZQyMGJsJjHZCDcsgaGDExd6wKJLz4thL5KjHq4NYFTc,4REnZop7oP5yJcxUevLwUqGWsGf2SA6MY8tdQfTaQbNk,8HfKN9ocY89F8Z2nLvKHrefUDqcX2jAVmfJVB8j3d3Mb,2022-06-02T00:58:14Z,FhiaSTV6uNDy77hDqebSn1QAJnv97xM18fJK86sVAH7tZQyMGJsJjHZCDcsgaGDExd6wKJLz4thL5KjHq4NYFTc,2026-08-29T16:34:59Z,JHagDchy5vJHk5dknEY4T7pCWcGFviRFapeEULWmQMdJfQexHvJASvinunBwt9cyHxFKgmSoTB4cMmufvrSBF1P,INDEPENDENT_LIVE,LIVE_POST_CUTOVER
GDCpryuks4p6qow7SpKJBDHvAaNBeydQvHTpUvQvSQ3,0,,,7nxj4danuBXVjct9ve56D6fE6Yx6iHWcHWDv8ik75q6j,1,6vmoJLFeVHCnrm2XpDPd6EYdRrkG2hcg8CAyr4Sy5ALZ,7nxj4danuBXVjct9ve56D6fE6Yx6iHWcHWDv8ik75q6j,2025-04-18T13:50:44+00:00,55EMf9dYcatq8HbmpJFMTiAXTDfoJL5sPkYMuZmeaPFcyKimUuZ32A5H8ewJpY6APY88rK9KitWy4613eVWEF6tY,6vmoJLFeVHCnrm2XpDPd6EYdRrkG2hcg8CAyr4Sy5ALZ,7nxj4danuBXVjct9ve56D6fE6Yx6iHWcHWDv8ik75q6j,2025-04-18T13:50:44+00:00,55EMf9dYcatq8HbmpJFMTiAXTDfoJL5sPkYMuZmeaPFcyKimUuZ32A5H8ewJpY6APY88rK9KitWy4613eVWEF6tY,2026-08-28T21:17:36Z,3BpkuDNGr3YDL3fV3yBZprmCnrBsjK6h5CpK6kC9SVGhRkPU7bXMppxgfdwYR3B2auxmz7U4T73PXB4cDhPK4ybc,INDEPENDENT_LIVE,LIVE_POST_CUTOVER
GFxTiRzMUmZED5PkoJ3FJyy8WdrB8tjaX9x885uBcQRZ,0,,,BfBqvwoNLVSEvrjukaRUdex72PEF234oY8RogGtqFRZv,1,7LscpY288mvuC8kBax5KhcxH9BucLs9cCndo2HUi5xWb,BfBqvwoNLVSEvrjukaRUdex72PEF234oY8RogGtqFRZv,2025-12-01T14:39:45Z,yaPc7jtmeg6M3VzKHyyiNE4GWh4VrAzwQGqh6uydJFuDRH1NQxJocdyT1foH55T2HkKN4TJdbQDSZ2sFYuW5NFq,7LscpY288mvuC8kBax5KhcxH9BucLs9cCndo2HUi5xWb,BfBqvwoNLVSEvrjukaRUdex72PEF234oY8RogGtqFRZv,2025-12-01T14:39:45Z,yaPc7jtmeg6M3VzKHyyiNE4GWh4VrAzwQGqh6uydJFuDRH1NQxJocdyT1foH55T2HkKN4TJdbQDSZ2sFYuW5NFq,2026-08-25T07:31:11.000Z,4rtP3LQdxEFrF724Pcfj9eTdaMqDrbmvi11ewwfNYdLQTN1Zi9niu13zAFrmkA5n1V2cgfjmM8vUtzGWXEcmBYKc,DUNE_LIVE,LIVE_POST_BASELINE
GHqd5RChFM8b3T8inotwHRYs62QacZezo3dRHvVWpYcL,0,,,FYL4LRChq2a6w8PenydNEd1ExoKpBVNpueitXAXanSGy,1,FpqrjWJpTNwv1b1nu3Kouzn7KRZeAxcvyXfHgkGFQ9Gd,FYL4LRChq2a6w8PenydNEd1ExoKpBVNpueitXAXanSGy,2025-04-19T15:17:51Z,vgBUd5y59jMrKKE8WHDkwdF1NRrTirc6FqmSchwQhW9Ha2WxcTSczhQ2Xkp8RwhSsNXVWUt5youTaV4h7TN4mhy,FpqrjWJpTNwv1b1nu3Kouzn7KRZeAxcvyXfHgkGFQ9Gd,FYL4LRChq2a6w8PenydNEd1ExoKpBVNpueitXAXanSGy,2025-04-19T15:17:51Z,vgBUd5y59jMrKKE8WHDkwdF1NRrTirc6FqmSchwQhW9Ha2WxcTSczhQ2Xkp8RwhSsNXVWUt5youTaV4h7TN4mhy,2026-08-24T04:22:35.000Z,5oK95ozVzmUYxqJmZd7NLGb2U4oYDLVTieQMPA7TJve19iKQ41uaDdvJ8VHYNmcxSnH1A7BK2NrfTFFcJbTUKTey,DUNE_LIVE,LIVE_POST_BASELINE
GLGsPTCXdTE9BtiXWgY6B6wpW3riQ9LVEz6qm8URNkfD,0,,,BfBqvwoNLVSEvrjukaRUdex72PEF234oY8RogGtqFRZv,1,7LscpY288mvuC8kBax5KhcxH9BucLs9cCndo2HUi5xWb,BfBqvwoNLVSEvrjukaRUdex72PEF234oY8RogGtqFRZv,2025-12-01T14:47:37Z,nwJ8GYSFaqnNBjQrQGfGPK1FWCYvdWeDUe7vus7nHqjLgdb9rnPEP31djVoaCnHGEL2kFD1SgVhMyksz5hoMo5o,7LscpY288mvuC8kBax5KhcxH9BucLs9cCndo2HUi5xWb,BfBqvwoNLVSEvrjukaRUdex72PEF234oY8RogGtqFRZv,2025-12-01T14:47:37Z,nwJ8GYSFaqnNBjQrQGfGPK1FWCYvdWeDUe7vus7nHqjLgdb9rnPEP31djVoaCnHGEL2kFD1SgVhMyksz5hoMo5o,2026-08-25T07:31:11.000Z,4rtP3LQdxEFrF724Pcfj9eTdaMqDrbmvi11ewwfNYdLQTN1Zi9niu13zAFrmkA5n1V2cgfjmM8vUtzGWXEcmBYKc,DUNE_LIVE,LIVE_POST_BASELINE
GMCXBp4Vu6Hpzuh32CVL5Wxr6vWqTxDHvemh74cqnFru,0,,,8TAx5eRzjvYioRmc83vrzWuEzhav63ccEs7ZuzndxddU,1,Cwg4F9HnwEKktX662TLjYvUjvZStpQHss9BasJYSaGPj,8TAx5eRzjvYioRmc83vrzWuEzhav63ccEs7ZuzndxddU,2026-05-14T17:42:06Z,2YqoaErvrd8rFDiSsaZ8qNnFMzxMBXNdaFag8L5VRLMbUrnr18RmvTno5Ahqd1CQ364Cx1igMD1vtVaxjED4S63G,Cwg4F9HnwEKktX662TLjYvUjvZStpQHss9BasJYSaGPj,8TAx5eRzjvYioRmc83vrzWuEzhav63ccEs7ZuzndxddU,2026-05-14T17:42:06Z,2YqoaErvrd8rFDiSsaZ8qNnFMzxMBXNdaFag8L5VRLMbUrnr18RmvTno5Ahqd1CQ364Cx1igMD1vtVaxjED4S63G,2026-08-28T06:25:53Z,3wyPJbJFHo4Fvu7Und18ezfHzbJFeq5FuiuZQzTTQAzrrC7RmAWXjXmonJge3e898SwmhStEUrJE6grUaYQ74KcV,INDEPENDENT_LIVE,LIVE_POST_CUTOVER
GNf7p2baaSwhKHbGKfeVYmXG2wGK8MAcUkTE8GLaqakB,0,,,Db1meMQEgj8dCwzhR5W6coWt1yV4iEaQsYPKKDyGRUqW,1,Do9VaY2ru9QtaTWdhmuwc2Z9rj4rZ7D6EShdLTvxnp6h,Db1meMQEgj8dCwzhR5W6coWt1yV4iEaQsYPKKDyGRUqW,2025-04-14T13:07:23Z,24FyoHofXV9P3UgPueKADDF8HU1i2QNCo7DXVzCcr3Luv1jBnoRA28yDqfvZq9nrmcNJFU9qzXX8Rg6wwoui6uLH,Do9VaY2ru9QtaTWdhmuwc2Z9rj4rZ7D6EShdLTvxnp6h,Db1meMQEgj8dCwzhR5W6coWt1yV4iEaQsYPKKDyGRUqW,2025-04-14T13:07:23Z,24FyoHofXV9P3UgPueKADDF8HU1i2QNCo7DXVzCcr3Luv1jBnoRA28yDqfvZq9nrmcNJFU9qzXX8Rg6wwoui6uLH,2026-08-26T21:34:16Z,5y9KKMidZA2pNm3QLD2z2j7BfPbwsAQt6HEVyCQMK7sSkCy7PRQUy35JJG3GRnTBDLDeD6YVxYpw9nXSayk6pTiK,INDEPENDENT_LIVE,LIVE_POST_CUTOVER
GRFtVFV4AnzR9fDAHqiGkKg7Cq9RzHzdeecHb1VbTw84,1,2026-08-24T15:31:42.000Z,2maq11dNXGvCnAVqKkKtAhGhu1BUAcixzWjtu85CUokLUSFLhrvLaVN1ZBtbgSq7ZikCnk6xHh4o5Sm4MsrCrcot,,0,,,2026-08-24T15:31:42.000Z,2maq11dNXGvCnAVqKkKtAhGhu1BUAcixzWjtu85CUokLUSFLhrvLaVN1ZBtbgSq7ZikCnk6xHh4o5Sm4MsrCrcot,,,,,,,,
GSYMnmoMmXDqSUXsjtJPceaWE4bJBYvyyaZGWPdQKnmE,0,,,BfBqvwoNLVSEvrjukaRUdex72PEF234oY8RogGtqFRZv,1,7LscpY288mvuC8kBax5KhcxH9BucLs9cCndo2HUi5xWb,BfBqvwoNLVSEvrjukaRUdex72PEF234oY8RogGtqFRZv,2025-04-13T04:34:08Z,5bVpWrWov3yxQMJLErDZKBA9FBvM5Gf26ALXyJusDguJ1UeqAmKzWfeQFzRDTT1F7rBr9U7SbLJ4bHEKGijeiJXc,7LscpY288mvuC8kBax5KhcxH9BucLs9cCndo2HUi5xWb,BfBqvwoNLVSEvrjukaRUdex72PEF234oY8RogGtqFRZv,2025-04-13T04:34:08Z,5bVpWrWov3yxQMJLErDZKBA9FBvM5Gf26ALXyJusDguJ1UeqAmKzWfeQFzRDTT1F7rBr9U7SbLJ4bHEKGijeiJXc,2026-08-25T07:31:11.000Z,4rtP3LQdxEFrF724Pcfj9eTdaMqDrbmvi11ewwfNYdLQTN1Zi9niu13zAFrmkA5n1V2cgfjmM8vUtzGWXEcmBYKc,DUNE_LIVE,LIVE_POST_BASELINE
GT9nwSEo6guWbHCyRmLtD94LcGqn5FK5JPtg2ttxayx1,1,2026-08-24T15:31:42.000Z,2maq11dNXGvCnAVqKkKtAhGhu1BUAcixzWjtu85CUokLUSFLhrvLaVN1ZBtbgSq7ZikCnk6xHh4o5Sm4MsrCrcot,,0,,,2026-08-24T15:31:42.000Z,2maq11dNXGvCnAVqKkKtAhGhu1BUAcixzWjtu85CUokLUSFLhrvLaVN1ZBtbgSq7ZikCnk6xHh4o5Sm4MsrCrcot,,,,,,,,
GU8fd76UqsMmKzbuxtChNR3fVZyE9xn7FxoYzbdzz5j4,0,,,38Bj4DFXhAkDxB6Atj66kdxGZfhZEC3ejRX1HDh1YFKj,1,8Vpqxxbon9s4Hnk2eMhysjx6XKjHiUgEUAm3MSq9yQv2,38Bj4DFXhAkDxB6Atj66kdxGZfhZEC3ejRX1HDh1YFKj,2025-04-26T14:26:55Z,4SGKPQp7pDKnqABCJjZogSmHK4uXuFMosddf4opJmw9Dw86WfBRks7189HJZfE9c4sdRSc3nVojrgvX9NGBvxKvM,8Vpqxxbon9s4Hnk2eMhysjx6XKjHiUgEUAm3MSq9yQv2,38Bj4DFXhAkDxB6Atj66kdxGZfhZEC3ejRX1HDh1YFKj,2025-04-26T14:26:55Z,4SGKPQp7pDKnqABCJjZogSmHK4uXuFMosddf4opJmw9Dw86WfBRks7189HJZfE9c4sdRSc3nVojrgvX9NGBvxKvM,2026-08-21T19:39:25.000Z,4AT1PFFkyADXcz2QFJi78yrTeP8dAhFkfWJU5JCvpEx2a7pWsAxn14owrdqpvwkTU7bAzxxCYoBijEksgty9W6qe,DUNE_LIVE,LIVE_POST_BASELINE
GUGrMtA1JF3sqtoXnMW8KbJQ13qxuXjYuHfg77y8MyCi,0,,,BfBqvwoNLVSEvrjukaRUdex72PEF234oY8RogGtqFRZv,1,7LscpY288mvuC8kBax5KhcxH9BucLs9cCndo2HUi5xWb,BfBqvwoNLVSEvrjukaRUdex72PEF234oY8RogGtqFRZv,2025-04-13T04:55:21Z,xAV6VKcBBNsA9ktEVkwexbcMBYpp7s5JpmwzGxw4jrE9znCa7Qs5He8uX6PMWJaZ2Up62hKEYt44sbEzBeG1TFW,7LscpY288mvuC8kBax5KhcxH9BucLs9cCndo2HUi5xWb,BfBqvwoNLVSEvrjukaRUdex72PEF234oY8RogGtqFRZv,2025-04-13T04:55:21Z,xAV6VKcBBNsA9ktEVkwexbcMBYpp7s5JpmwzGxw4jrE9znCa7Qs5He8uX6PMWJaZ2Up62hKEYt44sbEzBeG1TFW,2026-08-25T07:31:11.000Z,4rtP3LQdxEFrF724Pcfj9eTdaMqDrbmvi11ewwfNYdLQTN1Zi9niu13zAFrmkA5n1V2cgfjmM8vUtzGWXEcmBYKc,DUNE_LIVE,LIVE_POST_BASELINE
GX58zGRkZBcEmVLXNpy4mQAnrJ5xNcst1cKKAPbyzEd8,0,,,BfBqvwoNLVSEvrjukaRUdex72PEF234oY8RogGtqFRZv,1,7LscpY288mvuC8kBax5KhcxH9BucLs9cCndo2HUi5xWb,BfBqvwoNLVSEvrjukaRUdex72PEF234oY8RogGtqFRZv,2025-04-13T04:55:01Z,kqZQk7FUeT9F71tB7Wu4FbYJLZSLDR3hALq1DQPtEmoHTDLsxA5EtGWYzmfjxVidBnfGrCC2wWHMHx7zeFDBJpm,7LscpY288mvuC8kBax5KhcxH9BucLs9cCndo2HUi5xWb,BfBqvwoNLVSEvrjukaRUdex72PEF234oY8RogGtqFRZv,2025-04-13T04:55:01Z,kqZQk7FUeT9F71tB7Wu4FbYJLZSLDR3hALq1DQPtEmoHTDLsxA5EtGWYzmfjxVidBnfGrCC2wWHMHx7zeFDBJpm,2026-08-25T07:31:11.000Z,4rtP3LQdxEFrF724Pcfj9eTdaMqDrbmvi11ewwfNYdLQTN1Zi9niu13zAFrmkA5n1V2cgfjmM8vUtzGWXEcmBYKc,DUNE_LIVE,LIVE_POST_BASELINE
GXNQ89XFXWUbyqi39v9DSfzeramG9GottRVP1uqH46s8,1,2026-08-24T15:31:42.000Z,54oJe2oJDBhroMKTnrn12RYSy2ghMEaQX5WygXeGPNeSLnjKxjXLX6pHkMetwERqDm8izcrsFUFoTYvm4VB6E6Yy,,0,,,2026-08-24T15:31:42.000Z,54oJe2oJDBhroMKTnrn12RYSy2ghMEaQX5WygXeGPNeSLnjKxjXLX6pHkMetwERqDm8izcrsFUFoTYvm4VB6E6Yy,,,,,,,,
GXvc5bs61hdk6yZtKdFMcZBTiZrXVV9QgXX6DdvDmzuH,0,,,FYL4LRChq2a6w8PenydNEd1ExoKpBVNpueitXAXanSGy,1,FpqrjWJpTNwv1b1nu3Kouzn7KRZeAxcvyXfHgkGFQ9Gd,FYL4LRChq2a6w8PenydNEd1ExoKpBVNpueitXAXanSGy,2025-04-19T15:09:50Z,4dTBHz6E5G2yu21aQsvJW5LPjSTTkbaGMYoByrBn6XFU6QxxiuLdvBLViM7G2Q6Cm2woTzPKaicJcXxxgq7Fdezf,FpqrjWJpTNwv1b1nu3Kouzn7KRZeAxcvyXfHgkGFQ9Gd,FYL4LRChq2a6w8PenydNEd1ExoKpBVNpueitXAXanSGy,2025-04-19T15:09:50Z,4dTBHz6E5G2yu21aQsvJW5LPjSTTkbaGMYoByrBn6XFU6QxxiuLdvBLViM7G2Q6Cm2woTzPKaicJcXxxgq7Fdezf,2026-08-24T04:22:35.000Z,5oK95ozVzmUYxqJmZd7NLGb2U4oYDLVTieQMPA7TJve19iKQ41uaDdvJ8VHYNmcxSnH1A7BK2NrfTFFcJbTUKTey,DUNE_LIVE,LIVE_POST_BASELINE
GYN2MbStceWEKzucyRuoNGAR44dUrW1WhX4eCDz3eMGF,0,,,BfBqvwoNLVSEvrjukaRUdex72PEF234oY8RogGtqFRZv,1,7LscpY288mvuC8kBax5KhcxH9BucLs9cCndo2HUi5xWb,BfBqvwoNLVSEvrjukaRUdex72PEF234oY8RogGtqFRZv,2025-12-01T14:24:42Z,2zmn6FhF81S8p1Gs8v33X7birgtBDbaVkkrUGJ6ZgwLz9GrbaFaRUADfHq9oyZCGp1umKLSuavvfpH3dimouxA8Q,7LscpY288mvuC8kBax5KhcxH9BucLs9cCndo2HUi5xWb,BfBqvwoNLVSEvrjukaRUdex72PEF234oY8RogGtqFRZv,2025-12-01T14:24:42Z,2zmn6FhF81S8p1Gs8v33X7birgtBDbaVkkrUGJ6ZgwLz9GrbaFaRUADfHq9oyZCGp1umKLSuavvfpH3dimouxA8Q,2026-08-25T07:31:11.000Z,4rtP3LQdxEFrF724Pcfj9eTdaMqDrbmvi11ewwfNYdLQTN1Zi9niu13zAFrmkA5n1V2cgfjmM8vUtzGWXEcmBYKc,DUNE_LIVE,LIVE_POST_BASELINE
GYrUQFAbR3BhbwbXJZkPTNMAk5wvtJKCQrsYDAcyAVVG,0,,,BCdR4tGAsJCV2PiD4y7LvUgSpoKhaEqj9cWLA68hCkzA,1,2hx9Je3RCTArTNhWJ4JYKreKxa1NPdTQqXZyBrgtUiKS,BCdR4tGAsJCV2PiD4y7LvUgSpoKhaEqj9cWLA68hCkzA,2024-01-16T20:53:20Z,591MT8YuzVR2tYjJkEQJwNZBtLqUUepG9GucW1e78KShqVPgMUxU5sp5CEZtEc4jkRaFJLbXoQCJVYhwPZBJpyx4,2hx9Je3RCTArTNhWJ4JYKreKxa1NPdTQqXZyBrgtUiKS,BCdR4tGAsJCV2PiD4y7LvUgSpoKhaEqj9cWLA68hCkzA,2024-01-16T20:53:20Z,591MT8YuzVR2tYjJkEQJwNZBtLqUUepG9GucW1e78KShqVPgMUxU5sp5CEZtEc4jkRaFJLbXoQCJVYhwPZBJpyx4,2026-08-28T07:33:31Z,3WnMgm1LaiyZF2QCBQCTGZxjKwxzixaRBAx5TYVVxU6iycjepqfBCzFeHYMVPPtNuwzRpoycy5tvW8jd3JHkLV6F,INDEPENDENT_LIVE,LIVE_POST_CUTOVER
GZsmNZQbjpbSGxtwiK4rcs2vAshAoBP54PARGCNhnffp,0,,,BfBqvwoNLVSEvrjukaRUdex72PEF234oY8RogGtqFRZv,1,7LscpY288mvuC8kBax5KhcxH9BucLs9cCndo2HUi5xWb,BfBqvwoNLVSEvrjukaRUdex72PEF234oY8RogGtqFRZv,2025-12-01T14:27:58Z,2puUU3Jy26Z8KmDhrEvNuVkFodj9LTPcbcZP4LXifsigiyMExCzjSiCpiMXVi9sKx9Evn3saWbDke6bVtscgAq3W,7LscpY288mvuC8kBax5KhcxH9BucLs9cCndo2HUi5xWb,BfBqvwoNLVSEvrjukaRUdex72PEF234oY8RogGtqFRZv,2025-12-01T14:27:58Z,2puUU3Jy26Z8KmDhrEvNuVkFodj9LTPcbcZP4LXifsigiyMExCzjSiCpiMXVi9sKx9Evn3saWbDke6bVtscgAq3W,2026-08-25T07:31:11.000Z,4rtP3LQdxEFrF724Pcfj9eTdaMqDrbmvi11ewwfNYdLQTN1Zi9niu13zAFrmkA5n1V2cgfjmM8vUtzGWXEcmBYKc,DUNE_LIVE,LIVE_POST_BASELINE
Gamg2PdSyhmmbaR5fGKxEbCSYnHJHWJqbqsJpFTmk9cv,0,,,8TAx5eRzjvYioRmc83vrzWuEzhav63ccEs7ZuzndxddU,1,Cwg4F9HnwEKktX662TLjYvUjvZStpQHss9BasJYSaGPj,8TAx5eRzjvYioRmc83vrzWuEzhav63ccEs7ZuzndxddU,2023-08-02T18:51:45Z,4DZZPiZNSh7uDDTZpXwMnb5UzEf7F4B5sEDeFMTCN5VV5hRtdNtKV5PhgopH9K8HLEMLm9bn5p8A9CWstFNeixLn,Cwg4F9HnwEKktX662TLjYvUjvZStpQHss9BasJYSaGPj,8TAx5eRzjvYioRmc83vrzWuEzhav63ccEs7ZuzndxddU,2023-08-02T18:51:45Z,4DZZPiZNSh7uDDTZpXwMnb5UzEf7F4B5sEDeFMTCN5VV5hRtdNtKV5PhgopH9K8HLEMLm9bn5p8A9CWstFNeixLn,2026-08-28T06:25:53Z,3wyPJbJFHo4Fvu7Und18ezfHzbJFeq5FuiuZQzTTQAzrrC7RmAWXjXmonJge3e898SwmhStEUrJE6grUaYQ74KcV,INDEPENDENT_LIVE,LIVE_POST_CUTOVER
Gb68UJRqA1SkB1tnSzsP4kVzWrQvUd5YxHa5aGfhinRk,0,,,BfBqvwoNLVSEvrjukaRUdex72PEF234oY8RogGtqFRZv,1,7LscpY288mvuC8kBax5KhcxH9BucLs9cCndo2HUi5xWb,BfBqvwoNLVSEvrjukaRUdex72PEF234oY8RogGtqFRZv,2025-12-01T14:34:41Z,5BReqcGQ2BQvNut8nTWUxhzNTF1NfN3pKJCbgq2n3VJkc44j6Lx9sfxUVzg99fb2trLhgNyUUnKHqw7UFzYDUR5g,7LscpY288mvuC8kBax5KhcxH9BucLs9cCndo2HUi5xWb,BfBqvwoNLVSEvrjukaRUdex72PEF234oY8RogGtqFRZv,2025-12-01T14:34:41Z,5BReqcGQ2BQvNut8nTWUxhzNTF1NfN3pKJCbgq2n3VJkc44j6Lx9sfxUVzg99fb2trLhgNyUUnKHqw7UFzYDUR5g,2026-08-25T07:31:11.000Z,4rtP3LQdxEFrF724Pcfj9eTdaMqDrbmvi11ewwfNYdLQTN1Zi9niu13zAFrmkA5n1V2cgfjmM8vUtzGWXEcmBYKc,DUNE_LIVE,LIVE_POST_BASELINE
GdGRTjcCX9Zdcaybfm5gWBhqpo2nCkVGcu9Afygm7Y4b,0,,,Db1meMQEgj8dCwzhR5W6coWt1yV4iEaQsYPKKDyGRUqW,1,Do9VaY2ru9QtaTWdhmuwc2Z9rj4rZ7D6EShdLTvxnp6h,Db1meMQEgj8dCwzhR5W6coWt1yV4iEaQsYPKKDyGRUqW,2026-05-19T11:50:20Z,5mcRggutv5MvhC2rSUcP1uGqC7vL3UcjBVYpUoY3yexM5MNdJRXZqAs92pNwkHvTsMHSnbMPboqxWnygGqBBGC4F,Do9VaY2ru9QtaTWdhmuwc2Z9rj4rZ7D6EShdLTvxnp6h,Db1meMQEgj8dCwzhR5W6coWt1yV4iEaQsYPKKDyGRUqW,2026-05-19T11:50:20Z,5mcRggutv5MvhC2rSUcP1uGqC7vL3UcjBVYpUoY3yexM5MNdJRXZqAs92pNwkHvTsMHSnbMPboqxWnygGqBBGC4F,2026-08-26T21:34:16Z,5y9KKMidZA2pNm3QLD2z2j7BfPbwsAQt6HEVyCQMK7sSkCy7PRQUy35JJG3GRnTBDLDeD6YVxYpw9nXSayk6pTiK,INDEPENDENT_LIVE,LIVE_POST_CUTOVER
Gdsn38Y2rsFtD3mtn2fxrkoMPevzJZ5fwn7kV7vzN8TS,0,,,BVEk4Tz91vwEbCL6eMTejE5nxXkAso3mBSwJcbqoB2Vj,1,86ThTZQ2X5TVWzy8GCbgzt9vfJZFkWE27Ns9Vdv2T5f9,BVEk4Tz91vwEbCL6eMTejE5nxXkAso3mBSwJcbqoB2Vj,2022-06-02T21:44:41Z,HSHTAp3H5kJRmMYWZXkY2tBsL4sQNJystG6rrKPM4CKtbtT5LGSTbLSYGdVwy37tcurCzziYWcn5nKgZfRETwvF,86ThTZQ2X5TVWzy8GCbgzt9vfJZFkWE27Ns9Vdv2T5f9,BVEk4Tz91vwEbCL6eMTejE5nxXkAso3mBSwJcbqoB2Vj,2022-06-02T21:44:41Z,HSHTAp3H5kJRmMYWZXkY2tBsL4sQNJystG6rrKPM4CKtbtT5LGSTbLSYGdVwy37tcurCzziYWcn5nKgZfRETwvF,2026-08-29T16:34:58Z,4Nuqkdp9aT4nJeCP967hSU1hPo8aXzRtFYZpHikKKAXrzSP5Qi99AvAG1K7C8BsTp3CKbDNvki6V9u7imfn9cYr2,INDEPENDENT_LIVE,LIVE_POST_CUTOVER
Gegjo5GUDziQmpDLJ9aYhj1KSKif4Hbni7v7ejnzh7C1,0,,,BfBqvwoNLVSEvrjukaRUdex72PEF234oY8RogGtqFRZv,1,7LscpY288mvuC8kBax5KhcxH9BucLs9cCndo2HUi5xWb,BfBqvwoNLVSEvrjukaRUdex72PEF234oY8RogGtqFRZv,2025-12-01T14:38:37Z,TCTykKQ96nBdEqsgXHmpTdDJwPynmLbxNFgHt9FA3SQWWYtXk5TfYsGkL5SPUXZ9qAQQU5JR7ckKSeDKUFpvhMi,7LscpY288mvuC8kBax5KhcxH9BucLs9cCndo2HUi5xWb,BfBqvwoNLVSEvrjukaRUdex72PEF234oY8RogGtqFRZv,2025-12-01T14:38:37Z,TCTykKQ96nBdEqsgXHmpTdDJwPynmLbxNFgHt9FA3SQWWYtXk5TfYsGkL5SPUXZ9qAQQU5JR7ckKSeDKUFpvhMi,2026-08-25T07:31:11.000Z,4rtP3LQdxEFrF724Pcfj9eTdaMqDrbmvi11ewwfNYdLQTN1Zi9niu13zAFrmkA5n1V2cgfjmM8vUtzGWXEcmBYKc,DUNE_LIVE,LIVE_POST_BASELINE
GgRP4yGhfjhaHyPGamTYxrxrqEo3Rbr7v9qk9dSh44zm,0,,,BfBqvwoNLVSEvrjukaRUdex72PEF234oY8RogGtqFRZv,1,7LscpY288mvuC8kBax5KhcxH9BucLs9cCndo2HUi5xWb,BfBqvwoNLVSEvrjukaRUdex72PEF234oY8RogGtqFRZv,2025-04-13T04:31:40Z,5pC2ixQS7zKzS33AazAF8bJsH3GTD4bVg2FrGqKTzjcbLw4mLQ2uYSny5x45fBWvheZQovwktWs36kHbigirRboY,7LscpY288mvuC8kBax5KhcxH9BucLs9cCndo2HUi5xWb,BfBqvwoNLVSEvrjukaRUdex72PEF234oY8RogGtqFRZv,2025-04-13T04:31:40Z,5pC2ixQS7zKzS33AazAF8bJsH3GTD4bVg2FrGqKTzjcbLw4mLQ2uYSny5x45fBWvheZQovwktWs36kHbigirRboY,2026-08-25T07:31:11.000Z,4rtP3LQdxEFrF724Pcfj9eTdaMqDrbmvi11ewwfNYdLQTN1Zi9niu13zAFrmkA5n1V2cgfjmM8vUtzGWXEcmBYKc,DUNE_LIVE,LIVE_POST_BASELINE
GgvzMZPsvqygyeZATcw3Fm2GAdWhb9DrkupYAB5UyNHU,0,,,BfBqvwoNLVSEvrjukaRUdex72PEF234oY8RogGtqFRZv,1,7LscpY288mvuC8kBax5KhcxH9BucLs9cCndo2HUi5xWb,BfBqvwoNLVSEvrjukaRUdex72PEF234oY8RogGtqFRZv,2025-12-01T14:29:42Z,3fut9JbsnDD3urSAErqTmUAiFy3K7T7i43vQJuWkJEy71YgMHuWFqK2Mcb4wtdsxZPHN4zvYg5uk4L4RLhECyWyn,7LscpY288mvuC8kBax5KhcxH9BucLs9cCndo2HUi5xWb,BfBqvwoNLVSEvrjukaRUdex72PEF234oY8RogGtqFRZv,2025-12-01T14:29:42Z,3fut9JbsnDD3urSAErqTmUAiFy3K7T7i43vQJuWkJEy71YgMHuWFqK2Mcb4wtdsxZPHN4zvYg5uk4L4RLhECyWyn,2026-08-25T07:31:11.000Z,4rtP3LQdxEFrF724Pcfj9eTdaMqDrbmvi11ewwfNYdLQTN1Zi9niu13zAFrmkA5n1V2cgfjmM8vUtzGWXEcmBYKc,DUNE_LIVE,LIVE_POST_BASELINE
GhW9dXN9XYoQvhFjoMUa244Rnwv2ckB35c49tr78EYRR,0,,,BfBqvwoNLVSEvrjukaRUdex72PEF234oY8RogGtqFRZv,1,7LscpY288mvuC8kBax5KhcxH9BucLs9cCndo2HUi5xWb,BfBqvwoNLVSEvrjukaRUdex72PEF234oY8RogGtqFRZv,2025-12-01T14:44:27Z,5Yj8PftjJifZhqrypFr7sQyTMkEA42oNmHEDv5qBu3eRkWwTfgVJVVH1MyfFq94ngErjHN7iZpirZkzcXFXbo7xp,7LscpY288mvuC8kBax5KhcxH9BucLs9cCndo2HUi5xWb,BfBqvwoNLVSEvrjukaRUdex72PEF234oY8RogGtqFRZv,2025-12-01T14:44:27Z,5Yj8PftjJifZhqrypFr7sQyTMkEA42oNmHEDv5qBu3eRkWwTfgVJVVH1MyfFq94ngErjHN7iZpirZkzcXFXbo7xp,2026-08-25T07:31:11.000Z,4rtP3LQdxEFrF724Pcfj9eTdaMqDrbmvi11ewwfNYdLQTN1Zi9niu13zAFrmkA5n1V2cgfjmM8vUtzGWXEcmBYKc,DUNE_LIVE,LIVE_POST_BASELINE
GiTyAy1JhkjAiDov5sfp83YQGrrZYUVG3asRhFsJx84i,0,,,BfBqvwoNLVSEvrjukaRUdex72PEF234oY8RogGtqFRZv,1,7LscpY288mvuC8kBax5KhcxH9BucLs9cCndo2HUi5xWb,BfBqvwoNLVSEvrjukaRUdex72PEF234oY8RogGtqFRZv,2025-10-16T10:32:13Z,3XGtnXfx4q2z9WT15CBD9TDVqP9NT78UiZqpKYpVeEriYzC9ZpGhgwhfShihcU5zPheDJDpBSG1nGFzysG4WqVKD,7LscpY288mvuC8kBax5KhcxH9BucLs9cCndo2HUi5xWb,BfBqvwoNLVSEvrjukaRUdex72PEF234oY8RogGtqFRZv,2025-10-16T10:32:13Z,3XGtnXfx4q2z9WT15CBD9TDVqP9NT78UiZqpKYpVeEriYzC9ZpGhgwhfShihcU5zPheDJDpBSG1nGFzysG4WqVKD,2026-08-25T07:31:11.000Z,4rtP3LQdxEFrF724Pcfj9eTdaMqDrbmvi11ewwfNYdLQTN1Zi9niu13zAFrmkA5n1V2cgfjmM8vUtzGWXEcmBYKc,DUNE_LIVE,LIVE_POST_BASELINE
GicF25vUXE7r7f7KogeexLVtLo9p3bxrVUKxJXi1xx2V,0,,,DM5YNogviE6YxVESWYG9TaZ9q4qiBLAJmxnA1LQRFMGZ,1,B1Pv8HZNHGdXC8qTsNGLCJKpnoetE2Y52RyeoJW9pE5Z,DM5YNogviE6YxVESWYG9TaZ9q4qiBLAJmxnA1LQRFMGZ,2025-04-15T02:19:19Z,2k2CyKcZG5zg25px3QrFAwDSmSqfFAseKjLUw5UviB5Sg7PcEFUMNcRZsfLvqzegaMYVVuhifuiZbHx8QZnFyYwr,B1Pv8HZNHGdXC8qTsNGLCJKpnoetE2Y52RyeoJW9pE5Z,DM5YNogviE6YxVESWYG9TaZ9q4qiBLAJmxnA1LQRFMGZ,2025-04-15T02:19:19Z,2k2CyKcZG5zg25px3QrFAwDSmSqfFAseKjLUw5UviB5Sg7PcEFUMNcRZsfLvqzegaMYVVuhifuiZbHx8QZnFyYwr,2026-08-31T09:39:48Z,5rqET3n1SkPB9jrcz8yM3KNBt6b2Q925G69tDBYwhL5yd6cLZzD3gSDSSgsbFqwtJkuaCoAvuRNq3eCNaKxhpdWi,INDEPENDENT_LIVE,LIVE_POST_CUTOVER
Gk47TzaKPNztzv85kmkUuRSHTqdnNh7nmoS9GgNpGL1c,0,,,FYL4LRChq2a6w8PenydNEd1ExoKpBVNpueitXAXanSGy,1,FpqrjWJpTNwv1b1nu3Kouzn7KRZeAxcvyXfHgkGFQ9Gd,FYL4LRChq2a6w8PenydNEd1ExoKpBVNpueitXAXanSGy,2025-04-19T15:13:01Z,3VgYzoN7QCpafGdHRBrWqb8DZs92BwWQcvaRvtGDeb1UevmP8gR1aGXHakdHezpPiVy1AFNNzaiVjjJZpa48dLfM,FpqrjWJpTNwv1b1nu3Kouzn7KRZeAxcvyXfHgkGFQ9Gd,FYL4LRChq2a6w8PenydNEd1ExoKpBVNpueitXAXanSGy,2025-04-19T15:13:01Z,3VgYzoN7QCpafGdHRBrWqb8DZs92BwWQcvaRvtGDeb1UevmP8gR1aGXHakdHezpPiVy1AFNNzaiVjjJZpa48dLfM,2026-08-24T04:22:35.000Z,5oK95ozVzmUYxqJmZd7NLGb2U4oYDLVTieQMPA7TJve19iKQ41uaDdvJ8VHYNmcxSnH1A7BK2NrfTFFcJbTUKTey,DUNE_LIVE,LIVE_POST_BASELINE
GmqaWGne2kbejt5yh5KcRXRxNzmEEshGjs9RzvvgUmkk,0,,,FYL4LRChq2a6w8PenydNEd1ExoKpBVNpueitXAXanSGy,1,FpqrjWJpTNwv1b1nu3Kouzn7KRZeAxcvyXfHgkGFQ9Gd,FYL4LRChq2a6w8PenydNEd1ExoKpBVNpueitXAXanSGy,2025-04-19T15:10:36Z,dB3UBTAuZNJ2SoPpsGZFYjLBMFcEiZj4qGuKQkrd5iEon3ECGSQjE8w7Vy4VvfTVUHkiPBvMqXmqvn7EvBT29vS,FpqrjWJpTNwv1b1nu3Kouzn7KRZeAxcvyXfHgkGFQ9Gd,FYL4LRChq2a6w8PenydNEd1ExoKpBVNpueitXAXanSGy,2025-04-19T15:10:36Z,dB3UBTAuZNJ2SoPpsGZFYjLBMFcEiZj4qGuKQkrd5iEon3ECGSQjE8w7Vy4VvfTVUHkiPBvMqXmqvn7EvBT29vS,2026-08-24T04:22:35.000Z,5oK95ozVzmUYxqJmZd7NLGb2U4oYDLVTieQMPA7TJve19iKQ41uaDdvJ8VHYNmcxSnH1A7BK2NrfTFFcJbTUKTey,DUNE_LIVE,LIVE_POST_BASELINE
GnCqNKJGrXu2jGGUWsNVQVvNqm7R14BPUVY8HbEwAZdQ,1,2026-08-24T15:31:42.000Z,4Y7JsfpHd8ivMHVPRohCucXgdGa4NhkahMknyFUv6y46vMFrd4ErCXU56vy7ZvpmTeTbb7uysBwZdNbfEMddj16M,,0,,,2026-08-24T15:31:42.000Z,4Y7JsfpHd8ivMHVPRohCucXgdGa4NhkahMknyFUv6y46vMFrd4ErCXU56vy7ZvpmTeTbb7uysBwZdNbfEMddj16M,,,,,,,,
GnJ6Xfthf87YWZon61c8T5ZTWo6yoLwQkufLcxHmGTeh,0,,,BfBqvwoNLVSEvrjukaRUdex72PEF234oY8RogGtqFRZv,1,7LscpY288mvuC8kBax5KhcxH9BucLs9cCndo2HUi5xWb,BfBqvwoNLVSEvrjukaRUdex72PEF234oY8RogGtqFRZv,2025-10-16T10:17:42Z,36CbrkipBymLMFkYt31p5yvVtfvktPo8TUjsY2mxKYUsnAVfwzfALihdvj6wWeWDYZ8tCidudYoN5kTboWdQhf6d,7LscpY288mvuC8kBax5KhcxH9BucLs9cCndo2HUi5xWb,BfBqvwoNLVSEvrjukaRUdex72PEF234oY8RogGtqFRZv,2025-10-16T10:17:42Z,36CbrkipBymLMFkYt31p5yvVtfvktPo8TUjsY2mxKYUsnAVfwzfALihdvj6wWeWDYZ8tCidudYoN5kTboWdQhf6d,2026-08-25T07:31:11.000Z,4rtP3LQdxEFrF724Pcfj9eTdaMqDrbmvi11ewwfNYdLQTN1Zi9niu13zAFrmkA5n1V2cgfjmM8vUtzGWXEcmBYKc,DUNE_LIVE,LIVE_POST_BASELINE
GnbgCZn3rKd5YFjzVURhHX1toh37t3jJL6j2RBjvN2Yr,0,,,38Bj4DFXhAkDxB6Atj66kdxGZfhZEC3ejRX1HDh1YFKj,1,8Vpqxxbon9s4Hnk2eMhysjx6XKjHiUgEUAm3MSq9yQv2,38Bj4DFXhAkDxB6Atj66kdxGZfhZEC3ejRX1HDh1YFKj,2025-04-26T14:29:23Z,5qb2PS32aMDzYmMbjmnhNJe4MAzoPpA3gUQkxT8JFsEid3bxFiP5zxnQurp3L72tBtt6FsAi6ULp378L5WM4ybRZ,8Vpqxxbon9s4Hnk2eMhysjx6XKjHiUgEUAm3MSq9yQv2,38Bj4DFXhAkDxB6Atj66kdxGZfhZEC3ejRX1HDh1YFKj,2025-04-26T14:29:23Z,5qb2PS32aMDzYmMbjmnhNJe4MAzoPpA3gUQkxT8JFsEid3bxFiP5zxnQurp3L72tBtt6FsAi6ULp378L5WM4ybRZ,2026-08-21T19:39:25.000Z,4AT1PFFkyADXcz2QFJi78yrTeP8dAhFkfWJU5JCvpEx2a7pWsAxn14owrdqpvwkTU7bAzxxCYoBijEksgty9W6qe,DUNE_LIVE,LIVE_POST_BASELINE
GpdN9GBcmburU8LE4p6UU4ChJN4DMmgMAbVAwauf79oq,0,,,BfBqvwoNLVSEvrjukaRUdex72PEF234oY8RogGtqFRZv,1,7LscpY288mvuC8kBax5KhcxH9BucLs9cCndo2HUi5xWb,BfBqvwoNLVSEvrjukaRUdex72PEF234oY8RogGtqFRZv,2025-04-13T04:45:36Z,4y24cboeFL5WAYJAekFF3xf4UPXiGisMgpsk5QDeFEh66jnp9RVHVAWsP2eR8bwTdc1U4Rzgpg5r9XiPmpniZEyH,7LscpY288mvuC8kBax5KhcxH9BucLs9cCndo2HUi5xWb,BfBqvwoNLVSEvrjukaRUdex72PEF234oY8RogGtqFRZv,2025-04-13T04:45:36Z,4y24cboeFL5WAYJAekFF3xf4UPXiGisMgpsk5QDeFEh66jnp9RVHVAWsP2eR8bwTdc1U4Rzgpg5r9XiPmpniZEyH,2026-08-25T07:31:11.000Z,4rtP3LQdxEFrF724Pcfj9eTdaMqDrbmvi11ewwfNYdLQTN1Zi9niu13zAFrmkA5n1V2cgfjmM8vUtzGWXEcmBYKc,DUNE_LIVE,LIVE_POST_BASELINE
GqpeZjq8reEKfHDKxtD925j4pnd9KUG6gf739UK4GD3x,0,,,BfBqvwoNLVSEvrjukaRUdex72PEF234oY8RogGtqFRZv,1,7LscpY288mvuC8kBax5KhcxH9BucLs9cCndo2HUi5xWb,BfBqvwoNLVSEvrjukaRUdex72PEF234oY8RogGtqFRZv,2025-12-01T14:23:53Z,3KkefjJGnmmtx5gkaw13VJ4Kp5oG4oVL2eTUyBqJgoSyPFf8gg1HSZqyJHhg1gFod62eTCopt4ytRbWFL7izwQ1i,7LscpY288mvuC8kBax5KhcxH9BucLs9cCndo2HUi5xWb,BfBqvwoNLVSEvrjukaRUdex72PEF234oY8RogGtqFRZv,2025-12-01T14:23:53Z,3KkefjJGnmmtx5gkaw13VJ4Kp5oG4oVL2eTUyBqJgoSyPFf8gg1HSZqyJHhg1gFod62eTCopt4ytRbWFL7izwQ1i,2026-08-25T07:31:11.000Z,4rtP3LQdxEFrF724Pcfj9eTdaMqDrbmvi11ewwfNYdLQTN1Zi9niu13zAFrmkA5n1V2cgfjmM8vUtzGWXEcmBYKc,DUNE_LIVE,LIVE_POST_BASELINE
GsLNANRvA6SNFfZwsfbuqxC63shL8AYb6AhmFVXw1dCg,0,,,BfBqvwoNLVSEvrjukaRUdex72PEF234oY8RogGtqFRZv,1,7LscpY288mvuC8kBax5KhcxH9BucLs9cCndo2HUi5xWb,BfBqvwoNLVSEvrjukaRUdex72PEF234oY8RogGtqFRZv,2025-12-01T14:29:02Z,2wtgS6skTMfGo6i9ndiPpXW7f1ruxYrh5t8z4bfjRmZRfQroNc2vYYiWBu85t6zW7tThG5NFcQsdnkWci8mh9K9m,7LscpY288mvuC8kBax5KhcxH9BucLs9cCndo2HUi5xWb,BfBqvwoNLVSEvrjukaRUdex72PEF234oY8RogGtqFRZv,2025-12-01T14:29:02Z,2wtgS6skTMfGo6i9ndiPpXW7f1ruxYrh5t8z4bfjRmZRfQroNc2vYYiWBu85t6zW7tThG5NFcQsdnkWci8mh9K9m,2026-08-25T07:31:11.000Z,4rtP3LQdxEFrF724Pcfj9eTdaMqDrbmvi11ewwfNYdLQTN1Zi9niu13zAFrmkA5n1V2cgfjmM8vUtzGWXEcmBYKc,DUNE_LIVE,LIVE_POST_BASELINE
Gws6zbSkwDsjtCqw3SvYzMeKyWu7EdQK23vjczfTBicK,0,,,BfBqvwoNLVSEvrjukaRUdex72PEF234oY8RogGtqFRZv,1,7LscpY288mvuC8kBax5KhcxH9BucLs9cCndo2HUi5xWb,BfBqvwoNLVSEvrjukaRUdex72PEF234oY8RogGtqFRZv,2025-12-01T14:31:23Z,55fcLrzgdZqJ2toCkyCUmRVbBeAAXjT7dtU5zo2tD8qHuKL4xmEWZB1i9wBQSQVG9aNKRUAjS1naQFRPCve5jRXt,7LscpY288mvuC8kBax5KhcxH9BucLs9cCndo2HUi5xWb,BfBqvwoNLVSEvrjukaRUdex72PEF234oY8RogGtqFRZv,2025-12-01T14:31:23Z,55fcLrzgdZqJ2toCkyCUmRVbBeAAXjT7dtU5zo2tD8qHuKL4xmEWZB1i9wBQSQVG9aNKRUAjS1naQFRPCve5jRXt,2026-08-25T07:31:11.000Z,4rtP3LQdxEFrF724Pcfj9eTdaMqDrbmvi11ewwfNYdLQTN1Zi9niu13zAFrmkA5n1V2cgfjmM8vUtzGWXEcmBYKc,DUNE_LIVE,LIVE_POST_BASELINE
GxRysQPVds21CLuATvkMEQuXfeNERV4RhjtfvtndoWMM,0,,,BfBqvwoNLVSEvrjukaRUdex72PEF234oY8RogGtqFRZv,1,7LscpY288mvuC8kBax5KhcxH9BucLs9cCndo2HUi5xWb,BfBqvwoNLVSEvrjukaRUdex72PEF234oY8RogGtqFRZv,2025-12-01T14:21:27Z,67eqts23vY5SgsDFJwsBg7xKUBRxQtTGFW82eW4d7hJkLf2qMZgxyNkvrRWquW1URU5819f8uZVTrsQZYqxo73YD,7LscpY288mvuC8kBax5KhcxH9BucLs9cCndo2HUi5xWb,BfBqvwoNLVSEvrjukaRUdex72PEF234oY8RogGtqFRZv,2025-12-01T14:21:27Z,67eqts23vY5SgsDFJwsBg7xKUBRxQtTGFW82eW4d7hJkLf2qMZgxyNkvrRWquW1URU5819f8uZVTrsQZYqxo73YD,2026-08-25T07:31:11.000Z,4rtP3LQdxEFrF724Pcfj9eTdaMqDrbmvi11ewwfNYdLQTN1Zi9niu13zAFrmkA5n1V2cgfjmM8vUtzGWXEcmBYKc,DUNE_LIVE,LIVE_POST_BASELINE
GxtEzweEtXGT9gQCFxSpEjxoHPJbxvUZKKufYEnEfXw8,0,,,FYL4LRChq2a6w8PenydNEd1ExoKpBVNpueitXAXanSGy,1,FpqrjWJpTNwv1b1nu3Kouzn7KRZeAxcvyXfHgkGFQ9Gd,FYL4LRChq2a6w8PenydNEd1ExoKpBVNpueitXAXanSGy,2025-04-19T15:17:27Z,33pMdnDJQHpHJDHkx5oZoMb6bztHaRFZUSe6A62sgUz1kZzhkdJLvJtLtxF8bNvJvZq7Ajfki3ESHoh4ouzsZr2r,FpqrjWJpTNwv1b1nu3Kouzn7KRZeAxcvyXfHgkGFQ9Gd,FYL4LRChq2a6w8PenydNEd1ExoKpBVNpueitXAXanSGy,2025-04-19T15:17:27Z,33pMdnDJQHpHJDHkx5oZoMb6bztHaRFZUSe6A62sgUz1kZzhkdJLvJtLtxF8bNvJvZq7Ajfki3ESHoh4ouzsZr2r,2026-08-24T04:22:35.000Z,5oK95ozVzmUYxqJmZd7NLGb2U4oYDLVTieQMPA7TJve19iKQ41uaDdvJ8VHYNmcxSnH1A7BK2NrfTFFcJbTUKTey,DUNE_LIVE,LIVE_POST_BASELINE
H2SBkf2HbrMbFbuq9j7wRgzQf4ogxsd8RnTGjmp2uMYd,0,,,8TAx5eRzjvYioRmc83vrzWuEzhav63ccEs7ZuzndxddU,1,Cwg4F9HnwEKktX662TLjYvUjvZStpQHss9BasJYSaGPj,8TAx5eRzjvYioRmc83vrzWuEzhav63ccEs7ZuzndxddU,2026-06-29T18:48:49Z,iMisTyybU5DpqMb2kUQxAgShGUyS7T1h2hbkbY4fie4QvqBcavoL72kh1Y6Tyii8m6KcRvpCdcLNBuMZU5pApuH,Cwg4F9HnwEKktX662TLjYvUjvZStpQHss9BasJYSaGPj,8TAx5eRzjvYioRmc83vrzWuEzhav63ccEs7ZuzndxddU,2026-06-29T18:48:49Z,iMisTyybU5DpqMb2kUQxAgShGUyS7T1h2hbkbY4fie4QvqBcavoL72kh1Y6Tyii8m6KcRvpCdcLNBuMZU5pApuH,2026-08-28T06:25:53Z,3wyPJbJFHo4Fvu7Und18ezfHzbJFeq5FuiuZQzTTQAzrrC7RmAWXjXmonJge3e898SwmhStEUrJE6grUaYQ74KcV,INDEPENDENT_LIVE,LIVE_POST_CUTOVER
H3qmv6XyN7aCxcKs1oEMuBL6VW84ZYZVhrRcQzecQNpm,0,,,BfBqvwoNLVSEvrjukaRUdex72PEF234oY8RogGtqFRZv,1,7LscpY288mvuC8kBax5KhcxH9BucLs9cCndo2HUi5xWb,BfBqvwoNLVSEvrjukaRUdex72PEF234oY8RogGtqFRZv,2025-12-01T14:22:27Z,33DJn3sk9BKrTRkJTrvvgnstzWE4kPGABJQiHwNK4vc3b3TN4APqssahs3VoSXNLRwkywTru78f4KhuJAA6WKm6y,7LscpY288mvuC8kBax5KhcxH9BucLs9cCndo2HUi5xWb,BfBqvwoNLVSEvrjukaRUdex72PEF234oY8RogGtqFRZv,2025-12-01T14:22:27Z,33DJn3sk9BKrTRkJTrvvgnstzWE4kPGABJQiHwNK4vc3b3TN4APqssahs3VoSXNLRwkywTru78f4KhuJAA6WKm6y,2026-08-25T07:31:11.000Z,4rtP3LQdxEFrF724Pcfj9eTdaMqDrbmvi11ewwfNYdLQTN1Zi9niu13zAFrmkA5n1V2cgfjmM8vUtzGWXEcmBYKc,DUNE_LIVE,LIVE_POST_BASELINE
H56aXeFD1dQUXeisnoRw4nS86eH9Z6XMaHg8UMQkho5z,0,,,7nxj4danuBXVjct9ve56D6fE6Yx6iHWcHWDv8ik75q6j,1,6vmoJLFeVHCnrm2XpDPd6EYdRrkG2hcg8CAyr4Sy5ALZ,7nxj4danuBXVjct9ve56D6fE6Yx6iHWcHWDv8ik75q6j,2025-04-18T13:51:29+00:00,2Lp4ahmktwkb9ZvkXoFdvMrAz1a1N9ahyYcKPj46dRqxusorNwPiBy87u56ADqf48HN2atTdmGwqbWGyzYJNBaMT,6vmoJLFeVHCnrm2XpDPd6EYdRrkG2hcg8CAyr4Sy5ALZ,7nxj4danuBXVjct9ve56D6fE6Yx6iHWcHWDv8ik75q6j,2025-04-18T13:51:29+00:00,2Lp4ahmktwkb9ZvkXoFdvMrAz1a1N9ahyYcKPj46dRqxusorNwPiBy87u56ADqf48HN2atTdmGwqbWGyzYJNBaMT,2026-08-28T21:17:36Z,3BpkuDNGr3YDL3fV3yBZprmCnrBsjK6h5CpK6kC9SVGhRkPU7bXMppxgfdwYR3B2auxmz7U4T73PXB4cDhPK4ybc,INDEPENDENT_LIVE,LIVE_POST_CUTOVER
H5MhxsLU5PgrKCga4asw33vTSxuqHUADH6xqubixUZRw,0,,,Db1meMQEgj8dCwzhR5W6coWt1yV4iEaQsYPKKDyGRUqW,1,Do9VaY2ru9QtaTWdhmuwc2Z9rj4rZ7D6EShdLTvxnp6h,Db1meMQEgj8dCwzhR5W6coWt1yV4iEaQsYPKKDyGRUqW,2025-04-14T13:06:44Z,sHQzNQYgz1jgwM2yevDKdsacyC1fiy7Rku1APEtipu3wiW1QCnwmgHfFwQe9sjLHKMW7LXUMvBUdBtE1oe3qw1j,Do9VaY2ru9QtaTWdhmuwc2Z9rj4rZ7D6EShdLTvxnp6h,Db1meMQEgj8dCwzhR5W6coWt1yV4iEaQsYPKKDyGRUqW,2025-04-14T13:06:44Z,sHQzNQYgz1jgwM2yevDKdsacyC1fiy7Rku1APEtipu3wiW1QCnwmgHfFwQe9sjLHKMW7LXUMvBUdBtE1oe3qw1j,2026-08-26T21:34:16Z,5y9KKMidZA2pNm3QLD2z2j7BfPbwsAQt6HEVyCQMK7sSkCy7PRQUy35JJG3GRnTBDLDeD6YVxYpw9nXSayk6pTiK,INDEPENDENT_LIVE,LIVE_POST_CUTOVER
H5qoQMvk3PWT6mqJbjEqfNhf5QXkJsQQTRYHHkJrtv8S,0,,,Db1meMQEgj8dCwzhR5W6coWt1yV4iEaQsYPKKDyGRUqW,1,Do9VaY2ru9QtaTWdhmuwc2Z9rj4rZ7D6EShdLTvxnp6h,Db1meMQEgj8dCwzhR5W6coWt1yV4iEaQsYPKKDyGRUqW,2025-04-14T13:07:29Z,2wpVFAvNwepFVyHMUuoawSwjMZA3zaFQSh7FL7FLDvFmoVvwMrdWjPZKj4p5p6RLcpgH7btzU6ASSH1jHCbZuv2y,Do9VaY2ru9QtaTWdhmuwc2Z9rj4rZ7D6EShdLTvxnp6h,Db1meMQEgj8dCwzhR5W6coWt1yV4iEaQsYPKKDyGRUqW,2025-04-14T13:07:29Z,2wpVFAvNwepFVyHMUuoawSwjMZA3zaFQSh7FL7FLDvFmoVvwMrdWjPZKj4p5p6RLcpgH7btzU6ASSH1jHCbZuv2y,2026-08-26T21:34:16Z,5y9KKMidZA2pNm3QLD2z2j7BfPbwsAQt6HEVyCQMK7sSkCy7PRQUy35JJG3GRnTBDLDeD6YVxYpw9nXSayk6pTiK,INDEPENDENT_LIVE,LIVE_POST_CUTOVER
H7mQDtCHkgPLdzKvNEsAje6S1b6LUgnynn8JnSCkVoNr,0,,,BfBqvwoNLVSEvrjukaRUdex72PEF234oY8RogGtqFRZv,1,7LscpY288mvuC8kBax5KhcxH9BucLs9cCndo2HUi5xWb,BfBqvwoNLVSEvrjukaRUdex72PEF234oY8RogGtqFRZv,2025-04-13T04:44:19Z,3e3y1WGhBtGatVz7wMWBDWJmvgui7g3npMHdzRFsCy96Jnx7FntdBR6etoaDsdkqmqyw8CEDC8FyZX46YTVqJeMd,7LscpY288mvuC8kBax5KhcxH9BucLs9cCndo2HUi5xWb,BfBqvwoNLVSEvrjukaRUdex72PEF234oY8RogGtqFRZv,2025-04-13T04:44:19Z,3e3y1WGhBtGatVz7wMWBDWJmvgui7g3npMHdzRFsCy96Jnx7FntdBR6etoaDsdkqmqyw8CEDC8FyZX46YTVqJeMd,2026-08-25T07:31:11.000Z,4rtP3LQdxEFrF724Pcfj9eTdaMqDrbmvi11ewwfNYdLQTN1Zi9niu13zAFrmkA5n1V2cgfjmM8vUtzGWXEcmBYKc,DUNE_LIVE,LIVE_POST_BASELINE
H91yTGCya4MqKkMKz7KFQtonNM4oWEpu5a2xaPiFECEK,0,,,BfBqvwoNLVSEvrjukaRUdex72PEF234oY8RogGtqFRZv,1,7LscpY288mvuC8kBax5KhcxH9BucLs9cCndo2HUi5xWb,BfBqvwoNLVSEvrjukaRUdex72PEF234oY8RogGtqFRZv,2025-12-01T14:21:46Z,Yn6d9fEi6rz5ha8aJQG3Af6N7wqwsbXwiRyiGNPPwCb4VTnrCEGVzANzz3NaNv3gHJoXtXJD183DNb6z3ENwNvq,7LscpY288mvuC8kBax5KhcxH9BucLs9cCndo2HUi5xWb,BfBqvwoNLVSEvrjukaRUdex72PEF234oY8RogGtqFRZv,2025-12-01T14:21:46Z,Yn6d9fEi6rz5ha8aJQG3Af6N7wqwsbXwiRyiGNPPwCb4VTnrCEGVzANzz3NaNv3gHJoXtXJD183DNb6z3ENwNvq,2026-08-25T07:31:11.000Z,4rtP3LQdxEFrF724Pcfj9eTdaMqDrbmvi11ewwfNYdLQTN1Zi9niu13zAFrmkA5n1V2cgfjmM8vUtzGWXEcmBYKc,DUNE_LIVE,LIVE_POST_BASELINE
H9hpEFD5P6YviprV2ijxcVXzT2vYKkCsuR3TXA9X32R8,0,,,4peBuFdXx2gkDTss1J6GbUcqMcyfqQ2HnR5vaQAkHggW,0,4peBuFdXx2gkDTss1J6GbUcqMcyfqQ2HnR5vaQAkHggW,,2026-08-22T22:55:46.000Z,2u2DqMA3LyDswB1Twtft8T8K7Z1peS7zHj43BF87Zwpd16QXVf6c253kUErXMhheTr6ZBejK9BwQxmbjzKsnAmi,,,,,,,,
HBacpkHbsya1Ud7yXFUy7vomXpohzFX5CTKHUpfwV6rz,0,,,DM5YNogviE6YxVESWYG9TaZ9q4qiBLAJmxnA1LQRFMGZ,1,B1Pv8HZNHGdXC8qTsNGLCJKpnoetE2Y52RyeoJW9pE5Z,DM5YNogviE6YxVESWYG9TaZ9q4qiBLAJmxnA1LQRFMGZ,2025-04-15T02:14:55Z,5dian1DpJjbCmmFQAh8Rv9HW4zajFd2ofjaHzwGcFA7giGrH5knxMLtFUgzA8kWQWuA8MQ3Ago1kAng69Q8XHdeF,B1Pv8HZNHGdXC8qTsNGLCJKpnoetE2Y52RyeoJW9pE5Z,DM5YNogviE6YxVESWYG9TaZ9q4qiBLAJmxnA1LQRFMGZ,2025-04-15T02:14:55Z,5dian1DpJjbCmmFQAh8Rv9HW4zajFd2ofjaHzwGcFA7giGrH5knxMLtFUgzA8kWQWuA8MQ3Ago1kAng69Q8XHdeF,2026-08-31T09:39:48Z,5rqET3n1SkPB9jrcz8yM3KNBt6b2Q925G69tDBYwhL5yd6cLZzD3gSDSSgsbFqwtJkuaCoAvuRNq3eCNaKxhpdWi,INDEPENDENT_LIVE,LIVE_POST_CUTOVER
HBdnneHwua1TjxaptDzJz9K6uUDQdF24X6Kbeu7DwZgu,0,,,Db1meMQEgj8dCwzhR5W6coWt1yV4iEaQsYPKKDyGRUqW,1,Do9VaY2ru9QtaTWdhmuwc2Z9rj4rZ7D6EShdLTvxnp6h,Db1meMQEgj8dCwzhR5W6coWt1yV4iEaQsYPKKDyGRUqW,2025-08-23T13:26:41Z,dqfgfejUnyS7qEASQGTaCDUT9WpzXZuNyvyAyffVsV6qNHc8dXHsiP2GB5bjM65URBbki4tn9KwCVMGvDcQoSaH,Do9VaY2ru9QtaTWdhmuwc2Z9rj4rZ7D6EShdLTvxnp6h,Db1meMQEgj8dCwzhR5W6coWt1yV4iEaQsYPKKDyGRUqW,2025-08-23T13:26:41Z,dqfgfejUnyS7qEASQGTaCDUT9WpzXZuNyvyAyffVsV6qNHc8dXHsiP2GB5bjM65URBbki4tn9KwCVMGvDcQoSaH,2026-08-26T21:34:16Z,5y9KKMidZA2pNm3QLD2z2j7BfPbwsAQt6HEVyCQMK7sSkCy7PRQUy35JJG3GRnTBDLDeD6YVxYpw9nXSayk6pTiK,INDEPENDENT_LIVE,LIVE_POST_CUTOVER
HC1zUWg7V3i8dm9TUAKTsdTYovgiwGSeafZh28CtrdzV,0,,,8TAx5eRzjvYioRmc83vrzWuEzhav63ccEs7ZuzndxddU,1,Cwg4F9HnwEKktX662TLjYvUjvZStpQHss9BasJYSaGPj,8TAx5eRzjvYioRmc83vrzWuEzhav63ccEs7ZuzndxddU,2022-08-10T07:50:19Z,32SoanuLR2uZD2TUNnynzqWVwkTqVqqpGLuVa9rXf8xE29J63mST3KUV2p1FGwBaKRrwfd6PdtaR9ccUjfu4NPVV,Cwg4F9HnwEKktX662TLjYvUjvZStpQHss9BasJYSaGPj,8TAx5eRzjvYioRmc83vrzWuEzhav63ccEs7ZuzndxddU,2022-08-10T07:50:19Z,32SoanuLR2uZD2TUNnynzqWVwkTqVqqpGLuVa9rXf8xE29J63mST3KUV2p1FGwBaKRrwfd6PdtaR9ccUjfu4NPVV,2026-08-28T06:25:53Z,3wyPJbJFHo4Fvu7Und18ezfHzbJFeq5FuiuZQzTTQAzrrC7RmAWXjXmonJge3e898SwmhStEUrJE6grUaYQ74KcV,INDEPENDENT_LIVE,LIVE_POST_CUTOVER
HCnCmz9oB5GS5MfgnA3sboHJZEKAvZNTHnPH3SQ317Xh,1,2026-08-24T15:31:42.000Z,54nowwHehMPfQL3fQ19jfSa9ZaTp83sweY9rhtavA54rV25vCJsPXyuxPNGnzo6P5RBDSRYRcyYpKK3nNPZtzRoY,,0,,,2026-08-24T15:31:42.000Z,54nowwHehMPfQL3fQ19jfSa9ZaTp83sweY9rhtavA54rV25vCJsPXyuxPNGnzo6P5RBDSRYRcyYpKK3nNPZtzRoY,,,,,,,,
HGBdA9jvZ3yyPhfY9WaxBNUZtof9nWER7t2fp1FApwXY,0,,,8TAx5eRzjvYioRmc83vrzWuEzhav63ccEs7ZuzndxddU,1,Cwg4F9HnwEKktX662TLjYvUjvZStpQHss9BasJYSaGPj,8TAx5eRzjvYioRmc83vrzWuEzhav63ccEs7ZuzndxddU,2022-08-20T08:30:48Z,2Z43USs5vYFRqpvjEWpv6RsrzrS1C9Be54NjDwTYxddAYK6DW3BJUYkYra8dUDLurVHXe3NzVwXmNHzdMwy5XV3q,Cwg4F9HnwEKktX662TLjYvUjvZStpQHss9BasJYSaGPj,8TAx5eRzjvYioRmc83vrzWuEzhav63ccEs7ZuzndxddU,2022-08-20T08:30:48Z,2Z43USs5vYFRqpvjEWpv6RsrzrS1C9Be54NjDwTYxddAYK6DW3BJUYkYra8dUDLurVHXe3NzVwXmNHzdMwy5XV3q,2026-08-28T06:25:53Z,3wyPJbJFHo4Fvu7Und18ezfHzbJFeq5FuiuZQzTTQAzrrC7RmAWXjXmonJge3e898SwmhStEUrJE6grUaYQ74KcV,INDEPENDENT_LIVE,LIVE_POST_CUTOVER
HHaSp8tZFCAP2GKEK2AdstbkZ3jFWFA3cAKRUtX873pX,0,,,BfBqvwoNLVSEvrjukaRUdex72PEF234oY8RogGtqFRZv,1,7LscpY288mvuC8kBax5KhcxH9BucLs9cCndo2HUi5xWb,BfBqvwoNLVSEvrjukaRUdex72PEF234oY8RogGtqFRZv,2025-04-13T04:56:03Z,3nGe37hQLif8iXZp6f49d8go5qJaeUCbKqHPoHZd2ms1LJpsfACSdbZaZDufiwWuYi6KGoxL2Dn1xYhzt4s9Q8x6,7LscpY288mvuC8kBax5KhcxH9BucLs9cCndo2HUi5xWb,BfBqvwoNLVSEvrjukaRUdex72PEF234oY8RogGtqFRZv,2025-04-13T04:56:03Z,3nGe37hQLif8iXZp6f49d8go5qJaeUCbKqHPoHZd2ms1LJpsfACSdbZaZDufiwWuYi6KGoxL2Dn1xYhzt4s9Q8x6,2026-08-25T07:31:11.000Z,4rtP3LQdxEFrF724Pcfj9eTdaMqDrbmvi11ewwfNYdLQTN1Zi9niu13zAFrmkA5n1V2cgfjmM8vUtzGWXEcmBYKc,DUNE_LIVE,LIVE_POST_BASELINE
HMeSopXiLjL1prSpdUvaRJcg3fgekNeMqzyuZnnFKz2v,0,,,8TAx5eRzjvYioRmc83vrzWuEzhav63ccEs7ZuzndxddU,1,Cwg4F9HnwEKktX662TLjYvUjvZStpQHss9BasJYSaGPj,8TAx5eRzjvYioRmc83vrzWuEzhav63ccEs7ZuzndxddU,2026-02-07T15:33:23Z,3Gs8DXFczoW9EFo3hbrf9nKRUjRWTQ33TxYhEsHM5HRewNt1wjkWAMPmVqUuHDwyVc2tQtqHNvDCBbyu7P4K4FmS,Cwg4F9HnwEKktX662TLjYvUjvZStpQHss9BasJYSaGPj,8TAx5eRzjvYioRmc83vrzWuEzhav63ccEs7ZuzndxddU,2026-02-07T15:33:23Z,3Gs8DXFczoW9EFo3hbrf9nKRUjRWTQ33TxYhEsHM5HRewNt1wjkWAMPmVqUuHDwyVc2tQtqHNvDCBbyu7P4K4FmS,2026-08-28T06:25:53Z,3wyPJbJFHo4Fvu7Und18ezfHzbJFeq5FuiuZQzTTQAzrrC7RmAWXjXmonJge3e898SwmhStEUrJE6grUaYQ74KcV,INDEPENDENT_LIVE,LIVE_POST_CUTOVER
HPxdKgeryzQ6Qzp9JxNNEafbdiChTDRZPpYBbt42yYXL,1,2026-08-24T15:31:42.000Z,2Tk1gAwX7bzvFM3NbEqFeVfe3arMwRg5ZBXpqADfai8mhs8C6f9sPkCSj3vhGx4pfHpieQBGjnuQtAshsKGuVNCG,,0,,,2026-08-24T15:31:42.000Z,2Tk1gAwX7bzvFM3NbEqFeVfe3arMwRg5ZBXpqADfai8mhs8C6f9sPkCSj3vhGx4pfHpieQBGjnuQtAshsKGuVNCG,,,,,,,,
HQAb8d9WNw1XRZMpRkixF4cvFGjGR99fZTRR36xqdeJf,0,,,38Bj4DFXhAkDxB6Atj66kdxGZfhZEC3ejRX1HDh1YFKj,1,8Vpqxxbon9s4Hnk2eMhysjx6XKjHiUgEUAm3MSq9yQv2,38Bj4DFXhAkDxB6Atj66kdxGZfhZEC3ejRX1HDh1YFKj,2025-04-26T14:27:58Z,3SNuziQCYBj3fqv4p4sg5iHZsRENm7ibBiKPkWrRW8qGheQMRgHSEiAVSsZWz6bcaVQgox56qmKscTnBKWgU9ERn,8Vpqxxbon9s4Hnk2eMhysjx6XKjHiUgEUAm3MSq9yQv2,38Bj4DFXhAkDxB6Atj66kdxGZfhZEC3ejRX1HDh1YFKj,2025-04-26T14:27:58Z,3SNuziQCYBj3fqv4p4sg5iHZsRENm7ibBiKPkWrRW8qGheQMRgHSEiAVSsZWz6bcaVQgox56qmKscTnBKWgU9ERn,2026-08-21T19:39:25.000Z,4AT1PFFkyADXcz2QFJi78yrTeP8dAhFkfWJU5JCvpEx2a7pWsAxn14owrdqpvwkTU7bAzxxCYoBijEksgty9W6qe,DUNE_LIVE,LIVE_POST_BASELINE
HRQu1Ko7z3C2mHVVDwGa3EUrQEEcJyHDpVqGKbMNwssL,0,,,DM5YNogviE6YxVESWYG9TaZ9q4qiBLAJmxnA1LQRFMGZ,1,B1Pv8HZNHGdXC8qTsNGLCJKpnoetE2Y52RyeoJW9pE5Z,DM5YNogviE6YxVESWYG9TaZ9q4qiBLAJmxnA1LQRFMGZ,2025-04-15T02:19:50Z,3QtR3x6NnUZLztwaqqo6s5PBAwQRNkej89AQdGdZ57qYmMqBBchCuo7wXr4aM3YZPmjHMCxTjpaNQsPCMe8ECRa8,B1Pv8HZNHGdXC8qTsNGLCJKpnoetE2Y52RyeoJW9pE5Z,DM5YNogviE6YxVESWYG9TaZ9q4qiBLAJmxnA1LQRFMGZ,2025-04-15T02:19:50Z,3QtR3x6NnUZLztwaqqo6s5PBAwQRNkej89AQdGdZ57qYmMqBBchCuo7wXr4aM3YZPmjHMCxTjpaNQsPCMe8ECRa8,2026-08-31T09:39:48Z,5rqET3n1SkPB9jrcz8yM3KNBt6b2Q925G69tDBYwhL5yd6cLZzD3gSDSSgsbFqwtJkuaCoAvuRNq3eCNaKxhpdWi,INDEPENDENT_LIVE,LIVE_POST_CUTOVER
HRase3VCn8vZmiF7jWVJSHTyej469jVfw8EqQxJ36jD8,0,,,BfBqvwoNLVSEvrjukaRUdex72PEF234oY8RogGtqFRZv,1,7LscpY288mvuC8kBax5KhcxH9BucLs9cCndo2HUi5xWb,BfBqvwoNLVSEvrjukaRUdex72PEF234oY8RogGtqFRZv,2025-12-01T14:36:04Z,3qohBFKsDiaHjRpzn8zmK7Rr9PtnqCvpQSywVpdrm84prjorMx9FRG6CdcMhqNkeiVVArKSvYpRh7SPyEDRftcZ8,7LscpY288mvuC8kBax5KhcxH9BucLs9cCndo2HUi5xWb,BfBqvwoNLVSEvrjukaRUdex72PEF234oY8RogGtqFRZv,2025-12-01T14:36:04Z,3qohBFKsDiaHjRpzn8zmK7Rr9PtnqCvpQSywVpdrm84prjorMx9FRG6CdcMhqNkeiVVArKSvYpRh7SPyEDRftcZ8,2026-08-25T07:31:11.000Z,4rtP3LQdxEFrF724Pcfj9eTdaMqDrbmvi11ewwfNYdLQTN1Zi9niu13zAFrmkA5n1V2cgfjmM8vUtzGWXEcmBYKc,DUNE_LIVE,LIVE_POST_BASELINE
HShLL89pm6sYJxwDNiffhopAhQuWPz6Gzxj9rm4pAJTr,0,,,BfBqvwoNLVSEvrjukaRUdex72PEF234oY8RogGtqFRZv,1,7LscpY288mvuC8kBax5KhcxH9BucLs9cCndo2HUi5xWb,BfBqvwoNLVSEvrjukaRUdex72PEF234oY8RogGtqFRZv,2025-04-13T04:49:11Z,3qaNfvBvRCfQZ1UdmmJs6HDiFhkxAvSu53byMSyXMhyzkqJxvNLT55MZkAzqBbbV7ivtv5T6Vu2FHdnf7MifP5qa,7LscpY288mvuC8kBax5KhcxH9BucLs9cCndo2HUi5xWb,BfBqvwoNLVSEvrjukaRUdex72PEF234oY8RogGtqFRZv,2025-04-13T04:49:11Z,3qaNfvBvRCfQZ1UdmmJs6HDiFhkxAvSu53byMSyXMhyzkqJxvNLT55MZkAzqBbbV7ivtv5T6Vu2FHdnf7MifP5qa,2026-08-25T07:31:11.000Z,4rtP3LQdxEFrF724Pcfj9eTdaMqDrbmvi11ewwfNYdLQTN1Zi9niu13zAFrmkA5n1V2cgfjmM8vUtzGWXEcmBYKc,DUNE_LIVE,LIVE_POST_BASELINE
HTZB5QjidD4ZB1jbXnExLzTxsi7iWHnSR4jyuKiPZVra,0,,,FYL4LRChq2a6w8PenydNEd1ExoKpBVNpueitXAXanSGy,1,FpqrjWJpTNwv1b1nu3Kouzn7KRZeAxcvyXfHgkGFQ9Gd,FYL4LRChq2a6w8PenydNEd1ExoKpBVNpueitXAXanSGy,2025-04-19T15:12:06Z,48X6ViEHQXbUQ4YCrA7MPBPrjPVwdEn2WEpNisNnR9yLnh61vvC325tWPs9FpyFvL2Nh7mW24YBq57qDaCSaRkH,FpqrjWJpTNwv1b1nu3Kouzn7KRZeAxcvyXfHgkGFQ9Gd,FYL4LRChq2a6w8PenydNEd1ExoKpBVNpueitXAXanSGy,2025-04-19T15:12:06Z,48X6ViEHQXbUQ4YCrA7MPBPrjPVwdEn2WEpNisNnR9yLnh61vvC325tWPs9FpyFvL2Nh7mW24YBq57qDaCSaRkH,2026-08-24T04:22:35.000Z,5oK95ozVzmUYxqJmZd7NLGb2U4oYDLVTieQMPA7TJve19iKQ41uaDdvJ8VHYNmcxSnH1A7BK2NrfTFFcJbTUKTey,DUNE_LIVE,LIVE_POST_BASELINE
HU843CNj5tffKWrgCjTAnyi4FBeFLBCLdnxgpk4fJ2BZ,0,,,BfBqvwoNLVSEvrjukaRUdex72PEF234oY8RogGtqFRZv,1,7LscpY288mvuC8kBax5KhcxH9BucLs9cCndo2HUi5xWb,BfBqvwoNLVSEvrjukaRUdex72PEF234oY8RogGtqFRZv,2025-12-01T14:24:21Z,3TrkXzmh5uSXVefixdZsgU4emZac4aB2RVkXUqSBVcqWichrrTrBysTE56GTpqLff2ftp2LbG5xsVMrv3kXsY5TZ,7LscpY288mvuC8kBax5KhcxH9BucLs9cCndo2HUi5xWb,BfBqvwoNLVSEvrjukaRUdex72PEF234oY8RogGtqFRZv,2025-12-01T14:24:21Z,3TrkXzmh5uSXVefixdZsgU4emZac4aB2RVkXUqSBVcqWichrrTrBysTE56GTpqLff2ftp2LbG5xsVMrv3kXsY5TZ,2026-08-25T07:31:11.000Z,4rtP3LQdxEFrF724Pcfj9eTdaMqDrbmvi11ewwfNYdLQTN1Zi9niu13zAFrmkA5n1V2cgfjmM8vUtzGWXEcmBYKc,DUNE_LIVE,LIVE_POST_BASELINE
HVgPzFnK66M9XxhwW2LwddzpYi3VaDDZh7NfMWTUpHn9,0,,,BfBqvwoNLVSEvrjukaRUdex72PEF234oY8RogGtqFRZv,1,7LscpY288mvuC8kBax5KhcxH9BucLs9cCndo2HUi5xWb,BfBqvwoNLVSEvrjukaRUdex72PEF234oY8RogGtqFRZv,2025-12-01T14:28:04Z,63W67HM8t71U6BLbpxc4LNJDNWz6JXTdVZGj44iXwtrRY6jWuahLRtta67fDAGSWRwLBbQg3TYL9NJKha844wg92,7LscpY288mvuC8kBax5KhcxH9BucLs9cCndo2HUi5xWb,BfBqvwoNLVSEvrjukaRUdex72PEF234oY8RogGtqFRZv,2025-12-01T14:28:04Z,63W67HM8t71U6BLbpxc4LNJDNWz6JXTdVZGj44iXwtrRY6jWuahLRtta67fDAGSWRwLBbQg3TYL9NJKha844wg92,2026-08-25T07:31:11.000Z,4rtP3LQdxEFrF724Pcfj9eTdaMqDrbmvi11ewwfNYdLQTN1Zi9niu13zAFrmkA5n1V2cgfjmM8vUtzGWXEcmBYKc,DUNE_LIVE,LIVE_POST_BASELINE
HVnL813xwSqjk1aZET3J82EH7XJm87wbWG4422CZDJe3,0,,,BfBqvwoNLVSEvrjukaRUdex72PEF234oY8RogGtqFRZv,1,7LscpY288mvuC8kBax5KhcxH9BucLs9cCndo2HUi5xWb,BfBqvwoNLVSEvrjukaRUdex72PEF234oY8RogGtqFRZv,2025-12-01T14:24:37Z,aWtFQmGBgg4Cu1dyMjCzfZYPVafWj3ZkrYJrpNkyzGKVmPbtjejYjkB5XB4cNWoQFtsRXUQuz5VboJ1k7193Cjc,7LscpY288mvuC8kBax5KhcxH9BucLs9cCndo2HUi5xWb,BfBqvwoNLVSEvrjukaRUdex72PEF234oY8RogGtqFRZv,2025-12-01T14:24:37Z,aWtFQmGBgg4Cu1dyMjCzfZYPVafWj3ZkrYJrpNkyzGKVmPbtjejYjkB5XB4cNWoQFtsRXUQuz5VboJ1k7193Cjc,2026-08-25T07:31:11.000Z,4rtP3LQdxEFrF724Pcfj9eTdaMqDrbmvi11ewwfNYdLQTN1Zi9niu13zAFrmkA5n1V2cgfjmM8vUtzGWXEcmBYKc,DUNE_LIVE,LIVE_POST_BASELINE
HWuGs4EfuDVKPPoJNWSVbxu8ftSFoow3dcyPKdYhbidu,0,,,BfBqvwoNLVSEvrjukaRUdex72PEF234oY8RogGtqFRZv,1,7LscpY288mvuC8kBax5KhcxH9BucLs9cCndo2HUi5xWb,BfBqvwoNLVSEvrjukaRUdex72PEF234oY8RogGtqFRZv,2025-12-01T14:42:41Z,4QYoJ4kszBHD52WJSidAVxWAGtEua9TZ6iCZCiFYdPfwmJgwB6n1i3tgXTNn2KqUQbgaBwVKKLvwFy5u2dtTBrM5,7LscpY288mvuC8kBax5KhcxH9BucLs9cCndo2HUi5xWb,BfBqvwoNLVSEvrjukaRUdex72PEF234oY8RogGtqFRZv,2025-12-01T14:42:41Z,4QYoJ4kszBHD52WJSidAVxWAGtEua9TZ6iCZCiFYdPfwmJgwB6n1i3tgXTNn2KqUQbgaBwVKKLvwFy5u2dtTBrM5,2026-08-25T07:31:11.000Z,4rtP3LQdxEFrF724Pcfj9eTdaMqDrbmvi11ewwfNYdLQTN1Zi9niu13zAFrmkA5n1V2cgfjmM8vUtzGWXEcmBYKc,DUNE_LIVE,LIVE_POST_BASELINE
HZNBMoTs6wH59kZZWBbro14fjU1QbhRYrbEaWak3HWkb,0,,,FYL4LRChq2a6w8PenydNEd1ExoKpBVNpueitXAXanSGy,1,FpqrjWJpTNwv1b1nu3Kouzn7KRZeAxcvyXfHgkGFQ9Gd,FYL4LRChq2a6w8PenydNEd1ExoKpBVNpueitXAXanSGy,2025-04-19T15:17:43Z,3snNH4FWrknWd5Ac98gYknLKeqxhHtaX2dn5yvDpKgretM7W21Yf4qxRqnteSZomyJ7SU67y5PXrDwJormB1hdgh,FpqrjWJpTNwv1b1nu3Kouzn7KRZeAxcvyXfHgkGFQ9Gd,FYL4LRChq2a6w8PenydNEd1ExoKpBVNpueitXAXanSGy,2025-04-19T15:17:43Z,3snNH4FWrknWd5Ac98gYknLKeqxhHtaX2dn5yvDpKgretM7W21Yf4qxRqnteSZomyJ7SU67y5PXrDwJormB1hdgh,2026-08-24T04:22:35.000Z,5oK95ozVzmUYxqJmZd7NLGb2U4oYDLVTieQMPA7TJve19iKQ41uaDdvJ8VHYNmcxSnH1A7BK2NrfTFFcJbTUKTey,DUNE_LIVE,LIVE_POST_BASELINE
HbAjEY1LR7SnbiZ6Ewx19UYvCFusrVurQckB6YGzDw8h,0,,,Db1meMQEgj8dCwzhR5W6coWt1yV4iEaQsYPKKDyGRUqW,1,Do9VaY2ru9QtaTWdhmuwc2Z9rj4rZ7D6EShdLTvxnp6h,Db1meMQEgj8dCwzhR5W6coWt1yV4iEaQsYPKKDyGRUqW,2025-08-23T13:26:12Z,4P4VRmMTw4TUZEweh76s1GxkQ5HGi14YadeBETRD5Q8jKnxJPMmNTB3sdB3RYT9BLuaV4gZ8fmnvo1VyMR4Sh4T2,Do9VaY2ru9QtaTWdhmuwc2Z9rj4rZ7D6EShdLTvxnp6h,Db1meMQEgj8dCwzhR5W6coWt1yV4iEaQsYPKKDyGRUqW,2025-08-23T13:26:12Z,4P4VRmMTw4TUZEweh76s1GxkQ5HGi14YadeBETRD5Q8jKnxJPMmNTB3sdB3RYT9BLuaV4gZ8fmnvo1VyMR4Sh4T2,2026-08-26T21:34:16Z,5y9KKMidZA2pNm3QLD2z2j7BfPbwsAQt6HEVyCQMK7sSkCy7PRQUy35JJG3GRnTBDLDeD6YVxYpw9nXSayk6pTiK,INDEPENDENT_LIVE,LIVE_POST_CUTOVER
HeDh1KSfzx3YqxV6yjs4BLFgJmW1UzUFmWXpd6xsBdfP,0,,,FYL4LRChq2a6w8PenydNEd1ExoKpBVNpueitXAXanSGy,1,FpqrjWJpTNwv1b1nu3Kouzn7KRZeAxcvyXfHgkGFQ9Gd,FYL4LRChq2a6w8PenydNEd1ExoKpBVNpueitXAXanSGy,2025-04-19T15:16:58Z,64m2wNmLUDuuhAavKkPwVmqSLMQYUaVMoPe5ZqT156UZePVW2hm6oitZ2Hbf7ZhzBJ4Jx8qxZXijUjvxRXo3qkAS,FpqrjWJpTNwv1b1nu3Kouzn7KRZeAxcvyXfHgkGFQ9Gd,FYL4LRChq2a6w8PenydNEd1ExoKpBVNpueitXAXanSGy,2025-04-19T15:16:58Z,64m2wNmLUDuuhAavKkPwVmqSLMQYUaVMoPe5ZqT156UZePVW2hm6oitZ2Hbf7ZhzBJ4Jx8qxZXijUjvxRXo3qkAS,2026-08-24T04:22:35.000Z,5oK95ozVzmUYxqJmZd7NLGb2U4oYDLVTieQMPA7TJve19iKQ41uaDdvJ8VHYNmcxSnH1A7BK2NrfTFFcJbTUKTey,DUNE_LIVE,LIVE_POST_BASELINE
HegJTw8Tu1HFeEoTNRYfpzUmiJGbnuanE9fKyzEFuBH1,0,,,DM5YNogviE6YxVESWYG9TaZ9q4qiBLAJmxnA1LQRFMGZ,1,B1Pv8HZNHGdXC8qTsNGLCJKpnoetE2Y52RyeoJW9pE5Z,DM5YNogviE6YxVESWYG9TaZ9q4qiBLAJmxnA1LQRFMGZ,2025-04-15T02:16:16Z,3VoPhyKN4cNKcT6HdoygKCu8DJLovi6cTNGXQaripRUbQh6snZiGVSWntADVCwXaetPUiNt6yFGojj7hJDgcSFvT,B1Pv8HZNHGdXC8qTsNGLCJKpnoetE2Y52RyeoJW9pE5Z,DM5YNogviE6YxVESWYG9TaZ9q4qiBLAJmxnA1LQRFMGZ,2025-04-15T02:16:16Z,3VoPhyKN4cNKcT6HdoygKCu8DJLovi6cTNGXQaripRUbQh6snZiGVSWntADVCwXaetPUiNt6yFGojj7hJDgcSFvT,2026-08-31T09:39:48Z,5rqET3n1SkPB9jrcz8yM3KNBt6b2Q925G69tDBYwhL5yd6cLZzD3gSDSSgsbFqwtJkuaCoAvuRNq3eCNaKxhpdWi,INDEPENDENT_LIVE,LIVE_POST_CUTOVER
Hf4N2nbByFS3LmVDXCZEToEReEq8p1cneT1L6tY2cHD2,0,,,BfBqvwoNLVSEvrjukaRUdex72PEF234oY8RogGtqFRZv,1,7LscpY288mvuC8kBax5KhcxH9BucLs9cCndo2HUi5xWb,BfBqvwoNLVSEvrjukaRUdex72PEF234oY8RogGtqFRZv,2025-04-28T10:49:44Z,3vpSHi3Lpts5X52CLn63RdaFdMLJtnWd5iw2HP6fsz5tufc4cHBCY5P9JkTWGq3hqqszLrh6ukEvfdegssY3JRqZ,7LscpY288mvuC8kBax5KhcxH9BucLs9cCndo2HUi5xWb,BfBqvwoNLVSEvrjukaRUdex72PEF234oY8RogGtqFRZv,2025-04-28T10:49:44Z,3vpSHi3Lpts5X52CLn63RdaFdMLJtnWd5iw2HP6fsz5tufc4cHBCY5P9JkTWGq3hqqszLrh6ukEvfdegssY3JRqZ,2026-08-25T07:31:11.000Z,4rtP3LQdxEFrF724Pcfj9eTdaMqDrbmvi11ewwfNYdLQTN1Zi9niu13zAFrmkA5n1V2cgfjmM8vUtzGWXEcmBYKc,DUNE_LIVE,LIVE_POST_BASELINE
HfMjBs7gQ8m8JdkHJ7uiRwqoMh3USdz5in5J45Ejb3oR,0,,,BfBqvwoNLVSEvrjukaRUdex72PEF234oY8RogGtqFRZv,1,7LscpY288mvuC8kBax5KhcxH9BucLs9cCndo2HUi5xWb,BfBqvwoNLVSEvrjukaRUdex72PEF234oY8RogGtqFRZv,2025-12-01T14:33:26Z,5wmv5DqLhX4TqfRwCWuFTqxR9w5gBDuM66dEy3dFtfAzJ8Qfk1SqkZQJdEXsuDq7LDgzTBxhZ3ZvqBtimqPydE2T,7LscpY288mvuC8kBax5KhcxH9BucLs9cCndo2HUi5xWb,BfBqvwoNLVSEvrjukaRUdex72PEF234oY8RogGtqFRZv,2025-12-01T14:33:26Z,5wmv5DqLhX4TqfRwCWuFTqxR9w5gBDuM66dEy3dFtfAzJ8Qfk1SqkZQJdEXsuDq7LDgzTBxhZ3ZvqBtimqPydE2T,2026-08-25T07:31:11.000Z,4rtP3LQdxEFrF724Pcfj9eTdaMqDrbmvi11ewwfNYdLQTN1Zi9niu13zAFrmkA5n1V2cgfjmM8vUtzGWXEcmBYKc,DUNE_LIVE,LIVE_POST_BASELINE
HgfnSrBjjhuNZZjzCvHUbAtAS7F19PGAu9YEDosZyfFD,0,,,ALWioRV1zqeqLZcL6HdnWBCpRj1eGsoiyDsJxqaATh5L,1,7ZYrmZdkRw6hp3MANNWePNoheqNZJyeCTQFfwQXPzE2v,ALWioRV1zqeqLZcL6HdnWBCpRj1eGsoiyDsJxqaATh5L,2025-04-22T10:04:58+00:00,3R7YSyYCz2CbdF6i63USGP2Lfm836mrzbpjjKUVRLAFrM7Z168Rms2cq9PUjsyJ1EhAfzMKPtfoEeb6Rj6hx5hTo,7ZYrmZdkRw6hp3MANNWePNoheqNZJyeCTQFfwQXPzE2v,ALWioRV1zqeqLZcL6HdnWBCpRj1eGsoiyDsJxqaATh5L,2025-04-22T10:04:58+00:00,3R7YSyYCz2CbdF6i63USGP2Lfm836mrzbpjjKUVRLAFrM7Z168Rms2cq9PUjsyJ1EhAfzMKPtfoEeb6Rj6hx5hTo,2026-08-27T12:11:33Z,CGZcRiGwJCA2fBTAEuB5eD25LwsdPtAWvA6SZRJ9DM2xBTpy3s42ZkZgqGjCekTQa4twKYrHnbEQ6KDAX4F6A6K,INDEPENDENT_LIVE,LIVE_POST_CUTOVER
HgoNeKDVfeWh9xtXRoTEYgsWfC1SmP4ihUuK2rufZtph,0,,,BfBqvwoNLVSEvrjukaRUdex72PEF234oY8RogGtqFRZv,1,7LscpY288mvuC8kBax5KhcxH9BucLs9cCndo2HUi5xWb,BfBqvwoNLVSEvrjukaRUdex72PEF234oY8RogGtqFRZv,2025-12-01T14:44:59Z,5mt8YxdbRwhju48RhMEDsKjK6LvHsLAME4mWZs1tTdPzupBK6Uw8mrZ9VVCwMqv1sbGfZej8cSM2pVunztyrafhe,7LscpY288mvuC8kBax5KhcxH9BucLs9cCndo2HUi5xWb,BfBqvwoNLVSEvrjukaRUdex72PEF234oY8RogGtqFRZv,2025-12-01T14:44:59Z,5mt8YxdbRwhju48RhMEDsKjK6LvHsLAME4mWZs1tTdPzupBK6Uw8mrZ9VVCwMqv1sbGfZej8cSM2pVunztyrafhe,2026-08-25T07:31:11.000Z,4rtP3LQdxEFrF724Pcfj9eTdaMqDrbmvi11ewwfNYdLQTN1Zi9niu13zAFrmkA5n1V2cgfjmM8vUtzGWXEcmBYKc,DUNE_LIVE,LIVE_POST_BASELINE
HhJBZppW4oLJ89NrDoDf6nu6SkLhZagWfsL6gsLTdrv7,1,2026-08-24T15:31:42.000Z,UCukEF7TvxuBqHXSQELawTYQFUccY6Jh4enDht5MdbvmYReCdkMdyqCtLzxYu6qRvn69yW3Yj13JamBzjm6XjMX,,0,,,2026-08-24T15:31:42.000Z,UCukEF7TvxuBqHXSQELawTYQFUccY6Jh4enDht5MdbvmYReCdkMdyqCtLzxYu6qRvn69yW3Yj13JamBzjm6XjMX,,,,,,,,
HhVhLjzGkYW7rSDEPfLxbRpgiwF97nXCdQWSnFjtkzQj,0,,,38Bj4DFXhAkDxB6Atj66kdxGZfhZEC3ejRX1HDh1YFKj,1,8Vpqxxbon9s4Hnk2eMhysjx6XKjHiUgEUAm3MSq9yQv2,38Bj4DFXhAkDxB6Atj66kdxGZfhZEC3ejRX1HDh1YFKj,2025-04-26T14:34:42Z,4tHgbMgxxi6PRSbh7no3pqSEiBXHq5hisjeGxrZss9gfSoBDHogA19xwgdKZZ9Gk6Vcs6DEsv1NoFPcaB12TyAyL,8Vpqxxbon9s4Hnk2eMhysjx6XKjHiUgEUAm3MSq9yQv2,38Bj4DFXhAkDxB6Atj66kdxGZfhZEC3ejRX1HDh1YFKj,2025-04-26T14:34:42Z,4tHgbMgxxi6PRSbh7no3pqSEiBXHq5hisjeGxrZss9gfSoBDHogA19xwgdKZZ9Gk6Vcs6DEsv1NoFPcaB12TyAyL,2026-08-21T19:39:25.000Z,4AT1PFFkyADXcz2QFJi78yrTeP8dAhFkfWJU5JCvpEx2a7pWsAxn14owrdqpvwkTU7bAzxxCYoBijEksgty9W6qe,DUNE_LIVE,LIVE_POST_BASELINE
HjDzq4JUT4veZ3HQg8qyBtVTuTwTmgoqm2MUXyhas3yJ,0,,,BfBqvwoNLVSEvrjukaRUdex72PEF234oY8RogGtqFRZv,1,7LscpY288mvuC8kBax5KhcxH9BucLs9cCndo2HUi5xWb,BfBqvwoNLVSEvrjukaRUdex72PEF234oY8RogGtqFRZv,2025-04-28T10:49:26Z,5ZjRjKB1Kc88RdwGbCo1ixM94xA7rZDSh6rSfWdzPDL9eXg9WsDXbWKBfN8jQHYAvVuSg3aDzVxoQi6KQBxBJ3YF,7LscpY288mvuC8kBax5KhcxH9BucLs9cCndo2HUi5xWb,BfBqvwoNLVSEvrjukaRUdex72PEF234oY8RogGtqFRZv,2025-04-28T10:49:26Z,5ZjRjKB1Kc88RdwGbCo1ixM94xA7rZDSh6rSfWdzPDL9eXg9WsDXbWKBfN8jQHYAvVuSg3aDzVxoQi6KQBxBJ3YF,2026-08-25T07:31:11.000Z,4rtP3LQdxEFrF724Pcfj9eTdaMqDrbmvi11ewwfNYdLQTN1Zi9niu13zAFrmkA5n1V2cgfjmM8vUtzGWXEcmBYKc,DUNE_LIVE,LIVE_POST_BASELINE
HjRox3CVVFGN2A2rwZXdP7w7TieFNTmBxBQQFAi8z99Y,0,,,BfBqvwoNLVSEvrjukaRUdex72PEF234oY8RogGtqFRZv,1,7LscpY288mvuC8kBax5KhcxH9BucLs9cCndo2HUi5xWb,BfBqvwoNLVSEvrjukaRUdex72PEF234oY8RogGtqFRZv,2025-08-19T10:57:57Z,2myspVdGVJQFsXcE51S2P3Y7mN1KSYnXk7iztgBXBYFUAbyD8V8yeoqvrcx6RFuRaZ3iWhkvJfh7syzFz43EwzUd,7LscpY288mvuC8kBax5KhcxH9BucLs9cCndo2HUi5xWb,BfBqvwoNLVSEvrjukaRUdex72PEF234oY8RogGtqFRZv,2025-08-19T10:57:57Z,2myspVdGVJQFsXcE51S2P3Y7mN1KSYnXk7iztgBXBYFUAbyD8V8yeoqvrcx6RFuRaZ3iWhkvJfh7syzFz43EwzUd,2026-08-25T07:31:11.000Z,4rtP3LQdxEFrF724Pcfj9eTdaMqDrbmvi11ewwfNYdLQTN1Zi9niu13zAFrmkA5n1V2cgfjmM8vUtzGWXEcmBYKc,DUNE_LIVE,LIVE_POST_BASELINE
Hk16TzkZ5NDL77BdnALD6xs3y7X8v5DyP5u38EVN7whL,0,,,38Bj4DFXhAkDxB6Atj66kdxGZfhZEC3ejRX1HDh1YFKj,1,8Vpqxxbon9s4Hnk2eMhysjx6XKjHiUgEUAm3MSq9yQv2,38Bj4DFXhAkDxB6Atj66kdxGZfhZEC3ejRX1HDh1YFKj,2025-04-26T14:33:14Z,44Yv8hvf6JNuqxh4AWkzjMoHtVVHZ2D1posf9GUV2JxfZtgcAT5KGZZWZNgoXa9zcEoZUrPFPjpDkcumFxPA8Bx1,8Vpqxxbon9s4Hnk2eMhysjx6XKjHiUgEUAm3MSq9yQv2,38Bj4DFXhAkDxB6Atj66kdxGZfhZEC3ejRX1HDh1YFKj,2025-04-26T14:33:14Z,44Yv8hvf6JNuqxh4AWkzjMoHtVVHZ2D1posf9GUV2JxfZtgcAT5KGZZWZNgoXa9zcEoZUrPFPjpDkcumFxPA8Bx1,2026-08-21T19:39:25.000Z,4AT1PFFkyADXcz2QFJi78yrTeP8dAhFkfWJU5JCvpEx2a7pWsAxn14owrdqpvwkTU7bAzxxCYoBijEksgty9W6qe,DUNE_LIVE,LIVE_POST_BASELINE
Hk2XVNMTdLGjEwhLN4aywViXqJyFguVTCNMhcPsKqn9h,0,,,8TAx5eRzjvYioRmc83vrzWuEzhav63ccEs7ZuzndxddU,1,Cwg4F9HnwEKktX662TLjYvUjvZStpQHss9BasJYSaGPj,8TAx5eRzjvYioRmc83vrzWuEzhav63ccEs7ZuzndxddU,2026-07-25T13:49:36Z,gA5uofWssNbgnoK8oCbWkgABDEdiSqi9q69Y3h1eUbaf2SbPv5zkGmgRqiAZBH241qLwfSSv55fhJSAZDWT9wib,Cwg4F9HnwEKktX662TLjYvUjvZStpQHss9BasJYSaGPj,8TAx5eRzjvYioRmc83vrzWuEzhav63ccEs7ZuzndxddU,2026-07-25T13:49:36Z,gA5uofWssNbgnoK8oCbWkgABDEdiSqi9q69Y3h1eUbaf2SbPv5zkGmgRqiAZBH241qLwfSSv55fhJSAZDWT9wib,2026-08-28T06:25:53Z,3wyPJbJFHo4Fvu7Und18ezfHzbJFeq5FuiuZQzTTQAzrrC7RmAWXjXmonJge3e898SwmhStEUrJE6grUaYQ74KcV,INDEPENDENT_LIVE,LIVE_POST_CUTOVER
HoAS7aqrfkJzXGC7bLzMocWUdmV8QJkBH2cLi7WwGBjD,0,,,8TAx5eRzjvYioRmc83vrzWuEzhav63ccEs7ZuzndxddU,1,Cwg4F9HnwEKktX662TLjYvUjvZStpQHss9BasJYSaGPj,8TAx5eRzjvYioRmc83vrzWuEzhav63ccEs7ZuzndxddU,2026-07-25T13:49:31Z,4wH3fA34MWjnZ8q9CLcPaTjngTyDKTGbWevzTv2FW1eku7nthWE5nA7tqfLdhJf6BqMyycobWPFpJVu6xyBUxas8,Cwg4F9HnwEKktX662TLjYvUjvZStpQHss9BasJYSaGPj,8TAx5eRzjvYioRmc83vrzWuEzhav63ccEs7ZuzndxddU,2026-07-25T13:49:31Z,4wH3fA34MWjnZ8q9CLcPaTjngTyDKTGbWevzTv2FW1eku7nthWE5nA7tqfLdhJf6BqMyycobWPFpJVu6xyBUxas8,2026-08-28T06:25:53Z,3wyPJbJFHo4Fvu7Und18ezfHzbJFeq5FuiuZQzTTQAzrrC7RmAWXjXmonJge3e898SwmhStEUrJE6grUaYQ74KcV,INDEPENDENT_LIVE,LIVE_POST_CUTOVER
HpVhxH6YAe3RN9JUqziHqqCCDkCnkjJLwmjDxdwS3Wgz,0,,,DM5YNogviE6YxVESWYG9TaZ9q4qiBLAJmxnA1LQRFMGZ,1,B1Pv8HZNHGdXC8qTsNGLCJKpnoetE2Y52RyeoJW9pE5Z,DM5YNogviE6YxVESWYG9TaZ9q4qiBLAJmxnA1LQRFMGZ,2025-04-15T02:12:05Z,5WBGZ9AoGyk6LjE84dsxALcfjQBwjZZzYbRp1AgSxDRYrjjARSaPDi1xJRi5D6zcpfrrnxACq8kTPXafMzreNCmB,B1Pv8HZNHGdXC8qTsNGLCJKpnoetE2Y52RyeoJW9pE5Z,DM5YNogviE6YxVESWYG9TaZ9q4qiBLAJmxnA1LQRFMGZ,2025-04-15T02:12:05Z,5WBGZ9AoGyk6LjE84dsxALcfjQBwjZZzYbRp1AgSxDRYrjjARSaPDi1xJRi5D6zcpfrrnxACq8kTPXafMzreNCmB,2026-08-31T09:39:48Z,5rqET3n1SkPB9jrcz8yM3KNBt6b2Q925G69tDBYwhL5yd6cLZzD3gSDSSgsbFqwtJkuaCoAvuRNq3eCNaKxhpdWi,INDEPENDENT_LIVE,LIVE_POST_CUTOVER
HpqUW3ub8m6YiM5ijefZKDGnvyG12f6jbbGpfG65dTNz,0,,,BfBqvwoNLVSEvrjukaRUdex72PEF234oY8RogGtqFRZv,1,7LscpY288mvuC8kBax5KhcxH9BucLs9cCndo2HUi5xWb,BfBqvwoNLVSEvrjukaRUdex72PEF234oY8RogGtqFRZv,2025-04-13T04:35:10Z,4dCFWHm3UMVpyGZ2h9y3MStX4CPqjnSL66KVZf427E8QGr35Mema2PR9aAGkAuq7Nv1eGJzQzgQ2GUb2FfddK9NL,7LscpY288mvuC8kBax5KhcxH9BucLs9cCndo2HUi5xWb,BfBqvwoNLVSEvrjukaRUdex72PEF234oY8RogGtqFRZv,2025-04-13T04:35:10Z,4dCFWHm3UMVpyGZ2h9y3MStX4CPqjnSL66KVZf427E8QGr35Mema2PR9aAGkAuq7Nv1eGJzQzgQ2GUb2FfddK9NL,2026-08-25T07:31:11.000Z,4rtP3LQdxEFrF724Pcfj9eTdaMqDrbmvi11ewwfNYdLQTN1Zi9niu13zAFrmkA5n1V2cgfjmM8vUtzGWXEcmBYKc,DUNE_LIVE,LIVE_POST_BASELINE
HqRYJiB117UjhMxmA7YFjRPZ9UjRWAqDWG96S8fdBRZb,0,,,8HfKN9ocY89F8Z2nLvKHrefUDqcX2jAVmfJVB8j3d3Mb,1,4REnZop7oP5yJcxUevLwUqGWsGf2SA6MY8tdQfTaQbNk,8HfKN9ocY89F8Z2nLvKHrefUDqcX2jAVmfJVB8j3d3Mb,2022-06-02T00:57:58Z,mFn9EKMWxMieycYY45aX3mZgP6yHD1ExysFCbfzB4eKA8JGoWgHohYSLSaZWi2pAmzpSNvWS97k1RAW7NGf28NX,4REnZop7oP5yJcxUevLwUqGWsGf2SA6MY8tdQfTaQbNk,8HfKN9ocY89F8Z2nLvKHrefUDqcX2jAVmfJVB8j3d3Mb,2022-06-02T00:57:58Z,mFn9EKMWxMieycYY45aX3mZgP6yHD1ExysFCbfzB4eKA8JGoWgHohYSLSaZWi2pAmzpSNvWS97k1RAW7NGf28NX,2026-08-29T16:34:59Z,JHagDchy5vJHk5dknEY4T7pCWcGFviRFapeEULWmQMdJfQexHvJASvinunBwt9cyHxFKgmSoTB4cMmufvrSBF1P,INDEPENDENT_LIVE,LIVE_POST_CUTOVER
HqmQDEWsaQFAfFXt3xzbVt37EpUwyGwg618kAPFkKNts,0,,,BfBqvwoNLVSEvrjukaRUdex72PEF234oY8RogGtqFRZv,1,7LscpY288mvuC8kBax5KhcxH9BucLs9cCndo2HUi5xWb,BfBqvwoNLVSEvrjukaRUdex72PEF234oY8RogGtqFRZv,2025-04-13T04:46:15Z,5Zj2rSgew3yDtHTatqw9PvTPXqb8m96hBGiSFeKrtmmsH48wtigcu3yc8hnL4Uxcuw4dSSu7kcYsN15s1DjJAeK5,7LscpY288mvuC8kBax5KhcxH9BucLs9cCndo2HUi5xWb,BfBqvwoNLVSEvrjukaRUdex72PEF234oY8RogGtqFRZv,2025-04-13T04:46:15Z,5Zj2rSgew3yDtHTatqw9PvTPXqb8m96hBGiSFeKrtmmsH48wtigcu3yc8hnL4Uxcuw4dSSu7kcYsN15s1DjJAeK5,2026-08-25T07:31:11.000Z,4rtP3LQdxEFrF724Pcfj9eTdaMqDrbmvi11ewwfNYdLQTN1Zi9niu13zAFrmkA5n1V2cgfjmM8vUtzGWXEcmBYKc,DUNE_LIVE,LIVE_POST_BASELINE
HraSUX3Ys544H5tEGFddywvi3Bm4XdBBKz2sq444sz6d,0,,,BfBqvwoNLVSEvrjukaRUdex72PEF234oY8RogGtqFRZv,1,7LscpY288mvuC8kBax5KhcxH9BucLs9cCndo2HUi5xWb,BfBqvwoNLVSEvrjukaRUdex72PEF234oY8RogGtqFRZv,2025-08-19T10:57:52Z,5iETqR5bLgQCa7vUg7L1uuEC7qRJe5mCRU9h35LEt2nudeXoQpu1b9R1xQ7V4cyNP3xmu1v3kg4ta8TjgLSSBdkz,7LscpY288mvuC8kBax5KhcxH9BucLs9cCndo2HUi5xWb,BfBqvwoNLVSEvrjukaRUdex72PEF234oY8RogGtqFRZv,2025-08-19T10:57:52Z,5iETqR5bLgQCa7vUg7L1uuEC7qRJe5mCRU9h35LEt2nudeXoQpu1b9R1xQ7V4cyNP3xmu1v3kg4ta8TjgLSSBdkz,2026-08-25T07:31:11.000Z,4rtP3LQdxEFrF724Pcfj9eTdaMqDrbmvi11ewwfNYdLQTN1Zi9niu13zAFrmkA5n1V2cgfjmM8vUtzGWXEcmBYKc,DUNE_LIVE,LIVE_POST_BASELINE
Htj1LSLrjHG4wpPdAhCXH6gzkZMKp75k6g3R7TabTwPD,0,,,8TAx5eRzjvYioRmc83vrzWuEzhav63ccEs7ZuzndxddU,1,Cwg4F9HnwEKktX662TLjYvUjvZStpQHss9BasJYSaGPj,8TAx5eRzjvYioRmc83vrzWuEzhav63ccEs7ZuzndxddU,2022-08-20T08:19:36Z,3uAJpZWXg8hVbQafSy5tN6xHCNQfuV6fzekh58HhTZbkLEJqszFNpmHLJfaBrJSkh6Mcv8HKAXu5ChuiCcWYDUXz,Cwg4F9HnwEKktX662TLjYvUjvZStpQHss9BasJYSaGPj,8TAx5eRzjvYioRmc83vrzWuEzhav63ccEs7ZuzndxddU,2022-08-20T08:19:36Z,3uAJpZWXg8hVbQafSy5tN6xHCNQfuV6fzekh58HhTZbkLEJqszFNpmHLJfaBrJSkh6Mcv8HKAXu5ChuiCcWYDUXz,2026-08-28T06:25:53Z,3wyPJbJFHo4Fvu7Und18ezfHzbJFeq5FuiuZQzTTQAzrrC7RmAWXjXmonJge3e898SwmhStEUrJE6grUaYQ74KcV,INDEPENDENT_LIVE,LIVE_POST_CUTOVER
HupcpEaesHatcXcmKcZHJX69waLfbbYvrLNkpQyJKv5d,0,,,BfBqvwoNLVSEvrjukaRUdex72PEF234oY8RogGtqFRZv,1,7LscpY288mvuC8kBax5KhcxH9BucLs9cCndo2HUi5xWb,BfBqvwoNLVSEvrjukaRUdex72PEF234oY8RogGtqFRZv,2025-10-21T11:05:50Z,3yQzt1BcF7YF4rSBb2Fg1JWLTA5x6CcwHjw79VVLy7mDer9kTrzGzDbcMBd6vaS9msryTgBVS5RWhiKDGdkQ6KuR,7LscpY288mvuC8kBax5KhcxH9BucLs9cCndo2HUi5xWb,BfBqvwoNLVSEvrjukaRUdex72PEF234oY8RogGtqFRZv,2025-10-21T11:05:50Z,3yQzt1BcF7YF4rSBb2Fg1JWLTA5x6CcwHjw79VVLy7mDer9kTrzGzDbcMBd6vaS9msryTgBVS5RWhiKDGdkQ6KuR,2026-08-25T07:31:11.000Z,4rtP3LQdxEFrF724Pcfj9eTdaMqDrbmvi11ewwfNYdLQTN1Zi9niu13zAFrmkA5n1V2cgfjmM8vUtzGWXEcmBYKc,DUNE_LIVE,LIVE_POST_BASELINE
HvCaAvAXLqesiN8KqFZ3kUrhrbAF4SvvXvHQwudZfsq7,0,,,DM5YNogviE6YxVESWYG9TaZ9q4qiBLAJmxnA1LQRFMGZ,1,B1Pv8HZNHGdXC8qTsNGLCJKpnoetE2Y52RyeoJW9pE5Z,DM5YNogviE6YxVESWYG9TaZ9q4qiBLAJmxnA1LQRFMGZ,2025-04-15T02:16:44Z,63DSUzpbxDEt2ygfxXCKuaUfbvaiVzbKBAPAczE1DDYBmUZ4bKoRj2oBdcYetkhzrbjGKLTK51Sz88Gu5DtC4p76,B1Pv8HZNHGdXC8qTsNGLCJKpnoetE2Y52RyeoJW9pE5Z,DM5YNogviE6YxVESWYG9TaZ9q4qiBLAJmxnA1LQRFMGZ,2025-04-15T02:16:44Z,63DSUzpbxDEt2ygfxXCKuaUfbvaiVzbKBAPAczE1DDYBmUZ4bKoRj2oBdcYetkhzrbjGKLTK51Sz88Gu5DtC4p76,2026-08-31T09:39:48Z,5rqET3n1SkPB9jrcz8yM3KNBt6b2Q925G69tDBYwhL5yd6cLZzD3gSDSSgsbFqwtJkuaCoAvuRNq3eCNaKxhpdWi,INDEPENDENT_LIVE,LIVE_POST_CUTOVER
Hvad8rWBLybyg1XqynFMiRc6Wbde4zFpa65GYh7iajhv,0,,,BfBqvwoNLVSEvrjukaRUdex72PEF234oY8RogGtqFRZv,1,7LscpY288mvuC8kBax5KhcxH9BucLs9cCndo2HUi5xWb,BfBqvwoNLVSEvrjukaRUdex72PEF234oY8RogGtqFRZv,2025-12-01T14:32:16Z,39EpjT5P1yPWohYphJdT9trRs3ZvGunjfxNEq5aSqKq8Zfud9LQE3RX5UNFKFgDPhJJjzfMuWcahjFuqnRZHhy2p,7LscpY288mvuC8kBax5KhcxH9BucLs9cCndo2HUi5xWb,BfBqvwoNLVSEvrjukaRUdex72PEF234oY8RogGtqFRZv,2025-12-01T14:32:16Z,39EpjT5P1yPWohYphJdT9trRs3ZvGunjfxNEq5aSqKq8Zfud9LQE3RX5UNFKFgDPhJJjzfMuWcahjFuqnRZHhy2p,2026-08-25T07:31:11.000Z,4rtP3LQdxEFrF724Pcfj9eTdaMqDrbmvi11ewwfNYdLQTN1Zi9niu13zAFrmkA5n1V2cgfjmM8vUtzGWXEcmBYKc,DUNE_LIVE,LIVE_POST_BASELINE
Hxsk1Lg6QLEsWznjwr6vCreUqQyzmH36fDTQQTZzb9K,1,2026-08-24T15:31:42.000Z,3Aab2BVqbaGFbTt3utdq5tM4ukdukQqxVmFmiytNXVFgVvMEq37tX7rW237gtB1gPYjwnmB8uLg8mHxFHyxP5dWE,,0,,,2026-08-24T15:31:42.000Z,3Aab2BVqbaGFbTt3utdq5tM4ukdukQqxVmFmiytNXVFgVvMEq37tX7rW237gtB1gPYjwnmB8uLg8mHxFHyxP5dWE,,,,,,,,
HyGJPFmhsD3ovmzhhGAeWSfxLpWCMEbYDchEGeD3uBH8,0,,,FYL4LRChq2a6w8PenydNEd1ExoKpBVNpueitXAXanSGy,1,FpqrjWJpTNwv1b1nu3Kouzn7KRZeAxcvyXfHgkGFQ9Gd,FYL4LRChq2a6w8PenydNEd1ExoKpBVNpueitXAXanSGy,2025-04-19T15:05:52Z,5y1Zyv9RwavGLzYzSFp4KMkEmMs22UtwrQ5TxoasrSLjbY1Ls1uUzNCkSkiu51rGh15Jjxc6BSEJibsjA2PSCKHS,FpqrjWJpTNwv1b1nu3Kouzn7KRZeAxcvyXfHgkGFQ9Gd,FYL4LRChq2a6w8PenydNEd1ExoKpBVNpueitXAXanSGy,2025-04-19T15:05:52Z,5y1Zyv9RwavGLzYzSFp4KMkEmMs22UtwrQ5TxoasrSLjbY1Ls1uUzNCkSkiu51rGh15Jjxc6BSEJibsjA2PSCKHS,2026-08-24T04:22:35.000Z,5oK95ozVzmUYxqJmZd7NLGb2U4oYDLVTieQMPA7TJve19iKQ41uaDdvJ8VHYNmcxSnH1A7BK2NrfTFFcJbTUKTey,DUNE_LIVE,LIVE_POST_BASELINE
HyT8svcP23kh72ubosWZv6wVegKQmXsyWnHrCA2Td9M7,0,,,BfBqvwoNLVSEvrjukaRUdex72PEF234oY8RogGtqFRZv,1,7LscpY288mvuC8kBax5KhcxH9BucLs9cCndo2HUi5xWb,BfBqvwoNLVSEvrjukaRUdex72PEF234oY8RogGtqFRZv,2025-12-01T14:23:17Z,6Twqie8Jeq9m9piEmF4fFPdtQv2RsNFLprY3i8HBzKch8FAEuaePuXdFUNEzYMS16P7xe5m2GmUoajYhySxNNb2,7LscpY288mvuC8kBax5KhcxH9BucLs9cCndo2HUi5xWb,BfBqvwoNLVSEvrjukaRUdex72PEF234oY8RogGtqFRZv,2025-12-01T14:23:17Z,6Twqie8Jeq9m9piEmF4fFPdtQv2RsNFLprY3i8HBzKch8FAEuaePuXdFUNEzYMS16P7xe5m2GmUoajYhySxNNb2,2026-08-25T07:31:11.000Z,4rtP3LQdxEFrF724Pcfj9eTdaMqDrbmvi11ewwfNYdLQTN1Zi9niu13zAFrmkA5n1V2cgfjmM8vUtzGWXEcmBYKc,DUNE_LIVE,LIVE_POST_BASELINE
J1vhFrghHyG4UCq2fosVbwgtTP2N462C9RRvArZAYHcX,0,,,8TAx5eRzjvYioRmc83vrzWuEzhav63ccEs7ZuzndxddU,1,Cwg4F9HnwEKktX662TLjYvUjvZStpQHss9BasJYSaGPj,8TAx5eRzjvYioRmc83vrzWuEzhav63ccEs7ZuzndxddU,2022-07-21T06:05:31Z,5QLP1B7Cdd2gLt77PKvExqUuCUhqTg4XmnZ8p7u4xFwfA2Srgvrwk5cixFpdFVDQ949Sg5TUFSSvRFV3TsEf9cbj,Cwg4F9HnwEKktX662TLjYvUjvZStpQHss9BasJYSaGPj,8TAx5eRzjvYioRmc83vrzWuEzhav63ccEs7ZuzndxddU,2022-07-21T06:05:31Z,5QLP1B7Cdd2gLt77PKvExqUuCUhqTg4XmnZ8p7u4xFwfA2Srgvrwk5cixFpdFVDQ949Sg5TUFSSvRFV3TsEf9cbj,2026-08-28T06:25:53Z,3wyPJbJFHo4Fvu7Und18ezfHzbJFeq5FuiuZQzTTQAzrrC7RmAWXjXmonJge3e898SwmhStEUrJE6grUaYQ74KcV,INDEPENDENT_LIVE,LIVE_POST_CUTOVER
J367h5QW3wNP88nHhVTVYnevwX6SdSpjvGAuXLnZNKA5,0,,,BfBqvwoNLVSEvrjukaRUdex72PEF234oY8RogGtqFRZv,1,7LscpY288mvuC8kBax5KhcxH9BucLs9cCndo2HUi5xWb,BfBqvwoNLVSEvrjukaRUdex72PEF234oY8RogGtqFRZv,2025-12-01T14:40:11Z,4GY1vYfNPV4m2hMLYL8hnVvaehdTE4TcpY4X6VEafjrhSo7t1XUhBpTyu9H9AVRoZ3wc3L2EGiEiyRkvd6YZ778C,7LscpY288mvuC8kBax5KhcxH9BucLs9cCndo2HUi5xWb,BfBqvwoNLVSEvrjukaRUdex72PEF234oY8RogGtqFRZv,2025-12-01T14:40:11Z,4GY1vYfNPV4m2hMLYL8hnVvaehdTE4TcpY4X6VEafjrhSo7t1XUhBpTyu9H9AVRoZ3wc3L2EGiEiyRkvd6YZ778C,2026-08-25T07:31:11.000Z,4rtP3LQdxEFrF724Pcfj9eTdaMqDrbmvi11ewwfNYdLQTN1Zi9niu13zAFrmkA5n1V2cgfjmM8vUtzGWXEcmBYKc,DUNE_LIVE,LIVE_POST_BASELINE
J3VQ7YrTCJbwwuUKj2dSjQU39hzXqxZH5TKw3rPxTWmJ,0,,,BfBqvwoNLVSEvrjukaRUdex72PEF234oY8RogGtqFRZv,1,7LscpY288mvuC8kBax5KhcxH9BucLs9cCndo2HUi5xWb,BfBqvwoNLVSEvrjukaRUdex72PEF234oY8RogGtqFRZv,2025-12-01T14:33:54Z,3tBfMkVHxbG1RV17A4ZTBxYcrToFZavcm3j1TNGXmN6tDY3NtrFw8QFVksA4BPwQdXwkXdNE4pMwusVuMKFfTsnY,7LscpY288mvuC8kBax5KhcxH9BucLs9cCndo2HUi5xWb,BfBqvwoNLVSEvrjukaRUdex72PEF234oY8RogGtqFRZv,2025-12-01T14:33:54Z,3tBfMkVHxbG1RV17A4ZTBxYcrToFZavcm3j1TNGXmN6tDY3NtrFw8QFVksA4BPwQdXwkXdNE4pMwusVuMKFfTsnY,2026-08-25T07:31:11.000Z,4rtP3LQdxEFrF724Pcfj9eTdaMqDrbmvi11ewwfNYdLQTN1Zi9niu13zAFrmkA5n1V2cgfjmM8vUtzGWXEcmBYKc,DUNE_LIVE,LIVE_POST_BASELINE
J3mw8igsoqiGhx6jb47wi2nbzpftCMGLpBknUs7fvJHj,0,,,BfBqvwoNLVSEvrjukaRUdex72PEF234oY8RogGtqFRZv,1,7LscpY288mvuC8kBax5KhcxH9BucLs9cCndo2HUi5xWb,BfBqvwoNLVSEvrjukaRUdex72PEF234oY8RogGtqFRZv,2025-12-01T14:45:38Z,5whwWJx99wDaLKeMtwkYnBhUQKbU4C81YZApW23qrVtnPQQpHHLy6WizfHPb8WBoCX2eAXWq7q8DvJovS2WCtB5i,7LscpY288mvuC8kBax5KhcxH9BucLs9cCndo2HUi5xWb,BfBqvwoNLVSEvrjukaRUdex72PEF234oY8RogGtqFRZv,2025-12-01T14:45:38Z,5whwWJx99wDaLKeMtwkYnBhUQKbU4C81YZApW23qrVtnPQQpHHLy6WizfHPb8WBoCX2eAXWq7q8DvJovS2WCtB5i,2026-08-25T07:31:11.000Z,4rtP3LQdxEFrF724Pcfj9eTdaMqDrbmvi11ewwfNYdLQTN1Zi9niu13zAFrmkA5n1V2cgfjmM8vUtzGWXEcmBYKc,DUNE_LIVE,LIVE_POST_BASELINE
J4jaGg3qTLMWYotANr8PSyEyGQ28CP47KV7HUy94tRSD,0,,,BfBqvwoNLVSEvrjukaRUdex72PEF234oY8RogGtqFRZv,1,7LscpY288mvuC8kBax5KhcxH9BucLs9cCndo2HUi5xWb,BfBqvwoNLVSEvrjukaRUdex72PEF234oY8RogGtqFRZv,2025-12-01T14:27:46Z,5GQtW9C73bSZwnPdqxFQ9yRARP2oYLcSLRbcAMKnJ4NfZ8PBERwA1unUiPgahgo5bZyb7EQFjufgky5eUaTCQT1Y,7LscpY288mvuC8kBax5KhcxH9BucLs9cCndo2HUi5xWb,BfBqvwoNLVSEvrjukaRUdex72PEF234oY8RogGtqFRZv,2025-12-01T14:27:46Z,5GQtW9C73bSZwnPdqxFQ9yRARP2oYLcSLRbcAMKnJ4NfZ8PBERwA1unUiPgahgo5bZyb7EQFjufgky5eUaTCQT1Y,2026-08-25T07:31:11.000Z,4rtP3LQdxEFrF724Pcfj9eTdaMqDrbmvi11ewwfNYdLQTN1Zi9niu13zAFrmkA5n1V2cgfjmM8vUtzGWXEcmBYKc,DUNE_LIVE,LIVE_POST_BASELINE
J5PcrXysEyrke3vYKKYaCFjzxuJjMPX7U4uLUtFeCnR1,0,,,BfBqvwoNLVSEvrjukaRUdex72PEF234oY8RogGtqFRZv,1,7LscpY288mvuC8kBax5KhcxH9BucLs9cCndo2HUi5xWb,BfBqvwoNLVSEvrjukaRUdex72PEF234oY8RogGtqFRZv,2025-12-01T14:30:46Z,589U1jrWk4jRMtK6FQ7MxG8vyvk5QUxL1FFZUpN57EzFkXvK6ELgBPWCUThL2f3HNiqi2Rtk2XxKQJymBxNmmTXL,7LscpY288mvuC8kBax5KhcxH9BucLs9cCndo2HUi5xWb,BfBqvwoNLVSEvrjukaRUdex72PEF234oY8RogGtqFRZv,2025-12-01T14:30:46Z,589U1jrWk4jRMtK6FQ7MxG8vyvk5QUxL1FFZUpN57EzFkXvK6ELgBPWCUThL2f3HNiqi2Rtk2XxKQJymBxNmmTXL,2026-08-25T07:31:11.000Z,4rtP3LQdxEFrF724Pcfj9eTdaMqDrbmvi11ewwfNYdLQTN1Zi9niu13zAFrmkA5n1V2cgfjmM8vUtzGWXEcmBYKc,DUNE_LIVE,LIVE_POST_BASELINE
J5sHUyLcWgp2LCECrDw3ecSb1w1vXP5DNQXEZ4MP2hTw,0,,,38Bj4DFXhAkDxB6Atj66kdxGZfhZEC3ejRX1HDh1YFKj,1,8Vpqxxbon9s4Hnk2eMhysjx6XKjHiUgEUAm3MSq9yQv2,38Bj4DFXhAkDxB6Atj66kdxGZfhZEC3ejRX1HDh1YFKj,2025-04-26T14:32:19Z,3Ki2ErXcq4MUsZ1QbQC1SBp8sggEMiSG6Wdrum8KPRFygTugCZ8BPFQih5DQ6nj3HnpPnomvTjuXM7DLrx7zuCyN,8Vpqxxbon9s4Hnk2eMhysjx6XKjHiUgEUAm3MSq9yQv2,38Bj4DFXhAkDxB6Atj66kdxGZfhZEC3ejRX1HDh1YFKj,2025-04-26T14:32:19Z,3Ki2ErXcq4MUsZ1QbQC1SBp8sggEMiSG6Wdrum8KPRFygTugCZ8BPFQih5DQ6nj3HnpPnomvTjuXM7DLrx7zuCyN,2026-08-21T19:39:25.000Z,4AT1PFFkyADXcz2QFJi78yrTeP8dAhFkfWJU5JCvpEx2a7pWsAxn14owrdqpvwkTU7bAzxxCYoBijEksgty9W6qe,DUNE_LIVE,LIVE_POST_BASELINE
J7wrdiCMXdDBC1P6HD6b4NV4DuMfShzNLnMDAHmrQ96t,0,,,BfBqvwoNLVSEvrjukaRUdex72PEF234oY8RogGtqFRZv,1,7LscpY288mvuC8kBax5KhcxH9BucLs9cCndo2HUi5xWb,BfBqvwoNLVSEvrjukaRUdex72PEF234oY8RogGtqFRZv,2025-04-13T04:33:50Z,2u5HskxxbxhioaTn9N65hdYnGPRPyGMVbc2ZhnT7AZcMrSVe1Ls4tHgXfX8PATXZ9XfcZUTzycqxutqrNYExuSGh,7LscpY288mvuC8kBax5KhcxH9BucLs9cCndo2HUi5xWb,BfBqvwoNLVSEvrjukaRUdex72PEF234oY8RogGtqFRZv,2025-04-13T04:33:50Z,2u5HskxxbxhioaTn9N65hdYnGPRPyGMVbc2ZhnT7AZcMrSVe1Ls4tHgXfX8PATXZ9XfcZUTzycqxutqrNYExuSGh,2026-08-25T07:31:11.000Z,4rtP3LQdxEFrF724Pcfj9eTdaMqDrbmvi11ewwfNYdLQTN1Zi9niu13zAFrmkA5n1V2cgfjmM8vUtzGWXEcmBYKc,DUNE_LIVE,LIVE_POST_BASELINE
J9G1GkYAePeDa8ZJzjK3Td5yXvwA2y8MsL1ipZukhVST,0,,,BfBqvwoNLVSEvrjukaRUdex72PEF234oY8RogGtqFRZv,1,7LscpY288mvuC8kBax5KhcxH9BucLs9cCndo2HUi5xWb,BfBqvwoNLVSEvrjukaRUdex72PEF234oY8RogGtqFRZv,2025-12-01T14:30:52Z,5rnHyMPnpVKhF8K4bcM2DfackaGJUEN5oXDJ4oPZB6aCav4WpN3JWxAvr86d5BcvRvfNabd8veh6eX8NYCerdW53,7LscpY288mvuC8kBax5KhcxH9BucLs9cCndo2HUi5xWb,BfBqvwoNLVSEvrjukaRUdex72PEF234oY8RogGtqFRZv,2025-12-01T14:30:52Z,5rnHyMPnpVKhF8K4bcM2DfackaGJUEN5oXDJ4oPZB6aCav4WpN3JWxAvr86d5BcvRvfNabd8veh6eX8NYCerdW53,2026-08-25T07:31:11.000Z,4rtP3LQdxEFrF724Pcfj9eTdaMqDrbmvi11ewwfNYdLQTN1Zi9niu13zAFrmkA5n1V2cgfjmM8vUtzGWXEcmBYKc,DUNE_LIVE,LIVE_POST_BASELINE
J9kPsoLMLDWjw5VzFFwDaW41PiAkHQ2ctCapyFrzTcpy,0,,,FYL4LRChq2a6w8PenydNEd1ExoKpBVNpueitXAXanSGy,1,FpqrjWJpTNwv1b1nu3Kouzn7KRZeAxcvyXfHgkGFQ9Gd,FYL4LRChq2a6w8PenydNEd1ExoKpBVNpueitXAXanSGy,2025-04-19T15:15:34Z,3g3NQkJpAs4mZQYy3kAmXCPaoo6v1kxzstVwdNdC5nrXKmDpr48HEMFm8V3m5Au1yGmArxcvxrkHAbbjdtUWZzGf,FpqrjWJpTNwv1b1nu3Kouzn7KRZeAxcvyXfHgkGFQ9Gd,FYL4LRChq2a6w8PenydNEd1ExoKpBVNpueitXAXanSGy,2025-04-19T15:15:34Z,3g3NQkJpAs4mZQYy3kAmXCPaoo6v1kxzstVwdNdC5nrXKmDpr48HEMFm8V3m5Au1yGmArxcvxrkHAbbjdtUWZzGf,2026-08-24T04:22:35.000Z,5oK95ozVzmUYxqJmZd7NLGb2U4oYDLVTieQMPA7TJve19iKQ41uaDdvJ8VHYNmcxSnH1A7BK2NrfTFFcJbTUKTey,DUNE_LIVE,LIVE_POST_BASELINE
J9wLUvWux4xRNibAcUcPCsn3QkEirH13FheFs1nNZj7T,0,,,8TAx5eRzjvYioRmc83vrzWuEzhav63ccEs7ZuzndxddU,1,Cwg4F9HnwEKktX662TLjYvUjvZStpQHss9BasJYSaGPj,8TAx5eRzjvYioRmc83vrzWuEzhav63ccEs7ZuzndxddU,2022-07-31T06:26:23Z,2mguhVZ2YbB4G5qsBHVehVLCXNfj8QNGEBApPEW76nTJfcXpAMgKfxxv6ovBLeL8MzS3Y8JKCozsLGyD1Yuwc8Dz,Cwg4F9HnwEKktX662TLjYvUjvZStpQHss9BasJYSaGPj,8TAx5eRzjvYioRmc83vrzWuEzhav63ccEs7ZuzndxddU,2022-07-31T06:26:23Z,2mguhVZ2YbB4G5qsBHVehVLCXNfj8QNGEBApPEW76nTJfcXpAMgKfxxv6ovBLeL8MzS3Y8JKCozsLGyD1Yuwc8Dz,2026-08-28T06:25:53Z,3wyPJbJFHo4Fvu7Und18ezfHzbJFeq5FuiuZQzTTQAzrrC7RmAWXjXmonJge3e898SwmhStEUrJE6grUaYQ74KcV,INDEPENDENT_LIVE,LIVE_POST_CUTOVER
JALMADtxKHczJQ4ioxd9A3WxWgwj3sMdRsEKopNoUCTC,0,,,8TAx5eRzjvYioRmc83vrzWuEzhav63ccEs7ZuzndxddU,1,Cwg4F9HnwEKktX662TLjYvUjvZStpQHss9BasJYSaGPj,8TAx5eRzjvYioRmc83vrzWuEzhav63ccEs7ZuzndxddU,2022-09-09T09:27:02Z,41UsVDHDLEMwZye7m5WAp5D2MGJd8YBbhDofjVZRLyskrn72AZLw73Uo15vsGo9HjekL9misz6GVDhTxCrTXLvMy,Cwg4F9HnwEKktX662TLjYvUjvZStpQHss9BasJYSaGPj,8TAx5eRzjvYioRmc83vrzWuEzhav63ccEs7ZuzndxddU,2022-09-09T09:27:02Z,41UsVDHDLEMwZye7m5WAp5D2MGJd8YBbhDofjVZRLyskrn72AZLw73Uo15vsGo9HjekL9misz6GVDhTxCrTXLvMy,2026-08-28T06:25:53Z,3wyPJbJFHo4Fvu7Und18ezfHzbJFeq5FuiuZQzTTQAzrrC7RmAWXjXmonJge3e898SwmhStEUrJE6grUaYQ74KcV,INDEPENDENT_LIVE,LIVE_POST_CUTOVER
JBVQE3yEM51Re976tZa8HRScZpLa4HyBWXkbRB3bFZXw,0,,,8TAx5eRzjvYioRmc83vrzWuEzhav63ccEs7ZuzndxddU,1,Cwg4F9HnwEKktX662TLjYvUjvZStpQHss9BasJYSaGPj,8TAx5eRzjvYioRmc83vrzWuEzhav63ccEs7ZuzndxddU,2026-02-07T15:33:59Z,2e6TJD1DX7ZpHHb14g7EKdZ3oE1CMZGDY1Ym64Bm8Xf4VhzWgdVB2L7SpW9BqUKUYpZmKoTCPadSpj7MAX9ZVTJc,Cwg4F9HnwEKktX662TLjYvUjvZStpQHss9BasJYSaGPj,8TAx5eRzjvYioRmc83vrzWuEzhav63ccEs7ZuzndxddU,2026-02-07T15:33:59Z,2e6TJD1DX7ZpHHb14g7EKdZ3oE1CMZGDY1Ym64Bm8Xf4VhzWgdVB2L7SpW9BqUKUYpZmKoTCPadSpj7MAX9ZVTJc,2026-08-28T06:25:53Z,3wyPJbJFHo4Fvu7Und18ezfHzbJFeq5FuiuZQzTTQAzrrC7RmAWXjXmonJge3e898SwmhStEUrJE6grUaYQ74KcV,INDEPENDENT_LIVE,LIVE_POST_CUTOVER
JCZgCxb2cabokhja6X73kZ35tqDHqDNXBgg7CTSgUvko,1,2026-08-24T15:31:42.000Z,59J1wgoFySb9drEYRCHiP1fBXXofUoLdgcfz62TGz9prJjxcYkkpWdWvHXFY1AYS3AVQnTwr5PqmgjWtv3Qh54AB,,0,,,2026-08-24T15:31:42.000Z,59J1wgoFySb9drEYRCHiP1fBXXofUoLdgcfz62TGz9prJjxcYkkpWdWvHXFY1AYS3AVQnTwr5PqmgjWtv3Qh54AB,,,,,,,,
JEAc3MGLaTwtFTF58r9SkajTqFXKGyxbr6Yiwx5LwoJi,0,,,BfBqvwoNLVSEvrjukaRUdex72PEF234oY8RogGtqFRZv,1,7LscpY288mvuC8kBax5KhcxH9BucLs9cCndo2HUi5xWb,BfBqvwoNLVSEvrjukaRUdex72PEF234oY8RogGtqFRZv,2025-12-01T14:37:23Z,3vfC1XNffGSJ95GyJGxDDzuJXdMTnnrJxSPtKCBhrGbCgspLwGNcgeKwbnx2bTLEkojoyJW6AhBUBreaXmR3grf,7LscpY288mvuC8kBax5KhcxH9BucLs9cCndo2HUi5xWb,BfBqvwoNLVSEvrjukaRUdex72PEF234oY8RogGtqFRZv,2025-12-01T14:37:23Z,3vfC1XNffGSJ95GyJGxDDzuJXdMTnnrJxSPtKCBhrGbCgspLwGNcgeKwbnx2bTLEkojoyJW6AhBUBreaXmR3grf,2026-08-25T07:31:11.000Z,4rtP3LQdxEFrF724Pcfj9eTdaMqDrbmvi11ewwfNYdLQTN1Zi9niu13zAFrmkA5n1V2cgfjmM8vUtzGWXEcmBYKc,DUNE_LIVE,LIVE_POST_BASELINE
K53HDGj6VLKfDLLRgQn2An82jvtSwdhbEFZC753TiZG,0,,,Db1meMQEgj8dCwzhR5W6coWt1yV4iEaQsYPKKDyGRUqW,1,Do9VaY2ru9QtaTWdhmuwc2Z9rj4rZ7D6EShdLTvxnp6h,Db1meMQEgj8dCwzhR5W6coWt1yV4iEaQsYPKKDyGRUqW,2025-04-14T13:08:00Z,5ACawwoeiHHC9PcyXE6w3aqDDpes4bWx5Y8P3b56DtUoGjaZUetBiG9tMJAaE47aFWJCyGtqMyGhEB6JBaLdimca,Do9VaY2ru9QtaTWdhmuwc2Z9rj4rZ7D6EShdLTvxnp6h,Db1meMQEgj8dCwzhR5W6coWt1yV4iEaQsYPKKDyGRUqW,2025-04-14T13:08:00Z,5ACawwoeiHHC9PcyXE6w3aqDDpes4bWx5Y8P3b56DtUoGjaZUetBiG9tMJAaE47aFWJCyGtqMyGhEB6JBaLdimca,2026-08-26T21:34:16Z,5y9KKMidZA2pNm3QLD2z2j7BfPbwsAQt6HEVyCQMK7sSkCy7PRQUy35JJG3GRnTBDLDeD6YVxYpw9nXSayk6pTiK,INDEPENDENT_LIVE,LIVE_POST_CUTOVER
KPn9WgTbGghprX5bzvuUoorJShukhbCAEggNB58gBmx,0,,,BfBqvwoNLVSEvrjukaRUdex72PEF234oY8RogGtqFRZv,1,7LscpY288mvuC8kBax5KhcxH9BucLs9cCndo2HUi5xWb,BfBqvwoNLVSEvrjukaRUdex72PEF234oY8RogGtqFRZv,2025-04-13T04:45:59Z,5psFFp952W1y9CzHzjiyqVTb7DFfp1EjrdC1bgXNGxx1ZsGERMrWbDtybWhTFKGRj6AT31FgwRUQDbFWWNvQsd4n,7LscpY288mvuC8kBax5KhcxH9BucLs9cCndo2HUi5xWb,BfBqvwoNLVSEvrjukaRUdex72PEF234oY8RogGtqFRZv,2025-04-13T04:45:59Z,5psFFp952W1y9CzHzjiyqVTb7DFfp1EjrdC1bgXNGxx1ZsGERMrWbDtybWhTFKGRj6AT31FgwRUQDbFWWNvQsd4n,2026-08-25T07:31:11.000Z,4rtP3LQdxEFrF724Pcfj9eTdaMqDrbmvi11ewwfNYdLQTN1Zi9niu13zAFrmkA5n1V2cgfjmM8vUtzGWXEcmBYKc,DUNE_LIVE,LIVE_POST_BASELINE
LVbEMoLRt4EPkBxrd3iGVRdsVtHMambvWnaKKX7kaYT,0,,,BfBqvwoNLVSEvrjukaRUdex72PEF234oY8RogGtqFRZv,1,7LscpY288mvuC8kBax5KhcxH9BucLs9cCndo2HUi5xWb,BfBqvwoNLVSEvrjukaRUdex72PEF234oY8RogGtqFRZv,2025-12-01T14:38:42Z,gGx5EJWCD74n2PWBtHyKUfwNDQ1PkeJDemS9545U6UmnhWQPjs1TK7sTsHhWb2pRMxTUw855xrnCWnAB1XnF127,7LscpY288mvuC8kBax5KhcxH9BucLs9cCndo2HUi5xWb,BfBqvwoNLVSEvrjukaRUdex72PEF234oY8RogGtqFRZv,2025-12-01T14:38:42Z,gGx5EJWCD74n2PWBtHyKUfwNDQ1PkeJDemS9545U6UmnhWQPjs1TK7sTsHhWb2pRMxTUw855xrnCWnAB1XnF127,2026-08-25T07:31:11.000Z,4rtP3LQdxEFrF724Pcfj9eTdaMqDrbmvi11ewwfNYdLQTN1Zi9niu13zAFrmkA5n1V2cgfjmM8vUtzGWXEcmBYKc,DUNE_LIVE,LIVE_POST_BASELINE
Lws8NvKiAoVJxD2pkqK4reRAfEVaJsCq7MDrPgP4WQB,0,,,BfBqvwoNLVSEvrjukaRUdex72PEF234oY8RogGtqFRZv,1,7LscpY288mvuC8kBax5KhcxH9BucLs9cCndo2HUi5xWb,BfBqvwoNLVSEvrjukaRUdex72PEF234oY8RogGtqFRZv,2025-12-18T09:16:41Z,2rR6J61oPBVXeLZKTBRMFouskbdh4T5uMDB4tAbLbWvRGFkfQJLGyCGX6NripQRcWdjve7RBHCbgMvHBUaVCad9A,7LscpY288mvuC8kBax5KhcxH9BucLs9cCndo2HUi5xWb,BfBqvwoNLVSEvrjukaRUdex72PEF234oY8RogGtqFRZv,2025-12-18T09:16:41Z,2rR6J61oPBVXeLZKTBRMFouskbdh4T5uMDB4tAbLbWvRGFkfQJLGyCGX6NripQRcWdjve7RBHCbgMvHBUaVCad9A,2026-08-25T07:31:11.000Z,4rtP3LQdxEFrF724Pcfj9eTdaMqDrbmvi11ewwfNYdLQTN1Zi9niu13zAFrmkA5n1V2cgfjmM8vUtzGWXEcmBYKc,DUNE_LIVE,LIVE_POST_BASELINE
NYRKVzQgES4ZaL5KzB48oCthVqau7BoptzqHAYtHRkt,0,,,BfBqvwoNLVSEvrjukaRUdex72PEF234oY8RogGtqFRZv,1,7LscpY288mvuC8kBax5KhcxH9BucLs9cCndo2HUi5xWb,BfBqvwoNLVSEvrjukaRUdex72PEF234oY8RogGtqFRZv,2025-04-13T04:52:15Z,29fKgxaqt6CduShqtQk9HvW9QxCCCuF4HmvsvWsBb79FnKJfDn633mypQiE9Ct8yRiCJejzghkw9Y1WbAR3BoRAC,7LscpY288mvuC8kBax5KhcxH9BucLs9cCndo2HUi5xWb,BfBqvwoNLVSEvrjukaRUdex72PEF234oY8RogGtqFRZv,2025-04-13T04:52:15Z,29fKgxaqt6CduShqtQk9HvW9QxCCCuF4HmvsvWsBb79FnKJfDn633mypQiE9Ct8yRiCJejzghkw9Y1WbAR3BoRAC,2026-08-25T07:31:11.000Z,4rtP3LQdxEFrF724Pcfj9eTdaMqDrbmvi11ewwfNYdLQTN1Zi9niu13zAFrmkA5n1V2cgfjmM8vUtzGWXEcmBYKc,DUNE_LIVE,LIVE_POST_BASELINE
Nn5hBvFk4XkQUXGRsP3fqFJzUkTNsofyGKZg2bJjTym,0,,,8TAx5eRzjvYioRmc83vrzWuEzhav63ccEs7ZuzndxddU,1,Cwg4F9HnwEKktX662TLjYvUjvZStpQHss9BasJYSaGPj,8TAx5eRzjvYioRmc83vrzWuEzhav63ccEs7ZuzndxddU,2023-09-17T08:20:37Z,4EGWKWARakBr1cCejdPwNRem3692d7tESKNvcSvoJfXbMBrA5Xg3dwskGRRzDqwVw2Ma8G6N8fjf8Rs3dNd8coT1,Cwg4F9HnwEKktX662TLjYvUjvZStpQHss9BasJYSaGPj,8TAx5eRzjvYioRmc83vrzWuEzhav63ccEs7ZuzndxddU,2023-09-17T08:20:37Z,4EGWKWARakBr1cCejdPwNRem3692d7tESKNvcSvoJfXbMBrA5Xg3dwskGRRzDqwVw2Ma8G6N8fjf8Rs3dNd8coT1,2026-08-28T06:25:53Z,3wyPJbJFHo4Fvu7Und18ezfHzbJFeq5FuiuZQzTTQAzrrC7RmAWXjXmonJge3e898SwmhStEUrJE6grUaYQ74KcV,INDEPENDENT_LIVE,LIVE_POST_CUTOVER
PsXKY4Jp6VQy74mdMvXdtwJZhrSMV4aiPRcQoZY58GZ,1,2026-08-24T15:31:42.000Z,4Y7JsfpHd8ivMHVPRohCucXgdGa4NhkahMknyFUv6y46vMFrd4ErCXU56vy7ZvpmTeTbb7uysBwZdNbfEMddj16M,,0,,,2026-08-24T15:31:42.000Z,4Y7JsfpHd8ivMHVPRohCucXgdGa4NhkahMknyFUv6y46vMFrd4ErCXU56vy7ZvpmTeTbb7uysBwZdNbfEMddj16M,,,,,,,,
Q7GAgsorZ8aJKy8Wok37NqCmVHnX5G64rHg3We6ehf5,0,,,38Bj4DFXhAkDxB6Atj66kdxGZfhZEC3ejRX1HDh1YFKj,1,8Vpqxxbon9s4Hnk2eMhysjx6XKjHiUgEUAm3MSq9yQv2,38Bj4DFXhAkDxB6Atj66kdxGZfhZEC3ejRX1HDh1YFKj,2025-04-26T14:34:08Z,47Uyxr647ERNGuF7LLHav9e8mc9AprPwY6njgiSsbKR3FL3mGS7Aj5Kqqg5tubCwm9SDcF2Y4TtE8yCje8gEdnRr,8Vpqxxbon9s4Hnk2eMhysjx6XKjHiUgEUAm3MSq9yQv2,38Bj4DFXhAkDxB6Atj66kdxGZfhZEC3ejRX1HDh1YFKj,2025-04-26T14:34:08Z,47Uyxr647ERNGuF7LLHav9e8mc9AprPwY6njgiSsbKR3FL3mGS7Aj5Kqqg5tubCwm9SDcF2Y4TtE8yCje8gEdnRr,2026-08-21T19:39:25.000Z,4AT1PFFkyADXcz2QFJi78yrTeP8dAhFkfWJU5JCvpEx2a7pWsAxn14owrdqpvwkTU7bAzxxCYoBijEksgty9W6qe,DUNE_LIVE,LIVE_POST_BASELINE
RFtKrRwo1JT9CVGq2KmY4f4ra99BQui9eXSrjUaA7jg,0,,,FYL4LRChq2a6w8PenydNEd1ExoKpBVNpueitXAXanSGy,1,FpqrjWJpTNwv1b1nu3Kouzn7KRZeAxcvyXfHgkGFQ9Gd,FYL4LRChq2a6w8PenydNEd1ExoKpBVNpueitXAXanSGy,2025-04-19T15:07:46Z,4Z9m1UvmMizfUa3ZwswbC9WJ54PVX15kPftzAMptRKJMHEYBgLt6UuHJwQDqtXuSjehDMTKQPvsBVfDQfjQ4eAz4,FpqrjWJpTNwv1b1nu3Kouzn7KRZeAxcvyXfHgkGFQ9Gd,FYL4LRChq2a6w8PenydNEd1ExoKpBVNpueitXAXanSGy,2025-04-19T15:07:46Z,4Z9m1UvmMizfUa3ZwswbC9WJ54PVX15kPftzAMptRKJMHEYBgLt6UuHJwQDqtXuSjehDMTKQPvsBVfDQfjQ4eAz4,2026-08-24T04:22:35.000Z,5oK95ozVzmUYxqJmZd7NLGb2U4oYDLVTieQMPA7TJve19iKQ41uaDdvJ8VHYNmcxSnH1A7BK2NrfTFFcJbTUKTey,DUNE_LIVE,LIVE_POST_BASELINE
SJfnhCAygg2LLSy5YQrH5YzsNCakPKmF8sF5WHq6quu,0,,,38Bj4DFXhAkDxB6Atj66kdxGZfhZEC3ejRX1HDh1YFKj,1,8Vpqxxbon9s4Hnk2eMhysjx6XKjHiUgEUAm3MSq9yQv2,38Bj4DFXhAkDxB6Atj66kdxGZfhZEC3ejRX1HDh1YFKj,2025-04-26T14:27:40Z,HCEv5eymgYwSBvBgFCw4U1bHX889Ne4KDPNtMg5Cr1uRhYsCxurht2592Hx9b8eWSMnjzVhkNeubSWw4iGvzwTr,8Vpqxxbon9s4Hnk2eMhysjx6XKjHiUgEUAm3MSq9yQv2,38Bj4DFXhAkDxB6Atj66kdxGZfhZEC3ejRX1HDh1YFKj,2025-04-26T14:27:40Z,HCEv5eymgYwSBvBgFCw4U1bHX889Ne4KDPNtMg5Cr1uRhYsCxurht2592Hx9b8eWSMnjzVhkNeubSWw4iGvzwTr,2026-08-21T19:39:25.000Z,4AT1PFFkyADXcz2QFJi78yrTeP8dAhFkfWJU5JCvpEx2a7pWsAxn14owrdqpvwkTU7bAzxxCYoBijEksgty9W6qe,DUNE_LIVE,LIVE_POST_BASELINE
SYkoN1BHYk32Yjbr9AMzvSbQt7TP3ZomcNuSLxhX9Fn,0,,,38Bj4DFXhAkDxB6Atj66kdxGZfhZEC3ejRX1HDh1YFKj,1,8Vpqxxbon9s4Hnk2eMhysjx6XKjHiUgEUAm3MSq9yQv2,38Bj4DFXhAkDxB6Atj66kdxGZfhZEC3ejRX1HDh1YFKj,2025-04-26T14:35:50Z,nR6GcpGJiVLpc3ooLMwmDJyahyP3gMjiMzRgmpNKnmKQLeCTRKdaggkDNrep4jtaVxcJrHbonLzc5SLhmWCbQtX,8Vpqxxbon9s4Hnk2eMhysjx6XKjHiUgEUAm3MSq9yQv2,38Bj4DFXhAkDxB6Atj66kdxGZfhZEC3ejRX1HDh1YFKj,2025-04-26T14:35:50Z,nR6GcpGJiVLpc3ooLMwmDJyahyP3gMjiMzRgmpNKnmKQLeCTRKdaggkDNrep4jtaVxcJrHbonLzc5SLhmWCbQtX,2026-08-21T19:39:25.000Z,4AT1PFFkyADXcz2QFJi78yrTeP8dAhFkfWJU5JCvpEx2a7pWsAxn14owrdqpvwkTU7bAzxxCYoBijEksgty9W6qe,DUNE_LIVE,LIVE_POST_BASELINE
Sed25ycFPj8QzfKhXHJvmh5CAszqTPKzFALyS2omUcf,0,,,BfBqvwoNLVSEvrjukaRUdex72PEF234oY8RogGtqFRZv,1,7LscpY288mvuC8kBax5KhcxH9BucLs9cCndo2HUi5xWb,BfBqvwoNLVSEvrjukaRUdex72PEF234oY8RogGtqFRZv,2025-12-01T14:22:02Z,Yv5LKW9r2fTUBQcN7pYayetBvZ4rC4b27AyknJqmvCDzbUNrZsrEpyqjHTq4xVbNDquga75qV6R5UnwEadMtt7E,7LscpY288mvuC8kBax5KhcxH9BucLs9cCndo2HUi5xWb,BfBqvwoNLVSEvrjukaRUdex72PEF234oY8RogGtqFRZv,2025-12-01T14:22:02Z,Yv5LKW9r2fTUBQcN7pYayetBvZ4rC4b27AyknJqmvCDzbUNrZsrEpyqjHTq4xVbNDquga75qV6R5UnwEadMtt7E,2026-08-25T07:31:11.000Z,4rtP3LQdxEFrF724Pcfj9eTdaMqDrbmvi11ewwfNYdLQTN1Zi9niu13zAFrmkA5n1V2cgfjmM8vUtzGWXEcmBYKc,DUNE_LIVE,LIVE_POST_BASELINE
Sg2b9TKu2c24nEYyozc3dHMmSJePCUxHgiDjNgTPwkD,0,,,BfBqvwoNLVSEvrjukaRUdex72PEF234oY8RogGtqFRZv,1,7LscpY288mvuC8kBax5KhcxH9BucLs9cCndo2HUi5xWb,BfBqvwoNLVSEvrjukaRUdex72PEF234oY8RogGtqFRZv,2025-04-13T04:46:39Z,2XaAVbP2exxUGyUiGsVJcQG1TutTQ5pSSFXPg8SauKqee9Rypmw3ytACRkrrsLrPYScsXyXkVg5CtdBVeTEna1qE,7LscpY288mvuC8kBax5KhcxH9BucLs9cCndo2HUi5xWb,BfBqvwoNLVSEvrjukaRUdex72PEF234oY8RogGtqFRZv,2025-04-13T04:46:39Z,2XaAVbP2exxUGyUiGsVJcQG1TutTQ5pSSFXPg8SauKqee9Rypmw3ytACRkrrsLrPYScsXyXkVg5CtdBVeTEna1qE,2026-08-25T07:31:11.000Z,4rtP3LQdxEFrF724Pcfj9eTdaMqDrbmvi11ewwfNYdLQTN1Zi9niu13zAFrmkA5n1V2cgfjmM8vUtzGWXEcmBYKc,DUNE_LIVE,LIVE_POST_BASELINE
TTg6juQrXob7oCpPTZDXKtGDDQrvaocd22S5qnXpTLx,0,,,8TAx5eRzjvYioRmc83vrzWuEzhav63ccEs7ZuzndxddU,1,Cwg4F9HnwEKktX662TLjYvUjvZStpQHss9BasJYSaGPj,8TAx5eRzjvYioRmc83vrzWuEzhav63ccEs7ZuzndxddU,2023-08-02T18:51:51Z,34aeBSwMPYUtwMb6DQQqPFd98s5h2RawsWbzwXfeUS1QExvn1iYjieffB8wNEDhrVfgkxPEPbrveUJvHSX7Vnnvr,Cwg4F9HnwEKktX662TLjYvUjvZStpQHss9BasJYSaGPj,8TAx5eRzjvYioRmc83vrzWuEzhav63ccEs7ZuzndxddU,2023-08-02T18:51:51Z,34aeBSwMPYUtwMb6DQQqPFd98s5h2RawsWbzwXfeUS1QExvn1iYjieffB8wNEDhrVfgkxPEPbrveUJvHSX7Vnnvr,2026-08-28T06:25:53Z,3wyPJbJFHo4Fvu7Und18ezfHzbJFeq5FuiuZQzTTQAzrrC7RmAWXjXmonJge3e898SwmhStEUrJE6grUaYQ74KcV,INDEPENDENT_LIVE,LIVE_POST_CUTOVER
VuYTf72hbL5NnGVBu6ZWzQtHbQbSC6S5sMGhRvgVvH5,0,,,BfBqvwoNLVSEvrjukaRUdex72PEF234oY8RogGtqFRZv,1,7LscpY288mvuC8kBax5KhcxH9BucLs9cCndo2HUi5xWb,BfBqvwoNLVSEvrjukaRUdex72PEF234oY8RogGtqFRZv,2025-12-01T14:37:49Z,5XVazN1srdgu5BwXN5utrDrZGjt35yK5zWbtmaukTTHDK1jkVLt1m7AantGPXHZhpDMouWLNUMvghb2REC7fdz9p,7LscpY288mvuC8kBax5KhcxH9BucLs9cCndo2HUi5xWb,BfBqvwoNLVSEvrjukaRUdex72PEF234oY8RogGtqFRZv,2025-12-01T14:37:49Z,5XVazN1srdgu5BwXN5utrDrZGjt35yK5zWbtmaukTTHDK1jkVLt1m7AantGPXHZhpDMouWLNUMvghb2REC7fdz9p,2026-08-25T07:31:11.000Z,4rtP3LQdxEFrF724Pcfj9eTdaMqDrbmvi11ewwfNYdLQTN1Zi9niu13zAFrmkA5n1V2cgfjmM8vUtzGWXEcmBYKc,DUNE_LIVE,LIVE_POST_BASELINE
WGyZbu1tbvU9mgc9nneLNs51dqg9u66cxAaPdsEGcxc,0,,,BfBqvwoNLVSEvrjukaRUdex72PEF234oY8RogGtqFRZv,1,7LscpY288mvuC8kBax5KhcxH9BucLs9cCndo2HUi5xWb,BfBqvwoNLVSEvrjukaRUdex72PEF234oY8RogGtqFRZv,2025-04-18T08:12:53Z,5Fgw4MhU1CXC84JqHNFKURsbGGpzBoye5dZnQ55qprKtzP92ZfwmSTHkztzWM4XtfYe5DL8XQRZbfae6Xxg3hagC,7LscpY288mvuC8kBax5KhcxH9BucLs9cCndo2HUi5xWb,BfBqvwoNLVSEvrjukaRUdex72PEF234oY8RogGtqFRZv,2025-04-18T08:12:53Z,5Fgw4MhU1CXC84JqHNFKURsbGGpzBoye5dZnQ55qprKtzP92ZfwmSTHkztzWM4XtfYe5DL8XQRZbfae6Xxg3hagC,2026-08-25T07:31:11.000Z,4rtP3LQdxEFrF724Pcfj9eTdaMqDrbmvi11ewwfNYdLQTN1Zi9niu13zAFrmkA5n1V2cgfjmM8vUtzGWXEcmBYKc,DUNE_LIVE,LIVE_POST_BASELINE
XCpB9dJgCT5uZnn5q5rfnn3DRPSqQnBn65Ys1ApiJm8,0,,,8TAx5eRzjvYioRmc83vrzWuEzhav63ccEs7ZuzndxddU,1,Cwg4F9HnwEKktX662TLjYvUjvZStpQHss9BasJYSaGPj,8TAx5eRzjvYioRmc83vrzWuEzhav63ccEs7ZuzndxddU,2023-08-02T18:52:02Z,55EvfuiGQc8w6Lke8C4kvp23GJ5YnLK9oK79AkaKXRzW13ysBUzZfX6jJHTn8yeySDE6fmLC6G65bJogeq1xKjsK,Cwg4F9HnwEKktX662TLjYvUjvZStpQHss9BasJYSaGPj,8TAx5eRzjvYioRmc83vrzWuEzhav63ccEs7ZuzndxddU,2023-08-02T18:52:02Z,55EvfuiGQc8w6Lke8C4kvp23GJ5YnLK9oK79AkaKXRzW13ysBUzZfX6jJHTn8yeySDE6fmLC6G65bJogeq1xKjsK,2026-08-28T06:25:53Z,3wyPJbJFHo4Fvu7Und18ezfHzbJFeq5FuiuZQzTTQAzrrC7RmAWXjXmonJge3e898SwmhStEUrJE6grUaYQ74KcV,INDEPENDENT_LIVE,LIVE_POST_CUTOVER
XEacCPbYXb2LwqoRnjNNfcuHu5wmMzcghVe3BwYGmPG,0,,,BfBqvwoNLVSEvrjukaRUdex72PEF234oY8RogGtqFRZv,1,7LscpY288mvuC8kBax5KhcxH9BucLs9cCndo2HUi5xWb,BfBqvwoNLVSEvrjukaRUdex72PEF234oY8RogGtqFRZv,2025-12-01T14:43:15Z,355aJTm11YpHQmFwkFJf4zQhnPpcmqNRGa1kcJzHuAZKRMmXraSdXeggMUtpeFq6dpxbRs1CMDzJEb1oDxiGZvw3,7LscpY288mvuC8kBax5KhcxH9BucLs9cCndo2HUi5xWb,BfBqvwoNLVSEvrjukaRUdex72PEF234oY8RogGtqFRZv,2025-12-01T14:43:15Z,355aJTm11YpHQmFwkFJf4zQhnPpcmqNRGa1kcJzHuAZKRMmXraSdXeggMUtpeFq6dpxbRs1CMDzJEb1oDxiGZvw3,2026-08-25T07:31:11.000Z,4rtP3LQdxEFrF724Pcfj9eTdaMqDrbmvi11ewwfNYdLQTN1Zi9niu13zAFrmkA5n1V2cgfjmM8vUtzGWXEcmBYKc,DUNE_LIVE,LIVE_POST_BASELINE
YUhn68xNNEPNzTCJDTXR8PE22WvgTjgp8zWruYE2z91,0,,,8TAx5eRzjvYioRmc83vrzWuEzhav63ccEs7ZuzndxddU,1,Cwg4F9HnwEKktX662TLjYvUjvZStpQHss9BasJYSaGPj,8TAx5eRzjvYioRmc83vrzWuEzhav63ccEs7ZuzndxddU,2022-11-18T17:14:53Z,5Wy1q4eWsrSAt6BJmvEWidWbT6ecYUnop6t7FHBPZVPaZGYgSiZm2pnkmKCLqoScVH2zXKSfVwxxJDrwCfh2YqiQ,Cwg4F9HnwEKktX662TLjYvUjvZStpQHss9BasJYSaGPj,8TAx5eRzjvYioRmc83vrzWuEzhav63ccEs7ZuzndxddU,2022-11-18T17:14:53Z,5Wy1q4eWsrSAt6BJmvEWidWbT6ecYUnop6t7FHBPZVPaZGYgSiZm2pnkmKCLqoScVH2zXKSfVwxxJDrwCfh2YqiQ,2026-08-28T06:25:53Z,3wyPJbJFHo4Fvu7Und18ezfHzbJFeq5FuiuZQzTTQAzrrC7RmAWXjXmonJge3e898SwmhStEUrJE6grUaYQ74KcV,INDEPENDENT_LIVE,LIVE_POST_CUTOVER
YjyVqchLFKAVEUsE4bfA1t5Xrvda5HJ81CnGZHVgj5S,1,2026-08-24T15:31:42.000Z,5RG7QVCgmURrQKrXPjBmLrgpNyRoVT4PfymFZqCgwLU5sytYremPsTvkA5UUce9q89FdPbaAaKXL5ARJ2mAzrND9,,0,,,2026-08-24T15:31:42.000Z,5RG7QVCgmURrQKrXPjBmLrgpNyRoVT4PfymFZqCgwLU5sytYremPsTvkA5UUce9q89FdPbaAaKXL5ARJ2mAzrND9,,,,,,,,
ZbDxNFUSLEPy8irucASzTN3z4wCUDUcU8EHKrACsmDr,0,,,BfBqvwoNLVSEvrjukaRUdex72PEF234oY8RogGtqFRZv,1,7LscpY288mvuC8kBax5KhcxH9BucLs9cCndo2HUi5xWb,BfBqvwoNLVSEvrjukaRUdex72PEF234oY8RogGtqFRZv,2025-04-13T04:57:05Z,RC1uXogGP6U85wYnNJMYY2oSiPTwampjWY15mJ1LSd1XNBQ5z8Ps3g7ckYWf1HsrKANFqwrajm4oThEV1gpN6tu,7LscpY288mvuC8kBax5KhcxH9BucLs9cCndo2HUi5xWb,BfBqvwoNLVSEvrjukaRUdex72PEF234oY8RogGtqFRZv,2025-04-13T04:57:05Z,RC1uXogGP6U85wYnNJMYY2oSiPTwampjWY15mJ1LSd1XNBQ5z8Ps3g7ckYWf1HsrKANFqwrajm4oThEV1gpN6tu,2026-08-25T07:31:11.000Z,4rtP3LQdxEFrF724Pcfj9eTdaMqDrbmvi11ewwfNYdLQTN1Zi9niu13zAFrmkA5n1V2cgfjmM8vUtzGWXEcmBYKc,DUNE_LIVE,LIVE_POST_BASELINE
ZwRy9DdWcKgvpUu9tF2MgFrceXTDurFcK4djtZuwbUT,0,,,8TAx5eRzjvYioRmc83vrzWuEzhav63ccEs7ZuzndxddU,1,Cwg4F9HnwEKktX662TLjYvUjvZStpQHss9BasJYSaGPj,8TAx5eRzjvYioRmc83vrzWuEzhav63ccEs7ZuzndxddU,2022-08-30T08:46:25Z,4VWQzewz9tRG59VaWAmohuY3dH656r25DBUXFNC3VAniZ3eTyv5xkpL6NjXC8fr7tXTMeFJR66tnUCysMJ1RmWFh,Cwg4F9HnwEKktX662TLjYvUjvZStpQHss9BasJYSaGPj,8TAx5eRzjvYioRmc83vrzWuEzhav63ccEs7ZuzndxddU,2022-08-30T08:46:25Z,4VWQzewz9tRG59VaWAmohuY3dH656r25DBUXFNC3VAniZ3eTyv5xkpL6NjXC8fr7tXTMeFJR66tnUCysMJ1RmWFh,2026-08-28T06:25:53Z,3wyPJbJFHo4Fvu7Und18ezfHzbJFeq5FuiuZQzTTQAzrrC7RmAWXjXmonJge3e898SwmhStEUrJE6grUaYQ74KcV,INDEPENDENT_LIVE,LIVE_POST_CUTOVER
bW7YBKjg1vAUsbUtyqqQg89Bcr7m2g6cK5DLGQqxxqi,0,,,8TAx5eRzjvYioRmc83vrzWuEzhav63ccEs7ZuzndxddU,1,Cwg4F9HnwEKktX662TLjYvUjvZStpQHss9BasJYSaGPj,8TAx5eRzjvYioRmc83vrzWuEzhav63ccEs7ZuzndxddU,2023-08-02T18:51:19Z,5TCUJvuSWqtE8musRqRNEeEbE49ZzpV2abtaUBpWG6euUEs2it5CB6h1KDEsBMDfBayQRnVqrzky1D5VfWWP1684,Cwg4F9HnwEKktX662TLjYvUjvZStpQHss9BasJYSaGPj,8TAx5eRzjvYioRmc83vrzWuEzhav63ccEs7ZuzndxddU,2023-08-02T18:51:19Z,5TCUJvuSWqtE8musRqRNEeEbE49ZzpV2abtaUBpWG6euUEs2it5CB6h1KDEsBMDfBayQRnVqrzky1D5VfWWP1684,2026-08-28T06:25:53Z,3wyPJbJFHo4Fvu7Und18ezfHzbJFeq5FuiuZQzTTQAzrrC7RmAWXjXmonJge3e898SwmhStEUrJE6grUaYQ74KcV,INDEPENDENT_LIVE,LIVE_POST_CUTOVER
bqjy2YijAsb12WoGDgFrQW2eeNDc2eWNYGWH5K1nC99,0,,,Db1meMQEgj8dCwzhR5W6coWt1yV4iEaQsYPKKDyGRUqW,1,Do9VaY2ru9QtaTWdhmuwc2Z9rj4rZ7D6EShdLTvxnp6h,Db1meMQEgj8dCwzhR5W6coWt1yV4iEaQsYPKKDyGRUqW,2025-08-23T13:26:35Z,mgiJwL7wuHNvGLc8Yx5aYMxfStoFMopVpnfmMWsZR4r65fp7iYpwNixA7pgLLYivWsUXfmns7AVGhNUr7utLvXW,Do9VaY2ru9QtaTWdhmuwc2Z9rj4rZ7D6EShdLTvxnp6h,Db1meMQEgj8dCwzhR5W6coWt1yV4iEaQsYPKKDyGRUqW,2025-08-23T13:26:35Z,mgiJwL7wuHNvGLc8Yx5aYMxfStoFMopVpnfmMWsZR4r65fp7iYpwNixA7pgLLYivWsUXfmns7AVGhNUr7utLvXW,2026-08-26T21:34:16Z,5y9KKMidZA2pNm3QLD2z2j7BfPbwsAQt6HEVyCQMK7sSkCy7PRQUy35JJG3GRnTBDLDeD6YVxYpw9nXSayk6pTiK,INDEPENDENT_LIVE,LIVE_POST_CUTOVER
bvcMdbwWcdKMXsxfcDXL7NG3hRJezgqWUGdmBGnaptc,0,,,BfBqvwoNLVSEvrjukaRUdex72PEF234oY8RogGtqFRZv,1,7LscpY288mvuC8kBax5KhcxH9BucLs9cCndo2HUi5xWb,BfBqvwoNLVSEvrjukaRUdex72PEF234oY8RogGtqFRZv,2025-12-01T14:33:09Z,4WYyCkHrbbTEgLabC76gu3UwBsWYsoMWKpzcXUmMqGfFAZTP1o4LcHdLb2U1Kpfmrqp1nKmhRgWv5ZUzmmL7Kgis,7LscpY288mvuC8kBax5KhcxH9BucLs9cCndo2HUi5xWb,BfBqvwoNLVSEvrjukaRUdex72PEF234oY8RogGtqFRZv,2025-12-01T14:33:09Z,4WYyCkHrbbTEgLabC76gu3UwBsWYsoMWKpzcXUmMqGfFAZTP1o4LcHdLb2U1Kpfmrqp1nKmhRgWv5ZUzmmL7Kgis,2026-08-25T07:31:11.000Z,4rtP3LQdxEFrF724Pcfj9eTdaMqDrbmvi11ewwfNYdLQTN1Zi9niu13zAFrmkA5n1V2cgfjmM8vUtzGWXEcmBYKc,DUNE_LIVE,LIVE_POST_BASELINE
eFZzgZyVLNKY544Ng28WtD3uRytrDTBzmdjwQ6E3PqL,0,,,DM5YNogviE6YxVESWYG9TaZ9q4qiBLAJmxnA1LQRFMGZ,1,B1Pv8HZNHGdXC8qTsNGLCJKpnoetE2Y52RyeoJW9pE5Z,DM5YNogviE6YxVESWYG9TaZ9q4qiBLAJmxnA1LQRFMGZ,2025-04-13T07:12:19Z,4SUHqxLVrQojzps5LPHNAGLfrNyKPoAnBqkamC1nhV1k5yttDhsneGMwggq6j5MjUo3nWtbnha33SciG47suPr21,B1Pv8HZNHGdXC8qTsNGLCJKpnoetE2Y52RyeoJW9pE5Z,DM5YNogviE6YxVESWYG9TaZ9q4qiBLAJmxnA1LQRFMGZ,2025-04-13T07:12:19Z,4SUHqxLVrQojzps5LPHNAGLfrNyKPoAnBqkamC1nhV1k5yttDhsneGMwggq6j5MjUo3nWtbnha33SciG47suPr21,2026-08-31T09:39:48Z,5rqET3n1SkPB9jrcz8yM3KNBt6b2Q925G69tDBYwhL5yd6cLZzD3gSDSSgsbFqwtJkuaCoAvuRNq3eCNaKxhpdWi,INDEPENDENT_LIVE,LIVE_POST_CUTOVER
hdxN2rvzPWrTgFk6k6YVHTxKW89s6S7U7zUZiLM26mc,0,,,FYL4LRChq2a6w8PenydNEd1ExoKpBVNpueitXAXanSGy,1,FpqrjWJpTNwv1b1nu3Kouzn7KRZeAxcvyXfHgkGFQ9Gd,FYL4LRChq2a6w8PenydNEd1ExoKpBVNpueitXAXanSGy,2025-04-19T15:15:26Z,52YJRe7J2NijxAVvneXifDED19sxdHBeBrJfvh6eLA5gd53Pb21CEkzU8guZNoQHsSpWoMkPcz943xrAJHot59J2,FpqrjWJpTNwv1b1nu3Kouzn7KRZeAxcvyXfHgkGFQ9Gd,FYL4LRChq2a6w8PenydNEd1ExoKpBVNpueitXAXanSGy,2025-04-19T15:15:26Z,52YJRe7J2NijxAVvneXifDED19sxdHBeBrJfvh6eLA5gd53Pb21CEkzU8guZNoQHsSpWoMkPcz943xrAJHot59J2,2026-08-24T04:22:35.000Z,5oK95ozVzmUYxqJmZd7NLGb2U4oYDLVTieQMPA7TJve19iKQ41uaDdvJ8VHYNmcxSnH1A7BK2NrfTFFcJbTUKTey,DUNE_LIVE,LIVE_POST_BASELINE
hnH1sc695cpguNiyGbTt1uBZwie7Tm51M4stnJBW4gT,0,,,BfBqvwoNLVSEvrjukaRUdex72PEF234oY8RogGtqFRZv,1,7LscpY288mvuC8kBax5KhcxH9BucLs9cCndo2HUi5xWb,BfBqvwoNLVSEvrjukaRUdex72PEF234oY8RogGtqFRZv,2025-12-01T14:28:56Z,tZEiXsRrKh9HpK5tQCCMSAD1mzhpfe2dLrKysKw3ajQZNYJTM7fCJwKY8nn8erbQZs9YKH1CXN5cgBSuNyvXM5D,7LscpY288mvuC8kBax5KhcxH9BucLs9cCndo2HUi5xWb,BfBqvwoNLVSEvrjukaRUdex72PEF234oY8RogGtqFRZv,2025-12-01T14:28:56Z,tZEiXsRrKh9HpK5tQCCMSAD1mzhpfe2dLrKysKw3ajQZNYJTM7fCJwKY8nn8erbQZs9YKH1CXN5cgBSuNyvXM5D,2026-08-25T07:31:11.000Z,4rtP3LQdxEFrF724Pcfj9eTdaMqDrbmvi11ewwfNYdLQTN1Zi9niu13zAFrmkA5n1V2cgfjmM8vUtzGWXEcmBYKc,DUNE_LIVE,LIVE_POST_BASELINE
hxLxnETJonRoQM1V1mSxqKGzsAMg8bFGRSnJJMgEegX,0,,,DM5YNogviE6YxVESWYG9TaZ9q4qiBLAJmxnA1LQRFMGZ,1,B1Pv8HZNHGdXC8qTsNGLCJKpnoetE2Y52RyeoJW9pE5Z,DM5YNogviE6YxVESWYG9TaZ9q4qiBLAJmxnA1LQRFMGZ,2025-10-30T16:22:14Z,5da1byQjTdK22qX2JNMfUYEeqhktgSaj9JmjSeqjDXXXvcLKhbJnePjafMYok6Lh6jJcEwPpNQrrW58gigBAd8wV,B1Pv8HZNHGdXC8qTsNGLCJKpnoetE2Y52RyeoJW9pE5Z,DM5YNogviE6YxVESWYG9TaZ9q4qiBLAJmxnA1LQRFMGZ,2025-10-30T16:22:14Z,5da1byQjTdK22qX2JNMfUYEeqhktgSaj9JmjSeqjDXXXvcLKhbJnePjafMYok6Lh6jJcEwPpNQrrW58gigBAd8wV,2026-08-31T09:39:48Z,5rqET3n1SkPB9jrcz8yM3KNBt6b2Q925G69tDBYwhL5yd6cLZzD3gSDSSgsbFqwtJkuaCoAvuRNq3eCNaKxhpdWi,INDEPENDENT_LIVE,LIVE_POST_CUTOVER
jbtyfKvYz5B5U4u1PqMZyjGj7mwWudncbfwxHsXM83i,0,,,8TAx5eRzjvYioRmc83vrzWuEzhav63ccEs7ZuzndxddU,1,Cwg4F9HnwEKktX662TLjYvUjvZStpQHss9BasJYSaGPj,8TAx5eRzjvYioRmc83vrzWuEzhav63ccEs7ZuzndxddU,2022-07-06T04:47:30Z,28wAUBCxdrvyigvGmxw9TwBXqaP85NC771pbHbv1kEgFHTGZty8cMX4zaDLUe2hqtvFvSnzs7E7aR1YcbA2tiUHZ,Cwg4F9HnwEKktX662TLjYvUjvZStpQHss9BasJYSaGPj,8TAx5eRzjvYioRmc83vrzWuEzhav63ccEs7ZuzndxddU,2022-07-06T04:47:30Z,28wAUBCxdrvyigvGmxw9TwBXqaP85NC771pbHbv1kEgFHTGZty8cMX4zaDLUe2hqtvFvSnzs7E7aR1YcbA2tiUHZ,2026-08-28T06:25:53Z,3wyPJbJFHo4Fvu7Und18ezfHzbJFeq5FuiuZQzTTQAzrrC7RmAWXjXmonJge3e898SwmhStEUrJE6grUaYQ74KcV,INDEPENDENT_LIVE,LIVE_POST_CUTOVER
mdaeWt15WW3p8GWf3csganFVbiwoJCdWuBFcxyY3v9w,0,,,38Bj4DFXhAkDxB6Atj66kdxGZfhZEC3ejRX1HDh1YFKj,1,8Vpqxxbon9s4Hnk2eMhysjx6XKjHiUgEUAm3MSq9yQv2,38Bj4DFXhAkDxB6Atj66kdxGZfhZEC3ejRX1HDh1YFKj,2025-04-26T14:40:22Z,2GsAhgY3JJsLKQXvwHFTsiNDTKA7nNircFurjjCSgRAGkx7aGA6cLXn49jUYDLGhhXyPV51br1q1r5iAvy1JhiR6,8Vpqxxbon9s4Hnk2eMhysjx6XKjHiUgEUAm3MSq9yQv2,38Bj4DFXhAkDxB6Atj66kdxGZfhZEC3ejRX1HDh1YFKj,2025-04-26T14:40:22Z,2GsAhgY3JJsLKQXvwHFTsiNDTKA7nNircFurjjCSgRAGkx7aGA6cLXn49jUYDLGhhXyPV51br1q1r5iAvy1JhiR6,2026-08-21T19:39:25.000Z,4AT1PFFkyADXcz2QFJi78yrTeP8dAhFkfWJU5JCvpEx2a7pWsAxn14owrdqpvwkTU7bAzxxCYoBijEksgty9W6qe,DUNE_LIVE,LIVE_POST_BASELINE
msF64W9TPkvFEZ6YXdf93VSusAS7xTxCR3v7iEDY6kU,0,,,DM5YNogviE6YxVESWYG9TaZ9q4qiBLAJmxnA1LQRFMGZ,1,B1Pv8HZNHGdXC8qTsNGLCJKpnoetE2Y52RyeoJW9pE5Z,DM5YNogviE6YxVESWYG9TaZ9q4qiBLAJmxnA1LQRFMGZ,2025-04-13T07:11:55Z,iUwR4dNkvpYa15Lc8nZ1h7w7rhh6mo6v2gmw5MBYGNEMncJ7jVAPmS4neVL5XC6fnwC7ZerExJ8ZaWrN9FSsnAA,B1Pv8HZNHGdXC8qTsNGLCJKpnoetE2Y52RyeoJW9pE5Z,DM5YNogviE6YxVESWYG9TaZ9q4qiBLAJmxnA1LQRFMGZ,2025-04-13T07:11:55Z,iUwR4dNkvpYa15Lc8nZ1h7w7rhh6mo6v2gmw5MBYGNEMncJ7jVAPmS4neVL5XC6fnwC7ZerExJ8ZaWrN9FSsnAA,2026-08-31T09:39:48Z,5rqET3n1SkPB9jrcz8yM3KNBt6b2Q925G69tDBYwhL5yd6cLZzD3gSDSSgsbFqwtJkuaCoAvuRNq3eCNaKxhpdWi,INDEPENDENT_LIVE,LIVE_POST_CUTOVER
nbXrxqSLLuWhTE9G8nRn6tqBQVA7tqMjyQuhvzhGXwZ,0,,,BfBqvwoNLVSEvrjukaRUdex72PEF234oY8RogGtqFRZv,1,7LscpY288mvuC8kBax5KhcxH9BucLs9cCndo2HUi5xWb,BfBqvwoNLVSEvrjukaRUdex72PEF234oY8RogGtqFRZv,2025-12-01T14:46:47Z,xuirrdXBZsFKKRkQHPWhw7Fj3RvzDVsPLD1Bt7c5vnwRqFSdVG9UoeqjzgbDFRYoobNBQwnDdpFr9dhHETvnEFo,7LscpY288mvuC8kBax5KhcxH9BucLs9cCndo2HUi5xWb,BfBqvwoNLVSEvrjukaRUdex72PEF234oY8RogGtqFRZv,2025-12-01T14:46:47Z,xuirrdXBZsFKKRkQHPWhw7Fj3RvzDVsPLD1Bt7c5vnwRqFSdVG9UoeqjzgbDFRYoobNBQwnDdpFr9dhHETvnEFo,2026-08-25T07:31:11.000Z,4rtP3LQdxEFrF724Pcfj9eTdaMqDrbmvi11ewwfNYdLQTN1Zi9niu13zAFrmkA5n1V2cgfjmM8vUtzGWXEcmBYKc,DUNE_LIVE,LIVE_POST_BASELINE
nfhFMUwngA7u8jSpJDHSaBq3VdR8ehU4G64kSQP27rh,0,,,HjFRCyTSTMLrA8CFeDqrjYwQ5WEKfTRDc4gTDxkry3p1,0,HjFRCyTSTMLrA8CFeDqrjYwQ5WEKfTRDc4gTDxkry3p1,,2026-08-25T09:00:46.000Z,Q8S7KeKtCGk95FVVyEhjgkGdwYSvkR7vsCKHSoAV94bK9GX9CwiRDpcZtxbvPwwrydszw4Lycu4mrsXfNe68m19,,,,,,,,
qM2qqhwYa8nQfvssAB2QTxXt4YhrV7uVLZ8kgK62YqV,0,,,BfBqvwoNLVSEvrjukaRUdex72PEF234oY8RogGtqFRZv,1,7LscpY288mvuC8kBax5KhcxH9BucLs9cCndo2HUi5xWb,BfBqvwoNLVSEvrjukaRUdex72PEF234oY8RogGtqFRZv,2025-04-13T04:33:32Z,326NWh72rXJ6BFEfPohT5c8S1NRhS8gTZTgTQwi6kJip62Gk5oHAeUBegnGNZjX6xitooeaiuvNSMGVLRdW8AFAE,7LscpY288mvuC8kBax5KhcxH9BucLs9cCndo2HUi5xWb,BfBqvwoNLVSEvrjukaRUdex72PEF234oY8RogGtqFRZv,2025-04-13T04:33:32Z,326NWh72rXJ6BFEfPohT5c8S1NRhS8gTZTgTQwi6kJip62Gk5oHAeUBegnGNZjX6xitooeaiuvNSMGVLRdW8AFAE,2026-08-25T07:31:11.000Z,4rtP3LQdxEFrF724Pcfj9eTdaMqDrbmvi11ewwfNYdLQTN1Zi9niu13zAFrmkA5n1V2cgfjmM8vUtzGWXEcmBYKc,DUNE_LIVE,LIVE_POST_BASELINE
qtfxf8tszXLzq8DUsmJZJ37bG9XGRP3CEb4Ms8dCuNS,0,,,Db1meMQEgj8dCwzhR5W6coWt1yV4iEaQsYPKKDyGRUqW,1,Do9VaY2ru9QtaTWdhmuwc2Z9rj4rZ7D6EShdLTvxnp6h,Db1meMQEgj8dCwzhR5W6coWt1yV4iEaQsYPKKDyGRUqW,2025-04-14T13:07:47Z,674H3NsG1e396oGFnCsi61xTfUsB3uA9hiw8uRnFY3o2YxuDHKVkxZ68r8sYGVuK7cVy6jnrY1jfQceEuruiAqZ,Do9VaY2ru9QtaTWdhmuwc2Z9rj4rZ7D6EShdLTvxnp6h,Db1meMQEgj8dCwzhR5W6coWt1yV4iEaQsYPKKDyGRUqW,2025-04-14T13:07:47Z,674H3NsG1e396oGFnCsi61xTfUsB3uA9hiw8uRnFY3o2YxuDHKVkxZ68r8sYGVuK7cVy6jnrY1jfQceEuruiAqZ,2026-08-26T21:34:16Z,5y9KKMidZA2pNm3QLD2z2j7BfPbwsAQt6HEVyCQMK7sSkCy7PRQUy35JJG3GRnTBDLDeD6YVxYpw9nXSayk6pTiK,INDEPENDENT_LIVE,LIVE_POST_CUTOVER
r2eYwagz2jrRRrD4zKbA6D7XAXTUEn4igHvt1SEcKEK,0,,,ALWioRV1zqeqLZcL6HdnWBCpRj1eGsoiyDsJxqaATh5L,1,7ZYrmZdkRw6hp3MANNWePNoheqNZJyeCTQFfwQXPzE2v,ALWioRV1zqeqLZcL6HdnWBCpRj1eGsoiyDsJxqaATh5L,2025-04-22T10:04:21+00:00,2CFC4fxyrHPDcnF6XidH4fSNsLaqSXdZTyMAuM6mmp8Z7qzVmYEkHXUBvM8SB5PvVK7TEpuH76cFBwaxJ49Hu3Qi,7ZYrmZdkRw6hp3MANNWePNoheqNZJyeCTQFfwQXPzE2v,ALWioRV1zqeqLZcL6HdnWBCpRj1eGsoiyDsJxqaATh5L,2025-04-22T10:04:21+00:00,2CFC4fxyrHPDcnF6XidH4fSNsLaqSXdZTyMAuM6mmp8Z7qzVmYEkHXUBvM8SB5PvVK7TEpuH76cFBwaxJ49Hu3Qi,2026-08-27T12:11:33Z,CGZcRiGwJCA2fBTAEuB5eD25LwsdPtAWvA6SZRJ9DM2xBTpy3s42ZkZgqGjCekTQa4twKYrHnbEQ6KDAX4F6A6K,INDEPENDENT_LIVE,LIVE_POST_CUTOVER
r4AfRnaNb2QV4VckKtYcfhmaDQEDXu26pEfqb6r8bat,0,,,BfBqvwoNLVSEvrjukaRUdex72PEF234oY8RogGtqFRZv,1,7LscpY288mvuC8kBax5KhcxH9BucLs9cCndo2HUi5xWb,BfBqvwoNLVSEvrjukaRUdex72PEF234oY8RogGtqFRZv,2025-04-13T04:48:35Z,Gk1DKEMRkGz7284fHbR1QxwKnG25kAnfg8nmCQNQyEAZDwuZTaiFNZYud37FNyzNWg2qKUB47N4KnzvxWV9Wfwi,7LscpY288mvuC8kBax5KhcxH9BucLs9cCndo2HUi5xWb,BfBqvwoNLVSEvrjukaRUdex72PEF234oY8RogGtqFRZv,2025-04-13T04:48:35Z,Gk1DKEMRkGz7284fHbR1QxwKnG25kAnfg8nmCQNQyEAZDwuZTaiFNZYud37FNyzNWg2qKUB47N4KnzvxWV9Wfwi,2026-08-25T07:31:11.000Z,4rtP3LQdxEFrF724Pcfj9eTdaMqDrbmvi11ewwfNYdLQTN1Zi9niu13zAFrmkA5n1V2cgfjmM8vUtzGWXEcmBYKc,DUNE_LIVE,LIVE_POST_BASELINE
tSZepeydbsAJZ85rAUo3YWHS2N8ZcHwbv62V2yzMLPY,0,,,FYL4LRChq2a6w8PenydNEd1ExoKpBVNpueitXAXanSGy,1,FpqrjWJpTNwv1b1nu3Kouzn7KRZeAxcvyXfHgkGFQ9Gd,FYL4LRChq2a6w8PenydNEd1ExoKpBVNpueitXAXanSGy,2025-04-19T15:14:45Z,53yaGRPTCHHbMGn5ZVoxgQ3nWv3UxHj4HVGD8D5Y5hX29Ew87XG5NGkTpbsWzf4DwSebzEd2YsmRLCTL4zVtJAS6,FpqrjWJpTNwv1b1nu3Kouzn7KRZeAxcvyXfHgkGFQ9Gd,FYL4LRChq2a6w8PenydNEd1ExoKpBVNpueitXAXanSGy,2025-04-19T15:14:45Z,53yaGRPTCHHbMGn5ZVoxgQ3nWv3UxHj4HVGD8D5Y5hX29Ew87XG5NGkTpbsWzf4DwSebzEd2YsmRLCTL4zVtJAS6,2026-08-24T04:22:35.000Z,5oK95ozVzmUYxqJmZd7NLGb2U4oYDLVTieQMPA7TJve19iKQ41uaDdvJ8VHYNmcxSnH1A7BK2NrfTFFcJbTUKTey,DUNE_LIVE,LIVE_POST_BASELINE
uZ1xUzKhrAy1UTjUGEEwU6JuPB52qDGuFJ1xC2yqfRv,1,2026-08-24T15:31:42.000Z,4vCVtgkBVLBk7mDP9ph8dujTsrC1u9peWZbWF6sc8o4s2GD7PShbFWsbVLoo7ivijgNvkc1SVT7PcHiEGMrk61wx,,0,,,2026-08-24T15:31:42.000Z,4vCVtgkBVLBk7mDP9ph8dujTsrC1u9peWZbWF6sc8o4s2GD7PShbFWsbVLoo7ivijgNvkc1SVT7PcHiEGMrk61wx,,,,,,,,
vQXZbB61ga7GengQNsGeGzHdopaP3i1DNtY7CxenanD,0,,,BfBqvwoNLVSEvrjukaRUdex72PEF234oY8RogGtqFRZv,1,7LscpY288mvuC8kBax5KhcxH9BucLs9cCndo2HUi5xWb,BfBqvwoNLVSEvrjukaRUdex72PEF234oY8RogGtqFRZv,2025-04-13T04:34:32Z,R46hJegfFKz417RzKF4hdvmYjKgyotkm6YQG8KXRGgeG8vqtsQmbXDaXkAct1QKSHWUHuXWR2qBfBngnbGPkKPB,7LscpY288mvuC8kBax5KhcxH9BucLs9cCndo2HUi5xWb,BfBqvwoNLVSEvrjukaRUdex72PEF234oY8RogGtqFRZv,2025-04-13T04:34:32Z,R46hJegfFKz417RzKF4hdvmYjKgyotkm6YQG8KXRGgeG8vqtsQmbXDaXkAct1QKSHWUHuXWR2qBfBngnbGPkKPB,2026-08-25T07:31:11.000Z,4rtP3LQdxEFrF724Pcfj9eTdaMqDrbmvi11ewwfNYdLQTN1Zi9niu13zAFrmkA5n1V2cgfjmM8vUtzGWXEcmBYKc,DUNE_LIVE,LIVE_POST_BASELINE
vX6mTbyDatjS67yT16CXV5QV2AA5jsSE2CKCWREAn6T,0,,,BfBqvwoNLVSEvrjukaRUdex72PEF234oY8RogGtqFRZv,1,7LscpY288mvuC8kBax5KhcxH9BucLs9cCndo2HUi5xWb,BfBqvwoNLVSEvrjukaRUdex72PEF234oY8RogGtqFRZv,2025-12-01T14:34:47Z,3oRebZBWonGreCXcVrryEuKQz3nkxKvBXzBCwU4EnjdNv1Na9WTu8kKvZZfp66cNs2SNy9iXAUaz64T37shTGKPB,7LscpY288mvuC8kBax5KhcxH9BucLs9cCndo2HUi5xWb,BfBqvwoNLVSEvrjukaRUdex72PEF234oY8RogGtqFRZv,2025-12-01T14:34:47Z,3oRebZBWonGreCXcVrryEuKQz3nkxKvBXzBCwU4EnjdNv1Na9WTu8kKvZZfp66cNs2SNy9iXAUaz64T37shTGKPB,2026-08-25T07:31:11.000Z,4rtP3LQdxEFrF724Pcfj9eTdaMqDrbmvi11ewwfNYdLQTN1Zi9niu13zAFrmkA5n1V2cgfjmM8vUtzGWXEcmBYKc,DUNE_LIVE,LIVE_POST_BASELINE
wZNJD4uwBcdt72n2aRQDnQzE3DfU2oQ1iB7VyKYzo2Z,0,,,DM5YNogviE6YxVESWYG9TaZ9q4qiBLAJmxnA1LQRFMGZ,1,B1Pv8HZNHGdXC8qTsNGLCJKpnoetE2Y52RyeoJW9pE5Z,DM5YNogviE6YxVESWYG9TaZ9q4qiBLAJmxnA1LQRFMGZ,2026-08-31T09:38:09Z,2pst3H8CuFX8u44G8f7P5NMYzG3dwpkuq8iokqB5Wz6cFwxwPPs8EMvK2CYJ3HAiYo3wAzHSTjhcsD4zuiHcJwQg,B1Pv8HZNHGdXC8qTsNGLCJKpnoetE2Y52RyeoJW9pE5Z,DM5YNogviE6YxVESWYG9TaZ9q4qiBLAJmxnA1LQRFMGZ,2026-08-31T09:38:09Z,2pst3H8CuFX8u44G8f7P5NMYzG3dwpkuq8iokqB5Wz6cFwxwPPs8EMvK2CYJ3HAiYo3wAzHSTjhcsD4zuiHcJwQg,2026-08-31T09:39:48Z,5rqET3n1SkPB9jrcz8yM3KNBt6b2Q925G69tDBYwhL5yd6cLZzD3gSDSSgsbFqwtJkuaCoAvuRNq3eCNaKxhpdWi,INDEPENDENT_LIVE,LIVE_POST_CUTOVER
xn3QkDs8metSfPYEduTug2iLaVjtrkj8oW86We6FRJD,0,,,FYL4LRChq2a6w8PenydNEd1ExoKpBVNpueitXAXanSGy,1,FpqrjWJpTNwv1b1nu3Kouzn7KRZeAxcvyXfHgkGFQ9Gd,FYL4LRChq2a6w8PenydNEd1ExoKpBVNpueitXAXanSGy,2025-04-19T15:08:21Z,26BHiPtfYgA3rpQcjT81vLTss6WAPZRvLgCvBA8ammPBYWWSUtDRZRuqtJZoadoXJ74ShGkS3MJaD4QWyoU2pz1x,FpqrjWJpTNwv1b1nu3Kouzn7KRZeAxcvyXfHgkGFQ9Gd,FYL4LRChq2a6w8PenydNEd1ExoKpBVNpueitXAXanSGy,2025-04-19T15:08:21Z,26BHiPtfYgA3rpQcjT81vLTss6WAPZRvLgCvBA8ammPBYWWSUtDRZRuqtJZoadoXJ74ShGkS3MJaD4QWyoU2pz1x,2026-08-24T04:22:35.000Z,5oK95ozVzmUYxqJmZd7NLGb2U4oYDLVTieQMPA7TJve19iKQ41uaDdvJ8VHYNmcxSnH1A7BK2NrfTFFcJbTUKTey,DUNE_LIVE,LIVE_POST_BASELINE
y7VJtcJpBo2jL9vtqBsmiNHgghsUJgCuvy2C8xmJeQg,0,,,DM5YNogviE6YxVESWYG9TaZ9q4qiBLAJmxnA1LQRFMGZ,1,B1Pv8HZNHGdXC8qTsNGLCJKpnoetE2Y52RyeoJW9pE5Z,DM5YNogviE6YxVESWYG9TaZ9q4qiBLAJmxnA1LQRFMGZ,2025-04-13T07:12:11Z,3nLCpTUf37DyRx1zk7krXh2pT3qzYbrVWoRgJaHgQUy6K8cmJ1nE3vtzB4WaMPBhHR45EEeEmLS2fQyWJTCNj265,B1Pv8HZNHGdXC8qTsNGLCJKpnoetE2Y52RyeoJW9pE5Z,DM5YNogviE6YxVESWYG9TaZ9q4qiBLAJmxnA1LQRFMGZ,2025-04-13T07:12:11Z,3nLCpTUf37DyRx1zk7krXh2pT3qzYbrVWoRgJaHgQUy6K8cmJ1nE3vtzB4WaMPBhHR45EEeEmLS2fQyWJTCNj265,2026-08-31T09:39:48Z,5rqET3n1SkPB9jrcz8yM3KNBt6b2Q925G69tDBYwhL5yd6cLZzD3gSDSSgsbFqwtJkuaCoAvuRNq3eCNaKxhpdWi,INDEPENDENT_LIVE,LIVE_POST_CUTOVER
yJrf1rQ5zCp547mDNoSdx1NZFHKscMEbnjLJUxE6C9U,0,,,DM5YNogviE6YxVESWYG9TaZ9q4qiBLAJmxnA1LQRFMGZ,1,B1Pv8HZNHGdXC8qTsNGLCJKpnoetE2Y52RyeoJW9pE5Z,DM5YNogviE6YxVESWYG9TaZ9q4qiBLAJmxnA1LQRFMGZ,2025-04-15T02:18:56Z,2CnPgNM2mNbjmCFxqZQhLkH4HwZzAuecYju5tHRqawtVWn3FFLp5cnnhVnMhRsrfxsSFwx136cdNbsWMCsGPf91r,B1Pv8HZNHGdXC8qTsNGLCJKpnoetE2Y52RyeoJW9pE5Z,DM5YNogviE6YxVESWYG9TaZ9q4qiBLAJmxnA1LQRFMGZ,2025-04-15T02:18:56Z,2CnPgNM2mNbjmCFxqZQhLkH4HwZzAuecYju5tHRqawtVWn3FFLp5cnnhVnMhRsrfxsSFwx136cdNbsWMCsGPf91r,2026-08-31T09:39:48Z,5rqET3n1SkPB9jrcz8yM3KNBt6b2Q925G69tDBYwhL5yd6cLZzD3gSDSSgsbFqwtJkuaCoAvuRNq3eCNaKxhpdWi,INDEPENDENT_LIVE,LIVE_POST_CUTOVER
yToMLrWmo19A5MyfAemVv6bupnwtfYTiNq8XyiAaWod,0,,,38Bj4DFXhAkDxB6Atj66kdxGZfhZEC3ejRX1HDh1YFKj,1,8Vpqxxbon9s4Hnk2eMhysjx6XKjHiUgEUAm3MSq9yQv2,38Bj4DFXhAkDxB6Atj66kdxGZfhZEC3ejRX1HDh1YFKj,2025-04-26T14:36:58Z,5omg1ZPZdE4BKyk9wQ6eQSqqQ9fquVoJhfT2QFTWMGBqCpgnoi1MUU6vWKokV8JVXaM7ywHhQVLByMfU6qFRKjaQ,8Vpqxxbon9s4Hnk2eMhysjx6XKjHiUgEUAm3MSq9yQv2,38Bj4DFXhAkDxB6Atj66kdxGZfhZEC3ejRX1HDh1YFKj,2025-04-26T14:36:58Z,5omg1ZPZdE4BKyk9wQ6eQSqqQ9fquVoJhfT2QFTWMGBqCpgnoi1MUU6vWKokV8JVXaM7ywHhQVLByMfU6qFRKjaQ,2026-08-21T19:39:25.000Z,4AT1PFFkyADXcz2QFJi78yrTeP8dAhFkfWJU5JCvpEx2a7pWsAxn14owrdqpvwkTU7bAzxxCYoBijEksgty9W6qe,DUNE_LIVE,LIVE_POST_BASELINE
yuvtQ6DBWnMzNpVqNFosMPzA63FPon1z5vMkxiYer3K,0,,,8TAx5eRzjvYioRmc83vrzWuEzhav63ccEs7ZuzndxddU,1,Cwg4F9HnwEKktX662TLjYvUjvZStpQHss9BasJYSaGPj,8TAx5eRzjvYioRmc83vrzWuEzhav63ccEs7ZuzndxddU,2026-07-30T16:00:11Z,55C5oDazthGjRKSMjwyxE6ZynjwsmcHNGCScG45HX5FmBg4Ed69NCWpgJ2dbDqccMZmXfXWcNxrrUy7Q4v2HeFuR,Cwg4F9HnwEKktX662TLjYvUjvZStpQHss9BasJYSaGPj,8TAx5eRzjvYioRmc83vrzWuEzhav63ccEs7ZuzndxddU,2026-07-30T16:00:11Z,55C5oDazthGjRKSMjwyxE6ZynjwsmcHNGCScG45HX5FmBg4Ed69NCWpgJ2dbDqccMZmXfXWcNxrrUy7Q4v2HeFuR,2026-08-28T06:25:53Z,3wyPJbJFHo4Fvu7Und18ezfHzbJFeq5FuiuZQzTTQAzrrC7RmAWXjXmonJge3e898SwmhStEUrJE6grUaYQ74KcV,INDEPENDENT_LIVE,LIVE_POST_CUTOVER
zYv4pciUgFHsvvNrPAtsLU3k59NSrh7ovXFt3gtEyVt,0,,,FYL4LRChq2a6w8PenydNEd1ExoKpBVNpueitXAXanSGy,1,FpqrjWJpTNwv1b1nu3Kouzn7KRZeAxcvyXfHgkGFQ9Gd,FYL4LRChq2a6w8PenydNEd1ExoKpBVNpueitXAXanSGy,2025-04-19T15:09:24Z,5RXfimojwek4Y91oeb99SSDxyF32G47MDrkhVSgCdGVNQpGE74FrwnvvCNpANYJejbMjtSWU1WXSPF6QqPSTdUSx,FpqrjWJpTNwv1b1nu3Kouzn7KRZeAxcvyXfHgkGFQ9Gd,FYL4LRChq2a6w8PenydNEd1ExoKpBVNpueitXAXanSGy,2025-04-19T15:09:24Z,5RXfimojwek4Y91oeb99SSDxyF32G47MDrkhVSgCdGVNQpGE74FrwnvvCNpANYJejbMjtSWU1WXSPF6QqPSTdUSx,2026-08-24T04:22:35.000Z,5oK95ozVzmUYxqJmZd7NLGb2U4oYDLVTieQMPA7TJve19iKQ41uaDdvJ8VHYNmcxSnH1A7BK2NrfTFFcJbTUKTey,DUNE_LIVE,LIVE_POST_BASELINE
