signature,slot,block_time_utc,received_at,tx_success,hero_movements,world_calls,quest_hero_updates,market_sales,source
3cJpvQubEvM7vi27YZdBnfi7iCAKZkERQcVPuyx9LGFUyqG24n7MchX4r6HTkxTW6NZTuHDAAVV6Qmj6hN1Tv8Na,442491037,2026-08-29T02:18:02.000Z,2026-08-29T02:18:04.916Z,1,,,0,,HELIUS_D1_RAW
4DxBuMQg7BYUujiBVMXCj5k5a8g5TZ5LRiZ1eDRwJXBS8PZGGsiz9Gme8KjUgmtzgbPWVMFwTqKB3utN5VxGtRsG,442491146,2026-08-29T02:18:37.000Z,2026-08-29T02:18:40.773Z,1,,,0,,HELIUS_D1_RAW
2z4YvCZP2u4xpQs8hLfGGsBiaGCSDhJo2SVACgYDupZgRn9rX3jLbSQJp6GvFhYUEkQE2HtZe8bZk625FkeaaBxQ,442491354,2026-08-29T02:19:44.000Z,2026-08-29T02:19:49.276Z,1,,,0,,HELIUS_D1_RAW
nbDEEFvjJHohhFsawDhxCWTxgCy9qWrrWYmaHyRPvkz9tQcKpY6oKSBtoNF3UPErbCUxLAG8QjZ7uY1TcuAucEt,442491516,2026-08-29T02:20:34.000Z,2026-08-29T02:20:41.598Z,1,,,0,,HELIUS_D1_RAW
RnERDTks52T8Fo9c4iEkKNnGyCSyJJw9twUge2P7e6xtZZdvpjaUbg67nUrk1T7hR5DtuYet5TgzaJ3ni22xXpc,442492584,2026-08-29T02:26:14.000Z,2026-08-29T02:26:18.440Z,1,,,0,,HELIUS_D1_RAW
2pjNvtoVk56ovYWoPms796tphgu4X9qfi5YYRX1KEZjtNjcQTiKZhMvBYqBSKN9rYiEn6Rc2fUusg8NaTHiXC1Hu,442508491,2026-08-29T03:50:30.000Z,2026-08-29T03:50:34.254Z,1,,,0,,HELIUS_D1_RAW
5irbyg26MFQwVjDUfFWbYQCe2zocGxsZtfSkGumTjq5oSHAhpkaT6UUSggi1Cs6cM6eNfMd6Uv8gjXrAjRtGPQj7,442508589,2026-08-29T03:51:02.000Z,2026-08-29T03:51:07.831Z,1,,,0,,HELIUS_D1_RAW
2DQp4UQm86LNkikGHDDCBUewRX3mhGeLZLddBq26qsjbzn9WJpbUbZXiEn4vViGWu7EagRwwSHvHv1cL6Fb9rxpx,442508686,2026-08-29T03:51:33.000Z,2026-08-29T03:51:37.805Z,1,,,0,,HELIUS_D1_RAW
44H2qp6x2XdCt57q9SokjLsTFLU9RGeQnsbhFeRC8NayMd27Yx7FMsiAay2gWV5op2veQgX7DpcoGvZi5tpC3qvg,442508782,2026-08-29T03:52:04.000Z,2026-08-29T03:52:08.766Z,1,,,0,,HELIUS_D1_RAW
3HqDD4gpvitoA7eg7PcLShATW3GDwYXRpiaPNNjmD3HmxjjzE4vowgTUqv18USarCjFnJAirybdo7xFsT6zDF39e,442509246,2026-08-29T03:54:32.000Z,2026-08-29T03:54:34.479Z,1,,,0,,HELIUS_D1_RAW
5pGom3AZRLoEK7jcjiV2NaiMjPzdLfcYsysHKYzc8Lcm91gWF7M2HKVLzoUF4a4AjmB5QPQ8gLgr57Ts3rTymzEm,442536005,2026-08-29T06:15:48.000Z,2026-08-29T06:15:52.938Z,1,,,0,,HELIUS_D1_RAW
43VzJiESiRCuUVYvwfneLvyn1PzwNJUNv1MRNu45RzZx6GaEAGRdmGdfLRjjG4BsyFVieQm5vzJbdYD3EZRAom3Z,442536352,2026-08-29T06:17:36.000Z,2026-08-29T06:17:41.265Z,1,5ajAancADZdbMHYDFpWHY2BR73NatZCYjyweX7P79SLv:TRANSFER,,0,,HELIUS_D1_RAW
2egvFE8ojZKjLAAG2Fb8fAcGmDxJyY9vRieWsqxL86DTGsVqq5uYrN4uYdVzsD4MWbsqvjKNYpk62JGFunELpcQ5,442560921,2026-08-29T08:27:04.000Z,2026-08-29T08:27:06.704Z,1,,,0,,HELIUS_D1_RAW
4BpwiLs6596385STq8BSYm2Ho6p96FgGtmYyrS4ZcgiHQSFdkFn5A33m6wzNHiPsAzdRDi6CM9HXNSGpCbZ1o5Z4,442561172,2026-08-29T08:28:23.000Z,2026-08-29T08:28:26.137Z,1,,,0,,HELIUS_D1_RAW
2gjmybE1xnRobTuUAyiV8JrwmtmFbTzsx4rDn4eUaTNhSz2FvF8GSYWtKgJLYJgLzrue92b6P6U3sbktE2h8jXAD,442561279,2026-08-29T08:28:56.000Z,2026-08-29T08:28:58.589Z,1,,,0,,HELIUS_D1_RAW
62iiidSMig5C3QxMitm4GpJfHZ7c84xVJGB9VeSfUYpgBA94LgokxU3rZHrGNBa2s8iH2RbcCsFrRQ8XH29Kom2E,442561472,2026-08-29T08:29:57.000Z,2026-08-29T08:30:00.007Z,1,,,0,,HELIUS_D1_RAW
b9PeNZJ5EyKE5Adw1W7JuSgMV2a4Y1Sh5KMAn4Q25jojhifFsM9ZegRwNP8cdW2aQHoykbcMBkFx4vFZy3t19eM,442561558,2026-08-29T08:30:26.000Z,2026-08-29T08:30:28.347Z,1,,,0,,HELIUS_D1_RAW
3SytJ3ANTY5zBT7ph8ncXfeEhXmUGc2avgd1E1zVm4wnnd2DmppiR6p7AEYX9eC2bPyd91giXBfdxquzm7DvymHm,442562794,2026-08-29T08:36:58.000Z,2026-08-29T08:37:00.747Z,1,,,0,,HELIUS_D1_RAW
b5D5j9SJpn5XcwaH2W9ap1Sv9mNKGS7nuy6f2zVEdn6ogwaQizpdaUJRLH3ybonMQDymxZCETy9N7xrd4W83DWe,442562900,2026-08-29T08:37:32.000Z,2026-08-29T08:37:35.240Z,1,,,0,,HELIUS_D1_RAW
5i9tEQJXmq3HNsq3cafZtQoQJMm6HkxAChj64jLp7LXKawooknge2BkqSPjYDYiH44n988FMzPmBQxBFjUecWJqn,442563016,2026-08-29T08:38:09.000Z,2026-08-29T08:38:11.609Z,1,,,0,,HELIUS_D1_RAW
Kx6WJs8tQgm9o9sxWJccysYY2tJ6iGWjQtvcgnW9ZXEWgWfmrUkxqdKFbmVWyKDYT3F1qaMtLLPvH7yjKDmUXuJ,442563116,2026-08-29T08:38:40.000Z,2026-08-29T08:38:43.049Z,1,,,0,,HELIUS_D1_RAW
4Hzxm3vxBogJSEsVuFqUcTNUMYxiKgDceJiUy5bETksJRzF8B1avjg2FL6DqZveNkTBv9ZHLq5MJE8xjK7wdmrbA,442563218,2026-08-29T08:39:12.000Z,2026-08-29T08:39:14.036Z,1,,,0,,HELIUS_D1_RAW
3YDqY8CbFLHKfSihKmPzQ5zd8n39oDtVkjMptRTDVnstcdqHNDMNi2a27adFoDTpHfRoLDwboDzMZQpkDEfXXKzD,442563529,2026-08-29T08:40:51.000Z,2026-08-29T08:40:53.132Z,1,,,0,,HELIUS_D1_RAW
3STQYkYZqivkVseGa1gZK7Fm5Mf58i1GT7ywmPzxkNN8RSeVGqSy3gcM4FTLssqQdTWJsUtxM13ZUvNjKKV2y21D,442563703,2026-08-29T08:41:44.000Z,2026-08-29T08:41:46.976Z,1,,,0,,HELIUS_D1_RAW
GNgZBgL1vEfa7ZurfMN6AYTsQQmGwQ8fDV7y6DU4hTDd3hD9zrqs9Rhh2uGoZRJpvkMxwRbYn3ZRSjAvL6BQPLE,442563760,2026-08-29T08:42:02.000Z,2026-08-29T08:42:04.635Z,1,,,0,,HELIUS_D1_RAW
h3nR4GHj841nTcmty8DNWH3erZV4deLV6knB2tT2tQ1Svy3dzGWH6kmE1yspypnQxFzHC2VqdhdZzKDyEcERpbE,442564337,2026-08-29T08:45:04.000Z,2026-08-29T08:45:07.565Z,1,,,0,,HELIUS_D1_RAW
6H7Am8HVK7xWrVvJXfXqLXEcwkFPz6dUb8NnHsn9vGDeMENiL9B6S63vTYR7g5foSsvpjPvjrdMLNarqmxbor7Q,442564698,2026-08-29T08:46:57.000Z,2026-08-29T08:47:00.419Z,1,,,0,,HELIUS_D1_RAW
5LESuUByTymh2HfxcDwDroFqNq4FHMs6g9WPeGErm53PyqPW2TgTX2F3eX51UJZDhDh9moXZm7SnEZc5mN7EPFDJ,442565456,2026-08-29T08:50:56.000Z,2026-08-29T08:50:58.734Z,1,,,0,,HELIUS_D1_RAW
4dcCXFX51eE94gCTh4PwB9yKK9bxrYLERr4fiJ6Jt8vsM8DVzmnsuECQ4hrW5uoj6r5aMZcmZwhwf5en36zKGyyd,442566036,2026-08-29T08:53:59.000Z,2026-08-29T08:54:00.914Z,1,,,0,,HELIUS_D1_RAW
5dGmQQ5EqGZ4rceu8i4bNP1VhLJZoLm68NeDDUMQwpnNUrUN5xzDifq16WnJ3E1iYRnDk38rqAydxZAtzkybbUem,442570709,2026-08-29T09:18:41.000Z,2026-08-29T09:18:43.485Z,1,,,0,,HELIUS_D1_RAW
2je1PuJgiyYVHEzDsVGpukdURG2ZdVgp7GVMEPQrwGChDzxkNnpfiZZxt8oZF98e2nnrZ9XJDvYieceHWgjuHJ2f,442576036,2026-08-29T09:46:54.000Z,2026-08-29T09:46:56.829Z,1,,,0,,HELIUS_D1_RAW
5uvHH2GjpXZGupxFvxHhxWGLCpZUjCfwKnQB9Sg5ygAM9juoueWLT33oFXAjgDJM2don1N3KUYmThVat9VXjYMmA,442588685,2026-08-29T10:53:34.000Z,2026-08-29T10:53:36.993Z,1,,,0,,HELIUS_D1_RAW
3TyFp8GxFPMnL5kCHY6kXE5iBrFtbAzsSnEcV4Qy7we4CPLb6EdGqoQBBRDb836GZLQc5xTWqLWLUh2E28uHHhAa,442592764,2026-08-29T11:15:03.000Z,2026-08-29T11:15:06.107Z,1,,,0,,HELIUS_D1_RAW
5UbNc57EF6HnJWtTvP1wguqeiCiyiCDaNCprsfr6p8tZdvTNNya4baaNWdrxV9R9tjiRwrgWpraVMwyPpQ1AzHK3,442627549,2026-08-29T14:18:40.000Z,2026-08-29T14:18:43.234Z,1,,,0,,HELIUS_D1_RAW
8SHjvVwZwFqk4tMbJ8M11QDLYmrsPQCeM3G8Yy8egSRyPBqVTgoR1e886PoWKf7XoxxQrA2zLwGBrBgPSxCgVxy,442630565,2026-08-29T14:34:36.000Z,2026-08-29T14:34:40.138Z,1,,,0,,HELIUS_D1_RAW
5RrQNBPH1vZ9ZMxSU2tdkakw8L5mmWptCjovgDLbj1Nq1wttoM1c6E4MCZ2kW94obVkBStECAtjPR2bpU85MsDRR,442633608,2026-08-29T14:50:48.000Z,2026-08-29T14:50:53.366Z,1,,,0,,HELIUS_D1_RAW
2ZsU3Tzi1HL3JMJfvxdDygNQ2FBb2YyaUxyAA4VrVhH2Xzi43xBq4amqh1VGE4sFjRHH7RQ1gaCqX35Km8szcKLr,442642739,2026-08-29T15:38:58.000Z,2026-08-29T15:39:01.364Z,1,,,0,,HELIUS_D1_RAW
2v733BYXnbJtQPvZEb7Pgkeu7Vh2pNEcbWR5YB5d1scN7VLnH9MGQKx4qu5M6wQCXqwGQjkSSEaLYcyCFwqsaMij,442652330,2026-08-29T16:29:50.000Z,2026-08-29T16:29:53.281Z,1,,QUEST_RESTART,5,,HELIUS_D1_RAW
4j7XEKaSAjieHXQN6KSyki8QM1gUcUtqZTwRsJdBspVAsHeht3MkWkPQRTcqkuub21rrkeCMnEU42FrPNjoihDDJ,442652356,2026-08-29T16:29:58.000Z,2026-08-29T16:30:03.248Z,1,,QUEST_RESTART,5,,HELIUS_D1_RAW
4Nuqkdp9aT4nJeCP967hSU1hPo8aXzRtFYZpHikKKAXrzSP5Qi99AvAG1K7C8BsTp3CKbDNvki6V9u7imfn9cYr2,442653292,2026-08-29T16:34:58.000Z,2026-08-29T16:35:03.277Z,1,,QUEST_RESTART,5,,HELIUS_D1_RAW
JHagDchy5vJHk5dknEY4T7pCWcGFviRFapeEULWmQMdJfQexHvJASvinunBwt9cyHxFKgmSoTB4cMmufvrSBF1P,442653296,2026-08-29T16:34:59.000Z,2026-08-29T16:35:03.376Z,1,,QUEST_RESTART,5,,HELIUS_D1_RAW
2RPjSpJQ5koz3oiAqaFVSXcrpbZdZw7FVP51cjF2jgCQ6cayiZ7vtueYohabd2ZvF2RgfqMiZ4AeJN8CGnK64m5d,442686696,2026-08-29T19:31:39.000Z,2026-08-29T19:31:43.065Z,1,,,0,,HELIUS_D1_RAW
4fVgN2Ldp7ijnYMHKenptNs3huVBkgAJB36tuXUDD9Gzt8MzWfXAD54fgsxjaXNxX12LzoMoowQYMweKivU7imVK,442695682,2026-08-29T20:19:07.000Z,2026-08-29T20:19:09.191Z,1,,,0,,HELIUS_D1_RAW
4NifaMFZBM11HCDgh4sgowkuRnYChGRGsDv9sxXCqrCECaQpjwth7TPXCqFvePK3FKpzb6TVjW8vp2325n5s6KNJ,442700838,2026-08-29T20:46:20.000Z,2026-08-29T20:46:22.744Z,1,,,0,,HELIUS_D1_RAW
4jpg4CeZSMe6MvoB5qKPmGbECiHwYMCZ4g2PbVMExbfVV3WXaRx1rfsnfi4Sqk6h8Bo7aGfMFcpS1SuH7fvkFayv,442714237,2026-08-29T21:56:59.000Z,2026-08-29T21:57:02.385Z,1,,,0,,HELIUS_D1_RAW
42KZPdTMxB5mxm8aUwfURM4b3wEqxEhE5QyHB36NbzedoWorTG2AtGLNWh7NRbuEMw94WassrzQTo9xTBs1QgGuM,442728159,2026-08-29T23:10:24.000Z,2026-08-29T23:10:27.274Z,1,,,0,,HELIUS_D1_RAW
5Z2oNGrFWn44eRgGSSj2jdkpujG1LXc2QMCCMAG63Nvo9negqJJc5UZV5gN9KMo8hSF8vMjfSZwwjHtuA2NvT14Z,442758603,2026-08-30T01:51:38.000Z,2026-08-30T01:51:41.179Z,1,,,0,,HELIUS_D1_RAW
RPnJAmeiFNTSbycBt5nXFmbYzXRJKqbXymx9QYGMwGJBCzLcbDUdxTk2UiY1voifZsZT3wDPaqy6YU172n5ZmAn,442762019,2026-08-30T02:09:38.000Z,2026-08-30T02:09:41.154Z,1,,,0,,HELIUS_D1_RAW
2NdWdgrvAL9Coz9Au1AWsj7hNDHKXjGqK5pVVjLCyR6cS55DwaRhT4mS9iU5ehpstKwp6DwrAGeWrpNCMjQJVNSN,442767431,2026-08-30T02:38:23.000Z,2026-08-30T02:38:26.133Z,1,,QUEST_RESTART,4,,HELIUS_D1_RAW
3HDgUbNpMiN1REHnwNPZ2FivDXwyCBKjRJspkfnAfYTDPgjn3XLHw3XgXJq5NQ359KGPyySTQniV8HLKqXYZXFxJ,442777733,2026-08-30T03:32:52.000Z,2026-08-30T03:32:54.459Z,1,,,0,,HELIUS_D1_RAW
39ucgSPyut1ZQURga2i4Cpk2bNSH19o5YT1yAvdqZMDmT6ZHdov8vkRWRZfAFjMVTGnriSpgCEEKoTvLFev9z2r1,442777888,2026-08-30T03:33:42.000Z,2026-08-30T03:33:44.576Z,1,,,0,,HELIUS_D1_RAW
3uLEcNBZRa1aLgthwibDGhnqCBX3yPRKrEvoaLXv3sKdJuiBKKizx3qHNR29PpwnoUuQY5FNmfbpi81wA6WhUau6,442800074,2026-08-30T05:30:49.000Z,2026-08-30T05:30:51.634Z,1,,,0,,HELIUS_D1_RAW
5BhwkFWifxchZMbvfi6WPHZVJiSUAfLsS7g6aG4HCXXQUognwJthJPKzKJwtuTEiDDAvqXwUmf7LdtuNFgWrJmhw,442804664,2026-08-30T05:55:01.000Z,2026-08-30T05:55:04.297Z,1,,,0,,HELIUS_D1_RAW
2JTWGF3u9HyWEAnGr1jU57YzvbpDpUXUnTzCrjMiLfj3tjcEAAVG67u492pUqqL2rdLPs9GjALEVcJZtdtweTr6c,442804700,2026-08-30T05:55:12.000Z,2026-08-30T05:55:16.719Z,1,,,0,,HELIUS_D1_RAW
5P32cTFoAYqocdsCteuhn7zmu1KRvSaVPjDikyL6iagYvuWDMocRVPLAUYBS7z6CjpHzBh7B4afHs4GfYspLWefZ,442804763,2026-08-30T05:55:34.000Z,2026-08-30T05:55:36.127Z,1,,,0,,HELIUS_D1_RAW
5WV4aozCmuruKBxV8fYHckkYnup7v8p93Tx3odCxwYHU7kNixPgUeSTNUiMaBgwxrf5pK7VMiD1ACL4Wvqwymf5h,442804790,2026-08-30T05:55:42.000Z,2026-08-30T05:55:45.742Z,1,,,0,,HELIUS_D1_RAW
38SViGCs9fUapQEKS4bi1MMJY3g7FBU7nsPeh2nbagmpYrWKZy9j4vH4tiqPjH9srmSrPVYJ8jkheQX9SddJARhf,442804876,2026-08-30T05:56:09.000Z,2026-08-30T05:56:11.818Z,1,,,0,,HELIUS_D1_RAW
BuzyFD4aju8Jpyxqi38eGDLZ3a4W3TNNtaaXoHzinvNZhHJgybu1dncFZH9knjiExNsypoRBTZdANBuBrP2C8ri,442806528,2026-08-30T06:04:50.000Z,2026-08-30T06:04:53.191Z,1,,,0,,HELIUS_D1_RAW
4Ap2Wt3rC7NHQqPmmXpG9dNeBasaBhGUahCYeWXs4GpQV7An8eQMZaW1nGX7xrVqCUWp1nHJLJkGK5hckiUtCCDw,442828715,2026-08-30T08:01:52.000Z,2026-08-30T08:01:55.102Z,0,,,0,,HELIUS_D1_RAW
56YYEsEjfo1r6HVHuaUx9bigUqnmMqLknFcu8BjZFGEj4FKHNFaWRemgcmYAj1Pu1eHrRfJmHj5B1xiE9n5T3yZr,442828715,2026-08-30T08:01:52.000Z,2026-08-30T08:01:55.084Z,1,,,0,,HELIUS_D1_RAW
4FMeJZtxpB1uh5RVftd8tRjSKg6HXUyWzTPyeT8eqiPkX7FGBFedq5SYhAB1b8EKULR2WCeLbpF4Dbzqu4XKV24z,442837853,2026-08-30T08:50:02.000Z,2026-08-30T08:50:04.190Z,1,,,0,,HELIUS_D1_RAW
4NTKAprDjtXLYAWkCsVqGRGzRkhGpwvfymbgq3uUmBaQkdLSVVmwgdXwi8PCwUER32FvCkoDT7zWuwT7kpmaKRA,442837853,2026-08-30T08:50:02.000Z,2026-08-30T08:50:04.186Z,1,,,0,,HELIUS_D1_RAW
aqoeXXjnueJi98Winpb7Vqt9NpTMBqH5WnFdTB9gcqPxT7Aw8rkPepTNZZZJMz5S1Rfog7XdRykeKb8mw3zHfg6,442837855,2026-08-30T08:50:03.000Z,2026-08-30T08:50:04.737Z,1,,,0,,HELIUS_D1_RAW
47v67F8kyhSn9teUQkVeN5BeUEVrQR78ro8h6JLenv76ybap42SDQBdFVbNiWKtjj7AcyVQu5d9bkZJaf4K7fGaU,442837857,2026-08-30T08:50:03.000Z,2026-08-30T08:50:05.255Z,1,,,0,,HELIUS_D1_RAW
4oN2YRS2DHDUssdLkvXeGsLyeb5TG5AFusi2R52Y7YB2bAZVPEUJGxZ7VFsk3P6qxG6k5ZJadhzZBTAQyGyPD8qf,442837859,2026-08-30T08:50:04.000Z,2026-08-30T08:50:06.616Z,1,,,0,,HELIUS_D1_RAW
548uGyaJ1qk5LpELpYe29bvm41oRHAV72tHdNDjDeDd2Vm5dKD3pFVjP9oovGiPUPnHYoxqWudD6oq4UV5wMGfZV,442837861,2026-08-30T08:50:04.000Z,2026-08-30T08:50:06.734Z,1,,,0,,HELIUS_D1_RAW
49BSQnxL9NSpRxg3fAs2RNburnxqTaSGhncEdYUH6eXXS873waAWaWzUvcag5du3a1mRN7JjQ1HPspPmjZEwx9bP,442837863,2026-08-30T08:50:05.000Z,2026-08-30T08:50:07.422Z,1,,,0,,HELIUS_D1_RAW
17dQkw4jgshxUTrat44TpfiDEwo137wxFnujcRA5MeSfuLbPeXTya58k8cQPfQGAGHUjWbH4SFXYFQ311LJ1bdc,442837865,2026-08-30T08:50:05.000Z,2026-08-30T08:50:07.795Z,1,,,0,,HELIUS_D1_RAW
29HgwNseuZt6EnDsgVJWqa6AaYUdXGegSbaKjq4xkadVsw6tK52JZ3yPJG1WFREU9rPpaTurHGTiaXCBtmFfEgbk,442837867,2026-08-30T08:50:06.000Z,2026-08-30T08:50:08.333Z,1,,,0,,HELIUS_D1_RAW
5GTpMNEtyDno6zyWxWizUb8PQE8sBLCx8RFF6qM6pU5eGoZwZ2A5GaT6wPaJqCExLCT3tiPwwLnWnQBMHAmEYMyX,442837868,2026-08-30T08:50:06.000Z,2026-08-30T08:50:10.051Z,1,,,0,,HELIUS_D1_RAW
5oQ3DGNxnrBmhtRH44UAQBcjz8JttSZQvKwqnCTuHX6fKF47KAcsR7drDnazEqaxG1tDqw3kPNwFLxZTdqZpCB5B,442837870,2026-08-30T08:50:07.000Z,2026-08-30T08:50:09.157Z,1,,,0,,HELIUS_D1_RAW
oFrV8EZ4UUv4yQu6Jn4td3ZE6Gg7jTtNvvsDagRbxtovX9aybZmNiUo6ifqyesZcv4cMKzj89vpqGDPCHSTde35,442840766,2026-08-30T09:05:27.000Z,2026-08-30T09:05:29.773Z,1,,,0,,HELIUS_D1_RAW
4X5K6ea2ghmW7H6ghZxUB8dGYYZgJ5w6bWKfGPs5wkyfJ8rUP4eQfirzc3ggTYXcGbLqSZEqPCud9mGw31gK3TGc,442840768,2026-08-30T09:05:28.000Z,2026-08-30T09:05:30.272Z,1,,,0,,HELIUS_D1_RAW
2r7QbHs4EKC5kjpdXpiH8uVoU4QAVbNhhA2LJMSuTpPaXKV7WwNXfpWKqNN4mkpFhToeWM8HXxyCzz3dsrfuC6BK,442840769,2026-08-30T09:05:28.000Z,2026-08-30T09:05:30.513Z,1,,,0,,HELIUS_D1_RAW
67nS1eNofmXFfyjgMtZnHesqENcKP5gYU65iwCghnd4j62nnBXfrxViUh1pDaanAK6AuDpkFy5Vf5xpEAqpjexqh,442840820,2026-08-30T09:05:44.000Z,2026-08-30T09:05:46.418Z,1,,,0,,HELIUS_D1_RAW
2HmaufySJAPNtSwzG5kPwJ6x34yoHo5aHEsFQ7gcJaUC3zreYQgQkP1kFk8WX2PXVDFgeVQ41GXbY67oApiioAKE,442840822,2026-08-30T09:05:44.000Z,2026-08-30T09:05:46.791Z,1,,,0,,HELIUS_D1_RAW
5mLRCbrAvUAN2wnTm3EAu6ayvAwJ9ueovbnUrwEzqwqrD5s9PBAzUCiuur7GVNdnYaJjDVZMLMfezLevRdENHQ9G,442840901,2026-08-30T09:06:09.000Z,2026-08-30T09:06:11.011Z,1,,,0,,HELIUS_D1_RAW
2FHBsMnSAbb5PQkRbsuzgw6xufKZ4PD931rSm8h83YwHJFa1hQNHhUexAwEFqED52Hroe5XqmhJNQN47YvWwc3EP,442840960,2026-08-30T09:06:27.000Z,2026-08-30T09:06:32.011Z,1,,,0,,HELIUS_D1_RAW
3JMXaH5mFJzZfavatvssjvQ1E3np3JxgTEgBV6zkhUWAwMJLyNet34Gb7jJgpF9AWoK4BbrQmwnoc8YkJGcPfDyq,442840962,2026-08-30T09:06:28.000Z,2026-08-30T09:06:30.668Z,1,,,0,,HELIUS_D1_RAW
3vTdeqxd6VFN5BoWGcgKpbJBcamwE5stiMtT54jnXnzXsSLqRxTF24TwKSHqxTgUmE9yHMBytQGAjqd5G3J258Wp,442840963,2026-08-30T09:06:29.000Z,2026-08-30T09:06:31.727Z,1,,,0,,HELIUS_D1_RAW
3Y4iqq6UCqsPUh15xWp8wTAEJWQ3itJPdkStG8MY1K9YqLJepmGR5KJemFHfRf1o58aMqZHVyqVw4DDaDwQxshKz,442840965,2026-08-30T09:06:29.000Z,2026-08-30T09:06:31.474Z,1,,,0,,HELIUS_D1_RAW
29CrjH8r81yWoAsney1HksfJjtWFpQEYafKVba9qNd48bX8c7DHZHpa88tCvt4RVCp7geogh2GcBMWZ3EAueL8x7,442847077,2026-08-30T09:38:47.000Z,2026-08-30T09:38:49.366Z,1,,,0,,HELIUS_D1_RAW
a16BUsiuHRVqtLgxGmVDs7fJGjEfGvFcGA4Vvc5z5sovW7e8Tq5fmsyweV4uhY54pnXULR95rVQYxVpXgkZUU2h,442847080,2026-08-30T09:38:48.000Z,2026-08-30T09:38:50.537Z,1,,,0,,HELIUS_D1_RAW
37igdZzPEXpnHCEHTh3Eu2bFjn1rn5A5LzfvqBPMh9dwFb7h8y4wYWdXnmnRd8sCGhqpct7pUZFQ7ZmRQE1usYkX,442848078,2026-08-30T09:44:03.000Z,2026-08-30T09:44:05.820Z,1,,,0,,HELIUS_D1_RAW
5PVE729cw429DHTzvNXL9Vp889oqVv83Svu9XG8xzpJ6MsKMBKyAef6BjNs2VzUwC7viYkBEP6Ri7nvyWwT2FtVC,442848080,2026-08-30T09:44:04.000Z,2026-08-30T09:44:06.723Z,1,,,0,,HELIUS_D1_RAW
65qWfjmQ1PHBdQ96rEnhZvpQic9ZVYvCsnjx1EsJ8tbDLCmPMtsnfbVMzq4eRKL46BZhNKr2vxNT1hdNNqV3KMFQ,442848588,2026-08-30T09:46:43.000Z,2026-08-30T09:46:45.251Z,1,,,0,,HELIUS_D1_RAW
vRbKmbCsFkFNX111DFjzMUy7rAvBnE4AYgTHyCF2BnwgwR3B9qkVU6D83gimMkAX8zjHdL31jkTohijopGRuaxs,442848722,2026-08-30T09:47:26.000Z,2026-08-30T09:47:28.412Z,1,,,0,,HELIUS_D1_RAW
5Q4XAh3pZAeEePQojRQbdSTDySqU9vsyxuRgyiCERU6nzAu5XpHC4MH7Xcvifv12JAGS7bsRwmoaUJ1h2zEhjWqZ,442855914,2026-08-30T10:25:17.000Z,2026-08-30T10:25:18.912Z,1,,,0,,HELIUS_D1_RAW
qzocatZePumXxBxso1Rd8QrCNWV3VbMLrjnhhDB4qGc86pPc6KwcukMHbSx99MhfDCXZJPEYSpUmUmyr8xy95qy,442856472,2026-08-30T10:28:13.000Z,2026-08-30T10:28:15.868Z,1,,,0,,HELIUS_D1_RAW
2HhECTQtm3AoLUFWykrPfQwQw5xWiGFAnMVx4937cbDnj13UwY1UBSNAZRKwoSMtuapcjatVqX36Yc6NTh9YZ9kw,442865265,2026-08-30T11:14:36.000Z,2026-08-30T11:14:38.048Z,1,,,0,,HELIUS_D1_RAW
TVgH9ciPFjK9cJtYKRNzVBGWqMWtBXu6cqA9mHm5RgPh5XyfrUQvAJgMVdKPnCUzSDW9FrxixRC2MFsH2ckVnRH,442867710,2026-08-30T11:27:28.000Z,2026-08-30T11:27:30.226Z,1,,,0,,HELIUS_D1_RAW
2LBbD3x3L5mdj2JxB4kYFqe6FZAtcEX4aUe5zbYjktzu9CG9FX6mYmUXxi8ZiZf9fiDbshnyBwbJYVHCcygp2n8b,442895318,2026-08-30T13:53:19.000Z,2026-08-30T13:53:22.147Z,1,,,0,,HELIUS_D1_RAW
5shU9Mq1X42esHvcJzX6aiJ1ve147JvnrjuN1vQRwd5ab27BCDsyyC9oN7LdTRZ1EVYanWCptUHmtSmqvKLasUsp,442898696,2026-08-30T14:11:13.000Z,2026-08-30T14:11:17.178Z,1,,,0,,HELIUS_D1_RAW
2ReEtsG9PycyPLXGqwQmDUHYQeGVzdADcnwZjzLeEeT8cnEXgNCa7jT2JQc4LkdSKxes3bF5SUSWwnstJgJnRMbQ,442912075,2026-08-30T15:22:00.000Z,2026-08-30T15:22:05.501Z,1,,,0,,HELIUS_D1_RAW
62eQcaAgs8KP1sxwJ4mMmeeRRGwCp9eDiycZG6ZtVE3kimjndLPe4UtBMdfma48afsJvF6Jnv2B8RvqCyAVAE7NW,442914499,2026-08-30T15:34:45.000Z,2026-08-30T15:34:48.002Z,1,,,0,,HELIUS_D1_RAW
33HATQnBahd7YboG1rLGf86qEEMcakn2694dsLLFWrB1xCrLnFuq2EisxkfeE2x5QjvHBGxfmx3Hm1CCdXGN16AP,442921278,2026-08-30T16:10:34.000Z,2026-08-30T16:10:36.631Z,1,,,0,,HELIUS_D1_RAW
4v8cv8Sxjcjb3vVC1yCrJ7dTcwSxGSrzCJrvWu7MbyBbAizJJENMMv6U4CNP427pojXNWk2zeRBGosBaMvg5nP1,442924090,2026-08-30T16:25:25.000Z,2026-08-30T16:25:28.487Z,1,,,0,,HELIUS_D1_RAW
5ZHb1PBKQH6UXf1xJzZCHHRVgqNK3kXbTHMVaWsjgyqKu2Qtzp4yaYC35DAPhbVCQR1ej23vGxgMV6cfticsFAps,442924108,2026-08-30T16:25:31.000Z,2026-08-30T16:25:34.929Z,1,,,0,,HELIUS_D1_RAW
4c1UWujCzAdEz81uGFAAQrJ5xPy3hc1wgR4ReFzjU4WHZAiN2jm7ewbr2eE64iZmresqpqS5WwYMuhRTm4rFP6jc,442924143,2026-08-30T16:25:41.000Z,2026-08-30T16:25:44.880Z,1,,,0,,HELIUS_D1_RAW
2XQ6GHdw7nhUfbbEaSd1yR17ejsAmPETY937TBRQTXJS5aSyajWDKZdzBSeB573PvkZW9vaiZoMrBGtvTQw2m2eG,442924410,2026-08-30T16:27:06.000Z,2026-08-30T16:27:09.514Z,1,,,0,,HELIUS_D1_RAW
2qAcp9tk6pJVk1yZHyM8VoWLMri6c8BSHTngoaUQcqtw7s3rE8CAfN2HTDDPuALgirwJ8dBo1yfrU5Jb34NR491K,442932890,2026-08-30T17:11:49.000Z,2026-08-30T17:11:52.025Z,1,,,0,,HELIUS_D1_RAW
2nTN5E3W5tDrLhLbWHXBbnTsh1gyDWKC14dBfjKzssuh3x84aa2gajQFSBow7Lq4dZ1ea8c2qNxmveMdMWArFxKP,442945862,2026-08-30T18:20:37.000Z,2026-08-30T18:20:42.342Z,1,,,0,,HELIUS_D1_RAW
4rGPKBHqqLhzjS6Y5dbuTSUCxKq4LmSxk1LUGZhanbv1vBDdiFLqSGyEReA7P3gTAkqXnVWTFdxGw69fkJjsw87Z,442945928,2026-08-30T18:20:59.000Z,2026-08-30T18:21:03.148Z,1,,QUEST_RESTART,14,,HELIUS_D1_RAW
3J7XfHTJH7SUtVALv2EqCVhFcFWWgnwwH5P3wccpnpCuWZZzECdUEsz8WKfQqQ5wNUHXiaTgqUWgVH4K87EjzdZL,442952738,2026-08-30T18:56:59.000Z,2026-08-30T18:57:02.085Z,1,,,0,,HELIUS_D1_RAW
5kW2KAyTyrQcZGnPBCiXfHXMng4KZ15Xu1Uu2YGpUjZ9JNpksWwydiaU3JB5VRJESEfJ7CXcQzxPXciQ6rfUGsVR,442970940,2026-08-30T20:33:28.000Z,2026-08-30T20:33:30.559Z,1,,,0,,HELIUS_D1_RAW
5ZHGhBAQ3FCvcijGnNfGG9QqALDcgwMvrZEHcJYhsWe35senvaPNmBEwWtqGvL8ecAYJf7HdU4Hja8DueGdtjv1N,442971065,2026-08-30T20:34:07.000Z,2026-08-30T20:34:09.564Z,1,,,0,,HELIUS_D1_RAW
43RJQ7JAhaWiCVPsod5HxTG2oKWLYjGg51BgAUNNh2tNrKJrPtCgCoc7fLYpbbdR9cjHBFDqoGkNDTJfPR2nVrFm,442971068,2026-08-30T20:34:08.000Z,2026-08-30T20:34:10.497Z,1,,,0,,HELIUS_D1_RAW
5gGSXKWXZDT9wu7RCC4WsQ13QVafzXJ8g5tnhdAkRkM7Mu8WZezLRCYF6uZnpfF8jY3JrdTzGnm4vhnnf3AGuYx4,442971070,2026-08-30T20:34:09.000Z,2026-08-30T20:34:11.410Z,1,,,0,,HELIUS_D1_RAW
3CmadsvmCGeaqYp8gfauHLBujE4Ji9K4hkbAAb1Mr8zVWQcYCVxx4V1GhdnhhtjcQSJqV5uyDcpCNVC5bDU6KK35,442971072,2026-08-30T20:34:09.000Z,2026-08-30T20:34:13.212Z,1,,,0,,HELIUS_D1_RAW
64iMmqHHiUW8xqgDpt7iG4tAPbFANnQkwB3HDq1By7YEiABw2VRUPUn7bescKtLrSDVayq9opDyY2j8byPErfSyn,442995246,2026-08-30T22:42:07.000Z,2026-08-30T22:42:09.592Z,1,,,0,,HELIUS_D1_RAW
4h7ZXFietJcPsJXvF4y92SGMCrrLXt7hvabG54L3Ruke5YZ6JP8MZWSRVTn18kMY8W7U8P1bDXPtXHEUAPZGsecf,442995830,2026-08-30T22:45:10.000Z,2026-08-30T22:45:13.467Z,1,,,0,,HELIUS_D1_RAW
584guG5TvGrCCuxacZFxYEnd4JfxsArS6bHMFJiRYLq6T7g9gjedcWobzNBtDbG2N2BxmWoWnJ26PkLW2vGfM77s,443002634,2026-08-30T23:21:16.000Z,2026-08-30T23:21:19.487Z,1,,,0,,HELIUS_D1_RAW
efyMyY9wbN3JDhD3Chx1U4NLZaL9XqSis9a2E6DSS6hrdewm87C2UdPU59yRJvNjwfMYg4sYMqsXbcsBm4wYGkL,443002654,2026-08-30T23:21:23.000Z,2026-08-30T23:21:25.459Z,1,,,0,,HELIUS_D1_RAW
2Bg5xFNFyt5KVMiwjdLamrFLVnXkY7r6bHmhk65fZFCxJpT1ctrB6LdreM9MqpMAdfjZqQECiV7BneiGfKCLWNv2,443004143,2026-08-30T23:29:21.000Z,2026-08-30T23:29:24.551Z,1,,,0,,HELIUS_D1_RAW
2ZXNSWQAkXdnqXrQ5PVsYV5TYUKoNX3fhWR2Th6BFfwiYwVKcYhPkpiNfJk6CxUnZsB44dbZyeLnAMCoXxuxf7eq,443016008,2026-08-31T00:32:03.000Z,2026-08-31T00:32:07.637Z,1,,,0,,HELIUS_D1_RAW
5oPmWLpLVpuhrMK6gbockTiF27k14q1BU3GfepAiA6DLkPGKCw2VYJyxnB3LgJso2nGxqVKtZKrCrmfNgXFCTWZu,443016125,2026-08-31T00:32:40.000Z,2026-08-31T00:32:45.130Z,1,,,0,,HELIUS_D1_RAW
4gVqgGNDfcp5VBRCwgfs4WssV2MeH8z8d5EWXuKTiWxKcENn1D4jYiMftWjSL2kmdzJLfHfPk6mAWivXXzESAbSz,443016126,2026-08-31T00:32:41.000Z,2026-08-31T00:32:45.537Z,1,,,0,,HELIUS_D1_RAW
DMWiB48wdqUXs86HTrc7vqpB8B2VQvH7Gc8bFdAzUZ6JYpsRMVRSBB4gYFyctaUorEZBAdAUvt9xwir4RY2SzKK,443016189,2026-08-31T00:33:01.000Z,2026-08-31T00:33:05.038Z,1,,,0,,HELIUS_D1_RAW
Juk1nowz5r7uw6mYrkkNPXBmg2xP2FCZ6fYDuR9W3jnwLyUhXTv5NZLngmv76svqAV1h2ojuLQBAj2xJNbPjegB,443016320,2026-08-31T00:33:43.000Z,2026-08-31T00:33:50.231Z,1,,,0,,HELIUS_D1_RAW
3yvC4GBKx1MLxoqE68WYBSF7xhizzQS4BMa2i1CXsprreY8WpDzBvaCdewxxsXAfNeXpKq5Z9ZX3uJFiMeGsWMqG,443016376,2026-08-31T00:34:01.000Z,2026-08-31T00:34:07.282Z,1,,,0,,HELIUS_D1_RAW
4iLsTsXxkspc7SsPcMJQr3h1EqUd1kqQToFhpxrYmALWqRbRVmx7EZbj83Q98XEpLx498jw2GtsPWG1VRSaFrpTS,443016460,2026-08-31T00:34:27.000Z,2026-08-31T00:34:33.301Z,1,,,0,,HELIUS_D1_RAW
4iomCnzWrTg6Q2HEvCkg9gSzdWaX2hPdprZid6ZtnpuEY6BeeAjpeD6ZTZPXAZG6FLRhgBs2257BBWNFxegPBUKR,443016481,2026-08-31T00:34:34.000Z,2026-08-31T00:34:38.455Z,1,,,0,,HELIUS_D1_RAW
2Sqs1Ptsp7k8H2epFfMi8FUGG1iWPBBSXKj33SHJqSYjyJ9iot2RRXR2TV5tjhgzEqRuhcEipztvH7Zwf6m8BoNJ,443024558,2026-08-31T01:17:24.000Z,2026-08-31T01:17:25.709Z,1,,,0,,HELIUS_D1_RAW
nCzYEV8fF7DjvwvSsTJ6ifmAFnD53vySa9f4qtFiadcGsCMBz7CGZt3TxRtuXiMZPtp75DAbCFeM7LfGKc6emyo,443033656,2026-08-31T02:05:57.000Z,2026-08-31T02:06:02.287Z,1,,,0,,HELIUS_D1_RAW
28kHATm8FZGWvVJfyhHDx9qojfZifVsc4quS8h7zbNqKebT1y7b8FbWp4teidfHTkH6m5iwCDgvi1fQ8xiVKY893,443096708,2026-08-31T07:39:52.000Z,2026-08-31T07:39:55.819Z,1,,,0,,HELIUS_D1_RAW
2QEP8aDTem6Wu2VFNB2VK52WHVZb5FGKrBSZQFY28opiVePR3oaGaAPdnqDdB1xWofd5RhtF8bEUAzSTcFRyq7UB,443096752,2026-08-31T07:40:07.000Z,2026-08-31T07:40:09.351Z,1,,,0,,HELIUS_D1_RAW
2VbM5A6w5D7c8gQWaANAvjrv9dNP3oZaLMoLDk42Em64bQm7GQF7bowfUxoHu6vnXBwD5wngorgrvx7JcJeL7q2N,443097088,2026-08-31T07:41:55.000Z,2026-08-31T07:41:56.936Z,1,,,0,,HELIUS_D1_RAW
5dShFkzJgBBAHMWc6mTMn8cEf77UKANYkiiei81St2TDXfQTPv3LsaQY3NdCdL5JFPzmrG4zXBMFBVpQqwjLh2tX,443097090,2026-08-31T07:41:55.000Z,2026-08-31T07:41:57.688Z,1,,,0,,HELIUS_D1_RAW
3WghG1MZzagPbiWfQWdWZgU4PXaa8teKSVFaWbnCfFiHMe6NotuYfE48uMy8PKQU7yWF1a6tVWHcpvAxx5QXKWLL,443097092,2026-08-31T07:41:56.000Z,2026-08-31T07:41:58.350Z,1,,,0,,HELIUS_D1_RAW
xpiC2PgwU7f9QViL4s8wPX3NXLMSBd9VDYW9nEAjBGQkfhB4yroy6bAAhEXsPuQdAXjxyfrpHtPqkf5YnXEV1nn,443111422,2026-08-31T08:57:35.000Z,2026-08-31T08:57:37.070Z,1,,,0,,HELIUS_D1_RAW
55aNtcqYfnc1zh57qyFazp9Sg6tqeigfBuBKCFy3irGYpQMQv54zQjCQCX8Fo8Lhtc3zyasgpdp7ANrVQoqGwi9U,443111425,2026-08-31T08:57:35.000Z,2026-08-31T08:57:37.570Z,1,,,0,,HELIUS_D1_RAW
NBigpLMmTKg2TRGAaWXTznqTifbPknfu4ZdTcnqtpd61WgXijjrFRBVrWkArUfZHDJJUN4EQ1mgwA1j8tQRfE5w,443111427,2026-08-31T08:57:36.000Z,2026-08-31T08:57:38.221Z,1,,,0,,HELIUS_D1_RAW
2jVpQSYwU5yqEcR4AS2VSBjaqyf66Cp3f32TjuWZ4xrG9aPJ1YQ39UBmtWpwJfi2WFTQyWsnETYSTP8eNVjcBk3E,443111428,2026-08-31T08:57:36.000Z,2026-08-31T08:57:38.938Z,1,,,0,,HELIUS_D1_RAW
33W2QCd7B5jopyppF6szXpZtzPc2gNYgyZnqJqna639FVXF2JW92pKsHNtcx8qXs1fdZ6Yy4L2NbniSHC9K6fasA,443111585,2026-08-31T08:58:26.000Z,2026-08-31T08:58:28.932Z,1,,,0,,HELIUS_D1_RAW
2iB34kYVcsgGD8LQEPqsWoR2qiVvCtFm7L9YC7UNAMa4AUUoCEi88c8U7FECS4Gn9D9csocUDwZiFRqmqSQwJhHX,443111588,2026-08-31T08:58:27.000Z,2026-08-31T08:58:30.133Z,1,,,0,,HELIUS_D1_RAW
5s2oeWUAKMZ8fycJ1qCj1wB7mqh1ViKgMP6zc8AAhNX1suyRwvPKhm933VtufZy5Te98JVfc7vicfXfdeh2ogYeu,443111590,2026-08-31T08:58:28.000Z,2026-08-31T08:58:30.263Z,1,,,0,,HELIUS_D1_RAW
4EcNXugZW5AdnUDFdeW4rwrt4FcsYAafL4zKuFnsXBYCqTfEqDtv396CWp9nvN6C4W3GdbcLpCsvLVhEAUxzSnxi,443111593,2026-08-31T08:58:29.000Z,2026-08-31T08:58:30.869Z,1,,,0,,HELIUS_D1_RAW
zZG5s5CkehYhqem4hSWnpgSBAVDTmamcjrzWkRcBAfrUq498sG66MPrYCYhErVpszNijkTsF7UksfhL35VojdcT,443111734,2026-08-31T08:59:13.000Z,2026-08-31T08:59:15.692Z,1,,,0,,HELIUS_D1_RAW
636LvkQzBZQzEz1dpq52coSoopKCndqFiCGjuZhinky97bn6dhBpdsB5Eiw4MkLxcbnC6eoh5YKqw14aSom5Do9U,443111736,2026-08-31T08:59:13.000Z,2026-08-31T08:59:15.412Z,1,,,0,,HELIUS_D1_RAW
LaUS6szYARh3aY57JqEe4n6aXKWZExCtYB1kytb6gZKvt6EHruK74gjPhQxjeNo1LvhJggUfmEg23ZLvu4Lac7G,443111738,2026-08-31T08:59:14.000Z,2026-08-31T08:59:16.039Z,1,,,0,,HELIUS_D1_RAW
4zYQ1ck6BfDmarorAWRAP5ZKd2L4nW9oExdewtgWRHFQL6fTqJwQimM7JrYr8nSxKBJvYcNU486YqGekv7Y7h1qd,443111740,2026-08-31T08:59:15.000Z,2026-08-31T08:59:17.113Z,1,,,0,,HELIUS_D1_RAW
4sZzNogoWgprvmMP6gcjT2obER5Y4PQyXmNs8tULkHcHdDdDK2Su7dZgBSwVUJ3bjNAMBRtwu12Mjqr5cPLsG7NN,443111742,2026-08-31T08:59:15.000Z,2026-08-31T08:59:17.295Z,1,,,0,,HELIUS_D1_RAW
qKvjCbrwJ79cu5DDjUBUiizqbNA53V292J1SX9L2e5V7bcTHz56Emev5BpT65ZK95zb6cyUf6HVy3uFfmkcY4th,443115368,2026-08-31T09:18:27.000Z,2026-08-31T09:18:30.188Z,1,,,0,,HELIUS_D1_RAW
3fzpLDD7xUVZXATgBo9nD6tRsygSF7ZbTkSvqNgVHBLWxXSK7EMFCX1ZG6yEgM9J2EnqUuRjgq2z5wpAKQAAGLY9,443115371,2026-08-31T09:18:28.000Z,2026-08-31T09:18:30.699Z,1,,,0,,HELIUS_D1_RAW
4P55raQ3hg17cDgMvcJwKr6suagZu2W1SPLSRtW5E9UxCEsaP93A7AaXzMitQJxXSU7UHLJBuVozySrxdxY8DRKd,443115374,2026-08-31T09:18:29.000Z,2026-08-31T09:18:31.334Z,1,,,0,,HELIUS_D1_RAW
5GWRkJGyMRmGn4TZXZJVYgwgFCWFCou3RbSBAcBiXPBZtWUxV1mUatckhSDMm6gVqa18ATHsEM8x367L1BdMJHgA,443115376,2026-08-31T09:18:30.000Z,2026-08-31T09:18:32.488Z,1,,,0,,HELIUS_D1_RAW
2fZzgRsqEJo1MVW17VMx8nHo8CEig46VRV9EtP6NRgENgm1qGMmBreMHQKdn2wTMAN5B7ph2BcMVEmmwpaDnXezr,443115379,2026-08-31T09:18:31.000Z,2026-08-31T09:18:33.121Z,1,,,0,,HELIUS_D1_RAW
5E6fdcDhpeTJx5yonmS8RQphjs7dwCQFPReM6ZikSmsYNUBZ4U22r9e3wyb8yL4bsgZWX1kKeo3gkP4c3YbxqnN1,443115434,2026-08-31T09:18:48.000Z,2026-08-31T09:18:50.324Z,1,,,0,,HELIUS_D1_RAW
rzvKWAb2EZgaQWTnbd6XbwhF8etNa37pb9p9zpmrKq2gNJtVzyBUqRx8HK7RTentBmE7osGmrN48HVpGdELU3Cy,443115437,2026-08-31T09:18:49.000Z,2026-08-31T09:18:51.011Z,1,,,0,,HELIUS_D1_RAW
1UHV9ATsh3UsAG23JUA4gtw2jHgE1QrBCGBeYdAKk94HK1VEEWs8Dn2m3hBVxBpp95xLefPQfwBK8sjddJoL4KK,443115520,2026-08-31T09:19:15.000Z,2026-08-31T09:19:18.439Z,1,,,0,,HELIUS_D1_RAW
5my82k9a8T2qBvDKWQpUSSo1w3iMKGRnoYWYgoRzWZincpynJKB2pjpsfCBMAZrFtWpM6QbsZ2wucJECo4HgiTWu,443115523,2026-08-31T09:19:16.000Z,2026-08-31T09:19:18.706Z,1,,,0,,HELIUS_D1_RAW
3ZSfd9F2EtH8CTc8ovbaZSraxD8gaSVKSoN5uKWBqVmjkhmtijj5BGEAQfNwyyxYVkypZ2JneLKKZJ3wqMD7JQhu,443115525,2026-08-31T09:19:17.000Z,2026-08-31T09:19:19.325Z,1,,,0,,HELIUS_D1_RAW
2WXp3gCtTU9dz7bNTcEuZUofQ9zHAt6pujPQacKvbK8ReQ2WkVQXqC3Hwenz8qcqHTYkMz16ACq9WdDbFzURww2m,443115527,2026-08-31T09:19:17.000Z,2026-08-31T09:19:20.058Z,1,,,0,,HELIUS_D1_RAW
4FombvQVQwjSAhB366Cbsg8N19Ungvq5rutreBZX6vJpoc6jr9MY532443kgAvVrupGdauSKFtgRmvpAQhhLMq2w,443119028,2026-08-31T09:37:42.000Z,2026-08-31T09:37:45.039Z,1,,,0,,HELIUS_D1_RAW
2pst3H8CuFX8u44G8f7P5NMYzG3dwpkuq8iokqB5Wz6cFwxwPPs8EMvK2CYJ3HAiYo3wAzHSTjhcsD4zuiHcJwQg,443119112,2026-08-31T09:38:09.000Z,2026-08-31T09:38:12.001Z,1,wZNJD4uwBcdt72n2aRQDnQzE3DfU2oQ1iB7VyKYzo2Z:TRANSFER,STAKE,0,,HELIUS_D1_RAW
gzWuwHek5Qn5s3Hhw4YpHs9cjsidAhLuS3nNFfBPubPke6TDppk7TrXQSQcVi29RpRm8GJt3UGz79a6yJXhs9Rf,443119144,2026-08-31T09:38:19.000Z,2026-08-31T09:38:22.523Z,1,FQtB3QW6YUXB8yokkRV2qnoyioCCY9mdAFkuHguJWPWD:TRANSFER,STAKE,0,,HELIUS_D1_RAW
56gfEv8Xcc3c7FE7aNtwpJRCpcriDfERHrdsGosZy9NAQokdXSna2XEDw5wRv8QAtNd5p2VdgtGH8jyxP4q1LqjL,443119175,2026-08-31T09:38:29.000Z,2026-08-31T09:38:32.847Z,1,DxdbGub6HH7D8woX6KWzmrsuNj7VAEctSGXYXC7ffQst:TRANSFER,STAKE,0,,HELIUS_D1_RAW
5p88HrF3JK1ige1Uar8QwaduJNkZ9VrtbF4ztCSedpiamFwDFJQmVYzCKYbrUiG5iYsMozZLhA5QCZBKZG6zeF99,443119208,2026-08-31T09:38:39.000Z,2026-08-31T09:38:42.149Z,1,DgVn3Nd7qoGhq41wxAVggpkC5CZvFxydt9zDy3CdFz56:TRANSFER,STAKE,0,,HELIUS_D1_RAW
zk7tnbSCQa42gR7anMA4zbR7H8yvPSXkFubJDuJkEPRSb61UyKrcGqDEKCm3MaSSxzEVEX5FwdK3itPzdi4jqia,443119239,2026-08-31T09:38:49.000Z,2026-08-31T09:38:52.762Z,1,BaRrcUHQZfs8TMNGjAH7aU4xuqwkCmVxKvdFsDsWWHfx:TRANSFER,STAKE,0,,HELIUS_D1_RAW
5rqET3n1SkPB9jrcz8yM3KNBt6b2Q925G69tDBYwhL5yd6cLZzD3gSDSSgsbFqwtJkuaCoAvuRNq3eCNaKxhpdWi,443119426,2026-08-31T09:39:48.000Z,2026-08-31T09:39:50.709Z,1,,QUEST_RESTART,72,,HELIUS_D1_RAW
4B8bZT4WCQEnuBbaLNb3FABc8yH1PLxehUXVr5tFuHGWmPt9561QHh7uvKHQkBBseovUroYBfLabyvuE2HVGMiKd,443137288,2026-08-31T11:13:47.000Z,2026-08-31T11:13:50.322Z,1,,,0,,HELIUS_D1_RAW
5oH9rPM9R1wY8eNqwjX3bueCf2Qb2WgjyXectUSadEC7sYSVY2WT1xdztKsd6J72GYdVpepniWXuH79bMu9K82S2,443137290,2026-08-31T11:13:48.000Z,2026-08-31T11:13:50.226Z,1,,,0,,HELIUS_D1_RAW
4fXE3YTpF36ftEmhcrDJadKBABkN9FcdUTzGMndBxrto3QcE7TZcDrhpVSt24TYYLMk6GWpTP5d6NMUFrxJDV2JB,443137291,2026-08-31T11:13:48.000Z,2026-08-31T11:13:50.837Z,1,,,0,,HELIUS_D1_RAW
3G3FcPt4o5cpjjW4KeiT1JKnt3JUjDKnbuykRuYJf6P7kkyZEc4f9z8FRZgTQ9kRBBHuDr4SmrfZe3iH1i2swPoR,443137485,2026-08-31T11:14:49.000Z,2026-08-31T11:14:52.024Z,1,,,0,,HELIUS_D1_RAW
4dtUrXC4RkGA5QEBCx2YS5dQZYUrXLjN2ip2vRwfS76hUwBfLC4eRXBwhPsb1jAmyX5DvXMAwwFX7SN4eshYy3EY,443140873,2026-08-31T11:32:45.000Z,2026-08-31T11:32:47.902Z,1,,,0,,HELIUS_D1_RAW
5d3y6TCYSzqwedgK3J4bumkaqea6t1yZuLdCSiDxcxr5wTa3A3eyQzuh8RPT3ddZvgWrRHT4BcFUZ8E59Lov6FsV,443143375,2026-08-31T11:45:53.000Z,2026-08-31T11:45:55.319Z,1,,,0,,HELIUS_D1_RAW
3T4XF8TcZH12a6Ex7tGf6xpGvMNu54kts336EFEDS47HG5oisNzwHez3m7NF2zn9UFNCKMLVSWQk32LQDpRzePuB,443144578,2026-08-31T11:52:10.000Z,2026-08-31T11:52:12.566Z,1,,,0,,HELIUS_D1_RAW
5sSyRbzTZ56CG6e5QqChiHZjB6JChJXLoHPREmgq6aiDTyreftNa7LY14D3KshJKGUGcPbt2XYwfahxqDVkJyUer,443144792,2026-08-31T11:53:19.000Z,2026-08-31T11:53:22.779Z,1,,,0,,HELIUS_D1_RAW
5aFWHXRYEkpPf3aLrp8jD5JUicszdoqyq8tL84KCqWeTmMXwVJG9scgVvewzC5ZVdqzqnHDAY6NCUd22beUu7Vpb,443150843,2026-08-31T12:25:15.000Z,2026-08-31T12:25:17.554Z,1,,,0,,HELIUS_D1_RAW
4VfUj8jYnM224PxJoPCkMN9uN9V2DgG2Zzegj9pMNc8bb3vpe75DxKJQzWZBSourHtHVF8MnGRVFc53gDFWMF9Dd,443150845,2026-08-31T12:25:16.000Z,2026-08-31T12:25:18.560Z,1,,,0,,HELIUS_D1_RAW
JjENQUVUT1oGZSYpHJVNeEgKHDJz6PqLVcXXSwtXKEARaH3A2u4egyHtnDx4ms2UauWZZwmexZASHazfKxEuGAD,443152275,2026-08-31T12:32:52.000Z,2026-08-31T12:32:54.392Z,1,,,0,,HELIUS_D1_RAW
4DJaLAA4j7WJtuqhRTMVK2BrAazZjPnURDm9xLHZEjFj3XmuVGpUiR8CgGVBW3nmb1LiDaJpkkjsah5C9WJcBWUp,443170407,2026-08-31T14:08:43.000Z,2026-08-31T14:08:46.250Z,1,,QUEST_RESTART,2,,HELIUS_D1_RAW
sNgKJWoGmy9gkTSxTGKKE9mBHF5oskkdkuNYMaaxjmBDatpQA1MMfaCGeRyoDDjYoaBra8trCRaFRzDtQ6bYZrT,443170469,2026-08-31T14:09:03.000Z,2026-08-31T14:09:06.943Z,1,,QUEST_RESTART,2,,HELIUS_D1_RAW
2tNtJCjJH1BHHcpCYwxrGsyr2QWEha5UFvUPCDKHXQrNwmQN6th5meJMLtoQ871oSJermCu5uKHgkgSpRtSLKeLm,443185156,2026-08-31T15:26:54.000Z,2026-08-31T15:26:59.033Z,1,,,0,,HELIUS_D1_RAW
2XtDXobN9p7yE4d7SAB7norJKdxudd9Vj5j6XUZUcue4W4KmARdLnB1N3FNadWp2WaJURwe7RHSiVhwCgAuMnUD2,443187779,2026-08-31T15:40:51.000Z,2026-08-31T15:40:54.983Z,1,,,0,,HELIUS_D1_RAW
4hez2uZhQdjHEg3YajsrwYEnN75Vr7HAnYPeJjTFFXZQigoSEZcUV4aAQGhkYaZxMHkybXKTkK3VYX6v5s8GyYcn,443194880,2026-08-31T16:18:21.000Z,2026-08-31T16:18:24.739Z,1,,,0,,HELIUS_D1_RAW
22k9bkSzvxhn8SMtTrHiyiC6TJFVMvHKSLP9UE21odByPMAHe1ogDMpQG4U2aEw9KnaJgQX7vp6M2rBSJxCSTvNC,443194934,2026-08-31T16:18:39.000Z,2026-08-31T16:18:41.961Z,1,,,0,,HELIUS_D1_RAW
2JBW1Rc8aPSb2adXRs64KKc9fufoGfTZXSqVFLe1e2cYHCvJPdPegYDMZSAzxRGvoAAnNh89p22QaFUzFasYcmbw,443199297,2026-08-31T16:41:44.000Z,2026-08-31T16:41:48.965Z,1,,,0,,HELIUS_D1_RAW
5bhXHZudBByg1XjUZdtzerghsbfnNBrRvMCEdHt9CfGFxJcfLkd34tRva95yiAoVysz8HkWz9fz5qiaARJnmREnf,443204251,2026-08-31T17:08:00.000Z,2026-08-31T17:08:03.853Z,1,,QUEST_RESTART,81,,HELIUS_D1_RAW
41dmUE2HGTr23LKrHBAmUNjmq2v56RKhC5h3R2mXk1yWx67FfTkVXReS7WKBo76YDpNn9H69HbT5p7PRBPWi71XX,443208771,2026-08-31T17:32:05.000Z,2026-08-31T17:32:09.738Z,1,,,0,,HELIUS_D1_RAW
5tGE9Ho8pVWazJn5UnaQgPPrffxRBWGXQs3y1KERmHrT7sX2uL57iC3xVemmvZMr8f9gTUPp1kLLNEpvUndpzkDg,443228244,2026-08-31T19:15:00.000Z,2026-08-31T19:15:05.181Z,1,,,0,,HELIUS_D1_RAW
37hQYFbfTQoaaf9FzbHPRZH38SpCTBqvGjHF7AGyguFCqKzGTeZ8nP8hhp9bCcmtmQcEuHzrjWWySso27H3v9hGx,443248586,2026-08-31T21:02:30.000Z,2026-08-31T21:02:33.162Z,1,,,0,,HELIUS_D1_RAW
3PmLtj6WxoeC3yJjZygvSEyufaxUfq1x96F3enVBJCC6U619Lzmt7xFtUySq7wtf7AT85WeeRfsJZsroDDoYirEU,443252342,2026-08-31T21:22:30.000Z,2026-08-31T21:22:33.196Z,1,,,0,,HELIUS_D1_RAW
2ghd7DMyCPo158SfYqhXfGBh6TRv5fCm3VtvLpyxWYxWEcpZ1mG2rYUxKpy4QXPKTJwsRm5ZWos6xqj8FPgdAxN9,443252397,2026-08-31T21:22:47.000Z,2026-08-31T21:22:50.866Z,1,,,0,,HELIUS_D1_RAW
2eNHW7FoVySQa6JyNYwEsuPzSjhd6yNnyhmmUM7BHJbmu3kxKQuBPVxS99FxEtTBf54qcDh16zQNfhG9ru7tc5Vu,443252422,2026-08-31T21:22:55.000Z,2026-08-31T21:22:59.358Z,1,,,0,,HELIUS_D1_RAW
3zbhCyZJsiDuNT7VSM3fHnxxx4j6Ym13B8caP43YoEJUUcFAjo3v5gtwnRBc4CpgGrLhVejxCGfwsG7BSnLpryJS,443252450,2026-08-31T21:23:04.000Z,2026-08-31T21:23:07.796Z,1,,,0,,HELIUS_D1_RAW
2rFA7MGiF8FHH6J9uYiESwGPfr29xSEkDhQoL5ywNyDzc6GABt4LBNtTrQVJsgvRLiWNiPxV2f3QGZw6HkanfVcB,443252479,2026-08-31T21:23:14.000Z,2026-08-31T21:23:16.568Z,1,,,0,,HELIUS_D1_RAW
4CsXELmkQ4AmDAdSzimXx1NhmP9HNgqut1584ZeKL1bQBaodt8bM16MPNpyPJnadU6ZFGdhz8YsxH55yaAiuu5Cy,443252501,2026-08-31T21:23:21.000Z,2026-08-31T21:23:23.590Z,1,,,0,,HELIUS_D1_RAW
4w2D4T8eQeC2mGrWmAuQo4egUrsuNCq8SEnciuSR4pNPepAf8nBnYPo4VyyMzjiv9R1NoV6CoXibVUnDpMnk4ZN6,443252523,2026-08-31T21:23:27.000Z,2026-08-31T21:23:30.419Z,1,,,0,,HELIUS_D1_RAW
3qk2EquWvq2hz9F8nPnfHwpH8HSnEj594gNKYfg8UGCGJ9sxbKKUSnudeNtoD1CxWhbCaAQ6AVpMoCmKipnPwXCT,443252536,2026-08-31T21:23:33.000Z,2026-08-31T21:23:36.965Z,1,,,0,,HELIUS_D1_RAW
65qa4VLxfR9bEMko4exqaoHwvsYQFH8S5ByxUoxvsbJPmhQgLmpVr8fJsgvsHdDhyY1uJrDcm8B2MuVmNHMZ22DB,443252559,2026-08-31T21:23:40.000Z,2026-08-31T21:23:44.447Z,1,,,0,,HELIUS_D1_RAW
4JW8pNuB1naPw79hzrqChysFJLFu9PEVGgU8Ff8GsNKj4fp5a9rLwqmo2rWZ21uKs4t6A2TBzBr7ZW9JdCf51UoA,443252684,2026-08-31T21:24:22.000Z,2026-08-31T21:24:26.633Z,1,,,0,,HELIUS_D1_RAW
5tk6ZV3iojEpEqHdiPZR2gVZX4ipUQjEqpjAfn7Cvsw3aeFMf1NNmnvAp1mqtWUB5WBQuutajYkeJZayuoMgghyo,443252704,2026-08-31T21:24:28.000Z,2026-08-31T21:24:31.438Z,1,,,0,,HELIUS_D1_RAW
4Fc9qHJZRzKw59Ce5vNC9YE9a996GDh75Vg29tK1DjKFU7kJViAAa2zkZmsct2CzfNW5S4x4UJSgjCaY1iPRfni1,443253593,2026-08-31T21:29:10.000Z,2026-08-31T21:29:13.761Z,1,,,0,,HELIUS_D1_RAW
oHGRZZszazxAZEBC6eZqnFV52YUGUVKpAvk8njAcZb6UY9XR7hWby5LRyRmtBUaAzYsZSZQtvk9tfMHicFBarBM,443253640,2026-08-31T21:29:25.000Z,2026-08-31T21:29:27.529Z,1,,,0,,HELIUS_D1_RAW
3cbyvVTeU7WEehQ21nbXqL8cAvze5a9SXW1NGMGbrbw2U4oBDNNxdXkwxxFiGzWtRDaoLkEPH4kXAKzgBGiXXYtm,443253672,2026-08-31T21:29:35.000Z,2026-08-31T21:29:38.160Z,1,,,0,,HELIUS_D1_RAW
4RQyJH5U8tCVwgBrCj8fQwC3hWtm2aKEQJFpnwu1crdydASh2BSYkVLsapqzxnYdzgNjnrSKrARpq3pJNAVabbCY,443253692,2026-08-31T21:29:42.000Z,2026-08-31T21:29:45.022Z,1,,,0,,HELIUS_D1_RAW
5uz3ghKAjjiqVu9MatGmBKnJ4sPsY3EMnTJgn6QJnsWC1FXBP4L86bnWtiR8MoWnzMBBwSapzJHD3D5vY7WNvt1V,443253773,2026-08-31T21:30:07.000Z,2026-08-31T21:30:10.747Z,1,,,0,,HELIUS_D1_RAW
4oHvR33raftYVqH4W4R1MUQJmkjutgtMZ1ruenshJ3snqDnj6S4KMixtbfminjHSFJ4zjk9nSUHg7iyudzeYyPXF,443253823,2026-08-31T21:30:23.000Z,2026-08-31T21:30:26.801Z,1,,,0,,HELIUS_D1_RAW
5BgQ395JbwtLXezWoJW1e6MrrBByRvA5qLYbQwPAp8LuQVds8dxBYvUf5wUzGwezNKNfjeQhY8DK8DpFVXCvLU7q,443253852,2026-08-31T21:30:32.000Z,2026-08-31T21:30:34.785Z,1,,,0,,HELIUS_D1_RAW
464jCXu6iV8unPoLqnoAP3kwrVDLgvkzDCMcY26fPtWrHMu5Khj1qXZWwKNw6516ZL1dHP9HMJqRtpVPLzfAiPx6,443254070,2026-08-31T21:31:40.000Z,2026-08-31T21:31:43.346Z,1,,,0,,HELIUS_D1_RAW
3fxJq6wFoaF987RWdpAaffC4cYSbqfDatwp1cbytT9k6ecs2DtKLxKJLgxtBmU7o8FEnnKVhqMfNjd6mPFvcy9wU,443262721,2026-08-31T22:17:33.000Z,2026-08-31T22:17:35.267Z,1,,,0,,HELIUS_D1_RAW
5Yx7SjD2yp6m4eNmJ1SH1wt9EUX1jNA9iQ5pAje7hUw1EAoMq4JWGntwkdcCV8yYA2FAoyM22AwZCwWJVo4T4BUJ,443282177,2026-09-01T00:00:25.000Z,2026-09-01T00:00:27.587Z,1,,,0,,HELIUS_D1_RAW
2qhRT6s5nTscgfwyHzbQ9ogWt4FyAXzFfeqeefswpvA25Tnm7LNpPYf3X34UNWgNgGVvVi6xK4HXSZeqHBHJqRCT,443294786,2026-09-01T01:07:02.000Z,2026-09-01T01:07:05.436Z,1,,,0,,HELIUS_D1_RAW
4ZrkbuquC2WT4UAa9uPxe3VS693fqnBVTJVU1gjMFWfmH2YjBbLWQNapmgnwXfZjE919cNvttNmCW94y7WQakrMm,443295088,2026-09-01T01:08:38.000Z,2026-09-01T01:08:43.674Z,1,,,0,,HELIUS_D1_RAW
2MUMxryENZUwvofHVsZtsQGjUQrLEQRPT76BS9YEuE5W61CJsyQbsLBorAAXje9fiEecbigXWReqj4wY4e4ZheE4,443296973,2026-09-01T01:18:35.000Z,2026-09-01T01:18:39.068Z,1,,,0,,HELIUS_D1_RAW
2LWNUR94GCReCUxEgdwLNLE2hpxQzjbHn9X9F8TDtiZvMb2ZUsFcqkERbPmju5UF28L5fCx1NdUPwXQY3QfYgS9j,443309384,2026-09-01T02:24:25.000Z,2026-09-01T02:24:30.473Z,1,,,0,,HELIUS_D1_RAW
GSTJsSVvqNXxLDxiRw1S5iyHiARKTRXyQKNK8Lncd5JZuQJjuLqSKwJycRN5QEE46HzbBosGHrpjmuDLRLgTADq,443314703,2026-09-01T02:52:30.000Z,2026-09-01T02:52:32.754Z,1,,QUEST_RESTART,360,,HELIUS_D1_RAW
3PUZk7NTK1R5KYTqU4qciDERCsvZVAssda3a3TWHKP11VvkHmvJhtTab8NY1UX82qU5YSYVtZj6opCsh9DcED73q,443345047,2026-09-01T05:33:15.000Z,2026-09-01T05:33:17.821Z,1,,,0,,HELIUS_D1_RAW
2v5gV5xw8kAkekqoLBNYtmvEzdA3S9JxYq1zmwD7rR3vMRLczVyfEb9rnzc2HqYdtVXDADwrTkEgdPUmabrxUaYP,443353112,2026-09-01T06:15:51.000Z,2026-09-01T06:15:53.361Z,1,,,0,,HELIUS_D1_RAW
481BoF2mmqPs1yPsHL5rYGtSkK1ZKNa9MaAs1nMzdYdpC6KeRxwvVDvfv83Ec6jdyAMjPMd5yPRWHTa7oL5UqZAF,443353112,2026-09-01T06:15:51.000Z,2026-09-01T06:15:53.358Z,1,,,0,,HELIUS_D1_RAW
4xZ3tRFwHqqqrkJ5tUT9bTw1qmBhLVpgpk9HjnjFynDP2vWgouX1bf4tMnnetdJuKmK2u5FKiZoYyk85FrHQ7B9r,443353112,2026-09-01T06:15:51.000Z,2026-09-01T06:15:53.356Z,1,,,0,,HELIUS_D1_RAW
587bhJej1Mi122ftisqTKgadJWi8C7skUbZuVtceqwFv1tQvMKUAxKEzDsnDMTP99eh9xZHVySJgyyVS4DeoahU,443353112,2026-09-01T06:15:51.000Z,2026-09-01T06:15:53.358Z,1,,,0,,HELIUS_D1_RAW
5AHBcKiXQoCSSAxm6nVy1bT2hHVYQvrLC4dH54gRfxbDgaTzYYHrk71qKU4dcFq2voFiX87NRskTzP38mSYdVTvc,443353112,2026-09-01T06:15:51.000Z,2026-09-01T06:15:53.450Z,1,,,0,,HELIUS_D1_RAW
4FuTURvUe5WkDMVMR5Xe4LxDqj4yUm9vc92QcG8Pmc5V9iAQorpJMScgZJcem6HjtpyL5DALaYv1xwxrvT56YjVY,443355608,2026-09-01T06:29:07.000Z,2026-09-01T06:29:09.413Z,1,,,0,,HELIUS_D1_RAW
2HCxkApibDNMatpwauNyHAXH6VaCFHNYS9vf9JyRXbsmzrDnD9Wo5F6cgAx9KPq65VrwFCVE2154mB8v22QeVB8w,443355612,2026-09-01T06:29:08.000Z,2026-09-01T06:29:10.963Z,1,,,0,,HELIUS_D1_RAW
VYknZtfH7vk2LGyaS3LzZkQkxdxpMubRqBCnXXETUonfYcMAVCCDYEG2ae3pkD3MpvR7k4iiSoiUcsNkjeVcvdM,443361960,2026-09-01T07:02:43.000Z,2026-09-01T07:02:46.275Z,1,,,0,,HELIUS_D1_RAW
4MEouGddGKknn7fBvUcuAexn7A2MpYk5CaSmfgxNBKsKhkzvzyR8JS5B6UX2jfXzhowQydKzLBWzqRL4Nm5hhhMS,443362798,2026-09-01T07:07:09.000Z,2026-09-01T07:07:11.845Z,1,,,0,,HELIUS_D1_RAW
GVkibZSaZH4RxAFAxyM6c86RXE2zkfAkgyfHaB7x6oex4cdt4uD6Cc2TbprZDs62CCpkETvge27AMg2oBEWoBuv,443363843,2026-09-01T07:12:42.000Z,2026-09-01T07:12:44.539Z,1,,,0,,HELIUS_D1_RAW
3RsaxsWPonGxMyiGDYw4Ck998imxHAPo7KMbrVFM7z6y7WphHaKPw6sAS414G9BYkADcbnaGLnWPFE2XcvfHZJ1i,443366070,2026-09-01T07:24:27.000Z,2026-09-01T07:24:29.362Z,1,,,0,,HELIUS_D1_RAW
5qYkGXRXsPvEYyuhbayDGDyLSiaqEHxncyKkarboC5EAk2oN1rwy4Nd5bJZKrZx6cPmRy5JJCR8rypRNTQgjGpwW,443366082,2026-09-01T07:24:30.000Z,2026-09-01T07:24:32.985Z,1,,,0,,HELIUS_D1_RAW
3vBLBUPj1QbAt98QsGXXBK4Jq89CbDLH7Khbty3jDKYy5HRrFi782zqJCxz3FxMoY2QRoZVRuV1yaJoHrvFdxvUV,443375299,2026-09-01T08:13:14.000Z,2026-09-01T08:13:17.183Z,1,,,0,,HELIUS_D1_RAW
5LxMaD4WYfeWVyvZGzKQJQRAYgZK3CnzMkf7QHBGzhtQdrYP8PaFciixEGyx6LQFTpQRMaCokAuwtbkmsNs5Egfn,443380416,2026-09-01T08:40:21.000Z,2026-09-01T08:40:24.272Z,1,,,0,,HELIUS_D1_RAW
5CkHeJW2zL9DUWd9Rky4bshJRVYBRSZLVwys2Vj72X5RuR3NyzZc9DPSQgwd7nYwgG5zshCimwrWKwARRsHxuxYr,443380417,2026-09-01T08:40:22.000Z,2026-09-01T08:40:24.073Z,1,,,0,,HELIUS_D1_RAW
4oaqQ3CycuhEdupJeMoTuPyNnecHzinYqFpSw4ap3sA3ovEn2Uz8yAetuRt8cr99FGgBntUFdKwQNNzp1z8fnVTq,443380418,2026-09-01T08:40:22.000Z,2026-09-01T08:40:24.578Z,1,,,0,,HELIUS_D1_RAW
4Z7aUbaL13wsUdGoz32Snr3ApXJxWg7arqNU2dXXYKkh11qehnKagZ7Gi8ZGLCnZYShxLWf3iB5ChEgjpaqCUHK7,443380419,2026-09-01T08:40:22.000Z,2026-09-01T08:40:25.027Z,1,,,0,,HELIUS_D1_RAW
3iwsybEzZxF6jPD6un97QYXc7gK75JWe2QHDAnm8CEuqMQTS9ovbjctwoTURvMQFXDHhASoz9XbxgLcm36C1BFVC,443380420,2026-09-01T08:40:22.000Z,2026-09-01T08:40:26.090Z,1,,,0,,HELIUS_D1_RAW
54kLqhiN6HuGnjYmNUp1CRupzeCnWekTicJpdcsTttKdrDxfJZkuBDV44Hvmsk1A85USpMtET1JHSZzACLPf4fbZ,443380581,2026-09-01T08:41:12.000Z,2026-09-01T08:41:15.083Z,1,,,0,,HELIUS_D1_RAW
3A2ecSgPMWuBJvv5uqkaQeCvfVBWNEyFpyjf3w5ZmjAV77eGXz6uzmZW2fCpbtpgLyx5QDAbQEL46nsRm2a3wiNP,443380583,2026-09-01T08:41:12.000Z,2026-09-01T08:41:16.535Z,1,,,0,,HELIUS_D1_RAW
33DxN5EZDHKMKyRWyevYzKxRdoHBgTKmWqgYJw4Cc4cfJguqyw6726fHx4j2VvArWoKN7ZwGVWMkSN4WUnTswQFJ,443381439,2026-09-01T08:45:46.000Z,2026-09-01T08:45:48.815Z,1,,,0,,HELIUS_D1_RAW
3jfwmFc7kJFcs1JyLmDJAwpWfwMvugns9zXME7DX33RKA1HqxFcPTqYxLmT27B3YrQ8DdKsUhyMggCqkXkRXmAAw,443384296,2026-09-01T09:00:52.000Z,2026-09-01T09:00:55.867Z,1,,,0,,HELIUS_D1_RAW
2CfvhjPvB9n71zRxjTWJqZTDWw1F1Y4jvkrNHet5T6SSEK17Cbrkpoz68c49NfPnqruX51FyGxnE3zVRhaLQyM4y,443384632,2026-09-01T09:02:37.000Z,2026-09-01T09:02:39.854Z,1,,,0,,HELIUS_D1_RAW
GDfvoCBQ5HG7E42yuHLJr6duRTNZLwbFwwRELDki9g7RWeenL3Cp3VpNgEccB9krHm5gNrW13BrZCYdUdxvXUZY,443387437,2026-09-01T09:17:27.000Z,2026-09-01T09:17:29.438Z,1,,QUEST_RESTART,2,,HELIUS_D1_RAW
99VGhvh1M1eDSerQ46zfVRDdPgcZHgGHbLJBUKV6KQnBrNSXvnfXSTW11ZGAppkQQAUWdrCDBcNqLSHkgC7sex9,443398512,2026-09-01T10:16:00.000Z,2026-09-01T10:16:02.643Z,1,,,0,,HELIUS_D1_RAW
if5gW8UJu5r4c6rGoFgtEKHYGhrxSck8ATBzH5hEE1hgx5jHXYTuXXPvtZJRw9gkjYjoLYdEHJBJdDvRQKDDDjn,443411932,2026-09-01T11:27:07.000Z,2026-09-01T11:27:09.183Z,1,,,0,,HELIUS_D1_RAW
ECt7AEtiCAmgq4HzTCSm43fsXCk1wzNksJagPSv8MZKpdYDceGKHMABbRq5AybMXbVkxLpXQQrmo3TFmQMLbiRS,443413886,2026-09-01T11:37:26.000Z,2026-09-01T11:37:28.446Z,1,,,0,,HELIUS_D1_RAW
5LVHYBEtkWrAvdiD4Y3YC5uaErf3zUxFFiARxM1NYY7cAtb7wKaPdFwFVB5f9bKusZhwuDbCP72ZyezuVjr59TD4,443420024,2026-09-01T12:09:57.000Z,2026-09-01T12:10:00.533Z,1,,,0,,HELIUS_D1_RAW
22GDTjXpBULqNkKfENztPMa5tG1tkuZ6UpEEDhDpdYh8TBQaJoyX8LNM66hr2uEVc9ZJopN4oDw1TF5B5zNSjVep,443420452,2026-09-01T12:12:13.000Z,2026-09-01T12:12:16.004Z,1,,,0,,HELIUS_D1_RAW
5DdDNn3YFK5sopYoEbh1fjxbWnMY59f6C2PxcuyskyK3hy5JGjnKd9CMSZDEAecfRtG5XqwNx1tjqSyhbXtN9ekf,443420469,2026-09-01T12:12:18.000Z,2026-09-01T12:12:20.827Z,1,,,0,,HELIUS_D1_RAW
hQnXhk8Evhy1hiUhSCNsNMxGC3x6xWxKxvq352VgeSwAK2YWTMprQ5ZsaRA41KEELarF3o31b6Dn9BLXUu6hhMF,443422143,2026-09-01T12:21:13.000Z,2026-09-01T12:21:15.482Z,1,,,0,,HELIUS_D1_RAW
QykMtBN6TzgrfjxC3Zb3EcMQtRf29cSJkCUkyGKcvw8yNUBTLdn4fmdaJoyVgibBTVJN2uAhJFnLnW5iyQx7qmD,443422145,2026-09-01T12:21:14.000Z,2026-09-01T12:21:16.800Z,1,,,0,,HELIUS_D1_RAW
3UkxU7KconGhj9VDXrQMD1U3R1JXSWURqA7FRTu3wCpMbpZdBwPCqnSifDeAqrefPtCak2jhR1nDgpbv36XRC4Qj,443428253,2026-09-01T12:53:32.000Z,2026-09-01T12:53:35.976Z,1,,,0,,HELIUS_D1_RAW
XPnrNxxnApg5RwUqucJXUv9hxf4L8z2ttc5yJBouu1jsvaosJLYUZLT3x8H2TfDdthFdsZkwAh5M2TS5WZCC927,443429428,2026-09-01T12:59:46.000Z,2026-09-01T12:59:49.024Z,1,,,0,,HELIUS_D1_RAW
4C6k3uhum5dptmggypPpXy19tcz5zqrZMnCi9Vv2VuVicQFtW8ccc16Qzce2ipHUN5Kx2ZEQcYn9mkfUuMiKu3Nd,443429712,2026-09-01T13:01:17.000Z,2026-09-01T13:01:21.339Z,1,,,0,,HELIUS_D1_RAW
31idzcyM2M8iS91W4HpziW8224fbZbR7a9cMvtuuAazfvjZC7WwyLSMkPhV7i1NcDDxV1LLocHp9adrB2uG6wN37,443429898,2026-09-01T13:02:18.000Z,2026-09-01T13:02:22.413Z,1,,,0,,HELIUS_D1_RAW
3W6kLhkJBr7hfJeqJxMXnwvfAUZqxLqpCMUNh9g1k5tzW2MFbLZnKS7JFhJM9PLWALBS9o7FSp3VJ12AHC3emyc4,443430049,2026-09-01T13:03:05.000Z,2026-09-01T13:03:12.014Z,1,,,0,,HELIUS_D1_RAW
fwHVkM7c8nrxNX2rqZ5avCoxqZ8zg8ePRHEjwQJrb1dEbGwwcvoGuWsGaof8aH2aax3aLhUqxXCfYUHH2B2XnLk,443430049,2026-09-01T13:03:05.000Z,2026-09-01T13:03:12.013Z,1,,,0,,HELIUS_D1_RAW
31vvsw8y3yvAAjggSajJFKkYN9DXhzLmATzWv8uDRtyMjMKbuMa2oCMADGzGw9cZtak3FbN4eRbmXC4V2RrbPAvF,443430050,2026-09-01T13:03:06.000Z,2026-09-01T13:03:12.587Z,1,,,0,,HELIUS_D1_RAW
3DWFiimWjKztjcfhMR4VHuJZfLorRJMFrjshsHipLUTpAxUyT2w3FieyjEk1VKSdN58MH8KbJUXEZenZ8ZDbdV73,443430050,2026-09-01T13:03:06.000Z,2026-09-01T13:03:12.593Z,1,,,0,,HELIUS_D1_RAW
3sbgLML6jNskP9fbnq4SbxkygcreDn1wRCSFCkWWbEoWDQWME1F4otob5rYYANLWKvcjGtaRCKE7YMPyYA8FxVxG,443430513,2026-09-01T13:05:33.000Z,2026-09-01T13:05:37.011Z,1,,,0,,HELIUS_D1_RAW
T6NMgytGB3b585dRXUbnSZhCt3BK66ZicVs3L92G6p4xQ5QjMm38o4oZ73vg8ToaHoceH1RmoRjiD6nctECakHW,443439568,2026-09-01T13:53:44.000Z,2026-09-01T13:53:50.296Z,1,,,0,,HELIUS_D1_RAW
NxnyNAUzdD4saX4KXXDcVZ7PB5M8miZqUAx34NYnqnHNST1cYU5MRNBMqstkDdjDXEYfG26JqHZ1UFJku4qsEcT,443447173,2026-09-01T14:34:06.000Z,2026-09-01T14:34:08.670Z,1,,QUEST_RESTART,61,,HELIUS_D1_RAW
LKy4sRmZiWhf62rAJcyherFQuiZDLQEXd4W4YbEPSPe4XCsbghM713Ci5eo39mExsDJMueqdriHemq61122NdJh,443447842,2026-09-01T14:37:39.000Z,2026-09-01T14:37:42.160Z,1,,,0,,HELIUS_D1_RAW
U7DXt7gDeuY2mdSFdjbKfAkQHQrAFrsgdGUb6PExzW9DgFi9aX8HpwBZXfWLB4WvZTxDNexeJE5YXM2eQYCaKzV,443449269,2026-09-01T14:45:11.000Z,2026-09-01T14:45:15.050Z,1,,,0,,HELIUS_D1_RAW
67BN5z14tVbyTc6tbyp6RLVq2tzGC9YRGbYk97kQjiVmDwsLj71DXiFSqyF5tMDYHZue1BD5E1Bagkg8d4dEzWm1,443449327,2026-09-01T14:45:28.000Z,2026-09-01T14:45:32.498Z,1,,,0,,HELIUS_D1_RAW
2kCWVCo4abPA1gCtHnWtoFvjk4iKdGqmQqTT59EjTFaXKJBZJrFxud7QoUboTQZmBHt2KsDpj4fSGg6hUDcUy21H,443449384,2026-09-01T14:45:47.000Z,2026-09-01T14:45:52.271Z,1,,,0,,HELIUS_D1_RAW
5d6xuRHD8VbtAkM5jtKvWaXdzWvm24qvvnW7oSovhL4FhycPnMdZz9SpUrG1Bc8QczwvZGTBuyZyP6t43o5N1s8M,443449432,2026-09-01T14:46:01.000Z,2026-09-01T14:46:04.893Z,1,,,0,,HELIUS_D1_RAW
5HsR1vZEH52VDXNZh9GmTzv9NNiAKDHv3HPLKnRxDuB3t1FLcHbFosP4c5rHa2G5onu997cx9dkH8Yry5K7hZbRG,443456263,2026-09-01T15:22:38.000Z,2026-09-01T15:22:41.013Z,1,,,0,,HELIUS_D1_RAW
4TYmx3iyRL1W9oHYH3CKTEjq5rbVYz2EoBxRPW2FzKHmrgJxyeno5tJEaExQCrqQrYYxF5fqsKzwh23iJitQdwjz,443457595,2026-09-01T15:29:44.000Z,2026-09-01T15:29:48.641Z,1,,,0,,HELIUS_D1_RAW
4rS3AxZREzQsu8WUYGjAXXYXYqxFcRvpmmJ1vqMsHrewwK1zyqLnTWHVQe6F9cGqDMPLWwWCCdTVgPDk9fKX8LH7,443465160,2026-09-01T16:09:55.000Z,2026-09-01T16:10:00.042Z,1,,,0,,HELIUS_D1_RAW
3FpL4iDwASPqcYWzuiAC33A84U5R731gutoGxnooFAz7uhr3JyZDbGYyF9fcBVH4y3L3G5vn9YTefgRJjRnw9w49,443465613,2026-09-01T16:12:19.000Z,2026-09-01T16:12:21.963Z,1,,,0,,HELIUS_D1_RAW
2P5Tbqpj4W5tNj6SmgFL3umNJsHE4fiSr49XXrgyS4iX5zX21yw6TmXfpMEA88ANB3EvTAepVQm1voqDXQviEVaj,443465677,2026-09-01T16:12:39.000Z,2026-09-01T16:12:41.384Z,1,,,0,,HELIUS_D1_RAW
4Uk9ruNDW1SMaDJosPZMZdjBgS7ca4HJ86XiWWLFkybM1yv6C8FwY1u7ooNWRjugKdwk3vdCooFP42yqzt9GSfxd,443466406,2026-09-01T16:16:31.000Z,2026-09-01T16:16:36.109Z,1,,,0,,HELIUS_D1_RAW
PEp6cu24uYLwAZAhaZ8ioLhCpT4Su3DTkeKmCsW81td9dgXhie2dhn8nmh62zUdkqSTa7wfarD1VD8GRxR7A5z1,443474888,2026-09-01T17:01:36.000Z,2026-09-01T17:01:39.939Z,1,,,0,,HELIUS_D1_RAW
3QhE1iAQZgX9TacLmv2Dfa12S2gGGwkhrn2kYZeAJqZEB8JYqtS69bhRBuUk6BNoRhiVSNLxAYsuy5qEmfzkGSFn,443481787,2026-09-01T17:38:03.000Z,2026-09-01T17:38:04.671Z,1,,,0,,HELIUS_D1_RAW
5LZBedrP7NXrUhCZXLHGeb7bhFT44HS7Znsi8arLB4sEJYCBoQcPXQztSkqZnwhhWYNiQvKaZKy8YPqZSuDcFXBf,443481787,2026-09-01T17:38:03.000Z,2026-09-01T17:38:04.627Z,1,,,0,,HELIUS_D1_RAW
3HKYLgdAwkGCb7238uhdVFP8uCA9JJnECKib3XNXzVYfkskV4SPdkB57tRkvD8pKRX3wqhNnoxbCU61HQZ1WUvzW,443481788,2026-09-01T17:38:03.000Z,2026-09-01T17:38:08.637Z,1,,,0,,HELIUS_D1_RAW
zCuTcdvvVpYG7wKqgUgBCKYdnzTNB1HzQcCR8sp86cuotwz1wWxT5gvmu18uNEiQZ3S4KiKMZ7PJXuDvvTHvdpC,443483467,2026-09-01T17:46:51.000Z,2026-09-01T17:46:55.898Z,1,,,0,,HELIUS_D1_RAW
5pGn6Aop7GEghyaCkt4AboPVw813afT4sozjsberXdTPU3RfiAuqanTBU46VzYjzJnmDBJH3G32wCTRE8YuMbaYB,443486527,2026-09-01T18:03:00.000Z,2026-09-01T18:03:03.620Z,1,,,0,,HELIUS_D1_RAW
3G4t3MCM6QVmUrCM9GaiRT5g4odrjdHPeLbiveoq6ux5bwvSSAHzhXJMJjNVXWFeg7xLaYQgdTdWMaj6w1rtiuGQ,443490545,2026-09-01T18:24:04.000Z,2026-09-01T18:24:07.694Z,1,,,0,,HELIUS_D1_RAW
21F3VF8tDH6LPmESLs85m7ziEG8KX8vRbhyChpAppgaRvByzM6sJSEAAsW669ooC8AuEc9LtrDBP3Ap7LU3kbvgy,443490627,2026-09-01T18:24:29.000Z,2026-09-01T18:24:32.105Z,1,,,0,,HELIUS_D1_RAW
2Z3GejiGFaVNzK1K2mSCEXEWDoH1bmzCsDi2qHfGHUZUqKS88APbVuEXDtf5BSUQS56aCaL6pnLAgkNfKziX6ovB,443497537,2026-09-01T19:01:03.000Z,2026-09-01T19:01:07.495Z,1,,,0,,HELIUS_D1_RAW
4B5xtCi81Hr4FF2x49Vzt7avX36ZRCmYxGRcvgiE3FdBr1UQg6LUQrQ5knmNJuViJFiF4fRNBrQrXcACUc64FTtD,443497633,2026-09-01T19:01:34.000Z,2026-09-01T19:01:37.936Z,1,,,0,,HELIUS_D1_RAW
476EDCrn8XBaxJmXfr1TDVkxbEnFDTuehfkWovEa1jShDixcvcogiNAgsUDxzCNft9RhX5WYSsWXRyqkDV8ubSok,443520283,2026-09-01T21:01:19.000Z,2026-09-01T21:01:21.877Z,1,,,0,,HELIUS_D1_RAW
FcGEs6NYT3eiuhTuHQAmpjmE1Ga92opbfvBS9oaFJm1YPfZynZVBFpjETY6xFar7gLDsRvoAXEWgPxJ2xfrPZv2,443532716,2026-09-01T22:06:58.000Z,2026-09-01T22:07:08.080Z,1,,,0,,HELIUS_D1_RAW
5tTpXgsgbFcUBxAhCfKkv1K72Svy4yEaKemRJ4i81nrwdLidKmJiUF5RxdeqGz9BU8WhmBoDsrPWZGMjgAFP3e3t,443543485,2026-09-01T23:03:51.000Z,2026-09-01T23:03:54.892Z,1,,,0,,HELIUS_D1_RAW
T5KRi8C3YYFVT2JPyAgsboPzuADvLdLZiaehiDgVJ5QaKp58inqd9tjdSTaW4LED6ekQbbiRBgEJPopMVX7rpWQ,443543489,2026-09-01T23:03:53.000Z,2026-09-01T23:03:55.235Z,0,,,0,,HELIUS_D1_RAW
MCW5ysDqDTUJepkD7wcQNJvaxJYh8SEFCekB5pZtZFQDzLVRUAJuDpax6utqnYsDBxKBf4bNiyCXUViHCNz9Uj9,443544673,2026-09-01T23:10:08.000Z,2026-09-01T23:10:10.797Z,1,,,0,,HELIUS_D1_RAW
2ydz42CqfUwwiKEgceWu9tuEYfebV7RGpFrxddoNwSVf6wXXYwG9MtRJTmu9dVw2FdYYgDc7D4W2EwHWoG1CkA3c,443551012,2026-09-01T23:43:28.000Z,2026-09-01T23:43:30.506Z,1,,,0,,HELIUS_D1_RAW
4vvgbdsA57txRGwdDEBuMrDsCMgrgZP2ftFvbEi6ANhT62Qc8kgJXbejGsWNAS56PYgbbtT1XkMv6NbPxGC3j5tS,443551173,2026-09-01T23:44:18.000Z,2026-09-01T23:44:21.572Z,1,,,0,,HELIUS_D1_RAW
4ifo4kzNDm7GzGVexwMPiwTXQtX3QckHxcGXka3M6PqN9GdGiXKJ3RzcdeRvxMwc9eBqBM12GjUMAGg4hpnpWh1N,443551591,2026-09-01T23:46:30.000Z,2026-09-01T23:46:36.372Z,1,,,0,,HELIUS_D1_RAW
365ehEG78fgc4cmH6S3ewiXhRZettakkhUbAhfKXC2o8mXyxTy3ezwgmuXKnRcVvFzN8LtpB8L7oWcqsrheqURX2,443575770,2026-09-02T01:53:45.000Z,2026-09-02T01:53:49.535Z,1,,,0,,HELIUS_D1_RAW
4x8svaMyGsAbw7HfBw7XwZS5RmQq5hBAkSckq3DM7BjV9kD2qhPxMXL2vjkUSxSwTqrCjjsWVDngYFhwinNmpdTN,443591764,2026-09-02T03:17:56.000Z,2026-09-02T03:17:59.809Z,1,,,0,,HELIUS_D1_RAW
3cNRQHgWR8vXufmiBSsXo5knT5Q22PLdZbRESqewCJorPSnXanqQ1KWhSdkc1815HJvXKgfnhwatthZ57XLKs4rj,443597973,2026-09-02T03:50:34.000Z,2026-09-02T03:50:36.453Z,1,,,0,,HELIUS_D1_RAW
4h2CmD546DhwL9ZnVMzWBmEiEaVYkbbQYnYzzdMAt4oSYZ626WCwRJjF6xXG6uQmLJ7tjxhQxhJzaYVSbsDUpTLE,443598261,2026-09-02T03:52:04.000Z,2026-09-02T03:52:07.292Z,1,,,0,,HELIUS_D1_RAW
3fTGG3U5xT4rTjqMhYT6w4LHPsB9fcpcPLQ1geukj2mzxx7EBonpzoiayc7DrhMcvdHL1LfJWEBFKhP5RsoDJu1F,443598325,2026-09-02T03:52:24.000Z,2026-09-02T03:52:26.575Z,1,,,0,,HELIUS_D1_RAW
43QfBqXDgdWNBYTL6d4QeRPftWrcGYgfuPrbH9HnmLektgZcbSCnYjcaa7j42AGBEruLm2vdFNsQb7phE9VveNJc,443599629,2026-09-02T03:59:15.000Z,2026-09-02T03:59:17.041Z,1,,,0,,HELIUS_D1_RAW
3rnJW4E7YAQy9bLq8GQVVSKYR4E8wdE6k4DtKtSmr5nhdLiwAKkwgU2mFRJ4MqHFADuzgX66eaYMHaBTzBS32qnq,443633365,2026-09-02T06:55:47.000Z,2026-09-02T06:55:49.041Z,1,,,0,,HELIUS_D1_RAW
4Mb3sYb3RRSihw3Y2GtH8Y83TJfWArbhZBcbToGR4YUci5GUqjKUF6MSKPCfFV1kKLQnozoUZhJrwvbRbgCqDk38,443638347,2026-09-02T07:21:51.000Z,2026-09-02T07:21:53.123Z,1,,,0,,HELIUS_D1_RAW
5vxmZLv5cCf7ryLVqRvommtbnmuVRKgZLM6bSdLehWN2ZUvSF7mFrRxQUcQx7peM5XmetnYAuygtNTq9DvUVqZrG,443638379,2026-09-02T07:22:01.000Z,2026-09-02T07:22:04.178Z,0,,,0,,HELIUS_D1_RAW
4HxfShPitp4WW1V73XptVzKKCWPK5fxkQYpvPK8iLLZktg4mMQrx5p7nPuMDfxzCa3Z84cyQ4Ve4eZcduXDNfK6P,443644034,2026-09-02T07:51:42.000Z,2026-09-02T07:51:44.553Z,1,,,0,,HELIUS_D1_RAW
urKiYRaxptvWK86WPLZB7cAJHxGCvPHM8qey4kBj3Lie92CSwNMLm6ywcK1s7b7LXhXtUYdfNvkG56LXW6MTBT5,443646678,2026-09-02T08:05:34.000Z,2026-09-02T08:05:36.281Z,1,,,0,,HELIUS_D1_RAW
3Cdc61Z4K8UCvgK2QfsqymSztsZcrNecevyWqU49RVyoPqQDmqu74YogKxUoPqGiSjGW7s2vmBcBGH8v3ZngD6NT,443650427,2026-09-02T08:25:14.000Z,2026-09-02T08:25:16.143Z,1,,,0,,HELIUS_D1_RAW
2nqnHaMJHYkJN9yEbQm9PqR3NsfjAPSz46GHsTdLRAfX2rJhyYQqxUSreRAJZAZdUU3eVDhpZMZsw8nYTSbDEtsz,443652060,2026-09-02T08:33:43.000Z,2026-09-02T08:33:45.974Z,1,,,0,,HELIUS_D1_RAW
4w5tKKtS2Esx8X8JACR1Vept2bmB8qQKVP9TtPFx7visbLNSe4siRnzD8cLkEUbNCKcr1Y326XZPqFWnpqSCQGRF,443667489,2026-09-02T09:54:46.000Z,2026-09-02T10:08:51.153Z,1,,,0,,HELIUS_D1_RAW
4HoDpWAvkUjGAdBQHsrd6DPP259wjYQHNCWryTg3N2MNiaEVte7LgZQY9EbeDZ6iXbSwM3LMyT2wxyTkvXctqeKh,443684066,2026-09-02T11:21:38.000Z,2026-09-02T11:21:41.121Z,1,,,0,,HELIUS_D1_RAW
5UUQLXgBVsypMqhgLgaFuQMAXRCtR211mDYUR7LDteg9xr9iuSKq71BDKubf5mdQHnRwYm7eo36KdrFyjNqWUPaf,443686541,2026-09-02T11:34:36.000Z,2026-09-02T11:34:38.509Z,1,,QUEST_RESTART,10,,HELIUS_D1_RAW
5sc9QFJ3AZxAinvbPsxtFm5yMCBbKBcSd6BhZ9GFAF143FppA8AewL9pBDBW3tJANfyH7sXPFPMnjr131GwWBhea,443693043,2026-09-02T12:08:37.000Z,2026-09-02T12:08:40.356Z,1,,,0,,HELIUS_D1_RAW
26kUaQLvxic3G18dC5jsrTpfjCs7UHMR8hKU2DA65LTeB13pnZm6tMKZXkKPR5Ten5gh2QRNqsqNpyh8WwF99bfi,443697458,2026-09-02T12:31:46.000Z,2026-09-02T12:31:48.807Z,1,,,0,,HELIUS_D1_RAW
TwAfE3i6ig4eU12x6KHk5QnH89ABQh1zhQoqVS4atr9utpvQGr6Vkwch4nJrQBxHp5CYvVLEEtyXy3r9Zet5ebx,443724135,2026-09-02T14:51:48.000Z,2026-09-02T14:51:50.964Z,1,,,0,,HELIUS_D1_RAW
3C9UpgAharwz9QHgHUBDssU9oGWLZKsDKwX4zRYsiKnpX2BC5GewTifYByQmQ8f6caDihdMJ3jHJqGPp6F9do2G7,443724583,2026-09-02T14:54:09.000Z,2026-09-02T14:54:11.267Z,1,,QUEST_RESTART,175,,HELIUS_D1_RAW
4afrH55mpDjEcyTXfdiPr9L5kiYUZdoDB4McAW5m1sfcRma32vyJn3qxYD5i2Xs9ghpxAfTsQgqoDVJVeXeMApow,443724624,2026-09-02T14:54:21.000Z,2026-09-02T14:54:24.436Z,1,,QUEST_RESTART,175,,HELIUS_D1_RAW
5YqTYzHmtePJWMXUYpLH6EiSdcG8i2kUewYCSgH51oCeGwbT926iY4vnQmz4eHCZ1fLFzFhpajtMkeDc3r6rpyg,443735830,2026-09-02T15:53:23.000Z,2026-09-02T15:53:26.351Z,1,,,0,,HELIUS_D1_RAW
25T37gXpauYgUMP3dvDfpRdfaxHE2WZEh2TV2T5DHv1CqSF6w5Z31yR9e915Zaj6PrJTqQt6XRMw5x8te3SVKz96,443745780,2026-09-02T16:45:50.000Z,2026-09-02T16:45:52.068Z,1,,,0,,HELIUS_D1_RAW
4DatJC2pocojsnRCn5gEUrYVzKL9Ukk96AUHcw1osUG5KcDLrqWkd6m4UEbCC5NbzutrCkaGpPA9eCTDtW2HcANr,443751587,2026-09-02T17:16:23.000Z,2026-09-02T17:16:26.342Z,1,,,0,,HELIUS_D1_RAW
5y5tbwXYHU27xqBge83rVxXPMPv3DooqmKb3fEmAKfRKTuM6KVCaz8vv53dDc869kpVxo8ycQfi3shJwLwRw6DPv,443759011,2026-09-02T17:55:23.000Z,2026-09-02T17:55:27.091Z,1,,,0,,HELIUS_D1_RAW
2iZ3Bm35CD2QyRyfQugm8GrKcZuGnoa6uy2n3v4TPohB4ukaX28Pt1f4zCNLvc7E3A1QiuFw1fLvp6vJWvMh4JR1,443759915,2026-09-02T18:00:10.000Z,2026-09-02T18:00:14.570Z,1,,,0,,HELIUS_D1_RAW
21DjYx9RKJFP8f1Kk8EPmyxGv8Hd2kMbj7LH8Vn8zYdBrPnqoWEeS9temAqUEg8uLHMKj7pKBw2xzd6DeHyYAsd4,443782741,2026-09-02T20:00:00.000Z,2026-09-02T20:00:02.693Z,1,,,0,,HELIUS_D1_RAW
3QKxUzGVoYqWTa3ToKMnL1utg8ikog3roTCo8qYQFaaQNw72XxRaVugU7xb68C2D6LsbW8bACxbsKsPV1dtwUcoz,443782741,2026-09-02T20:00:00.000Z,2026-09-02T20:00:02.691Z,1,,,0,,HELIUS_D1_RAW
37QZMhTSZ6TV9HSHRcX9rSQCYTtH9rHAZjjfpwKFPkfDmFCmZyk5Dtkuv2AfwSqRb9HDoFoG979PLbhCcw3YmZVV,443783748,2026-09-02T20:05:17.000Z,2026-09-02T20:05:21.832Z,1,,,0,,HELIUS_D1_RAW
3cvrUoTCdv3K25fpLuSbDyK6rjvZVxiyc1mQ3VgYcZ1wacihSSTaShcjNUX2oPYbSW5JyBQY1MPw1MrM4sBtCMET,443783779,2026-09-02T20:05:27.000Z,2026-09-02T20:05:30.294Z,1,,,0,,HELIUS_D1_RAW
2w1iWc3RrkRUi4HFsthiajMyN2xHxC67tX8a5c9H8XpbFBAdPUPH3Dfr8nCWqQUpXszQf64mR1rqRYs5o9vsExP3,443791454,2026-09-02T20:45:32.000Z,2026-09-02T20:45:36.153Z,1,,,0,,HELIUS_D1_RAW
iANBpD38BEYPDZJP5yTQNimD1mWT1h97cUXKVJnCVviVTLw59GfzganUGK3mrqR2YvTbmdaEjdsqYbgDn1kugBy,443791859,2026-09-02T20:47:39.000Z,2026-09-02T20:47:41.799Z,1,,,0,,HELIUS_D1_RAW
4TXSY7RtDbZHnVk2pVgVtq8ANAaXr8d3VaMMQTNpMbLBdrEsZypR2T4EM4aTWCvzwSc7a5gJT6DtntivuAiSMQUX,443796966,2026-09-02T21:14:28.000Z,2026-09-02T21:14:31.866Z,1,,,0,,HELIUS_D1_RAW
g2mbUEQZfXYTBaPxnkxJdZndjCGpb9NmsDsv2qWtcBRDacLXQxu1gw3r5RoY5JL9HPLK7mRnrTn4s65Ym8ch2aa,443797061,2026-09-02T21:14:57.000Z,2026-09-02T21:15:00.260Z,1,,,0,,HELIUS_D1_RAW
3JYtm6Z87pCQjmWU6vQBCsWfv8W8hyKqbTQHN7zGWZJe8u8vQWxJyNUR1VGdqh3xdpqh3K3XXDWTeJQH61uHnUvu,443801139,2026-09-02T21:36:25.000Z,2026-09-02T21:36:29.540Z,1,,,0,,HELIUS_D1_RAW
Xb49G7fg56XkWupVrhsnSDRHNHYg7snqELSyTCL1sR5gDrBvdPGxAdkhndEwKCySUDXHWxmB9ARqkFmsJ5zc1Q8,443801997,2026-09-02T21:40:56.000Z,2026-09-02T21:41:00.183Z,1,,,0,,HELIUS_D1_RAW
5qYdDoy4gQeotERwxSLUA5PrxQeqTnXapdB3XsHjf9dTPEtR8Xj4gx7ykVzWet8uV5H2eu4H13zmnnTN1ALx8ucd,443809497,2026-09-02T22:20:21.000Z,2026-09-02T22:20:23.589Z,1,,,0,,HELIUS_D1_RAW
5iR4pMcGCMYxgMQq93Pb5GHEYVhZGWGK1EmHUfoeN3CrvfCD4T7k7vkaKZyPDdMgtWcEqBoeBLR7zpcFiXG1BQkX,443811516,2026-09-02T22:30:57.000Z,2026-09-02T22:31:00.595Z,1,,,0,,HELIUS_D1_RAW
5qc32GfdqryzGttsdEzhHnZLnczPiCNteJ9Sw6cFedP2VzEgK7ZzM6psYHSEF3ucirjYx6V8Kp4yMkh9zYgd238T,443811538,2026-09-02T22:31:04.000Z,2026-09-02T22:31:06.747Z,1,,,0,,HELIUS_D1_RAW
3sdHPwxRJ8jReMeJ9AeBH8G8VxgzKpeAvUB1b9Fx8rabk295gDwUwxZVbt9HXz8h929GaTrpu5sEyih8FqQwEhox,443811561,2026-09-02T22:31:12.000Z,2026-09-02T22:31:14.205Z,1,,,0,,HELIUS_D1_RAW
3sW2WmRpVxHB4QK4BYZyWg5MGC7UoMdSKzY5Bf4JY9eH2kQgYKKuctcfVGpj4BsFqtwnDk4CJEFP1GWxsf4W9iyi,443820765,2026-09-02T23:19:37.000Z,2026-09-02T23:19:41.725Z,1,,,0,,HELIUS_D1_RAW
5XofY8rK3RNeHi1DgGPpuejLYnKntji8F3UwJ2P3BX94kyHxagJJPXxJL7d5edNH6QQ53QQ3n5WMiQAjHVm5ibvF,443820791,2026-09-02T23:19:45.000Z,2026-09-02T23:19:48.787Z,1,,,0,,HELIUS_D1_RAW
4oCZetecgxRATqNiEbJa2zgWwNFGxRXVkZySqRNAn5gbWCNTBr37yurgXsTkB3r9dnAZF3Vj1ehtEVNgmbpsAoAd,443821474,2026-09-02T23:23:18.000Z,2026-09-02T23:23:24.767Z,1,,,0,,HELIUS_D1_RAW
4mvRc4PWGM33bJ8sMfYb4pT3D8m5cmQ5qWBxNCfPegYXP5uBFhATkuer9xBt58RZaDuhQTG4MbFZJCg4fXdHTo7a,443836288,2026-09-03T00:41:04.000Z,2026-09-03T00:41:07.088Z,1,,,0,,HELIUS_D1_RAW
2fadHJ91Cyh1yenG23FiDGegK6GaE8PWaQcwUwQcKSdSpr1mS7z3Zg11R1V5MvB86Vf6V9HT8nDuP2iUa6eFMB8c,443836302,2026-09-03T00:41:09.000Z,2026-09-03T00:41:11.891Z,1,,,0,,HELIUS_D1_RAW
3dTGCrJp53gsD1UJeAio5gZLMH86rzWGGWwqTfMtYbvARZri9rkv77mspDU5NDsmueMHxCS2mehHUFqYS5UdyiNW,443836318,2026-09-03T00:41:14.000Z,2026-09-03T00:41:16.409Z,1,,,0,,HELIUS_D1_RAW
5RQPCrMC3M7Da3WF88UeJpGKhypiqPJixXDm4enb2A4aUK1pHAbD35DbmfQiRqLGsXV9gFLtpaABDYGCSbBt9UCB,443836332,2026-09-03T00:41:18.000Z,2026-09-03T00:41:21.468Z,1,,,0,,HELIUS_D1_RAW
3RG8uE3C7PLXaJxXah4BEgkieM63pffTPf2xaR86LRYK8vYJf3HZBYRyGkPHhoqW7xpTCA9Vo4jJYKCDftFSph15,443836534,2026-09-03T00:42:23.000Z,2026-09-03T00:42:25.378Z,1,,,0,,HELIUS_D1_RAW
5X9P4sGDooMgcFAB3nttg8PDf51iE9UQ6c21LZ3nLHLSk9fAGYBjMaA3UJTVBrs4BfY95KYPBadKBsoKoR2giMtt,443839932,2026-09-03T01:00:09.000Z,2026-09-03T01:00:12.914Z,1,,,0,,HELIUS_D1_RAW
5z1nftuhFGFefYkYyHRGPeKsQpadUwuin1FgumCW6YWqvKzEM2Mf3KyL3af9Xo1gcxaVbLVbF1CgZqduVhRajNLf,443862668,2026-09-03T02:59:10.000Z,2026-09-03T02:59:12.184Z,1,,,0,,HELIUS_D1_RAW
2Mch4KMsZQrJE2jYu5Sc2Tt89d1dk3muzJoy7XkEM61qyPTnpoLmfdRcKhmqJGD5QJiFgPbNvTLRRdktG7C8fUzL,443879373,2026-09-03T04:26:43.000Z,2026-09-03T04:26:46.010Z,1,,,0,,HELIUS_D1_RAW
2MwrxpF9cCKBUsbjbsn6oFMd7xujxe7S68x1xYLS5nY2H68PGhDaSRXDbwo6zQ4mV8UH63gUyTnTyrE88YmMy3us,443881840,2026-09-03T04:39:38.000Z,2026-09-03T04:39:41.418Z,1,,,0,,HELIUS_D1_RAW
3HMm5sze9ZJLgTu4qqbwnCxBPrCM8omz92R5cm2i9hHryzatkZPPWdvvNWk1aFnY3LRGM5chUGLH37jDYtSu3AiF,443891320,2026-09-03T05:29:20.000Z,2026-09-03T05:29:22.774Z,1,,,0,,HELIUS_D1_RAW
3GsjjYFeGMrCXewhfJM4ocBTiFiD49dUikHDzfv1c6cDGr1tfQJBrcq5H3kFyKNAaKfjvV728rSssqyUYNPjnih9,443910871,2026-09-03T07:11:54.000Z,2026-09-03T07:11:57.167Z,1,,,0,,HELIUS_D1_RAW
2oUukKof1iqDTMX3ciR6b885VpUZ2C6H4DtFkRWv7PZHj6zBbwpWo4xTUzTDWJU5HRjweq1cxsA7hrEExmHj8b8,443911640,2026-09-03T07:15:54.000Z,2026-09-03T07:15:56.479Z,1,,,0,,HELIUS_D1_RAW
fXVd38awbNcVQprZHHmnJyCLvk6PdheSYQKLpBP6MfmzDstzd9HWYDMS4v7HL2H4nUxCPYu6pj2APJnUHG9VtK8,443946308,2026-09-03T10:17:45.000Z,2026-09-03T10:17:47.878Z,1,,,0,,HELIUS_D1_RAW
4EPbmv8rLwUCXEt6Jj5DGAjhcjSoUjGTy79NWo4GtHbCg883QCCK6uFjtMrQQggmSrrvgRz7LqmKJZgU9jLXkS7h,443951552,2026-09-03T10:45:11.000Z,2026-09-03T10:45:14.205Z,1,,,0,,HELIUS_D1_RAW
tZzDaicqLcDiLL5KSmXXvPUazR2VRxycV8bmD4Uh2UMpNoi1fXaVoBfPyeRa4h2dEu3sJQms2asAfLT2rCcDVVA,443956914,2026-09-03T11:13:20.000Z,2026-09-03T11:13:22.382Z,1,,,0,,HELIUS_D1_RAW
5sGQ7dHnURJMFenXthnuo3oW8XmkqCnFDKDzR7yLQb6ce4d1vzagde1Zz5mp4SWx8ZSz2xoq1fpzgqqr7Ts3zr77,443958681,2026-09-03T11:22:36.000Z,2026-09-03T11:22:38.871Z,1,,,0,,HELIUS_D1_RAW
9iv9wqUecg1UmAYkzAnS1VbDVbZR28sYwCkySXZmQoEhwanLqXjnysH9e9hb9QpbiG6bfQtd84RefyAvjHLh7DE,443959590,2026-09-03T11:27:21.000Z,2026-09-03T11:27:23.314Z,1,,,0,,HELIUS_D1_RAW
5kKZKknPQEz6uArKHaEc6vmpfQnZn4zpbTnHUYPcSLL4BmMfaDaHm1i598mWLVomWVqiRViuc6AApnkQMqxX4Ea9,443964623,2026-09-03T11:53:44.000Z,2026-09-03T11:53:48.233Z,1,,QUEST_RESTART,28,,HELIUS_D1_RAW
2Z2VjbtS1tpyDUW3ha8TB4avgwfV9UrgHQHygww8nr1wgmQ9JJ5ARV5dUnL95dRtBs6rCqp7cCb7oZLnjVhH9DYS,443966646,2026-09-03T12:04:24.000Z,2026-09-03T12:04:26.077Z,1,,,0,,HELIUS_D1_RAW
2U5EULXYrswkm1x61hRXfG5WFCZkxKbkdNytRP5wsHs3FDZxMyZE8WkgxYaPWrzdbcnVurnQicV8uoh8zY1VMUzy,443980694,2026-09-03T13:17:58.000Z,2026-09-03T13:18:00.151Z,1,,,0,,HELIUS_D1_RAW
5x66DyweMovR2JyqZjRW6b743xyWeLGRYc45JkwdU2Rby1gppfTy3PiwSxidth2pzs8S7MHje7e4wmewdGCK8eJT,443981798,2026-09-03T13:23:46.000Z,2026-09-03T13:23:49.299Z,1,,,0,,HELIUS_D1_RAW
28cj8Gq6oZ76SXR8ZmJdiBmifwzmDBK1PYgtKBd5FQ9xk6wCuMAE4FLXPMrTe523PTCP7wx3QfNneDCZsb2faLte,444009912,2026-09-03T15:51:38.000Z,2026-09-03T15:51:41.458Z,1,,,0,,HELIUS_D1_RAW
2LRuVvf7HKer24dxs2UXUB1MXGm7rM83ZUgJmT32YKqUyKJ1TihRAQpjE92rSN4ABZwT1JwDaJDGhqtGZCExmphp,444009912,2026-09-03T15:51:38.000Z,2026-09-03T15:51:41.465Z,1,,,0,,HELIUS_D1_RAW
4AXP8NyjDRCe2ptZWEz534HfDfhp11ggXXy719UhhpCxQnE3GRNNxWMNyiBqVg7qvKW3mFVw2CawVeHQBpKQKoZF,444009912,2026-09-03T15:51:38.000Z,2026-09-03T15:51:41.461Z,1,,,0,,HELIUS_D1_RAW
4QHKqKFttYmMr5kJpfsJsWrLPuEsA4meUBQKWF5QFEFmhereNJGzvTnuJjcnmP24c5jhkSEUs7L7f5skyZu67b36,444009912,2026-09-03T15:51:38.000Z,2026-09-03T15:51:41.462Z,1,,,0,,HELIUS_D1_RAW
2nua9FCWB4ZScN5nHtJvahpE7ZdsCvemUzYY7jbtCUYHLNZ1mCB2TLYMYusMwM9MXu8kkJJcPfLBDv3KKrC6oBur,444011030,2026-09-03T15:57:33.000Z,2026-09-03T15:57:36.997Z,1,,,0,,HELIUS_D1_RAW
3UkKd9rrinaNRNFFd4qEknpzzWzn9QT2wxkyuUv3qR8Qru5RmBpQSThUF8B5WkQ29icGmY2DpcqKhLatqXm9TDWx,444029841,2026-09-03T17:36:30.000Z,2026-09-03T17:36:32.692Z,1,,,0,,HELIUS_D1_RAW
3zquX7JsewFxgFpFm4nSGtKtSUMxMh7eTgzQ4AsKxM8KoBx9GAXLk2LjbBQYzsqjVeXR6xnwTuugeGZQ8vZScbeK,444034221,2026-09-03T17:59:39.000Z,2026-09-03T17:59:44.002Z,1,,,0,,HELIUS_D1_RAW
2rc1LbVFgAJjKMTNu51SLVAHJcxgRxrS8nZA2mtZ773phULDbH85Y7hC2p8ubYVvWfTfFm4ApAwCgobAGHiRdprL,444048194,2026-09-03T19:13:00.000Z,2026-09-03T19:13:03.316Z,1,,,0,,HELIUS_D1_RAW
4WJkUDwF8W1XeHjGBDfgtAw4PCSac9FFLBUMjXyAaB2rursX2Utj7Bt5VUBXuZmRhoh2r2cbHtFwuTn84ZoYgUga,444048436,2026-09-03T19:14:18.000Z,2026-09-03T19:14:21.543Z,1,,,0,,HELIUS_D1_RAW
3uiLN2TXX5UxnWaCNbr9wDLmzncsiKHvjb18qFsoFGfXCVQhYUPmWiA2QaAPLk6mScQCQJda6ccj92ZDgiZzYR3G,444048757,2026-09-03T19:16:02.000Z,2026-09-03T19:16:04.798Z,1,,,0,,HELIUS_D1_RAW
41LaBYCLRJEMndKY1rdFn1ddvJFsi64LSsNZpHWaxWdsm9kexxMkKxoiBxKTdy8WvHEnRw8bK3uBjZeUgcXPPopQ,444062921,2026-09-03T20:30:43.000Z,2026-09-03T20:30:45.480Z,1,,,0,,HELIUS_D1_RAW
WeJPo6jhQPrhrVcVawU1guso4QvMeKYQguHCVDf5szkxVhhdsBanK1gMNrafJZqYKkSY86tiLpez45kNR2xkCAn,444064391,2026-09-03T20:38:26.000Z,2026-09-03T20:38:29.397Z,1,,,0,,HELIUS_D1_RAW
2e7WjKY27m6YCdtf2C7CWsTdbFMHVPLCtgpdDaznSEoeVt7ZwLRZsvkAZjbZegad2dYLZP5QxXaX4HWBRrasijHR,444064690,2026-09-03T20:40:03.000Z,2026-09-03T20:40:06.076Z,1,,,0,,HELIUS_D1_RAW
3mNH9SxS36j1UsmYH3MbrBhxgYpy9kuM3yh6GuT8cRFP3mt4KD29A5iv6ajjDerLWa5u81fiuFdTtqwfhmbyhkcL,444071564,2026-09-03T21:16:17.000Z,2026-09-03T21:16:19.987Z,1,,,0,,HELIUS_D1_RAW
3qwqxvwwiKVLQ8WpVGemeF2CkUvNRSsCotF4hLycussceU4ptcFX2rurSdCMKZHgPygut52Spv7RXk7nyHCfEhAN,444073111,2026-09-03T21:24:24.000Z,2026-09-03T21:24:27.394Z,1,,,0,,HELIUS_D1_RAW
4xXBAdaN8xvjkms77txaMFfU2DyrRAwiiMvUNp3GhTPFz6mFzCNxpSyuyDsmy36pRpdsGMuhACYp4imJvHKtTnHH,444073432,2026-09-03T21:26:05.000Z,2026-09-03T21:26:07.935Z,1,,,0,,HELIUS_D1_RAW
23D1Va9rBPw4CouPVzvmD5zNKLxkVhPXxYjpaB3yMa95SFLKuhdEYs5BhEkrcUuapBKbuoLGffi2uc3jmhcMAT4o,444109343,2026-09-04T00:34:45.000Z,2026-09-04T00:34:47.596Z,0,,,0,,HELIUS_D1_RAW
2fPQwrXLhAfC8qXXWxYR51p8nP3wHEPr6rB9JiuxW7Mo7sR2JSf7v1D4bdZZ2k49YL59h2eqZP79NKpwo9umfTPs,444116162,2026-09-04T01:10:31.000Z,2026-09-04T01:10:33.383Z,1,,,0,,HELIUS_D1_RAW
57Z2YQ73wTjvo3URNCkMriLGyfeWV7XJ3GgtLaQ5ojAtijWfYexQ4QD3McEnXU7HYUmHZkZRdoK18RJC6yQfhG7A,444116162,2026-09-04T01:10:31.000Z,2026-09-04T01:10:33.404Z,1,,,0,,HELIUS_D1_RAW
5Xxp4Zun5TD2RxBPNig3PBnWjELHdMv6CTHiAyHS6ds16kb1qcmJ5bpk74bqDLMH9VAXVCCmPHrAGvHem9Qyk7ae,444116162,2026-09-04T01:10:31.000Z,2026-09-04T01:10:33.381Z,1,,,0,,HELIUS_D1_RAW
47Aw8o8he8pmqJfefN6yeHtnR1XsSVARS6KTmg1mduxjyiJeQm6fQ22Tk7iL7B5i3LF4CwVWioBBVQdAQ1LfmfcX,444118637,2026-09-04T01:23:29.000Z,2026-09-04T01:23:31.322Z,1,,QUEST_RESTART,3,,HELIUS_D1_RAW
4Bw4DuBePwurg7RM7JSP5uPM8HooFxHPxgbAdSHFyx74oEQTeAQcKdyFagaaReqMk9aaiqzrpG1jcb6HaGLVc1fP,444141775,2026-09-04T03:25:15.000Z,2026-09-04T03:25:17.241Z,1,,,0,,HELIUS_D1_RAW
2Sin5hArB2XXSm96FDN5BFQYjfah17US7UPEcg2MBfDpksJGR5RRXbweeNuRzjwNPs4PeYuYVGsJxnUBrBGnci3j,444182660,2026-09-04T06:59:48.000Z,2026-09-04T06:59:50.279Z,1,,,0,,HELIUS_D1_RAW
4KpRHrw14iQxBg7hmw871SaLwYVQUWUccoq7ShDYzVshT72cFBw7cx7Ajq8aTZ72vdrL6ofNM6dykaM6iG5AWubd,444189588,2026-09-04T07:36:15.000Z,2026-09-04T07:36:17.238Z,1,,,0,,HELIUS_D1_RAW
5j7d9shHNpABCS9Exwjf9ZDsjmoVf3jMQUU2QqDrzJ2w9SGq6cN1wjKPzChjz1E5DUswoZskKSZKUUVtrzzKaYzL,444194245,2026-09-04T08:00:39.000Z,2026-09-04T08:00:41.315Z,1,,,0,,HELIUS_D1_RAW
ECy8jRisf4288tFTv9NrUZsQwv4tKUU3F4C9UBaitUiomAHVkVaaSUfcsP5u8Ad6zuNbD11a1fy3FwMsK1J8nJp,444194245,2026-09-04T08:00:39.000Z,2026-09-04T08:00:41.293Z,1,,,0,,HELIUS_D1_RAW
2kDSB8obBzHFShwBPRamw8VQuGnkDM6y665tPqLrb7jj5aJuMM742AR2G5aGcvNv8Mn58qgBnHAtUweVvuxkdkX4,444194364,2026-09-04T08:01:16.000Z,2026-09-04T08:01:18.567Z,1,,,0,,HELIUS_D1_RAW
2DwSmjt3NN8yac7uMmLQWEyq5fSpd3yMGxEoSNANv1Vntey4RD1oRCEmcUuisro31Fz7ENZZPYmYGFSR9w7NnKgP,444194442,2026-09-04T08:01:40.000Z,2026-09-04T08:01:42.487Z,1,,,0,,HELIUS_D1_RAW
2n9vFkKYDPx93JHRFBgg7ztV5kJ9y1dWTbrF6WCXVyzGS3vyVfvANKTRf6HSNr9BskQ6uY8XbcCkJCvCMQkC7SYy,444194442,2026-09-04T08:01:40.000Z,2026-09-04T08:01:42.449Z,1,,,0,,HELIUS_D1_RAW
3yD7kzZUmjVnA49sj1VHN69ECoaPXCCsLw1pJBLGhEBWPVswvtrxFxAHzYEudLctGoefGjihgHcY1KpGe91BS4Rf,444194503,2026-09-04T08:02:00.000Z,2026-09-04T08:02:02.170Z,1,,,0,,HELIUS_D1_RAW
4tKUMEA8HbbqrHrxUSXtG7dPuLbuUv5jqtgcTBL2m7meryFRrjEwGbsgEe1vqZzBobATWUjGGrfytrCNvYNdPDZ4,444194503,2026-09-04T08:02:00.000Z,2026-09-04T08:02:02.181Z,1,,,0,,HELIUS_D1_RAW
46nTzcFzXpxeHus55ojNC94fUVyEcbLAK97owhYmZxru3ycWczCe8YEbUsspMLjASPhmanfsb45FzHf1EUwkPiUD,444212831,2026-09-04T09:38:21.000Z,2026-09-04T09:38:23.959Z,1,,,0,,HELIUS_D1_RAW
3TMmf8d4CV4tKmiunbKSmhqNQvwGpsbwK8z3Hs1weo83bX5XkBvaBhbCtFPgfs7hRbK9aisJRjpo7owe1JFjnaSN,444238752,2026-09-04T11:54:19.000Z,2026-09-04T11:54:20.991Z,1,,,0,,HELIUS_D1_RAW
62uZK5du8GeMswaVNPf834dno15ZX4RkCMHmL4VSPERWvgJiSsvBHCyTp42c16r45cQkwVEkBYAtwRAaTwakjEuG,444239273,2026-09-04T11:57:02.000Z,2026-09-04T11:57:04.511Z,1,,,0,,HELIUS_D1_RAW
2A3yh5YMmpW3BNkcXzMzBGMMJnPnr6foGVbaoPwF7FjUGw9VPLug5DmnyLGQmNqwtPLXGi6BwuXMtq5P5xdJDAW4,444256776,2026-09-04T13:29:18.000Z,2026-09-04T13:29:22.149Z,1,,,0,,HELIUS_D1_RAW
gWepsFNpzNmWXHK5UTpKevoJ5T3hHwhXPCTcvpC3XbjX4L7Pc37eiG8eb5vHMnPg7dSBxKCcRfAwwAJJGaw1wvj,444261091,2026-09-04T13:52:07.000Z,2026-09-04T13:52:09.654Z,1,,,0,,HELIUS_D1_RAW
5hoBC7sNm2mbgWAj6qC3iuCxGQp5AdA2uQzwPrW6wscxB1qQKgYyDP7ZDKDoAeSPHiySwnb93sD1xRgaoBVNpbaW,444295467,2026-09-04T16:53:30.000Z,2026-09-04T16:53:32.789Z,1,,,0,,HELIUS_D1_RAW
4abxiRcqwsTotrNW5YUa7kpdrYUdDfMQy3zAFBLi3vHUTp4q3xQVA29N6qRb7cJeTEYKSAJBinTuH7UhouJmvVBp,444295718,2026-09-04T16:54:50.000Z,2026-09-04T16:54:53.014Z,1,,,0,,HELIUS_D1_RAW
3ufEHcQmfToB1hCif5HB9p3gTr4aX1BqFgrznGf12qJZmSGdStaVDuwUZgnirfjzJ28iopfj5DthBFUh4j6gxEcU,444301296,2026-09-04T17:24:07.000Z,2026-09-04T17:24:09.714Z,1,,,0,,HELIUS_D1_RAW
3kLwovMz73WxxSspvsBwDZsXaLUKkFiiBttNnNjrNyPdmYwBKzjuQdSk4KkKFjDQLyV4uoKZUmEpyjucommRMmMi,444303266,2026-09-04T17:34:26.000Z,2026-09-04T17:34:29.568Z,1,,,0,,HELIUS_D1_RAW
3zZmpJwrspGnR3jfdm39j3CWqsj1LpoAG8vXFuL7KMNX9WZjoZ4j6YmiqHsNB7p6fA5qXp68BiJEg599mjajytZQ,444303268,2026-09-04T17:34:27.000Z,2026-09-04T17:34:29.535Z,1,,,0,,HELIUS_D1_RAW
3xuhCQokfL8A58R4jxU9sbJtWkpAEvQe1E9rG3PQePMZjjaTdDqiucNn9cXK7DbseU1VJ7g8tXgcduzALVc6fe1v,444303270,2026-09-04T17:34:27.000Z,2026-09-04T17:34:30.142Z,1,,,0,,HELIUS_D1_RAW
zih6vc1KNyzWok9gAfAWpDxikeHFVxzxkcLFVgGMeVwcGKmCr64RGUkSvajq65sfwEc6FgJ1gty82ZDwMZ3oJQX,444303272,2026-09-04T17:34:28.000Z,2026-09-04T17:34:30.569Z,1,,,0,,HELIUS_D1_RAW
3W5RPtaq8Co3jH2DBJwcmmkyBuyhwcjytoTAxvcRTnDyrFWD1UhS2qZFuGKLu5C46vP4vZGdNbEyBayyhVuxo4VW,444303745,2026-09-04T17:36:58.000Z,2026-09-04T17:37:00.039Z,1,,,0,,HELIUS_D1_RAW
43tok7GQQ2QkwHVEQ3iUQUZ1wASAnLWYCsnVgvrTmLfdaLUAwX17KrU7vw56Hi9iUnwdWDGtUMYjxrqzcQz95JWL,444303941,2026-09-04T17:38:00.000Z,2026-09-04T17:38:03.097Z,1,,,0,,HELIUS_D1_RAW
5cV7hrzLqvozqJkFmg87JpZx2Ts1X67CdyYvKVtKcRwx2rxSBhhvDEvQMtW4Lz1vMEuaGefnJdiwDupByQZziYJW,444327385,2026-09-04T19:41:21.000Z,2026-09-04T19:41:23.002Z,1,,,0,,HELIUS_D1_RAW
4i2N9MZmaU1RQLV5rENDDMCrYt2iLmfbxTLaL82dPhXyNsZRWckAsigehGNqqJ9Z1s1qPafT1SALVJL6ZLA7VsgF,444327457,2026-09-04T19:41:43.000Z,2026-09-04T19:41:45.394Z,1,,,0,,HELIUS_D1_RAW
2sD3Ej3iskcPviv4XHwiHSHNt9j3oWGEJwsjH9rZQE3Xp56rhP7eEnP3cmb1AFv4uJsDH5kpUReoDAqHXtVwwtHq,444327539,2026-09-04T19:42:09.000Z,2026-09-04T19:42:11.781Z,1,,,0,,HELIUS_D1_RAW
3133iirQpD4mSFtBzTHZ7cMqUg1r26x6DCVkm8uTdPVDafRCUDs4KGWeJ68JCSKcsMFJQqtXBcbz7Xn2HfqpmXxF,444335714,2026-09-04T20:25:04.000Z,2026-09-04T20:25:06.325Z,1,,,0,,HELIUS_D1_RAW
5CEDFbwWNBbj2nsioH6Yfot9Zxg1mADeYV9nE7VMSEBNPDFsE7Gc9dqNtRZVEXcChDQ9HzvzsKMJFH3dr9YWDoEE,444338495,2026-09-04T20:39:35.000Z,2026-09-04T20:39:39.977Z,1,,,0,,HELIUS_D1_RAW
3nn2Pt9nfFAagMfLN6t6MwRdZqpwvjFiaQbr4Czdige1ZnmYmYd7vvdsUXcoEZJVP5DFscdcxyDjQRUcPAHZHAP5,444345039,2026-09-04T21:13:54.000Z,2026-09-04T21:13:56.755Z,1,,QUEST_RESTART,9,,HELIUS_D1_RAW
3hJdLGsvJEA2CzmwsQV79EGUsQu8tJujgNsFAgirDawiYG6LDnEHVjw6Wih7R2grgxuYmdYtsXeFxE8xpZCL7Mtp,444345214,2026-09-04T21:14:49.000Z,2026-09-04T21:14:51.657Z,1,,QUEST_RESTART,11,,HELIUS_D1_RAW
sUkQGUywjmWLyd2LrsnD2nyFcmv7aPJXkoRDZQtZunyLZ8dtcG7Jz8VqpQnyHwfbnaDrWgywXhMajG3bew5wWB3,444368908,2026-09-04T23:19:13.000Z,2026-09-04T23:19:15.367Z,1,,,0,,HELIUS_D1_RAW
4bUyJEAgfLggAQftERSM3F8XohrV4pNRd3Np6xjUS7tpEqirye4UDjGetxmHq1WtNrM2ki694NmhoGtPSYC7mj8r,444369014,2026-09-04T23:19:46.000Z,2026-09-04T23:19:48.248Z,1,,,0,,HELIUS_D1_RAW
3xDrRTWzEPq68CyvZiLkvw7xszmf2YZYy9NyPx2s7jP879EJGECqMEpWFucy2YQHZMiZzFPxqhFBZDkULBp2Lp11,444369192,2026-09-04T23:20:42.000Z,2026-09-04T23:20:44.942Z,1,,,0,,HELIUS_D1_RAW
oZNYQkRV72b48BbSDSmzNxC3ZGTUQfd8xMW1ERF8exXtPcKSXYQhoeoPDT6tMLRmpDD49pZzpBWACVf5sEUaCzM,444369549,2026-09-04T23:22:36.000Z,2026-09-04T23:22:39.629Z,1,,,0,,HELIUS_D1_RAW
3k63RWGwxTGJvLvaVfzNXz1qD6MF2Qb8ZXrErG3zpPxfjC9VREUmJCZv7LrsHTTQFTrPg1iNXcYA7YfoMkn3ygDK,444374718,2026-09-04T23:49:44.000Z,2026-09-04T23:49:46.544Z,1,,,0,,HELIUS_D1_RAW
3hjtDng2LRSa1qk2FtEFnJPyaCxwBGZ4SLr9puccDTTosUnaRjEUh9URx3VGXQyuCcbpkBKRTo1wu678b4XMDafe,444390441,2026-09-05T01:12:07.000Z,2026-09-05T01:12:10.476Z,1,,,0,,HELIUS_D1_RAW
4j8hsWd3wciYKBwu53monZN1K6Eq76L8ZxWwZvwykJ4xDdm765e9ant1J89W6g8bozh5E6HhAKPxrT5edN4vkR7j,444394159,2026-09-05T01:31:38.000Z,2026-09-05T01:31:40.991Z,1,,,0,,HELIUS_D1_RAW
43BF37r8jVNBhf7RayVqowH2VKgWGcJVhHTxN737c3f91tDiVV9t5m7DwguaEbmG3s2NZNCdqS9AAF56Sa3v76vH,444406087,2026-09-05T02:34:14.000Z,2026-09-05T02:34:16.266Z,1,,,0,,HELIUS_D1_RAW
3dSGrh4vmUHxYERwMHC2MTSSSuLB2uaEGKw6p8DPziSXLMLgGGkD4VTsHxXrA34CH2FYi2fRMM9TE1S4RFRihHiq,444409140,2026-09-05T02:50:18.000Z,2026-09-05T02:50:20.758Z,1,,,0,,HELIUS_D1_RAW
5Nn68zpStmn6FyTJjxNMpYrd3WhCPSAWi9kvdxVxu13pfKPdY4g5UbSQNJQTcukWp4ds2oBjnATeBpe5SpEoYjzW,444409287,2026-09-05T02:51:04.000Z,2026-09-05T02:51:06.512Z,1,,,0,,HELIUS_D1_RAW
2EdacFUUZWcEkSLVHPCX3U2LRJjsAELDp6F94iKqC8v6Z5J5Rc1RZgTePBFv42Zj3Gx7eAhGda2m6XvaSqQm3D2k,444409571,2026-09-05T02:52:34.000Z,2026-09-05T02:52:36.281Z,1,,,0,,HELIUS_D1_RAW
49h5nWFxXcgPdYJxKpBkmdjPYxYjwJk4YWgj9ftSpSqbTGfKu8G1t2PRQtvW9QjTxXDzeA2WAMzkvhKaNgVzviHC,444409695,2026-09-05T02:53:14.000Z,2026-09-05T02:53:16.487Z,1,,,0,,HELIUS_D1_RAW
KtFs8VfmGrhEfMmkJ3yjMEAHAVETvkYYjUBGEJvrRY8scYoCxmHohHFspaTbtVk6yL7gCJDMhSDRuVRpsSyjm1o,444409748,2026-09-05T02:53:30.000Z,2026-09-05T02:53:33.393Z,1,,,0,,HELIUS_D1_RAW
64UjidjCx9pJvJ56BM8pVYmNoPnQd2U7gyXGkgVR14VVrEC44aWyGcyRTtpEHXz4iknGorJ8k4JiXx1D23Cjrzyt,444409806,2026-09-05T02:53:48.000Z,2026-09-05T02:53:50.913Z,1,,,0,,HELIUS_D1_RAW
2GK3JvRWs5pcPxVGKxYV1iadkMdsxwGAPZkM965sbt9GabEuGoQfVJi53xU6vYKbCEJUgsPYdnbSKH6Ez8D8aEbf,444410003,2026-09-05T02:54:50.000Z,2026-09-05T02:54:52.568Z,1,,,0,,HELIUS_D1_RAW
61CP3BGTCQvkLLDw8rvsF7xQ8RVQGnYR2j8Svf5uJASrRzUoYKwWywEdpDpYcT5yau2cAbJQdFGqAU7w8v1WjUPc,444410056,2026-09-05T02:55:06.000Z,2026-09-05T02:55:08.637Z,1,,,0,,HELIUS_D1_RAW
smhqYeGxL1Xcev83frEP6hpNAiVX8FzATHAFNGmL7Bz5WL7cRvUMkwtwioAWBcMgsNH3CoVh4fcjTFdXdhxirUu,444421916,2026-09-05T03:57:19.000Z,2026-09-05T03:57:21.780Z,1,,,0,,HELIUS_D1_RAW
5SpyymBdpDpDTAsgn3BEnk8rXtynaXseMaE5bBGGhi6ZgLEpCgbrPR9KD9S4dgdPJ3fukXshqk91pGJyAUzKmNn2,444486050,2026-09-05T09:33:50.000Z,2026-09-05T09:33:52.333Z,1,,,0,,HELIUS_D1_RAW
4xBeLxJPTVJi8ypqyP4jdJkzBmcH7H9K8BuQtYpcaCRLG5Bgq62Wb2NMXQADstw1pcmnAcWR5q4LhydzPeqZe4aZ,444486060,2026-09-05T09:33:53.000Z,2026-09-05T09:33:55.008Z,1,,,0,,HELIUS_D1_RAW
5c5R6TnXyXhfVhpEHh8nLQdZTyywaNgTLsU32Vm4K8t2LyJt7kxvtDidHEdJuwjZrCUL8J6Fy8SH22nhWnksdqkg,444486064,2026-09-05T09:33:54.000Z,2026-09-05T09:33:56.626Z,1,,,0,,HELIUS_D1_RAW
3541JzfKfv8hVD3VqiKFZeWJXDiGKsJvMxwv3uHfgGNUiRivo3an5isJHfJS9UfNycowreBFdqNZ8FH5AHPjxrak,444486068,2026-09-05T09:33:55.000Z,2026-09-05T09:33:57.606Z,1,,,0,,HELIUS_D1_RAW
5pDi7DLVSrtbvEDF4eXLth8pVAgew61hgTR1mmNzEbTq6nfR9KWYadth6K9TzsviDZnSReLRUx6HbFmPTNbGC52G,444486689,2026-09-05T09:37:09.000Z,2026-09-05T09:37:10.797Z,1,,QUEST_RESTART,5,,HELIUS_D1_RAW
4dtzhySTTmjvkBZHDVPtSzH9gugR5QmLzoiuEYfx6pZCByAuxxcnfkAyh8NLRLA4EHfwYCpBRrpdMWxFwNPaatCc,444486698,2026-09-05T09:37:12.000Z,2026-09-05T09:37:13.702Z,1,,QUEST_RESTART,5,,HELIUS_D1_RAW
BfMqFKdLYVmQjJsLniJgVTFjtUJnfoBSJEgjxa5a66pn445pjSkJ4cEJ9FiLLi7LcwiqkFf2jakbrs5oqVZhaWB,444486766,2026-09-05T09:37:33.000Z,2026-09-05T09:37:35.551Z,1,,,0,,HELIUS_D1_RAW
4wJZJZvCAuWhGFg1MQCap9DAdEWQkJyMvY4womNBaaf4xWLokSzSp94uUthuJNjtSUzHRK3qH1kjhHJGowjUs2tP,444486772,2026-09-05T09:37:35.000Z,2026-09-05T09:37:37.726Z,1,,,0,,HELIUS_D1_RAW
4CiEwgB7FGzRHLvXUFEHsaiFBAEANe92tzd9k8NoMKb59RY578cX1k9CBL66n8K67ZDzPtPQdC53oiCri55eEX2y,444524931,2026-09-05T12:57:34.000Z,2026-09-05T12:57:35.699Z,1,,,0,,HELIUS_D1_RAW
5GzrrHvcGd2qR4zRwAp5x82RSM3SJcpoPxv7aQsNBGzxj57RbyXeu6freoFbmz3gZFYWJ16GTArtAgNf9hnyqJoH,444535941,2026-09-05T13:55:31.000Z,2026-09-05T13:55:32.598Z,1,,,0,,HELIUS_D1_RAW
49evQudaWEtn9imui8ExYXmfGenfDgqneBXuY1imiuye6QAj4p7HurSkmJeWD7pktCqsuF6DTrFCtn7zpvshhciN,444536673,2026-09-05T13:59:23.000Z,2026-09-05T13:59:25.258Z,1,,,0,,HELIUS_D1_RAW
9h6vyiJXUAzScEXdL9MpXjBf24Tys3uFKgobyqwhgEpTCrCiVeeRtCxPPZhS6c6tLEzqmaNNCoj2bkfAyoQPNqN,444536673,2026-09-05T13:59:23.000Z,2026-09-05T13:59:25.268Z,1,,,0,,HELIUS_D1_RAW
5H6PtZ8WKGgsrjx6697x7yf9v5Q42pEe7tfKqEvB2QRh2XfL7SzsnJUyH2Y6WPqUELGJAh7r7CCDTeQswijLtxMN,444536675,2026-09-05T13:59:23.000Z,2026-09-05T13:59:26.470Z,1,,,0,,HELIUS_D1_RAW
5w3tcdaycpUXicvPDYn964rrg75SZxiA8H1kDq1kZZ2s3BpgpcfC1RCSGCDM1ELCjaGRhxQTGUHecXrCjhn9hANe,444536675,2026-09-05T13:59:23.000Z,2026-09-05T13:59:26.391Z,1,,,0,,HELIUS_D1_RAW
2VxxUziQhHpAWkcP1hXZJKNUmiQqUHtBbxfpt3r69wpC5j19u4R6QuoXhCBQ9rDikf7AxVpNDtbCZejNtabKZ24T,444536677,2026-09-05T13:59:24.000Z,2026-09-05T13:59:27.145Z,1,,,0,,HELIUS_D1_RAW
5gLP38eihztzsoC2Mag3bp6E65ifVdu4mDayf3kXtbdTrvmngvSefUfiy1KhE9PWQQDz68hmCn6baLpGgC9SzT3o,444536677,2026-09-05T13:59:24.000Z,2026-09-05T13:59:27.144Z,1,,,0,,HELIUS_D1_RAW
4m1UMpDPLxUJhMfS2Zif9aezrVbp6BZxvqi8hJpNg18kiniTnTyDaQbg9fdTvHqm6guhKSYNZeGpdyrYkZHhA5Td,444536678,2026-09-05T13:59:24.000Z,2026-09-05T13:59:27.074Z,1,,,0,,HELIUS_D1_RAW
27pMaPMffNVBBRAUSvLsmoJRHSLEqPk2gdGAXfMdvUdSYmkrwHW9HmsshZaWQVhPFrxU4mmJXekoiFxWunD9qm1R,444544657,2026-09-05T14:41:15.000Z,2026-09-05T14:41:17.635Z,1,,,0,,HELIUS_D1_RAW
fs5hYyZxkPoP3rTBgRVexUSGvxQNPdv5yh42C9JMnYF21C1XEz76eo4Pe4SD4NaKHYM1MT1et9usqXQMPBziX5q,444560601,2026-09-05T16:05:09.000Z,2026-09-05T16:05:11.859Z,1,,,0,,HELIUS_D1_RAW
4Cfad51MNMzM7boX9rFRbFfCAE1cJXkE9rXqRiHQ2pvM6S6UBakhAJdv1V5JWiWwTXukRC8L3aB1pSYUXUyk7uFh,444584933,2026-09-05T18:13:22.000Z,2026-09-05T18:13:24.531Z,1,,QUEST_RESTART,14,,HELIUS_D1_RAW
633JomSkPGoRkweE9PXXNAbpBDsD157pf23etmo7kDuY4wv5YACMsPMPFv7xVxZ62KeQCe3hAU5hRARsr2x4sjzJ,444594290,2026-09-05T19:02:32.000Z,2026-09-05T19:02:34.439Z,1,,,0,,HELIUS_D1_RAW
46uQ499qZkW7tt5PVNQuhXbf5ZHNbAMrZnWuDe7yCdGei9JnE3t63NNfFMU2bCrKNYJYHbUrvhCJmJy1nqQonc2V,444608087,2026-09-05T20:14:58.000Z,2026-09-05T20:14:59.963Z,1,,,0,,HELIUS_D1_RAW
zwNHxpn1fXNdZKujjqbgsdogwBYbQZt3paQdUQ2t6dPTu8B9moHzKoZ5AJcKA58nCyMdyvPkkb7qJ1UP7XwSBmg,444616157,2026-09-05T20:57:25.000Z,2026-09-05T20:57:30.117Z,1,,,0,,HELIUS_D1_RAW
62veQ7yitRuJVxmPWXytnz5Xfs4XFV2Upzc5YR9JmGYMYg6ydxpy59DoDMtKMPVqC3HM3nGsRBfqjhpJcWUZk3wd,444616216,2026-09-05T20:57:43.000Z,2026-09-05T20:57:45.603Z,1,,,0,,HELIUS_D1_RAW
2KEyusfNv2qC32ouhbRrFcRnMe5s8TjQauuHpoEow5w3ssaP13wYMiALK3hGRz9woKAvChhNCS4Kcz2rhtj17mw,444616253,2026-09-05T20:57:55.000Z,2026-09-05T20:57:57.023Z,1,,,0,,HELIUS_D1_RAW
4WPYQF34qZ5VHoMVAKrByi2pc7zPVbaUbJ3BARTY1i3bU2C14oTPdCYPqs2cupEPB3P5TeR6ofEubbaZ2BEMiUoF,444616297,2026-09-05T20:58:08.000Z,2026-09-05T20:58:11.032Z,1,,,0,,HELIUS_D1_RAW
4kPbHSoKSRWfGtuoo24NsxmEdt8EqcW6qdMkEttbqNxuBTHW43nfkTAr3xdNGUHnrJA44vK5YNbSyHd2djhAUQoX,444616343,2026-09-05T20:58:23.000Z,2026-09-05T20:58:26.840Z,1,,,0,,HELIUS_D1_RAW
2TBG3zcgc5LJJh4oPwwxFw69cgqG7b7B8GnVbxqVbLd9F1JJw3W3hGVPUyVGAgSL62KcKYunLnefUMtDvNAm1QfF,444616412,2026-09-05T20:58:45.000Z,2026-09-05T20:58:47.724Z,1,,,0,,HELIUS_D1_RAW
CE3VUPmCgeDmUx8kbw14rHjqwkmqr4rtV8hccJrbdaJ3W95G1MeFRc1dzVUMKG9MaJWe32vGdVuixnatg4sLbv7,444616574,2026-09-05T20:59:36.000Z,2026-09-05T20:59:39.481Z,1,,,0,,HELIUS_D1_RAW
616p3VS8dqsENfJtcAR2DKG9sakccuJ3g3dejxpEG1ryauWzL1sn9qCUHZBw8k22AUNSX2UtD7VbCLC6gFChVmTz,444616646,2026-09-05T20:59:58.000Z,2026-09-05T21:00:00.329Z,1,,,0,,HELIUS_D1_RAW
CvYu7FjsNEYHRoPAdn1jm4BQn68Vxywjj2JaWqjAbFMVsJmnmRRBavczCiBP4RCp7SyQJsFd8qVsRZ8aEjnony9,444624722,2026-09-05T21:42:21.000Z,2026-09-05T21:42:23.531Z,1,,,0,,HELIUS_D1_RAW
osnGnrMxgD4zgDyM7aM65LiztgqRdLQSKYBAp4bW7Yohfvj5mNGh2Fdp6jJ9gEfM4ouF3CYefkaPvV6RWVPj4bz,444624746,2026-09-05T21:42:29.000Z,2026-09-05T21:42:30.868Z,1,,,0,,HELIUS_D1_RAW
4M65YhiKGBzR1ZUdtpGcTFkbu2hkv3gnMcoSw92g29DfMmbH7Sefb4Y6r7c4KvdA835R2Xo2Vy8qpmEbTVjD8veP,444624767,2026-09-05T21:42:35.000Z,2026-09-05T21:42:37.907Z,1,,,0,,HELIUS_D1_RAW
5xLbGKM7AzD4hyWjzz7UUrXKMfCBw3pBsDBMrAoZq1Jc1MbGHatQcTLdeuffSQwKXiunMmumQT91HZYjbqvmiLma,444624789,2026-09-05T21:42:42.000Z,2026-09-05T21:42:44.790Z,1,,,0,,HELIUS_D1_RAW
5JNuuwUZZnxJjvtsuM4uRnDMA1is9Q1PieBubSViCtDk8Myjq7R7AWiLfn1yHgjMoVeHePyF8gwe4GbecPhGMFXy,444624810,2026-09-05T21:42:49.000Z,2026-09-05T21:42:53.669Z,1,,,0,,HELIUS_D1_RAW
WvCyhomVo5Tedr61DsE4T4TGpBYguGAhfw1JKK5VYtqLL2njSyakMJ1ixxk88CLZE6dP8946MAu7vxg7jnBzuM4,444625251,2026-09-05T21:45:10.000Z,2026-09-05T21:45:12.604Z,1,,,0,,HELIUS_D1_RAW
uHKA4wz61qAQXv4mQFoZKFjQQtmxkYtUGqzei7Ty5ejTfKN8rEGFtuLD65bQLmZVEz824m9Cfhn1YiAmcKtjk6R,444625270,2026-09-05T21:45:16.000Z,2026-09-05T21:45:19.718Z,1,,,0,,HELIUS_D1_RAW
4TKgzoaWXdzaNJz4H4bsWJrxDuPFPSwjvgU7Esre7P9mtr6U9nWsRRFJA3ppHaVA6qS2brG6ymEXuJNvPNQceEez,444630104,2026-09-05T22:10:37.000Z,2026-09-05T22:10:39.716Z,1,,QUEST_RESTART,81,,HELIUS_D1_RAW
2TRmsGSYNAA1sXTx2AZe8DyAKd1XVj1X5wwEMvMGixjJdqDPn6NZtK1Gr1eahv4fCTUjG9Bv1Mz17SqryHAmoArR,444660669,2026-09-06T00:51:12.000Z,2026-09-06T00:51:14.203Z,1,,,0,,HELIUS_D1_RAW
2uHNpMAoi1ZBJcAH4vP6jQJ4GJqtTcjATixd7oN78Wh1d4RQ3e6CeYKwC8iQW3sirG7HU7m3CFCCyeJ42WBJmQbi,444661357,2026-09-06T00:54:48.000Z,2026-09-06T00:54:50.673Z,1,,,0,,HELIUS_D1_RAW
2EXFXxyDjRwb3AfHZhhZpcZFmjSDDNXXSkAAMNUr7tHePjJPftGu7uDnbbvNNTobgmmZCFXtBMNFsTCzKQ5ewxhy,444662277,2026-09-06T00:59:40.000Z,2026-09-06T00:59:42.637Z,1,,,0,,HELIUS_D1_RAW
UsH76fYLR1wKFwriZ6ueCPYtL2rqSTNHbVGABCbce6ToBkEtBT4Aq95bLRKo5GidaigTjwAVMZxzikyv6xmJSXn,444671597,2026-09-06T01:48:56.000Z,2026-09-06T01:49:00.686Z,1,,,0,,HELIUS_D1_RAW
3EKqMUGAQdygXMengfonPkzGxwqGAqcTTZBWLTYS83ncm64PVeAZnbe7fiyXRydbFKiN5hv7qbjf1Cfm7xPwqFHK,444678626,2026-09-06T02:25:54.000Z,2026-09-06T02:25:56.171Z,1,,,0,,HELIUS_D1_RAW
221S8kExP2nq77SBv8pUR5PyEeSxA8Bkwb4MJvk9QchAE6nyzZtFTes3rhKZRoUCvGtBu7JmjaSmoosapvcXRi5W,444681902,2026-09-06T02:43:15.000Z,2026-09-06T02:43:18.309Z,1,,QUEST_RESTART,4,,HELIUS_D1_RAW
Hwezn9BPMVqYVnmLtjXnE84yLubx9cnmsSABGmYP4ZK8n5JJwXQP9gnDunNb2kQHZ9WWvZLiqupm56z8mU6vkzM,444683239,2026-09-06T02:50:16.000Z,2026-09-06T02:50:19.957Z,1,,,0,,HELIUS_D1_RAW
5RfkuHbcQPbzit9F6BuFiR2i3drJff47cNJ8P7LnBVb6wU3k9PXN9maaPrhsmQxStvDu2xUSzYpk58eCqWjAuWHf,444683496,2026-09-06T02:51:39.000Z,2026-09-06T02:51:43.896Z,1,,,0,,HELIUS_D1_RAW
3ZbLPspfabQZRDfEmTZcSNJkRXq1qdoVSYkKCcVtCPUCBVfKZwWbyXqU8vM22WWPPi67DzLcyckCPb16vBRFyLb8,444683760,2026-09-06T02:53:03.000Z,2026-09-06T02:53:07.562Z,1,,,0,,HELIUS_D1_RAW
5pRbTsBhgNrSH44tW6kCYEZeVKgqpMU9EJnkCKXmtTKG8QyWjMg3adSUEpRKnWGHBRngjwcUQqQ67K9feYiDFV6d,444683798,2026-09-06T02:53:15.000Z,2026-09-06T02:53:17.647Z,1,,,0,,HELIUS_D1_RAW
S1veVwXySWTtXP9QTSKfEXmjSmrfYWmBMFEDoJW2mVguYQR4NmUpW9xkUaDbgTy159dzeqemDugD47xF6HgaMsD,444683834,2026-09-06T02:53:26.000Z,2026-09-06T02:53:28.787Z,1,,,0,,HELIUS_D1_RAW
NgGaUgiVhxNB5utC3cEkqRfXRdkRGq4urrw3rxpkstXnkaJzu1fieo2r7tvmxZwtLDC8qgPKYmSZPn3yLfuW2ow,444683920,2026-09-06T02:53:52.000Z,2026-09-06T02:53:55.535Z,1,,,0,,HELIUS_D1_RAW
2xf4Zb872YQ2PfcH4R87McVWnYAh9CEz1vFnHUWM7QJeDiXPhQG2nPyrahJjVQPfy7jhgAppHoQ4Lx3ekWYk2DQe,444683955,2026-09-06T02:54:03.000Z,2026-09-06T02:54:05.966Z,1,,,0,,HELIUS_D1_RAW
gRSzqpnbS6FcyPjwycXChAhosabveHYey3sszr3CfNF6QC5mimQbzViuHu5CxgrExEiHsdHodceRqDTjsmeWCjU,444684011,2026-09-06T02:54:20.000Z,2026-09-06T02:54:22.576Z,1,,,0,,HELIUS_D1_RAW
3QnPzMSvWLMzLRpCmK7KMJNGm14jRSX5KbDcYsiQ7cagh1qmcASNCcNuTfX7vxe9YmybySQdDinqdjJYYHHPUL6d,444693758,2026-09-06T03:45:54.000Z,2026-09-06T03:45:56.423Z,1,,,0,,HELIUS_D1_RAW
2QBUALttFCFwRBypFW7vP25x9grcphyNwqpGjuWuZuTLa9bH8dXW7seMs3pjUHKRfRf5hJccFQavfEfuznLML7ng,444693759,2026-09-06T03:45:54.000Z,2026-09-06T03:45:57.347Z,1,,,0,,HELIUS_D1_RAW
3MfeNQRhrpTk3qNAnJebe9avvMAZyCrbcHP9JyN7nbYgNHzCdwyT1xxx8ULVD2AbHC6z3k4Mkxndm1U9KPycwfod,444700061,2026-09-06T04:19:04.000Z,2026-09-06T04:19:06.098Z,1,,,0,,HELIUS_D1_RAW
3F6zsnr6wC5nfDP7fDaARFTPzYoQHVm2V9PEfMbaUMAwJrzpY3XWUgJNkeF5c2oq8bAfqrhh3EpvDbQEvPCeA9ZN,444704759,2026-09-06T04:43:49.000Z,2026-09-06T04:43:50.894Z,1,,,0,,HELIUS_D1_RAW
4MuKQFyzuhKwe18tYwjPxC5udEy43Bghu9iD8x4f56jMMEhXmGoZxadT9qhXs8jNKoYVwaXEpZjKcGFadPxCPHHc,444704761,2026-09-06T04:43:49.000Z,2026-09-06T04:43:51.472Z,1,,,0,,HELIUS_D1_RAW
5Jp8tCtrEks43a3hhDGeiCHMemaWY7HizRgpuqXfpXwepmXPXqWf72J7RdbVAnhohye643ogtX2Qe4GBWtsfZDa3,444704763,2026-09-06T04:43:50.000Z,2026-09-06T04:43:52.203Z,1,,,0,,HELIUS_D1_RAW
5UtZUGm3iXMrBSU2DR4HSXsFj43yi5WiYMovUP3vyPuNC9eVEnmSf3KW1rGQYrojv5R8Xq9fq9Cf8BkFcH4yfwon,444704764,2026-09-06T04:43:50.000Z,2026-09-06T04:43:53.178Z,1,,,0,,HELIUS_D1_RAW
7QoGx58uoSew6cLrRrtNSxy2p6E9ofyCTJgzG2SKrfA9GJMV2Dh5ovRjTjQrMZajE7cD7fTnSZdoUXbW7o9Xjvg,444714427,2026-09-06T05:35:02.000Z,2026-09-06T05:35:04.898Z,1,,,0,,HELIUS_D1_RAW
2eB4ZGfJg2yzdkWmNgwrZ3nukD1PsYB6BvJvymCUV4DBRJwEHoKGCsFvbvoEmeuTd2WFfasM1r1TvbHQzrET1aDj,444714431,2026-09-06T05:35:03.000Z,2026-09-06T05:35:06.067Z,1,,,0,,HELIUS_D1_RAW
wJN26ShJNRG1VTwTjJgcnYWSq5dfD6gjGnieHE13dTY92B1J7F96oJaNYvA9NQw2v3hwps5ZCJw3jRYHa1zVhdB,444714439,2026-09-06T05:35:06.000Z,2026-09-06T05:35:08.368Z,1,,,0,,HELIUS_D1_RAW
4Md96oLACHPH3zuDaSczHghi4Kq24rvh8vp7cVQdr13iH2L9NNHqytxcvhNBD7BhY6Kj5VP8UvNpaQHSvrj4KhQj,444714441,2026-09-06T05:35:07.000Z,2026-09-06T05:35:10.045Z,1,,,0,,HELIUS_D1_RAW
R7X1ZAzXWqqLfWmZv7CpGjs2ogUnsGmSBkgyTPuqMiXdGSi7bUt5YSBeyRCKN2Bef7NpYQAJD9kD5zbTKnuXw9C,444714443,2026-09-06T05:35:07.000Z,2026-09-06T05:35:10.061Z,1,,,0,,HELIUS_D1_RAW
2b4p27YpvEkGsiXTAcSGWk3PKQdYmmzWiu6ffwsFZxEmvWL4fdVbcXjXGunEZSa7NVg3XhaVaF6gRbnUeT4UNri2,444714445,2026-09-06T05:35:08.000Z,2026-09-06T05:35:10.193Z,1,,,0,,HELIUS_D1_RAW
3bcMtmjG6Pg5avt1k3PxGhNoRUa1zHuCyogoYoaa6LrZcz9Ay18D4pnJuE6KMrnpdxbHFXAgxyv5WGf7QatP28bu,444714454,2026-09-06T05:35:10.000Z,2026-09-06T05:35:12.767Z,1,,,0,,HELIUS_D1_RAW
5qPoWC1hu8cKQj5GoqK8jy7Q5vktGuwvb7BwtBbCKT9iS4Qoy1rogxj15Wv49H8WkvutcSTzgtyzPACQhHWFZhe1,444714456,2026-09-06T05:35:11.000Z,2026-09-06T05:35:13.265Z,1,,,0,,HELIUS_D1_RAW
3uaFSx6wiKnVQy1hT9wwUQuV4GdCaRL7c7PKdKmStipxvgjRUSExJc9jBHQ4NEePTqgSrKjwxjnj64Ly5C7pd75x,444714464,2026-09-06T05:35:13.000Z,2026-09-06T05:35:16.717Z,1,,,0,,HELIUS_D1_RAW
27S4mEWcQRinYsTZzoMuQ4wtLmyTJhN6NMEkxuoCiMs4onDifM6En3fKLWrKP45b23AuNw5558VAeUwPDWLGKWTv,444714469,2026-09-06T05:35:15.000Z,2026-09-06T05:35:17.774Z,1,,,0,,HELIUS_D1_RAW
LrEkU3uNpQnmQj4MNdq2f2kcLwYiTfMjFjSEmrxL3mkopsyjf4Bd1rGV115g7Nrts9nQR2inbf2fQUJ7Jupf5NH,444714476,2026-09-06T05:35:17.000Z,2026-09-06T05:35:20.036Z,1,,,0,,HELIUS_D1_RAW
285LTDcn9ZCA53EaaM2xDTieqXH7Yas58YmcBdQizTpCTCn5gzkyaNNPhbKRBRQ9yoKj1VEW8orZU5jdEp1oEN53,444714490,2026-09-06T05:35:22.000Z,2026-09-06T05:35:24.533Z,1,,,0,,HELIUS_D1_RAW
386sqF8ZvAQiZEaFSkn7Vni6GVNcs8jhha2CBdeTJWdswNUgwD3hmyj3MVn9KTERUSAdTVdutE9aFmCpHWsCwvNs,444714492,2026-09-06T05:35:23.000Z,2026-09-06T05:35:24.977Z,1,,,0,,HELIUS_D1_RAW
2JFWjFNcy8sxqqkoieLNW4zr7whChZuzkLVzjuLBacb7Wjvha3j5fCWMfo8vXoiuX6Tmd5FUgDcJcL8trcArBWRA,444716303,2026-09-06T05:44:57.000Z,2026-09-06T05:44:58.931Z,1,,,0,,HELIUS_D1_RAW
5ocj9QxR3BhDkvrLGYiJQCznbin59J2hYZJEYP1Em6o7y6C8LXBBdne1KZi2o3Gvg1srFhAn4j29cXSidLE7FctX,444721389,2026-09-06T06:11:49.000Z,2026-09-06T06:11:51.238Z,1,,,0,,HELIUS_D1_RAW
27p1MAtfvdnNxLfgHvGzdMYG2pBYXgULKKVP3dNDDTaYzzJcYrNQVxaUtzYteCJwd9ZN7a4BZKx3yTddLcxSpNGk,444722509,2026-09-06T06:17:42.000Z,2026-09-06T06:17:45.016Z,1,,,0,,HELIUS_D1_RAW
3f9tGhmUHykSvU9urUAGMxA7jxDRZyWjS58aHVTfFmHfBT7AeS5d7d8bW5GRywna9weWLdVx1nA9EgrMEfhsJZbD,444722945,2026-09-06T06:20:02.000Z,2026-09-06T06:20:04.481Z,1,,,0,,HELIUS_D1_RAW
zW7ACnecDvqazWGmriQDQer4cvsEQSzAWv6L9rP3FJTxi4fpi37HKyCwWcqLzXEpqGKFNLUKKLAoZGAHmQEjDW2,444732852,2026-09-06T07:12:20.000Z,2026-09-06T07:12:22.301Z,1,,,0,,HELIUS_D1_RAW
64eEKxwCEE2b9UaR8HqrWQPJnxn8FBJX3Ej7ctC5ukhHa9HZEjJ4pSnZcryBHLB7C1vZqmWpv9DZnRULhzYpo8wQ,444741270,2026-09-06T07:56:37.000Z,2026-09-06T07:56:39.981Z,1,,,0,,HELIUS_D1_RAW
27ucPdrNMkXxGTtq3QwxUSAgK1UwRnjnb2ec4XZKK3JsmQWXjCrnnA6GSeSoEiiACqKkyhPrKvc3sc8cx8amA24i,444747715,2026-09-06T08:30:34.000Z,2026-09-06T08:30:35.963Z,1,,,0,,HELIUS_D1_RAW
39f3XpeWTP4ydQvv9jX6c1A2adAzQxqHssy6SnxK1tEZW1wMWanPZ88CVFx9RptHMic95v4LY7wS2Msjgu3qCW3,444747776,2026-09-06T08:30:53.000Z,2026-09-06T08:30:56.442Z,1,,,0,,HELIUS_D1_RAW
4LU5zTgqgpfhbuAZuNxDMTBsv4FW6SMDSef4oeP6qhp9g9q1irY8NMpyuviVHwZZhorE7oj5b6TGL7Ct6gyLQyEi,444747838,2026-09-06T08:31:13.000Z,2026-09-06T08:31:15.511Z,1,,,0,,HELIUS_D1_RAW
2XBAac4yYGuhLmVRBfwxbLn9pQiEEkn1s6MmKrZTFfAQAs4vopetTkv59xSSpVYgyFFJ6joaNjHYHUkBibe2Tjyn,444747893,2026-09-06T08:31:30.000Z,2026-09-06T08:31:33.459Z,1,,,0,,HELIUS_D1_RAW
HbVceVJPAkYVFxajLh5QALhubXmSC6ES4zf9N6NseJPqfXgmt3HyTVrHbBQb8jQt6pR58ZgqSVDDaz4tmuRmrkC,444750033,2026-09-06T08:42:49.000Z,2026-09-06T08:42:51.337Z,1,,,0,,HELIUS_D1_RAW
3JgQ3R2Amyjx6ExXKkixtLp3ZZEN7wo91YALbp2hYARbAwCG1EWsm7wLEAThs1scTbGuTot7gUrP7cfqxR2yR7yf,444750226,2026-09-06T08:43:50.000Z,2026-09-06T08:43:52.882Z,1,,,0,,HELIUS_D1_RAW
53rTzTYTAjf582pFHV3KoZsHHzJZpSdeiY4hT7suychWXkBiTR4SYt86Pdpdmc4mpijcnWxKZ4idJ6u4PtEmBhrR,444750302,2026-09-06T08:44:14.000Z,2026-09-06T08:44:16.598Z,1,,,0,,HELIUS_D1_RAW
2CbHgnQRVozJJ4Vonv4vzgTRb44LA77xw5v2dPiMzRtqp7VjXHBXdk48jDbUs6HMHqjfXfZCXrJkNMpsG62t9NAx,444750452,2026-09-06T08:45:01.000Z,2026-09-06T08:45:04.570Z,1,,,0,,HELIUS_D1_RAW
4HCwPKUokzKywrUSX8PE7SvBZiUcbyGJRX991jPUCJSxYD7FJ24PjeNNBLGvj74ZppDX9q8dh62a7kNCRHipJ2Cm,444750452,2026-09-06T08:45:01.000Z,2026-09-06T08:45:04.548Z,1,,,0,,HELIUS_D1_RAW
3Fqm2F4nbszn6oQmgzT6jUU5eCScRF1urmVqCeyLMdsMBE11zegHXxYc2mGPf6fSLGxwtnooxo8KDMuYPpLeNhPv,444750645,2026-09-06T08:46:03.000Z,2026-09-06T08:46:05.656Z,1,,,0,,HELIUS_D1_RAW
YtWZ1VxfTfemoqED3aLQnf8W63x9FvJ9UkSqYDnuaKKstAZ3weLoHeX35McmUydvEhg7QKdDQDxnua4uPbdSyhx,444750645,2026-09-06T08:46:03.000Z,2026-09-06T08:46:05.624Z,1,,,0,,HELIUS_D1_RAW
5G6zGCUGwJg3Ncbg7o8B4Qf2wtsUNRu7KjSnT2bj7bLFtvG5TW8HpnaYj3NKycBCYe9BaqSDSwzTxCJUxsmFEJnJ,444750711,2026-09-06T08:46:24.000Z,2026-09-06T08:46:26.501Z,1,,,0,,HELIUS_D1_RAW
5vjtmt14C2ecNmkKCFwMtiQeKMECMT2nymDsi1aGTp42mVZYVHX93v1TaRMN2y4HiHhzWVg9vqTPfib964MpZDjf,444750711,2026-09-06T08:46:24.000Z,2026-09-06T08:46:26.479Z,1,,,0,,HELIUS_D1_RAW
5VgF9LvVWf4xGxXhuKFfNcAVGZx6LcjSnXsuYkEVvMLb63sKNqawB5BK7siFCGwnpMCtR2deMsN8VkAwCFDXdYWL,444750794,2026-09-06T08:46:50.000Z,2026-09-06T08:46:52.943Z,1,,,0,,HELIUS_D1_RAW
BV8XHi6md3a2fRBRcfTfvtcUdKWaFhgWfepdorkM4fLByzCjXPQQLJ17p2QXbxDfDSWSYZSpPTRjQHse8U35fpb,444750794,2026-09-06T08:46:50.000Z,2026-09-06T08:46:52.952Z,1,,,0,,HELIUS_D1_RAW
3X7NuvCgpj4Um93xkncvyV4JFtyTXKJirUTzWCX5uQXYd4yNA3EJjHmaYPwKXBudMkJ95hYJh38S3KiBn7LpBovi,444751828,2026-09-06T08:52:16.000Z,2026-09-06T08:52:18.274Z,1,,,0,,HELIUS_D1_RAW
2pmYZyLKH1PzrxW8FrUoFNdTxvjznJ87Et2Lj2RmFAc5o9Az8JSCqyt3TKyY17pQE3FFE8m1GmEs3Vo1nFqGQhDg,444759291,2026-09-06T09:31:38.000Z,2026-09-06T09:31:40.902Z,1,,,0,,HELIUS_D1_RAW
5pyZN2duzkzj26woaYJp21G7GDaD2HUqZXdBaLr4ykTv6AhVzQf3Mn2arhfCyeAWWT2XyJrAd3eepwqe8AGqKBjm,444759291,2026-09-06T09:31:38.000Z,2026-09-06T09:31:40.900Z,1,,,0,,HELIUS_D1_RAW
4GPCncSUCir3Mon22tEtUmEWywCkXfGXgQcHQzKTuTZAS9ZF5NwK8skJmqrgeBNRtk3LmdKAJYpVrLCVJbbBMkcD,444759959,2026-09-06T09:35:11.000Z,2026-09-06T09:35:14.039Z,1,,,0,,HELIUS_D1_RAW
4QoAo5yVM66iRA4MUe1jmsE1joXZdjB92Mvc8vca23MNs3T6QP8EJoBzCJDB8qtCkLNKk2Xo3u6fWNfa4LqdTfU5,444759990,2026-09-06T09:35:21.000Z,2026-09-06T09:35:24.755Z,1,,,0,,HELIUS_D1_RAW
4qhhfUgepYTeG8fyLZuuAF252uBhaaYW9NTrB7T9je3koVkUtH9J9QQofi7WSZ2fe1cYV4f4dW1AwCaTniSb2PwD,444760239,2026-09-06T09:36:40.000Z,2026-09-06T09:36:42.150Z,1,9StzYAinRr4oG6SU8M9B9qNcAVNZJYgt21qaXvgyxDV1:BURN_OR_SEND_TO_ZERO,,0,,HELIUS_D1_RAW
5HZttFkEBrHPpEcTPffQtPgyxdkM2MF8MmZ1SzcULTrsEXDUjNDyaJKPySv4uY3eDcefaBcMt52y9fXnfdVC4o9V,444760239,2026-09-06T09:36:40.000Z,2026-09-06T09:36:42.145Z,1,4j4gzamLBwKQrT9oNACSs9MMajVQQUwizFK5Eb7Wm5Uc:BURN_OR_SEND_TO_ZERO|6KtDhHCgGdzPwryTE7yfm1JRNdbQB7kGQGELbznQp74T:BURN_OR_SEND_TO_ZERO|8VFXLyXT3GZKCEGxL3gNE9bwPNYg63G4q8V9fvmbejyi:BURN_OR_SEND_TO_ZERO|HBMw3LLUqLjQS1E3ZNenbPPydc736VyksMWAFpXvfYFe:BURN_OR_SEND_TO_ZERO,,0,,HELIUS_D1_RAW
5YSTFKm3gKtNZ5YFbFgqJGAhvworc1WASeicWtKH4bw3Ux7LeVqfwjSpqjnMKyd8ykWW5KTJF9wgB9hewWNaexqn,444761834,2026-09-06T09:45:04.000Z,2026-09-06T09:45:07.168Z,1,,,0,,HELIUS_D1_RAW
3WngfSwxX7wzLzLy3mwrwdY9X9cq1FXKNKrMew4hYCSt3RzvrUoSJWwNVY34LNrY9TBnwPMVy1GcUdXM1nrpNxvr,444767744,2026-09-06T10:16:19.000Z,2026-09-06T10:16:21.458Z,1,,,0,,HELIUS_D1_RAW
4cgzEALXTaj6dmkUP8CYsQAkHCuXWxPcWaJmhe9HY2bWgcdGZ8z475Ee5xqRRUdBJRSzRduuSuR6sEXywp6i4aVg,444767796,2026-09-06T10:16:36.000Z,2026-09-06T10:16:38.219Z,1,,,0,,HELIUS_D1_RAW
4S2jt6XsDpkuKf7sWBnaj6BAKfYhHDpKNPXyTjK6wzKitjE9Ynq6PrPq6n3H3sZRC2hnLzeeC4qurQPqkjWbtJeD,444767805,2026-09-06T10:16:39.000Z,2026-09-06T10:16:40.848Z,1,,,0,,HELIUS_D1_RAW
5wjCmj7EhWsEsQ471WU2saU9TCeYSzBwjPJmHYzLzabL58PNXdscVDW85BC3swFVtJE7yBmrVauKFXxNq8PCz8No,444767853,2026-09-06T10:16:54.000Z,2026-09-06T10:16:56.198Z,1,,,0,,HELIUS_D1_RAW
3CUetRonZzCvd3s4RtnzzRmXYXVECGdrNJgSdoBfHcbcD7PrEKFTArxEA31RXJjJnHM7Gsfit7WCkxtyvMjXogpL,444769401,2026-09-06T10:25:06.000Z,2026-09-06T10:25:08.570Z,1,,,0,,HELIUS_D1_RAW
1S2wRNEawTpn8JLPdhY7f2MWwMP4yVVw2a7msb9RKzJQG6tCKx1L3deVjurFaHMU7r5apwMxQS66WxozFYo9cRk,444770103,2026-09-06T10:28:48.000Z,2026-09-06T10:28:51.209Z,1,,,0,,HELIUS_D1_RAW
Qv5Ca3jQ4kZqmVULqUHFiDBBYrmx9X2uYpmMkoQPiDF1DADf8S2x55rkBeTGhHeeQJHxCpkYMSZszEPxSbi63LQ,444786370,2026-09-06T11:54:37.000Z,2026-09-06T11:54:40.742Z,1,,,0,,HELIUS_D1_RAW
3u5R7NqDiULAGRx2z8ujvYndsetJABWXy7ioSUtgYHk88kGpS5EkTGt9kTonrdZ5ZB2DZN5cYuUsL21b1YByjmDE,444799336,2026-09-06T13:03:12.000Z,2026-09-06T13:03:14.813Z,1,,,0,,HELIUS_D1_RAW
27dcF7zZYwokttWivkjgLSiCuG6vFBpY3KrL9jY96fWvpx3TqDWCovJfN2QxBPcFhfGMrNCAngg3hv4AaYiPoEk7,444801813,2026-09-06T13:16:14.000Z,2026-09-06T13:16:17.848Z,1,,,0,,HELIUS_D1_RAW
5mLPEkRPs9xxwqcBePWGhAJBVCauGYM7RbqQUAV2eCqpY8zQBWpv2gBMkgKqQRoiC5akK7PJDpsyz6gWBYu7oZ8d,444801876,2026-09-06T13:16:35.000Z,2026-09-06T13:16:39.000Z,1,,,0,,HELIUS_D1_RAW
2zc5pVQpzPfAwXHHxirxT6JmoT1sKkts3KW1gcGSSUjruzFUCW7ykgE8TtrCzEfMZKKj6XbgobNd325snHDZXQKC,444802600,2026-09-06T13:20:25.000Z,2026-09-06T13:20:27.434Z,1,,,0,,HELIUS_D1_RAW
514vHEQsJnGEZt7ti1KcjJCifVQ1SUmutikFdf5zMcoEXLzSrBaadzuz3pKmnK85VD6afbicf7hpbdu1sP98jwE3,444802818,2026-09-06T13:21:33.000Z,2026-09-06T13:21:35.834Z,1,,,0,,HELIUS_D1_RAW
3V7afW4m4MXjeWKQeUL7wTzBUN2S3bmm1q4xYy7cWQnRvG13RUGKnrknJfG3EHdKXVpAHVh2jxeeKBjAvW9gyXg4,444803636,2026-09-06T13:25:50.000Z,2026-09-06T13:25:54.857Z,1,,,0,,HELIUS_D1_RAW
4Y63CZgwkztX43AaTsVvQqqDL4ALEXWuXgSUP2qyKTKACvN7RMKMUmD33Vd9Vjd8Wu4Yuf3353HL2aLkJRwo1mfR,444803902,2026-09-06T13:27:15.000Z,2026-09-06T13:27:18.353Z,1,,,0,,HELIUS_D1_RAW
48KkPkBJv1nUZkVFwEexpQVzTQKPFETCcnPw9QgvMktTzmcLeHcg5QwTQgYrRUSgPEzYKuEuP6NZ6XB7XLg9mbyL,444808656,2026-09-06T13:52:25.000Z,2026-09-06T13:52:27.757Z,1,,,0,,HELIUS_D1_RAW
5bSZpMFyU6s4jJgEUWSR9RW2QLRLwQk9TeWNF3RRcnmbdvNcAZuZ1YuhwcBkfhEmTXshiCKunpSVjWqq4z5Jr9TL,444808656,2026-09-06T13:52:25.000Z,2026-09-06T13:52:27.755Z,1,,,0,,HELIUS_D1_RAW
2QhY7T9kh7eqD7ACJk5GNRZvU4j4xxJkGqEAMvvRAdepFTgRqC1oeBXntYADcczkfxbQpZsDAdkZAtLVvHuVFjhd,444808804,2026-09-06T13:53:12.000Z,2026-09-06T13:53:15.447Z,1,,,0,,HELIUS_D1_RAW
K9W5jMs7cxwLGfsjzi6JUC9XRP9VnWokGg1KX14wR1urN3dxqXQXd1k9msHqudRjrnm52NJHVYZ4MBxprtiY1E9,444808804,2026-09-06T13:53:12.000Z,2026-09-06T13:53:15.412Z,1,,,0,,HELIUS_D1_RAW
5SBUx4vpZEvF5aqmzCjQJTboUhYU8X5tWVGJZvGsaxPQG6srVwYpjfB3UiXNSJryoRbHcF3CdrJoVJh29WGtWzjk,444808966,2026-09-06T13:54:03.000Z,2026-09-06T13:54:05.707Z,1,,,0,,HELIUS_D1_RAW
5kC6oHuYFeM3rZPK85tQEVjc1LgoKw9o9ixEh3A2UH7xuVUscwWgKTQNepAG4vssSZDc4j48UyUK3P1chZUNkGPA,444808966,2026-09-06T13:54:03.000Z,2026-09-06T13:54:05.723Z,1,,,0,,HELIUS_D1_RAW
24ArYuhfJfvxukqLT29RoWjHLf9YMAUGbd6kA5k7rXgrvzLGkFNFFfLcXFvZskmuiYqvTYoHZZ9G6QtHeccim7WH,444809281,2026-09-06T13:55:43.000Z,2026-09-06T13:55:45.470Z,1,,,0,,HELIUS_D1_RAW
27fNdcBNPaxMJUnWMwvjRA1F6S8itCS3o42S3jM3Beg5E16TTzBNxymxEXKfACNSFZM7UCjN5ps7c3emvF16K1uR,444809281,2026-09-06T13:55:43.000Z,2026-09-06T13:55:45.469Z,1,,,0,,HELIUS_D1_RAW
2rW4E868eRBKwFpcuQrvKNNkpHacvVnmwHgNV9Nek2GveMECWNm4qi4wG2deKHYMXDQUmgGEp6URkx7Kq42tDNRo,444809431,2026-09-06T13:56:31.000Z,2026-09-06T13:56:33.798Z,1,,,0,,HELIUS_D1_RAW
4r3d7dDnjoY7qQDt3m16xhMQJrxwLbVfNd2917jBLvkFZxN3mWf7B82HwK4yxUsfC9DohUNfr9FCXA9RhzkQ26H2,444809431,2026-09-06T13:56:31.000Z,2026-09-06T13:56:33.809Z,1,,,0,,HELIUS_D1_RAW
2LAt6QJJFXAbAHqA2ZhiMFgHk8FrECiR6nmPcHV62GQugfC1DQXRYfNUXv9CMTwtsQnafKkwqCVGZ3oRMV4R7fQc,444809584,2026-09-06T13:57:19.000Z,2026-09-06T13:57:22.753Z,1,,,0,,HELIUS_D1_RAW
4zYHUbZEEfxHtrsgC3rjpL3VFecLZW7awTPHho33QUrK8aKihWZiMVQfV5fEsTf8wkiBhLtvvio8RTDGMMsYMw61,444809584,2026-09-06T13:57:19.000Z,2026-09-06T13:57:22.772Z,1,,,0,,HELIUS_D1_RAW
yMCtPcB2Tzka837hYRosNzbeFECr1hCFHYzFFPnbDJT3MWcU6KwZaYtsagCtuTpLiGWyq3P3sxbxQM4rzUWuGVC,444809869,2026-09-06T13:58:48.000Z,2026-09-06T13:58:50.992Z,1,,,0,,HELIUS_D1_RAW
3FHkyQq7YHN76rx25Rr2JELLtDAvc5npxuMBJ1VFuAz6b4pNQRqAsQCvB1kQcefqC4sotBRvjnXCG9UZqjUjwTzE,444815696,2026-09-06T14:29:34.000Z,2026-09-06T14:29:38.638Z,1,,,0,,HELIUS_D1_RAW
2yThoFVW6MtwMY7ibz7QaPqiDVoGR91SeY1FJJjrFm7gFprGegXffNcJHfZg4rw3Uf1UV1vrkmDcNQSnFMnXWroh,444822331,2026-09-06T15:04:41.000Z,2026-09-06T15:04:43.662Z,1,,,0,,HELIUS_D1_RAW
3m66WVxcC9G2aQ9q2Vug5oy8TVdViBYuyuFZA3P5Tm5XVhLdkTaeiqqhfeDnn8cjpZM13cUnPCKKkWj1Jye1h4Mo,444822331,2026-09-06T15:04:41.000Z,2026-09-06T15:04:43.659Z,1,,,0,,HELIUS_D1_RAW
5vojvDPX7Dva9iweKzqY4FiRuEpHpNftzv7xXjfijEb2LAzJ8EREjrYyxbEvZ73sKchyynobWLBTxB9p1iKYfBKf,444822331,2026-09-06T15:04:41.000Z,2026-09-06T15:04:43.661Z,1,,,0,,HELIUS_D1_RAW
3dk51ZuoNqMwwjX9iFVN9G4GXBRkwMfD8JaEMkUXeutfrcPhXgz9FP82nwtwHcfhSMc1YAzx87c4iNKXc9wFA4PU,444822332,2026-09-06T15:04:41.000Z,2026-09-06T15:04:44.956Z,1,,,0,,HELIUS_D1_RAW
3hzrWhUabguZs7YKo6kub4jYTw1Rrw9t25Kec1mWJBDA8Uo512tyL1YZ39L4HaMMuNfFxBbSUE4GMLBjXrRaTMNJ,444822332,2026-09-06T15:04:41.000Z,2026-09-06T15:04:44.942Z,1,,,0,,HELIUS_D1_RAW
aiqHwoeFAZvmyGKutyaQ7HeYvfqHpVkQrBvSi19GpbLdrnn4DYyY9ismR4KYb3LzKB4mPvprHHj56DvPPP73gMQ,444822332,2026-09-06T15:04:41.000Z,2026-09-06T15:04:44.956Z,1,,,0,,HELIUS_D1_RAW
3KUVKg7asacVt1o8ddeLDGhHsKPmk1Z55VTuKYkSvY2bUqeKpTepS8GLhQKxWfhpbACirYNTdzEmBv5hiGfJW64M,444822334,2026-09-06T15:04:42.000Z,2026-09-06T15:04:44.585Z,1,,,0,,HELIUS_D1_RAW
3e5f29q8kDakz9LLxfP14ep15iTkLwUVjicx5cvpeiK57SNPexwj7mKQ8VrWbXmo8b8WEvVMaLaPaZQtHSPrN6kz,444822334,2026-09-06T15:04:42.000Z,2026-09-06T15:04:44.551Z,1,,,0,,HELIUS_D1_RAW
ADEdVERYd2ShFXuUwpjPDt3UjZ4H9aDYDCrKtN7Mv8ozWraeXAg3KfsNRqPZbSEYR1b2nVdZJtUFKrvfttUntis,444822334,2026-09-06T15:04:42.000Z,2026-09-06T15:04:44.561Z,1,,,0,,HELIUS_D1_RAW
wEmMzb3iTJyL1LA8dfPbSnJLH6zuQNFnpy6EHiz7MC7fTYThGMZYHpiS7gVNrDEFCUGqowcPLGmSG1YoLUsYmYy,444822334,2026-09-06T15:04:42.000Z,2026-09-06T15:04:44.583Z,1,,,0,,HELIUS_D1_RAW
21gDMmfPtQrbFK9Ew4wy3jd4R4CL1Qe8LbzmCYtRAw7vgwiuj5wbq2QAG4bi3kjLvNr6GXkHyEafNepwd8oeVD6D,444822335,2026-09-06T15:04:42.000Z,2026-09-06T15:04:45.505Z,1,,,0,,HELIUS_D1_RAW
2GMXWx2x7CE9CNVjqS7i2TNKUsZ5mEC1Lir25FaFL5Mypp2s7Pwcex1gANDxKKCT8gWco62yMRVceJ5CQ3gGqgD3,444822335,2026-09-06T15:04:42.000Z,2026-09-06T15:04:45.505Z,1,,,0,,HELIUS_D1_RAW
2UVSMtiK7kFjQshqgu5qi31U56CrXygjKiPfA8cMLU8dXRtus5sBhMG3HMALgJGAn7Jz8v9XcmqANxAQCn5UV9MQ,444822335,2026-09-06T15:04:42.000Z,2026-09-06T15:04:45.491Z,1,,,0,,HELIUS_D1_RAW
2urekVh5c9qvuAtL49qwTpqYf7as7t3MEGLb46vHxURqArLBtyAhapULWfhC1NRHcKmHVzarmgjoGzALcQUGiCcT,444822335,2026-09-06T15:04:42.000Z,2026-09-06T15:04:45.502Z,1,,,0,,HELIUS_D1_RAW
3NKu55UfepWFDdnYnwGuvy9SLoZkrRxP8ZECgniaMjB4SCHbaCFe9rNZZyu2x81oCUNZcUqSugWRi4inK2WWfKBS,444822335,2026-09-06T15:04:42.000Z,2026-09-06T15:04:45.536Z,1,,,0,,HELIUS_D1_RAW
3P5tbDmgAEazEQcYXWCx5e965MowrvZJHZANyJR1TAQHeMEuEHnrVNmUGhQ2SCcXkgYETJ2QqujcEqNwdacaWiCG,444822335,2026-09-06T15:04:42.000Z,2026-09-06T15:04:45.550Z,1,,,0,,HELIUS_D1_RAW
3jsSF2G3WhVbQcwCbHt6Pk43F2uHQ2pdguVbRYeS2KFx6Tcz9YdXp839xnyVVJ3j7jkuXrJgYMbhBUUqHW6YEVfi,444822335,2026-09-06T15:04:42.000Z,2026-09-06T15:04:45.510Z,1,,,0,,HELIUS_D1_RAW
4WG8y7xzRtyX8bM6Ue8tP4AfNeerzQQ55csixA6jE7WcmTCZy1NFgjAQZzHjofTgNwpmWMxMtWhgkRPQNaHPsJMp,444822335,2026-09-06T15:04:42.000Z,2026-09-06T15:04:45.482Z,1,,,0,,HELIUS_D1_RAW
4qUvdjP6eUMGrebSTopHrcrVXF6B8qiR6QSydbiePMsLngsshqcEaJ5JJdH7ik1otQtCz2oNJpGEwgX56f1Ju2b1,444822335,2026-09-06T15:04:42.000Z,2026-09-06T15:04:45.486Z,1,,,0,,HELIUS_D1_RAW
4yMQ49khfV6gdrMwnWGJFetXHKKXQmvj6CbZYGQtTpkErULe1MnicPmBSYg9YGa3WAq72V9TmgrisJT6Wp6jDb2h,444822335,2026-09-06T15:04:42.000Z,2026-09-06T15:04:45.509Z,1,,,0,,HELIUS_D1_RAW
54EUoeRRKzVHcoA7XarYCSmrpSC6WDkGonmiCahFkVntTHfHSHV5no7cZynZ3qCLzXbFwihBVQFptxsNKHtDkWae,444822335,2026-09-06T15:04:42.000Z,2026-09-06T15:04:45.506Z,1,,,0,,HELIUS_D1_RAW
5KYKKuV5YjL8KTPyXYWeKekVT75ZgetMg1MEepzDJJhYFwty2x39aVBJUW8m6uFEc395VUCXLfJ2BJcM2NrdnDWc,444822335,2026-09-06T15:04:42.000Z,2026-09-06T15:04:45.508Z,1,,,0,,HELIUS_D1_RAW
5P9g2ek9BqXMLmwnGAML8QeGiW8WXeaFr51TcdBTJUSG8UJC3MCw5NmznUKQ7KwF4JUiJiZbTtNn6DWwLzU6pRiJ,444822335,2026-09-06T15:04:42.000Z,2026-09-06T15:04:45.517Z,1,,,0,,HELIUS_D1_RAW
5PNmLG3WGVU6YLmGY7JX9YCEhSZiKhGX69GE5xjcHjGxto18c8ZKFo4XkxRmDT9iBxxQUVsu24beV34K2TNdmY2s,444822335,2026-09-06T15:04:42.000Z,2026-09-06T15:04:45.504Z,1,,,0,,HELIUS_D1_RAW
5W3UZp3rYePa7yo87rr6SW3KY3bNqmmafpA1hKNkscVCvCRxPFVVf516MAf2Pachw2z3B4AZnjGnaLSKoB8x8Qdw,444822335,2026-09-06T15:04:42.000Z,2026-09-06T15:04:45.477Z,1,,,0,,HELIUS_D1_RAW
5fV52eXxPwBmn1xC9sxRo1QuXZqa754KoTFcBYLyB8Z7wmixxxANftrcLUjsWjRNop9kVXBBByjUGagz1CtS3vAF,444822335,2026-09-06T15:04:42.000Z,2026-09-06T15:04:45.519Z,1,,,0,,HELIUS_D1_RAW
5hnk66NEcKk5WMq269TKfU6uyUUyP6vfRgSWTau9ZJ64mZEQZmz7b1a5yNUA1mfMmVDWGppkfKYy5AMw6t2vqwtk,444822335,2026-09-06T15:04:42.000Z,2026-09-06T15:04:45.533Z,1,,,0,,HELIUS_D1_RAW
5nBdNGspsQsEGmBxBSbZHKrWZ5VDQQ8CGxfGP8WQQtBq1V3TYE9isAxvpvNPUjKxk3mg5rYP5fiqVGj4VRdThsRn,444822335,2026-09-06T15:04:42.000Z,2026-09-06T15:04:45.489Z,1,,,0,,HELIUS_D1_RAW
62Wxzfz4FsaBSTEC8vNM8SYqz594RQmTvXXh8ywFRMjufMh8QjwyiBEXhGQfxUwM4E16MC9ZbMXd4sAKShm9ivfK,444822335,2026-09-06T15:04:42.000Z,2026-09-06T15:04:45.506Z,1,,,0,,HELIUS_D1_RAW
66mptngS7DuYDVb4P9g8EXPe6pBsrU8gJ1oLLbnzvQxPqKhB3z6b381KT8jt4inpnMxbhHzZrWQhUT2sXDh6KS75,444822335,2026-09-06T15:04:42.000Z,2026-09-06T15:04:45.482Z,1,,,0,,HELIUS_D1_RAW
BF8FYthBKXCtH9M9HN2mnAXXYSUZ7E4sdC9RfS7TUwdF1dTY216NL54Xd8U44saBRsKf5WbefFZmPNmmEJCejMy,444822335,2026-09-06T15:04:42.000Z,2026-09-06T15:04:45.509Z,1,,,0,,HELIUS_D1_RAW
ajggzLmPbYhU5uMdmxaZYWgWSmEz5bLwkVHkmCqTZwtgEbiRwnMWqr5q4hfW6N843RjUdYdu5rdE3eGkp273VoT,444822335,2026-09-06T15:04:42.000Z,2026-09-06T15:04:45.479Z,1,,,0,,HELIUS_D1_RAW
fSoLCoARxgRkp2pe7v6W5bJQYN64gmUp8LC6jCS6B2thSe4jsdGQXCAN2U1N78RkK5ShbsHRSY65UB5uTQBX5FQ,444822335,2026-09-06T15:04:42.000Z,2026-09-06T15:04:45.481Z,1,,,0,,HELIUS_D1_RAW
49xJXmYf7fEw2V4NScvXcB2Rh6HyhPaYcQQ6SSUcbZgzsVUf9HNy53w2Ddt2WdkmJJLFpfWwnvY68ejVXAoWYbGo,444824480,2026-09-06T15:16:03.000Z,2026-09-06T15:16:07.753Z,1,,,0,,HELIUS_D1_RAW
1ZiLuDxH8bpJiwp5pVZpjctqcbVQahHpPiiCpXhTeTYAe6jcCqvYyJXRrEsJgHHYDmsMZPGN7ThXG2aUb5STZQu,444833056,2026-09-06T16:01:28.000Z,2026-09-06T16:01:31.136Z,1,,,0,,HELIUS_D1_RAW
4YY8RYZGCCt9LFS381PdbKfK9Jsav1kkvdSfjkTSdPcFcfvh76FvbDbcygZfEymVHJZsk5AJajnVdV8fiVPTDpy4,444837990,2026-09-06T16:27:31.000Z,2026-09-06T16:27:33.445Z,0,,,0,,HELIUS_D1_RAW
22x4fh5GUWWcoxWy4othyDdtEmjWFRDiQANH8fRFeeZH7mHih2H1w8fceLAfgS7jjuLnTjg9ucHPkwEtK6YyvUbV,444842992,2026-09-06T16:54:05.000Z,2026-09-06T16:54:09.066Z,1,,,0,,HELIUS_D1_RAW
5USxG548ySDe9A5cekMBVCwfRHjfZabiaqAscnL6PWtMWvo9iuNEGzayzk6dA5ajg2RvQMnTPUsFoGaDunWk48Lx,444844563,2026-09-06T17:02:22.000Z,2026-09-06T17:02:25.392Z,1,,,0,,HELIUS_D1_RAW
28mQtmPwQbZ77gbFENmEdhNMYMojyxmsjmg3TPBXg1kCx32aUbeRmskrDfGVwbHNmVadBXxKmRExwyMvGW5hz8VA,444847721,2026-09-06T17:19:05.000Z,2026-09-06T17:19:08.165Z,1,,QUEST_RESTART,61,,HELIUS_D1_RAW
31rwgBu4trD1D4i3VfQqzaUjS3CV3kzBYwD3K6HXNpR1fM1G8h3hiv9tZ56BYoTaJL5WpeHWMmLtg8RWeV7MvHgh,444849876,2026-09-06T17:30:30.000Z,2026-09-06T17:30:32.395Z,1,,,0,,HELIUS_D1_RAW
4Ub9ef7xPEqBfWAt7M2yuZVrWdxz3Wt2toBiDwkNhyPwgjqGsRn7zNYHtNi7prE7AZYSScVTutrv4envwgJS82be,444849878,2026-09-06T17:30:30.000Z,2026-09-06T17:30:33.491Z,1,,,0,,HELIUS_D1_RAW
21XvARWJRrj642C1WUX1diKd4w7T9ViEphfEYSXjrmwCY3PCU7JTjNHGunn2TS9whnpeUknSogeTtyHPL5woNRYv,444849880,2026-09-06T17:30:31.000Z,2026-09-06T17:30:33.947Z,1,,,0,,HELIUS_D1_RAW
2ibutDmzJjKD6Dq9Dr4tqN4uWgRx3DhxXefVA6VzYL5GyGWXLLSm4si6t4pjpgSLF3ufBAqwVJb5QboZFzpsdUNL,444849882,2026-09-06T17:30:32.000Z,2026-09-06T17:30:34.278Z,1,,,0,,HELIUS_D1_RAW
4Dqo2fw5tnx5xULUuSZKPMx2nsHKasZaGm1uHVyMEnJ8Xb4txZRR7HACu9reg2P12xKLGr3E7uf59beYojfsVKHZ,444849884,2026-09-06T17:30:32.000Z,2026-09-06T17:30:35.230Z,1,,,0,,HELIUS_D1_RAW
4ZsZiVNjUuSQ7p9Y38ygfSV2fy94NEt7rLDgK8Mc7K6boDkFtna27pCT8Z2wvVVudMsJRqPNZ8pwpqhCLiiXsv3F,444849886,2026-09-06T17:30:33.000Z,2026-09-06T17:30:35.176Z,1,,,0,,HELIUS_D1_RAW
3XtuZmJBYoWpB4o2WvRucKKyjcDhb79umXFWLUW1daHNRbWYaDLPR6XwEVFoTShRHkcBpzEjLDHc16pFdbs6EqFA,444849888,2026-09-06T17:30:33.000Z,2026-09-06T17:30:36.951Z,1,,,0,,HELIUS_D1_RAW
5zNxK5fZ31hdc1DPsNtcjRa9Cb9gmeLkmqVxuUwZc3tuvqaXHYr8L624CgkpZevY3VJozVtxmbLhZYpYfbJ8qhQX,444849890,2026-09-06T17:30:34.000Z,2026-09-06T17:30:37.211Z,1,,,0,,HELIUS_D1_RAW
sNvz8sHTkaQRcnGq4CYYDE7c7AznhS2zhS6q3VngWVAzafKNoDWSRnJKnKY8YrmhST19z8fUuDkn9Uk5Jk7kUcM,444849892,2026-09-06T17:30:35.000Z,2026-09-06T17:30:38.287Z,1,,,0,,HELIUS_D1_RAW
UzPA78Pn4hBJrmn8BPnaf1zHdnvyHzp7bSuEZtmAykWzYHwcm3PeFpxsr3L7QZPLgizcsFUnZ2wT9ZLUa1TcqZm,444849894,2026-09-06T17:30:35.000Z,2026-09-06T17:30:38.481Z,1,,,0,,HELIUS_D1_RAW
2RkBMbUekBB5JSG2Py6PBxKcygrUE7DqtB7pZtFcgFUZRnmQGFadA6GjCdfPSZB6eTJoHzcWTwsog4yis1BJAofv,444849896,2026-09-06T17:30:36.000Z,2026-09-06T17:30:39.038Z,1,,,0,,HELIUS_D1_RAW
bNtY5VwU9mJHqD3eZ1yZYM9C1Qp5tNLK2uFoxjuQsnkGXZEQ5ENZkvaQ8Wf7fTb8mbgZYrtUoyw6NdhJK8MCYdh,444849899,2026-09-06T17:30:37.000Z,2026-09-06T17:30:40.714Z,1,,,0,,HELIUS_D1_RAW
5JxpRH5FefxLcRjgstT4EH6DKqwf8u71Zo5EYydmfa8Hg3vvvZs3FdQzbizrypteg6BWdbuCnYek3tHiWrunJwSB,444850981,2026-09-06T17:36:19.000Z,2026-09-06T17:36:22.258Z,1,,,0,,HELIUS_D1_RAW
2vtumwgQ8hdM43oaWwvm8iuPRuEn7UZdQaCCZt4UBKvbJ8j9Adgd4mpvyqXu7Ycsip6XCf4Lcm2muAtsbqDcsdRB,444850983,2026-09-06T17:36:20.000Z,2026-09-06T17:36:22.921Z,1,,,0,,HELIUS_D1_RAW
5cdSHWXLZ9fRSi4vxuiMVk94UseEC5uHuCV6hxJvxQDdxrRNAFkww3dAbbfC35Wxaw2PdDcs1fqdKoP5s76BGYJy,444850984,2026-09-06T17:36:20.000Z,2026-09-06T17:36:25.397Z,1,,,0,,HELIUS_D1_RAW
2812PBPy2gFoe3DHPYPpRaCthQivHma4PNR93npdfbScN5UgwgxH1hMsyTPWuiBYNzJjsndBfj2xPkzpaZERoQ7Z,444850986,2026-09-06T17:36:21.000Z,2026-09-06T17:36:24.065Z,1,,,0,,HELIUS_D1_RAW
3A34QWXK6U2YLEnSYw9pxvDumSV85JqPrgDC1nZaZ2pXuBbUXNrmDYpHt7HAxdo4oKLAvL18Df58xPt5QDme19on,444850988,2026-09-06T17:36:22.000Z,2026-09-06T17:36:25.671Z,1,,,0,,HELIUS_D1_RAW
vRHabuhabz3yDPfFVxff6K5gD8iBxyzuAEJnFQYVCGATEb1fK1MmnPUcmjSRmc3FboVvYpfUMognWDKEh3JrTys,444850989,2026-09-06T17:36:22.000Z,2026-09-06T17:36:25.187Z,1,,,0,,HELIUS_D1_RAW
58x5AcDQcfRSeuSFt3oH62mdymg3uAryUnLWPZMcd1bRxKMhiuNk5HK5naKaiMeWgB5gUhrdspp6kTNtDbafGM6z,444850990,2026-09-06T17:36:23.000Z,2026-09-06T17:36:25.837Z,1,,,0,,HELIUS_D1_RAW
5baPwjmDWJ6cSFhDn9hUHXAyQtG6371Wv22kitrojKnjUcvPKuaRnKXqJsbukCfNZZyQ7KX5fSmftyezELZAHhqs,444850991,2026-09-06T17:36:23.000Z,2026-09-06T17:36:26.463Z,1,,,0,,HELIUS_D1_RAW
9emoCsXia7JyoYqt1qo1GuF69gQ2ph4eVZQjGARhW6HZiXMPKPuRhJwosvPyzYjNwtqVsWNJAxfgYNcwhegd3t4,444850992,2026-09-06T17:36:23.000Z,2026-09-06T17:36:26.760Z,1,,,0,,HELIUS_D1_RAW
2ZTbz5W9gwvktUCYPMdtDTeoLq4DBf3xmNUXNBmptchytdagVdh5ExzTyP9LkUSwyJFJsrs9NxLwTanVVCyw33QZ,444850993,2026-09-06T17:36:24.000Z,2026-09-06T17:36:26.551Z,1,,,0,,HELIUS_D1_RAW
5KB9qmJ1WQ984r6QSjdugxjXrCMvkXcJrUf7XcNsL6wukXwK1bexsc8JjEJhASFXYr3g4juavsRusJK67FswexsL,444850994,2026-09-06T17:36:24.000Z,2026-09-06T17:36:27.993Z,1,,,0,,HELIUS_D1_RAW
4UCMq1F41HeJA5sQMtafPL9ZYzYiRSoSHvsJ8tK3xFsb24t5Ero7FT2G5KG2fwfiHPvSSQ2G4fqgzsfNgRxjYMuX,444853848,2026-09-06T17:51:31.000Z,2026-09-06T17:51:35.007Z,1,,,0,,HELIUS_D1_RAW
4p3QCGHRxaNQ5KV2VsWXAf7tPVqWeNdYznFccLN7K952capxipPJUJrCGCErHP6jSeaSxqmVg4Qj1d3Hu5WxH99,444853850,2026-09-06T17:51:32.000Z,2026-09-06T17:51:34.413Z,1,,,0,,HELIUS_D1_RAW
YwGHqh6Cx5cJR2FdkXFU8JpdJonDpf3fkTvmucZijrLzbexo3tJfBMfmRPAMichXc3C1FvjAzddDNGNiCPvaRUN,444853852,2026-09-06T17:51:32.000Z,2026-09-06T17:51:35.854Z,1,,,0,,HELIUS_D1_RAW
gTbMoRR828N6yy1HcvE9FiQ6mkrc849vDh3FXFhgAwrcZG8bcbzHZqXRsdCG9EJVmf3Sg5Y8MCgq9pcNjm5T5jg,444853854,2026-09-06T17:51:33.000Z,2026-09-06T17:51:36.334Z,1,,,0,,HELIUS_D1_RAW
49D6MGp3YtgVD6Te81bcwBRg2y6uNY6V9xYyrjXxK8paxGyrxPFKzEEJtL8M2Ab4RFZM7GN4ZqVJj9Y1nLk4je9V,444853856,2026-09-06T17:51:34.000Z,2026-09-06T17:51:36.631Z,1,,,0,,HELIUS_D1_RAW
35fG5AfECaGRSkJUDPNcc4qhrcYZBq4mL5r3yeFh3AYCsWHXCa1usarHUfrorMJJfcEfZJ2Sm73BFJKSGxhYcab2,444853858,2026-09-06T17:51:34.000Z,2026-09-06T17:51:37.146Z,1,,,0,,HELIUS_D1_RAW
4j9gQTdS1vLEYo9u71HKwwVRjNVZi8ht7n8gkJbriZmG6bxdQ58nVkbTbbpqE3WWwmn5Vy9NfTiYSV84x1hgHpcD,444853860,2026-09-06T17:51:35.000Z,2026-09-06T17:51:37.446Z,1,,,0,,HELIUS_D1_RAW
2RfYvvf7Jh952wwq9EwwiNdTYo69niWMnGc13ZRcKfxD3fWQDzNPmgN6eMCFZLHWEN6NFoj7G1AfTN6jmT6BDQp1,444853862,2026-09-06T17:51:35.000Z,2026-09-06T17:51:39.378Z,1,,,0,,HELIUS_D1_RAW
gjtSDwuu84dKggw51D8UTxH66i8rxfpFgtnQLNuFZhmRctsnveBJwzbFY9iA65xojSxpzHRRH1GtcY9n74jQaBC,444853864,2026-09-06T17:51:36.000Z,2026-09-06T17:51:38.683Z,1,,,0,,HELIUS_D1_RAW
ELwdzccckbognUGiiTzfru7iBhFBaCzm2NZ42GdC2VMvdFC3T1ySq4Y6vSZk8N7A4qKBrsvrAL2Wb4rHhjQrktH,444853866,2026-09-06T17:51:37.000Z,2026-09-06T17:51:39.751Z,1,,,0,,HELIUS_D1_RAW
5W6TfkFo7H6KreUQaMo8L78kefz7m45oWq89gAbrbTQ4fkx3hbwknNhTWHgfcW3ResK9wS1xmxFWGbSRB46MXmqj,444853868,2026-09-06T17:51:37.000Z,2026-09-06T17:51:40.603Z,1,,,0,,HELIUS_D1_RAW
2JfKZ2aMfpPaah33ZhxBfLzma9CWWRzRtMeKpJeSsDbgF25E16saHj5vnGrbRHTeR6sFtuCYiNjKybANz1nWmMq2,444853870,2026-09-06T17:51:38.000Z,2026-09-06T17:51:40.603Z,1,,,0,,HELIUS_D1_RAW
5hPBzg1PXG3spLdTmVAMnhzDeNV4jLTVZ5q6SvN6gqdV9m2iywasjdp6oUoAvum8kE9GirrkCE4xX1JDoHbGhNWE,444853872,2026-09-06T17:51:38.000Z,2026-09-06T17:51:41.517Z,1,,,0,,HELIUS_D1_RAW
29bsHhvWdau6xkGfuVbDsVv6UGqvqCTTjJKq1jBJhuECmX7TXkKHSLrd96r7K6TziqXqEkfXHgzWPfcgafFJ9Xk2,444853874,2026-09-06T17:51:39.000Z,2026-09-06T17:51:41.941Z,1,,,0,,HELIUS_D1_RAW
2txdpch6vBFXXTLkr2dLTGrGMEEeZz6ARmUbVX6NGMPAkVt9WQ3XCuoA5G1Qa19XUCfYEkx9fMDF58UvJ5z2TBV9,444853876,2026-09-06T17:51:40.000Z,2026-09-06T17:51:43.267Z,1,,,0,,HELIUS_D1_RAW
25WCTfBuPaqWXMVzqSiHeqMVmo18p1ioeMGrB7BdYyRC5Ffq1esx6a6Xa1oo8iHtwSpVpgNeb57TTnYoR6CtdxZR,444853879,2026-09-06T17:51:41.000Z,2026-09-06T17:51:43.462Z,1,,,0,,HELIUS_D1_RAW
2nHyp1BSHQJ7o7Uhj6t34AsMXtEECm3KdE1nzuMn3Xe9g1Fq5SZS1C3pnaz6yJdgw9fAN5ziEp92R6hffVnXC7Zq,444853881,2026-09-06T17:51:41.000Z,2026-09-06T17:51:44.125Z,1,,,0,,HELIUS_D1_RAW
2FaKD4USSTtk6tT8VfWJnQAagsE3B1ssftBhmSuDPbzn6SRMLYAWsVXJ1Hwsz9sAKuZM3o1Hkm1xrWseiJhN5py9,444853883,2026-09-06T17:51:42.000Z,2026-09-06T17:51:44.402Z,1,,,0,,HELIUS_D1_RAW
29ycJZN2iUWmVPHznzSYgjqWDb3t5hURn3TswvhiJVM9h67brVgKst4UbChREmaCAA3e95kH7aQoX8mXw7pgJeXN,444853885,2026-09-06T17:51:42.000Z,2026-09-06T17:51:45.153Z,1,,,0,,HELIUS_D1_RAW
4cYVxyy7ppRQN8M34uwoC4Yv7XU2E6ErDyzgX5CSEyjHgZcbJQXtGr1UXR8hc6GLAr41hsSkhmCjiawCF2YjtJZp,444853887,2026-09-06T17:51:43.000Z,2026-09-06T17:51:47.042Z,1,,,0,,HELIUS_D1_RAW
sRiSLECNERDPkSNN65Kx8XdoivuKeT2nf9cdt3WaTesJukAqP9nWspq23BKrez34vonuVCA4g7Fbjygd49txGwh,444853889,2026-09-06T17:51:44.000Z,2026-09-06T17:51:48.002Z,1,,,0,,HELIUS_D1_RAW
3Af1BdmuiPTQLsCwdZd8Lu1KzkC3XX492Dn4XAiJud6VPW86ADksfvDdCrzNsBA7ThB4qrWvfs8cZ1BoLQXWL3gf,444853891,2026-09-06T17:51:45.000Z,2026-09-06T17:51:47.581Z,1,,,0,,HELIUS_D1_RAW
5bqeoK7A1JfoLa6d2HhzDyKQ8Fnu2CA31kpoKKrHwMXKmieyGm6GgDnPgACYXhZLNB1xv4LaknRDjNjiHus3L9MD,444853894,2026-09-06T17:51:46.000Z,2026-09-06T17:51:48.553Z,1,,,0,,HELIUS_D1_RAW
3JuW8nCz8DUD5dHiRayyEvjiUMjsr5nvPh2qqqQp7VCNe3Ro6U5nqC1VXzdY9hzftypCqXF1JqTLJeHwYkzPvXi6,444853897,2026-09-06T17:51:46.000Z,2026-09-06T17:51:49.598Z,1,,,0,,HELIUS_D1_RAW
2DJjSzm3hqB91uZnPXPpfhKX1ngCERGHL7Zo61gHgA2Eh4fLBbFj5i1Ui1iFYzYb9joD9qVYaQH7qNTUnSYoEA8n,444853900,2026-09-06T17:51:47.000Z,2026-09-06T17:51:50.205Z,1,,,0,,HELIUS_D1_RAW
4KhGq8ipKqVDxyqvCqbLv51Vvg4JbSPtjRX2cQY8oN1pJgsWKr5JRHhEaBdnH9cCwzR81dNHve8jP1NGgTAeLc1v,444853903,2026-09-06T17:51:48.000Z,2026-09-06T17:51:52.197Z,1,,,0,,HELIUS_D1_RAW
3U6tC6ZbqJRULCZJmJgiSaZ2gNHaVQrutnvFXussDNWjtP9X2Cx2Lt4j6TNQJLNcsfPDMT4FHQH2Gnztme6dzjCL,444853905,2026-09-06T17:51:49.000Z,2026-09-06T17:51:51.953Z,1,,,0,,HELIUS_D1_RAW
4wTXVDjiqMB9Y1aPRMo1siPaFdJg3Mo7m24cD4piZqtpZGZLMUFc4vLUrnxofK7m2ki35zKgcTmvrDYGzD3XF5Ce,444853907,2026-09-06T17:51:50.000Z,2026-09-06T17:51:52.537Z,1,,,0,,HELIUS_D1_RAW
3L343EAAeyFfx2TLLLtkYLPhK91GwuVUj1q7fbq2FmJ7oGa6zawph6skb3x8difGFha2D1wUiiBsfwJDJLESGbcE,444855466,2026-09-06T18:00:02.000Z,2026-09-06T18:00:05.229Z,1,,,0,,HELIUS_D1_RAW
3bfXMkG8u3mMmPajdPwV9pfpcJARvDwuER7Fs6eBrNFjRtg4SvvRLCtNoitXn9YBbNWj4gpxPxtNgTq65QNZWvhU,444855469,2026-09-06T18:00:03.000Z,2026-09-06T18:00:05.352Z,1,,,0,,HELIUS_D1_RAW
5qG9QmYDFzMm9Yj34SQrWPEh31ZW5yKYagQjS4ehjMTsGTFxY3UvVsmwXux7X1M6776aSg24pNigfnAzZjRSsS8C,444855471,2026-09-06T18:00:03.000Z,2026-09-06T18:00:06.337Z,1,,,0,,HELIUS_D1_RAW
29VLzjmr4AVumc36YZ1h2ApFNdrjkLCK4AKbZ19DEYV1gLhCqmS8P6WmG9ad63QYRqde1FzoUwra1LsUZgmZdPJv,444855473,2026-09-06T18:00:04.000Z,2026-09-06T18:00:06.839Z,1,,,0,,HELIUS_D1_RAW
48YddDz3jesVngMj5XwBDMiNq3CWtnyVLnnBdBgykobPSUocc7NN134W4vKsGvTqAcR9dbzA81gdMidmTv21JDkP,444855475,2026-09-06T18:00:04.000Z,2026-09-06T18:00:07.011Z,1,,,0,,HELIUS_D1_RAW
38V1meErPxubD76rWoedFYtKLi87rLHBPS7aFjJw6YkTFQqpj6CurLGMxcMwAD2N2MYFhSwKPrqcKdgaYCPq8oiq,444855477,2026-09-06T18:00:05.000Z,2026-09-06T18:00:08.337Z,1,,,0,,HELIUS_D1_RAW
23fRrazp4WHmuvTAf6iuy5yjKqDWRVYEeN9b5Usu6a6wMNWrLTwzs4mn4PLJhLkYYXUVrz32yJErL8aRyWwdcZu7,444855479,2026-09-06T18:00:06.000Z,2026-09-06T18:00:09.057Z,1,,,0,,HELIUS_D1_RAW
4zmHMCwRV2M3i1u8BtDqKWvBV5fvMhbVLnPA9YVddg6qFPjjWAcjiFvMWgSwxCzLFdzWkXXh8UoMC5oGbkYoGkxk,444855481,2026-09-06T18:00:06.000Z,2026-09-06T18:00:09.518Z,1,,,0,,HELIUS_D1_RAW
57t4Dscwgc3ApRga1fZDFxGmbabGxHNQ7AAMAXtT6uxq4qbR4uRpzMewZgAfjod7xksVRoQvqxwF6HpFBe2sWM3x,444860723,2026-09-06T18:27:46.000Z,2026-09-06T18:27:48.974Z,1,,,0,,HELIUS_D1_RAW
5mGVr89XmYTgXCW3n6tM2f4JHLv1u2qYyXn6sJ3T3fYsLFzrK6EzV7EQqEguYZ7ykzW9gtTBdZmnADv4QHfEsGPM,444860728,2026-09-06T18:27:48.000Z,2026-09-06T18:27:53.559Z,1,,,0,,HELIUS_D1_RAW
4vvduBhZrG7v9qm2ZzUFn9EXwKBB7GMjnZDbmDB1yYFC3FJ3KrdJ2EAzZuNXNTrQxW37Rwd5R4zAJLWxUUZpsQpm,444860729,2026-09-06T18:27:48.000Z,2026-09-06T18:27:52.219Z,1,,,0,,HELIUS_D1_RAW
3u3M5ZPs2myUDN3XCZ8tgzxgMyAzdFR8cJyVMB7XiDJAC21nZ8V8cwttEK6VA3hWkFJrCisCHoBek9T5SZFtYZdR,444861381,2026-09-06T18:31:14.000Z,2026-09-06T18:31:17.572Z,1,,,0,,HELIUS_D1_RAW
jGNuabEWuFKxuiHs2YgAwoFbxaJwSwgDP7taCxPf9wz2BiGeaMjJ6VWHvBqA7rjReurBc1XMjrHRd5b4UwvSRny,444861770,2026-09-06T18:33:21.000Z,2026-09-06T18:33:23.612Z,1,,,0,,HELIUS_D1_RAW
DcZX2VFRuR4WuVhcW1RJYxCdhkCuPQcgcM3xMbZpNXjkhLrdiqsyQmzbggYMacZZ24rLNDjzBYm2oqxmuoEw9qC,444862130,2026-09-06T18:35:14.000Z,2026-09-06T18:35:16.369Z,1,,,0,,HELIUS_D1_RAW
5kowHw6sqJwfekUgenm39jmrz6UCGgTqy7iFYEnDRj7caRPwMVLcS2k7QGojUhEeJ7p6RCLceU6NFkVSEX9Fe5DR,444862769,2026-09-06T18:38:36.000Z,2026-09-06T18:38:38.949Z,1,,,0,,HELIUS_D1_RAW
KdL4CfSrx4hgicSQZ4QgBaX5rFZnxyNM9ez9Aq4ofoDytwKptt6UxhURu7zGB7Yh8Ru317zEUuQVe6SHUHkDT1N,444862845,2026-09-06T18:39:00.000Z,2026-09-06T18:39:03.488Z,1,,,0,,HELIUS_D1_RAW
osz6gHdDTeN8vzeikgf6Yx11nn1C5FYLR58KkwiEp5dtZNzRKm7QzvsSydeK4dpQ8geS5ZV6QXuJYjx8HrDpuVb,444862848,2026-09-06T18:39:01.000Z,2026-09-06T18:39:04.419Z,1,,,0,,HELIUS_D1_RAW
2dBowsuWqsGncQN9BTqkpwU6AVDdDhfi2s8kVZfCkBdDhjG68VAtxSSxNGp5rtgzLGz1JWuNmuecTJH23HocYYuV,444862926,2026-09-06T18:39:28.000Z,2026-09-06T18:39:30.466Z,1,,,0,,HELIUS_D1_RAW
2ABd1FoMgyT6EM6igLoGYbxauQ5DqrBzPFBv3DY14Ycs9A3ajND26WcP3F2hUNZd2W8dBtBsTTzGxh9Ywj4AxvmL,444862929,2026-09-06T18:39:29.000Z,2026-09-06T18:39:31.378Z,1,,,0,,HELIUS_D1_RAW
5oU8id8qPFmCdbd8ZhGH2J7UpoqFBfn2jB1S7t6KRjiBWrs45PxLdc9q8Da3YfE5fdZAXsLL8SBrX5bQySbVbwNS,444867512,2026-09-06T19:03:38.000Z,2026-09-06T19:03:41.209Z,1,,,0,,HELIUS_D1_RAW
3qWy1xWr9zX92cN93JW8EqD1VpSTurXEPwMXyxdYVFvusuXZb8f3m4qujn6p6GFMwu5BKdhHwTs5KJTRyWYhrj6p,444867556,2026-09-06T19:03:51.000Z,2026-09-06T19:03:54.293Z,1,,QUEST_RESTART,14,,HELIUS_D1_RAW
21m38BV7XZVxp5Y7NuDJf6uvK6FtWfr1TxyjQAWAxP4nXQBTFuEQu4WYZ5cgoQeajZJV2XAC967t3XVqTK86MjuB,444868063,2026-09-06T19:06:32.000Z,2026-09-06T19:06:34.226Z,1,,,0,,HELIUS_D1_RAW
3s7t4nZAdqgcvyspwUpyMWijircb18ngob8s18hG1fxbCApoAsvD2MyLbkEASdv65g5E9K4jH4utmwDp1TMMCaQu,444871079,2026-09-06T19:22:28.000Z,2026-09-06T19:22:31.127Z,1,,,0,,HELIUS_D1_RAW
3muTp5kK9xW9hqteW7j3NoJMVGoBqYtSo7B82Rvxst7hPmrghxGCG4Rj4SLbqx3MLXLP6Ce1qJ2NK7R3YxLmpdWi,444877528,2026-09-06T19:56:30.000Z,2026-09-06T19:56:34.769Z,1,,,0,,HELIUS_D1_RAW
2WMt8TDCtTdPmVL9dYXGp29axotv8VHiQypFGxtFgtbKvX7GMhyKEPwNdSdbG6gVvLpWznKChjsWYqLMkVY3Sfts,444878044,2026-09-06T19:59:15.000Z,2026-09-06T19:59:19.480Z,1,,,0,,HELIUS_D1_RAW
2AVSwWjFvRzAD2iZLvuTJfJJ6SXTbJyodsDyp32mn9XKzS6KG5XZuCNjfYTQgMFEbjrrPcrEaBvtkTX9PS8e41tJ,444878218,2026-09-06T20:00:10.000Z,2026-09-06T20:00:13.715Z,1,,,0,,HELIUS_D1_RAW
43tVMx4eqrZxWGNMsdjjaUBZnE8F9qJS2eqJboweiCney2JXz9fs8WQy7aqvaFxvq8kwgpP9FjBkBqSoyaJwi9n9,444878332,2026-09-06T20:00:46.000Z,2026-09-06T20:00:51.424Z,1,,,0,,HELIUS_D1_RAW
2yQTmeGrpzvWXUQapvaktWmBzmfdzABuMWnSXoSCUEY3rCqCAyQ7y1Qo9iW8EBL2f6qgjs6sonqaQ8CrhgEdpPsi,444878432,2026-09-06T20:01:17.000Z,2026-09-06T20:01:21.200Z,1,,,0,,HELIUS_D1_RAW
245czEnDDB7TPqDbxxFnhyvtPULYxasHFxeqxcC8cCy8YL2SSfaoHrWfXoxLpNYyBSjbT7aChMrpaELDK2JLQAAG,444913885,2026-09-06T23:08:15.000Z,2026-09-06T23:08:18.108Z,1,,,0,,HELIUS_D1_RAW
37owYWrHf4uAudK6dnibQFRVEVjeqSgFTuwWuQbkFwLjpCUguG7faUr2uThKHow6d4vmNRAKGs1LQKhDJmygu9ka,444913885,2026-09-06T23:08:15.000Z,2026-09-06T23:08:18.105Z,1,,,0,,HELIUS_D1_RAW
3i2cyeNVNo4HsfT1FDFbrCWiHPjiKGTvu3jBn9JTa95PxkXaDwTNBGXdxMtm7kcHBesYvt4XyTt4bvEyyetTEtA8,444913885,2026-09-06T23:08:15.000Z,2026-09-06T23:08:18.107Z,1,,,0,,HELIUS_D1_RAW
3ueenukSFSAVxim84Y5y1yf4CgqXrf7EVVeuhDDwuJczA8U3CEvQGJsKmAjTi7YrmRmshFFaowgx7pxAGXs3Kf7V,444913885,2026-09-06T23:08:15.000Z,2026-09-06T23:08:18.107Z,1,,,0,,HELIUS_D1_RAW
48twE6MLSsQPHJPNXNTArUFSDs3PUCnFY97FRHsBpBuVNVBLRiJG9VoxYLKByPS5JKvSRZBPsD9cZbziUY9vFfJN,444913885,2026-09-06T23:08:15.000Z,2026-09-06T23:08:18.106Z,1,,,0,,HELIUS_D1_RAW
5PNytRvL2i7bsm2JuaEBdbhFFpQf3StzX7HfxgE6cZKaHNAe32huq4G2fzj9fqvCVyCwp4PrGWhu2PdZBjuaoDh3,444914136,2026-09-06T23:09:34.000Z,2026-09-06T23:09:37.417Z,1,,,0,,HELIUS_D1_RAW
5TzrhQakj7dXzLmmC3HeiR4oir9BX9zz8NhcSPd1pgecdnCoiXXS1iZH9LW3AxBdNHfpnQA8qDqDX7mMaPU4y5ja,444914136,2026-09-06T23:09:34.000Z,2026-09-06T23:09:37.402Z,1,,,0,,HELIUS_D1_RAW
2rsSQvTdopZBTz3fBWUq3mDY9Q9DE8jBiZHwNwBuFts7v1xyfza9u1mTXXykjUPf21bKSuAu2L9BCJhznbmSM2HS,444914777,2026-09-06T23:12:57.000Z,2026-09-06T23:13:00.132Z,1,,,0,,HELIUS_D1_RAW
qkwTo1S4Ts8BNbSdhUXwrUjmadvhCcpvYcGF4KSeUKP6dZRjeXQtYuVXxqFvwXXo2xtUFrqc8dTuuDSigtotPzL,444914777,2026-09-06T23:12:57.000Z,2026-09-06T23:13:00.108Z,1,,,0,,HELIUS_D1_RAW
seoMdsAhzGYu17iBoFWKJao4cG4kBzjodDTQU2eaJJa4u3npZW1bPsfESp3P58CagY8778E9aaNst9aLsVCsaVK,444914777,2026-09-06T23:12:57.000Z,2026-09-06T23:13:00.129Z,1,,,0,,HELIUS_D1_RAW
zPyzXutU3P5HpQZHe8WhwSmgveGpf2eN3vrhLs1SCrEgQL4b4ctiNdheQBNdQbPNnCsCgY37tQF2MCswhuqe6cZ,444934376,2026-09-07T00:56:28.000Z,2026-09-07T00:56:31.546Z,1,,,0,,HELIUS_D1_RAW
4g8cKcQx4joPp3EyaRvPyNM2YiZkMMTgbrJaTGhNMDGAX8BS4VZvbNCFnJQMsFQFDvidhA8vX3z8AqCqDjZ1fbDR,444941993,2026-09-07T01:36:45.000Z,2026-09-07T01:36:48.812Z,1,,,0,,HELIUS_D1_RAW
4XrQoo68YDVtG6qZ5H6CzC6gW9WpqpXAb5HZVmoTwh67PXyu1deYtVgzjTqChqcgcBBXPDYcDnpqmVP1Vk4mvFsJ,444942906,2026-09-07T01:41:37.000Z,2026-09-07T01:41:40.908Z,1,,,0,,HELIUS_D1_RAW
9ofHrNh3YXUWrJEuM9RiaGtrZXBwTku5HLeaJjbcPkVApJMdVenX9C4cdCHP49jZsCU6uAiABLcnACrsztt6A8T,444946189,2026-09-07T01:59:05.000Z,2026-09-07T01:59:08.846Z,1,,,0,,HELIUS_D1_RAW
37cUaj1fJHRADiw71y7pizDgVMbnMrKW4kvqBc5mVKvTZBjPpqb4y1aHC81A6HBhbNAFK6ZytjQ5k24eWtGkrWP3,444949719,2026-09-07T02:17:43.000Z,2026-09-07T02:17:47.332Z,1,,,0,,HELIUS_D1_RAW
tHB5MntTgPx5BmDtDJACWx1wjVX2Hq5VpFVMzzCd85L4biTM9LfLL5DFjGZ1SEUgVDLuhYEQzytTQ1gTU1NvWRp,444952399,2026-09-07T02:31:54.000Z,2026-09-07T02:31:59.197Z,1,,,0,,HELIUS_D1_RAW
2cmyxEwV9UzrSe4yGiL9SRvuUmQL6Xb7nk8HDh9A8mLHWFNh8LFw5TFq4TE65EmDU1Xr6c68Re1vdAW5abev9KSb,444953701,2026-09-07T02:38:48.000Z,2026-09-07T02:38:51.651Z,1,,,0,,HELIUS_D1_RAW
n3mWtk4C26AAfbMi9ESWQugXk4XJDweGGQLWgkwdmJfwTsaJbr2ByJoWhKT17Vgyi8aKsZtnUg2JiEntrMzhzXf,444967318,2026-09-07T03:51:01.000Z,2026-09-07T03:51:03.394Z,1,,,0,,HELIUS_D1_RAW
GuXn3nEQPuirzVSaa7PQ5qzUWzKLS7vFxPFvWnGBUBHSUYciRAW4BQJaf7gz2VZhQYPpP5KX4aCUfyjPjA9A6wK,444972850,2026-09-07T04:20:17.000Z,2026-09-07T04:20:19.352Z,1,,,0,,HELIUS_D1_RAW
5wqrm9xFWMCjVbgzrHAyhHK9veNfX3C1naXZCJdfmkDUKjcUFt8xA5hBqhUHALYpnWu2LRrXWhbz1tEfzQKcGWXc,444972851,2026-09-07T04:20:17.000Z,2026-09-07T04:20:19.757Z,1,,,0,,HELIUS_D1_RAW
263qfRWGtzwuQ2b7iQrUGYetYr1H4fKaoESPydbXiFP3nv2gAKhprpr85npAG79eVaqenamcCET6PVKyA9tuvyAw,444972853,2026-09-07T04:20:18.000Z,2026-09-07T04:20:20.156Z,1,,,0,,HELIUS_D1_RAW
3AsrUf1VAWWrErWZ5gWpnSZjGyD46EWys7etnnGyPqLcnbUrkTw7jQLsq3kT82pJvgdUNgyhWyih8oKbcD3s81Th,444975260,2026-09-07T04:32:56.000Z,2026-09-07T04:32:58.610Z,1,,,0,,HELIUS_D1_RAW
4aWuDYY9VhqjRgDxHu6w364vjxjxjZMYN7PeMMR4qTdegu6M8aSnprSt23SWGqYNAqL9UPYwutUUTXK5T3ekE7XJ,444978277,2026-09-07T04:48:49.000Z,2026-09-07T04:48:52.598Z,1,,,0,,HELIUS_D1_RAW
5fwW14sehiXYJKZu4dPNZeNaFEvp2mShux3hpC2cPcvEGD8uspTE1Zx6WN6mESo7dYy9MLtDpcNvERby1PidHTGY,444992334,2026-09-07T06:03:01.000Z,2026-09-07T06:03:04.371Z,1,,,0,,HELIUS_D1_RAW
5Q18c5uNwuvWt3sFPLVYjhwBSZ6k92RaGAREkabGsKxPdYgGzhKojYJFaF3WjXv5Cw3qSSUH4c67gwPJ8CrphAWX,445005218,2026-09-07T07:10:58.000Z,2026-09-07T07:11:01.560Z,1,,,0,,HELIUS_D1_RAW
4BwosjqqJk9s8UN6biRaLuEbn8ub6mrVmCohNYYCwemGvmWu2BwcixotXaJR2d5qbMToy1VX4oW3UC4vpJPNq5mm,445008963,2026-09-07T07:30:51.000Z,2026-09-07T07:30:53.232Z,1,,,0,,HELIUS_D1_RAW
3ai7tvypAh2f2BtnyQmWowRKSMXLNvn8c88Tvs68uTdJ4oGEoR3V3g9o3wXDqj6tet7owe1nzrGTBQVbFcq3ygc6,445054910,2026-09-07T11:33:20.000Z,2026-09-07T11:33:22.222Z,1,,,0,,HELIUS_D1_RAW
4gvgf6RgbrHGQ5r4FDfBYA6DnSxFTZK2xsp1E9jXxxBbJMz4KCTQgMXUSfaSmAkXVta1DQ3EhqnqH9Zm88FJQ6tW,445059062,2026-09-07T11:55:16.000Z,2026-09-07T11:55:18.044Z,1,,,0,,HELIUS_D1_RAW
22rER3ngToDsEQJG1YiKFoTmn6n2KKiXxeuo5XeRzhs4sFU1GyewWVf1KXnDYQfGiWVrapbKiqFoonWUojS2sMhp,445059483,2026-09-07T11:57:29.000Z,2026-09-07T11:57:31.762Z,1,,,0,,HELIUS_D1_RAW
5idByfch68VVh2GV1dXXL8JYxrqjp87vFduLoYSptdMoNjsHJyEwkHB7HYyW4BW3N5Bjf9gHhGpjvxWxyddCCGqf,445076072,2026-09-07T13:25:04.000Z,2026-09-07T13:25:06.564Z,1,,,0,,HELIUS_D1_RAW
gWgFJY9WwWaDzyUzrPr43erFpMrxHFe1gb3H198CMNXmUN2sfADhzWz9xVDPJBYdbMNjBuysaHsqRZ7F6EG213R,445085675,2026-09-07T14:15:46.000Z,2026-09-07T14:15:49.192Z,1,,,0,,HELIUS_D1_RAW
S61uDNAFL1jhg43yxnQGKtVmBkW7Tn5anjYrAp5DDU2Gv5ktoqQgPdTFDfQFdDS7TMFFZCMBF8b4hUy23wjUnK7,445095308,2026-09-07T15:06:47.000Z,2026-09-07T15:06:50.554Z,1,,,0,,HELIUS_D1_RAW
4VCNiKyie2Um5Ao71Pz8A7MidNoBr4b1xnAyYGpuC8VxaeMs9qUfbrRk31XECC8xVy3cMeBR9HjnMmjX2WqL7kzj,445095375,2026-09-07T15:07:08.000Z,2026-09-07T15:07:13.082Z,1,,,0,,HELIUS_D1_RAW
uBm9hsXVpRjQa4gGCVs8ZfHxPf9FoA5oqFkYDt5RkQ5izEeVEhcJ364sEAFqYtPQbgewE396zzZ3Kc3ZrAUx56m,445107085,2026-09-07T16:09:09.000Z,2026-09-07T16:09:12.254Z,1,,QUEST_RESTART,175,,HELIUS_D1_RAW
5cmwx49KMz1Bj1JMhbV5GPe1DbuLW6t4MMUJ2BS5PZmizT5eiqewRhtn6nxpdoZNVk53C1bLExVa2GkB7dnRaeA9,445107133,2026-09-07T16:09:24.000Z,2026-09-07T16:09:27.608Z,1,,QUEST_RESTART,175,,HELIUS_D1_RAW
4FsyYdAe6GBoYGgjGmLLnm6HLjbgydjCw8Y1KqLysuvZeHv5YFK2EZ1gUv462VH35mgwUdQo7qUQUPUBBxTdJqiV,445110188,2026-09-07T16:25:32.000Z,2026-09-07T16:25:35.747Z,1,,,0,,HELIUS_D1_RAW
3ysmxw11gwrWF81f6EM9NU8QGnKxWpePmj4JGzF9k9d7WMVMGYgNjJpfzfCD9aNYJb3pxFYNi6HDmjR9EH93aGAK,445127776,2026-09-07T17:58:20.000Z,2026-09-07T17:58:24.344Z,1,,,0,,HELIUS_D1_RAW
4DKVn8gUyx5mMgES7cHdLNjCkpDYcFsQE5Q1kpoYDpPXNVC44gL3mmQdLwbc82kPa6Bvg85yac4NJK5zhRvJ9vEu,445130151,2026-09-07T18:10:55.000Z,2026-09-07T18:10:58.223Z,1,,,0,,HELIUS_D1_RAW
2NDTtt1GzvVAfRdjuM7SL5oc7ZwJXmUdoDK8tjo2H8v53vBn5E2zxvpntWygiFf53ChGcs1EiBqAGHcNoY7KEuY5,445139223,2026-09-07T18:58:42.000Z,2026-09-07T18:58:45.345Z,1,,,0,,HELIUS_D1_RAW
sggmQzWLf8L1QmPjQi3PmRFMkciozzFjPAUsMThAypFHQqEZjNbpgczchZoZiyxhVzwbQY7T28jrHmWcb584fB3,445144462,2026-09-07T19:26:18.000Z,2026-09-07T19:26:21.976Z,1,,,0,,HELIUS_D1_RAW
NsJEFTsY7CjsUUfWZkUh1PibyHdPjH6mmcEVQ3zqizmXWAFgTiYdpJzvgiA5uxMCvLSv8kPW8JUuTRWRMGP8Wzx,445149534,2026-09-07T19:53:08.000Z,2026-09-07T19:53:13.850Z,1,,,0,,HELIUS_D1_RAW
xFv8X6178XCtxvJatM6q6tK7hhJLJYeCLhcxe72QYKhUP2AvRsik9psrSrvBWE9GkZDrpKL3Uhpa94WCKQsnedd,445152048,2026-09-07T20:06:29.000Z,2026-09-07T20:06:31.829Z,1,,,0,,HELIUS_D1_RAW
3kVn78NAQMA8Ei9XVLsjCZYyPusFKcR8qC3MiUdzVSGP2oPKx86FrUras3SeSELGSDTACQ9aHR9X4HF2B77r7UcE,445158238,2026-09-07T20:39:05.000Z,2026-09-07T20:39:08.006Z,1,,,0,,HELIUS_D1_RAW
2nmB4q1kGSPJEMFEVHbmhc4qEyfUBSnzVa8wpeMdMdCYYnZGmEp6ho3pjLBBhvp8VTMGJBD4vhkAPPP5bTGsEMF5,445158240,2026-09-07T20:39:06.000Z,2026-09-07T20:39:10.330Z,1,,,0,,HELIUS_D1_RAW
4FSGGSZNbFGhG4AagMuyAZM7C7gSxe2RVsH4PupYPkWYNhubS1xDdPuq2MVf9hzmukjt5dUjanFesuSfgMqyH695,445158242,2026-09-07T20:39:07.000Z,2026-09-07T20:39:10.454Z,1,,,0,,HELIUS_D1_RAW
5zQQpd9KCgnUtYqxwfrMQm1u9V4arH1g2EQzHNRMu2WHkq2WrWzDxzE4b3T4ta5S6Qs1UubM7LdQt6ro97BfYSee,445158244,2026-09-07T20:39:07.000Z,2026-09-07T20:39:10.846Z,1,,,0,,HELIUS_D1_RAW
43U9qc9XucJXQ983Ej9Su99UPD4VehKWnenhs63Gh1Pgbcas5gq5fZxy2LUMsy2vTj6VhK8aD8TEBqsYZaJ4LX8y,445158505,2026-09-07T20:40:31.000Z,2026-09-07T20:40:36.759Z,1,,,0,,HELIUS_D1_RAW
4ZqE2ZkW3QEMfF8ccDymqnqwPWTPawnkp36UGrR3NiCiRovpZSpX38ottUuSpKYr3cB4pE4qvizDvPzgDhsSaX96,445168963,2026-09-07T21:35:37.000Z,2026-09-07T21:35:40.453Z,1,,QUEST_RESTART,81,,HELIUS_D1_RAW
4iCKcfsFcPeUF49cmC7Fferw2aJ8H6Xe4kKHyRnLxvY6BSDJADS7kjicsrYBeimj8tAZNvEcJ58QRZwQDNBS13tZ,445182163,2026-09-07T22:45:17.000Z,2026-09-07T22:45:20.111Z,1,,,0,,HELIUS_D1_RAW
3KPnA3AC3EPguaT3m4EVByvqoKURrcYKooiSfNCEQ7byTVrr9ezRej6m2ergkUwMdjDHCh9muoLgFE8jFhdwXov4,445182423,2026-09-07T22:46:39.000Z,2026-09-07T22:46:41.445Z,1,,,0,,HELIUS_D1_RAW
3t1XzbfbksonV97cR9iMhoUCj2bnonHqGed7Ww22Npg5BDofvgZPMHLfjexFwMPd7mzSoEHqJoknTsLUEgAjBgoL,445202822,2026-09-08T00:33:57.000Z,2026-09-08T00:33:59.235Z,1,,,0,,HELIUS_D1_RAW
3Q51v1monXEuAhs8k6bzArEwrBexvxSxgmMnvNjEE35xMwH3ywcbGqhHBZXUHfVKGfMCEW3Gug2CFisPNR83XdZF,445213508,2026-09-08T01:30:16.000Z,2026-09-08T01:30:19.598Z,1,,,0,,HELIUS_D1_RAW
51LKhnmHvmaqmboNqqVecaPkecXayMU1jdf7UGGirZ75h6q5VHfT9x3qGGyuWwoakqVDeEHoPZmdFJ9VrirEGv5b,445213508,2026-09-08T01:30:16.000Z,2026-09-08T01:30:19.594Z,1,,,0,,HELIUS_D1_RAW
4U1CYKyDedPERPRYK9pJrqSy1YFha2g3Desktm3SfV2zNrAFdMPS72Fj4372z9thFtR2NQkb22rpPNEDwGfT1gnt,445213511,2026-09-08T01:30:17.000Z,2026-09-08T01:30:22.005Z,1,,,0,,HELIUS_D1_RAW
2js1cnDQD82imm8FgorEiK5UXZDdvX5g95ffXUDhvn8yaqZaPvbD2dxqWdCyMrWerndCdFrhGhZ3x6FGGCgpegUH,445231092,2026-09-08T03:02:50.000Z,2026-09-08T03:02:56.059Z,1,,,0,,HELIUS_D1_RAW
3wiTzmeamBMzss61f45PhmQjvpdhCDkiEnh4FzBtwC15jZYxUminX7peomJaxuSE9zAwSCKb7ci6x8FUwJF81VCf,445231092,2026-09-08T03:02:50.000Z,2026-09-08T03:02:56.056Z,1,,,0,,HELIUS_D1_RAW
M8ks7mda9z7UkseYJ3f8dxBibsndjSqtW2jx6bCv8cm4B32zNzzJMJThEoT7jgdGwTKcxqHNd1UnnA3Hsr5BLG2,445231092,2026-09-08T03:02:50.000Z,2026-09-08T03:02:56.051Z,1,,,0,,HELIUS_D1_RAW
qUxSL97Ag3jnJEkSbq8jKoM4ocXzBfbnqFSGVop26TuvBQeQmN3YSeSrQvDkJnR7y4ssJteTVHhPzP2Ldy5dg1q,445231092,2026-09-08T03:02:50.000Z,2026-09-08T03:02:56.052Z,0,,,0,,HELIUS_D1_RAW
4NBVYn9PW4tAU7MSQzbVXretK4faLcysmovWSkgKd6T2XQTGzoW25wDdjPD5ACBSeBhwdSgQ1b7Mmxn25sFDWTkP,445239674,2026-09-08T03:48:02.000Z,2026-09-08T03:48:04.524Z,1,,,0,,HELIUS_D1_RAW
5ZSQTtY4ESGsdEGycHaEdTebKkP5FdL1ToXa5ZuwcX6CUcizZpBRXqaM3XSk9r23GGp81npxVKG6Y7fzpYQiPTyB,445250020,2026-09-08T04:42:34.000Z,2026-09-08T04:42:37.326Z,1,,,0,,HELIUS_D1_RAW
DhiJ4o5gMcDkwnufYtjnUm4eAToK8nhgNNvvn71NmvcHeC8BUufs7gAT7cuxvSPrM54xvhMV9nbkn3Mop9L9k4Z,445250113,2026-09-08T04:43:04.000Z,2026-09-08T04:43:06.550Z,1,,,0,,HELIUS_D1_RAW
2mhk8Eyxss9e1KDVY7Cnx9FH97y4gQvUwcdHUhWotnGQtLZo6P3RGWFSBtn8mB8M8RACea5g653n9vxTvemHyfWW,445257092,2026-09-08T05:19:57.000Z,2026-09-08T05:19:59.795Z,1,,,0,,HELIUS_D1_RAW
5EnavsSRyyNkYMV6NWqmGnVbLwcVF8LQhCLYkoVSgMF9kN4MAZRm36cAYzEiHqJh8aP17MBprTrNEGk2WpL81pX9,445257142,2026-09-08T05:20:12.000Z,2026-09-08T05:20:14.578Z,1,,,0,,HELIUS_D1_RAW
53SvvDYDEiTMvoi7tD3MHQsbjAFnMiL418nNsKTKLTb4YgKYZAHrfRXSCsVF27MusumHXuXEwRhs6mpGPsVvjx2t,445257181,2026-09-08T05:20:25.000Z,2026-09-08T05:20:27.445Z,1,,,0,,HELIUS_D1_RAW
4wjuYAdeSVx4Dt8LoZWtgTN1vUng2JjGYVzGUtWWstyTZFkj96TAvx5iG5suTHnGzBCpoPnvcqXpwRBBNn3YwHBW,445257228,2026-09-08T05:20:40.000Z,2026-09-08T05:20:42.213Z,1,,,0,,HELIUS_D1_RAW
4ceP7pZvhEBmWwccUDJbECwfNaHd7Tv8vZ8dAKDEJDiUcKoTdbER1kW2Xk2VwsL9ZRmipaQuASCqXVWkJawRuBGZ,445268435,2026-09-08T06:19:46.000Z,2026-09-08T06:19:49.075Z,1,,,0,,HELIUS_D1_RAW
5mDM18Z6d4E8zq7EuUjKbknPaRZN51AbgG4fLJkV6UTUb3H7muyZtncE7NmFgQ9r8rB35skAZX5enBceDR8xz6W3,445268440,2026-09-08T06:19:48.000Z,2026-09-08T06:19:51.185Z,1,,,0,,HELIUS_D1_RAW
5puf16LXQ88a1wejNiBr1kxpemEYjfLU54YsNQmAKS8EZ6hiNxTSw1qZ1aV484H9X8oSmVTSs6Bxr2d5rde8aux8,445268442,2026-09-08T06:19:48.000Z,2026-09-08T06:19:50.934Z,1,,,0,,HELIUS_D1_RAW
2LX6jzMD6dm2pswRtpsGREQxXUov82EHpb4b1zrXGcWfuRe1mLnyxVuDgVmnmowM13Zc7bCUQviCiPMnMTK9wVVP,445268444,2026-09-08T06:19:49.000Z,2026-09-08T06:19:51.621Z,1,,,0,,HELIUS_D1_RAW
fFMwUgaK4XVwNQdyoqhsV6oukm2YY4AqLSdscbJ4MxR31NLrQWf8Z79de8cmBANZacEpGpcbJmgA4FtqfCPhqQQ,445268446,2026-09-08T06:19:49.000Z,2026-09-08T06:19:51.620Z,1,,,0,,HELIUS_D1_RAW
VBrVgTC6L88TnMkM8idBGPaUWZeHUoB5PzN5edoznY2yS5ixQ5Qq5PCsvqYN2BSxPjjGjioi1Jdk7PQQeGzDYmW,445268448,2026-09-08T06:19:50.000Z,2026-09-08T06:19:53.800Z,1,,,0,,HELIUS_D1_RAW
2Q1Tnt677iuuNjg6jvbwqLHZHW3h2gQtuHy39riJuLfdQueVLZc6W6qUiwtY5Y2si3PNeZhh6CSVYuS6Kx63Qze4,445268453,2026-09-08T06:19:51.000Z,2026-09-08T06:19:54.575Z,1,,,0,,HELIUS_D1_RAW
39Ke3bNTeMJYATRJZbzTn5J7yhKNPaGgM2wthYkz5oYpasq9oYXx6j7ZSwpKaKWmvjSGbAPKwYE41oN4F4DdkrDn,445268455,2026-09-08T06:19:52.000Z,2026-09-08T06:19:55.385Z,1,,,0,,HELIUS_D1_RAW
3kLrpm9DPmpBExK9d1jFskCYCLcvAppeCBfMJi2icWRNSAWu9FdRR42s6ZCa32ZUeDgHLKV2cTG8k7BCZhu9motX,445279011,2026-09-08T07:15:27.000Z,2026-09-08T07:15:30.082Z,1,,,0,,HELIUS_D1_RAW
4YUnNe18ooZT4tsjehqeuFJ9MHBHbvGePUVwTRRzS7Dz8MZGfaw6hGW4BosrmKPvzCyvbqMBa5P2ErdefW5vMcNi,445283947,2026-09-08T07:41:29.000Z,2026-09-08T07:41:32.633Z,0,,,0,,HELIUS_D1_RAW
4guXkRbT39WLD15YNvhAgJv5pHwnAuuha5mYWeBjWktuA5VZiz3t5uyynoGuDvHdrH9u5GS2rnyuXS5vsxn7fC2P,445283947,2026-09-08T07:41:29.000Z,2026-09-08T07:41:32.620Z,0,,,0,,HELIUS_D1_RAW
4qbzAzRXgTnoPoU5MBV73YCYhukZ6eZDT6LrEwezXFn7DEzVMZc9GU9spsqqqAVGkk4WvNPGrAUnTPiE3KeLf2Em,445283947,2026-09-08T07:41:29.000Z,2026-09-08T07:41:32.626Z,1,,,0,,HELIUS_D1_RAW
53sysEZzb7DDHD9X8F5S31CHv1RZtYE7stXNZXCd3nggnHZjxZHjE6CgzQPr7Vas7AQHDRyvesKkT43NwVATi9dL,445283947,2026-09-08T07:41:29.000Z,2026-09-08T07:41:32.649Z,0,,,0,,HELIUS_D1_RAW
62rDSF8A7d4HPUHBA7LqMzCyzBnzquqrRAbGrx2DdVgrjGKw3aunv9VJJUoKHkuUA4aiNGxCYW8PSZwbuK5qRHXu,445283947,2026-09-08T07:41:29.000Z,2026-09-08T07:41:32.628Z,0,,,0,,HELIUS_D1_RAW
EJq4p4EoJW4HUTM4dFMuNkNA8GVx3SVRjYJMeoQvh2ybHVy17xXfkx2AWv4o38QMJULKY8Nky1o62YdHc9USstU,445283947,2026-09-08T07:41:29.000Z,2026-09-08T07:41:32.621Z,0,,,0,,HELIUS_D1_RAW
XVBHD8JtMD8betGpamxXRk24SKbpCK6uA2LCGLApefxYWSnCRTwNTphgiPvn27WLgCbv88WNAzayXbEfrchE7ee,445283947,2026-09-08T07:41:29.000Z,2026-09-08T07:41:32.626Z,0,,,0,,HELIUS_D1_RAW
mY8jYnMzCpwujBSwgMzrSzegepsfohvDmVJxt52qEpFQqDN8vBdtURXA7hPrjFbKP12ubLqksr8q53gHvpnwULL,445283947,2026-09-08T07:41:29.000Z,2026-09-08T07:41:32.662Z,0,,,0,,HELIUS_D1_RAW
e5nJxqHx7BeoKDrvEMB7bzGZM9jFofpTp1NMSGpPBdEtRkHBqD3iHP6JKByNG8QpNr16nc1YLT4ZHSYE8NAq7Wp,445283951,2026-09-08T07:41:30.000Z,2026-09-08T07:41:33.345Z,0,,,0,,HELIUS_D1_RAW
5V6j6214JzYMFj22Z1W4VGDuC7bK1gkHfNfNfaYDPLvS4MaxXbdgBm7tDa7o7N1fyH8epDPnzvYFksnkdvSJKhp2,445289678,2026-09-08T08:11:37.000Z,2026-09-08T08:11:40.161Z,1,,,0,,HELIUS_D1_RAW
3skNWntEFGSKfGptFvoKN5pZvoTywZF3S9s4TtAxDFxgi3nuQHo5LKipq9D9V2L4ouq7Yaf7UEhCU4TMwrGd9eyA,445290013,2026-09-08T08:13:23.000Z,2026-09-08T08:13:25.592Z,1,,,0,,HELIUS_D1_RAW
3B1oxnJDxTySf25CSCcv1aqvbABmv5tLCsZd1hN5qe8HYhWgzbmwVjsZ63mh2uTJ6bBz4tEw5t6FBL55bnczidJA,445315267,2026-09-08T10:26:26.000Z,2026-09-08T10:26:29.458Z,1,,,0,,HELIUS_D1_RAW
3xkgjH4KFyWZagmst2uEgk7gkXsdrn29GHasow4YzHmapAiXkod2ybYRdLrf6yeyvgiSsV4gVXmVScvWDJPxp5HE,445319276,2026-09-08T10:47:31.000Z,2026-09-08T10:47:35.438Z,1,,,0,,HELIUS_D1_RAW
3ZWe9DJEw39vDAxZ2j4maViz2RYQzidU5218GDZ5B8P2oyE6E1WVD3g81q266MrZv8he2zoSNQM4oHU3ULDJBGGZ,445333924,2026-09-08T12:04:49.000Z,2026-09-08T12:04:52.455Z,1,,,0,,HELIUS_D1_RAW
5Mn7gV6XN8HNRCJHyABrFRdnLf3xAC9HuYg9NruUg95jr8cWtEunix5Wm5dc1iLh6GeP2bUsGqkMuLG5UppYFBuR,445333931,2026-09-08T12:04:52.000Z,2026-09-08T12:04:54.083Z,1,,,0,,HELIUS_D1_RAW
3veURw6uL5tzsnChwPd9PGpwDGfi3f3Rc8tJEqHepgkWgBLb3guU3WMVhVWdmXnvB5bePW3fceg4Wa8Ub4FJjyY2,445333935,2026-09-08T12:04:53.000Z,2026-09-08T12:04:55.248Z,1,,,0,,HELIUS_D1_RAW
afUjnVW4BDZT6WR5f4ZW8TXMo2M2m5vCBZi38t41sutvSa5TWbVHsdzsHvkR2ZKmLDVfCMRnaNFB2DRRGoMKyMB,445333938,2026-09-08T12:04:54.000Z,2026-09-08T12:04:56.284Z,1,,,0,,HELIUS_D1_RAW
EdmmWsJ3duxM1429tYiZzp84w22xNDMkosXw6Js4exH4bfyyXuLVBtwZiyJw9M4cGUZyNaCZSS599woV8htLXTC,445333943,2026-09-08T12:04:56.000Z,2026-09-08T12:04:57.843Z,1,,,0,,HELIUS_D1_RAW
bXKRB6sUu2xuJV5RSrPnXdHKyavR61fdMR3aKn68wjHvpF3VTA3sNjf8J4M5Xv4UPVj7ZMvPwt4k947toap7ka3,445333945,2026-09-08T12:04:56.000Z,2026-09-08T12:04:58.620Z,1,,,0,,HELIUS_D1_RAW
3xJ82gwfxbXr2V2TxvPADoKQ3w1MRSucHWcbV9EYtRzKFBmXTqFeddXweHJ6kCfuP9fCa1LmYmPsmuZ6movTs7mi,445333947,2026-09-08T12:04:57.000Z,2026-09-08T12:04:59.253Z,1,,,0,,HELIUS_D1_RAW
5jEJePQP6jUrZznBJ6bCwTXpaqVZ55PnTSdMYH6JdhYTah5xgVhatexqSdKe6s3Hgi9c2F6PXcU8oPREcpaAT78S,445333950,2026-09-08T12:04:58.000Z,2026-09-08T12:05:00.022Z,1,,,0,,HELIUS_D1_RAW
31fs1D6RopeLsnXY2TG67ZBES99CoooLi6mxjFttaeaDp8tZWFavtmPvUhev1JxePMsD91ZMobim5YNY5UtGdbze,445333953,2026-09-08T12:04:59.000Z,2026-09-08T12:05:01.067Z,1,,,0,,HELIUS_D1_RAW
2H2zefkR5C3rJJb1Th7iLYt3CXK6wrtDcLUbnxX3DfMSzKjGEksuwEznFGbNpoTqhKFsrQ3BMY9LVBibvxpj1SZ7,445334041,2026-09-08T12:05:27.000Z,2026-09-08T12:05:29.679Z,1,,,0,,HELIUS_D1_RAW
2uK3nukFfzwDzXFNodGGBBbjNkeAtFEw855wUzE4aYdHk93Hy6uWLmxrG7NQD9r7TtJZrTbBRVzUbJfA8pWEW6Gq,445334046,2026-09-08T12:05:29.000Z,2026-09-08T12:05:31.004Z,1,,,0,,HELIUS_D1_RAW
4xJPziafWMfgiQqjMwbB5wiavK7ngDLpUf5DHcELu1dSgzjT17wxxpqAWK3jkcmHUcENY5VHperzjxLm2XfoLPi7,445334049,2026-09-08T12:05:30.000Z,2026-09-08T12:05:32.075Z,1,,,0,,HELIUS_D1_RAW
5ByPJzdzwdumoS3az1aFKrutNZhZ1M1Q2qYeo5Bs3BPivrtBetQ6jDXwXKehvLp8e7e7ZUSWPkNS57ddvqWDQLsJ,445334052,2026-09-08T12:05:30.000Z,2026-09-08T12:05:33.547Z,1,,,0,,HELIUS_D1_RAW
4dZt78R5aszT7xX3CSfg8n4htRsyMQzq1NqcjrjPCEZZui9vUXPAY3xhYdauzyJ8kNHRHKg5TSLsRyA9WJDyijz8,445334055,2026-09-08T12:05:31.000Z,2026-09-08T12:05:34.379Z,1,,,0,,HELIUS_D1_RAW
3uexhd1ePbmVNL4CBosZTqZjBCtpTEHufvEFJHqD2xJUiq7vQyhtGsXLY9Pa3FQtrgNnAasYgVBxtcDDHhZNtvFf,445334122,2026-09-08T12:05:53.000Z,2026-09-08T12:05:55.072Z,1,,,0,,HELIUS_D1_RAW
qXNoYKbKFWYxNWgP2ZdGQbQThuxm3pbyGZhmg4DqpdPZm1y9xdUrRGA39HHvoqGvVnhfh4FN1jhaGcnX88rar4d,445337156,2026-09-08T12:21:51.000Z,2026-09-08T12:21:54.142Z,1,,,0,,HELIUS_D1_RAW
5ebNkKsEjXQkgk6Dy44P6LhPPv9DtVF9zdBWQSLHqPibFZgcBGX3ZQ9r4q4XthH14PD1p8LN7J4YLJ5ioySSoAG4,445337160,2026-09-08T12:21:53.000Z,2026-09-08T12:21:55.510Z,1,,,0,,HELIUS_D1_RAW
4iqo2GYRMfBs5XioGWiTfxKXnAcRymbKF6QbFVxU6JzFhDwbDvtBwEzpA1KGGmxU8CfNNDZzsrpvfsgm1gYEK12F,445337163,2026-09-08T12:21:54.000Z,2026-09-08T12:21:55.667Z,1,,,0,,HELIUS_D1_RAW
2Q1tPAmkKB4ZAq7GKbM9eyRu9GqVebBtY9SQPLy9FbmjByQzzEUUzSn4FWCiWKDr3WYWKncTc7ro2PjEbXbivmAr,445337166,2026-09-08T12:21:54.000Z,2026-09-08T12:21:56.341Z,1,,,0,,HELIUS_D1_RAW
5o69HrXKa7egBehJcJbhUENm7TqnSbndVzoUTfGvftRfCzzRFptpqRRS9DRp7K9VMkFP2V4vbeSjux1FPUyNMqAK,445337168,2026-09-08T12:21:55.000Z,2026-09-08T12:21:57.126Z,1,,,0,,HELIUS_D1_RAW
5CR3x7osrxqqUxuRWTWj3DVkPoYFCXsEdqGsJzP5RNoRTCNKCa2zUjVZ9ftvLemoaMm3ahraKRA7YXZgmhQ1eEY3,445337453,2026-09-08T12:23:24.000Z,2026-09-08T12:23:26.692Z,1,,,0,,HELIUS_D1_RAW
32mTjkAkKoXtMcGEtCLCobcKvqTd4sGXfhqsgDVW1U7D3od86wsJMXUkyLHPbKnGejwiXY3ekpRLwfauWgw2um3x,445337458,2026-09-08T12:23:25.000Z,2026-09-08T12:23:27.630Z,1,,,0,,HELIUS_D1_RAW
5gamTXa5pDGL4tPRw6jp95NLgim1LtJHbbpGQuML7eEb2ogD6jGBprnw2HTdLo1GuJMpBc1myq1fzNaW5apXNBkN,445337460,2026-09-08T12:23:26.000Z,2026-09-08T12:23:28.603Z,1,,,0,,HELIUS_D1_RAW
8dAXc5au7z6RdhuU4WnzWpvacehTFRrJJffR4JSZFsY2fY2qprzpAW7qQQsw4yBc25RHCeN6AKX5QMrhHWUGFSy,445337463,2026-09-08T12:23:27.000Z,2026-09-08T12:23:29.098Z,1,,,0,,HELIUS_D1_RAW
5irQAEnzCnYUMRLfW2JiC7oTJX9NHLerTJtABWLeQJF6wD4e5zEDG67eyVaSUPZcsr1ND34bgTrUPkmDAJYTstKv,445337466,2026-09-08T12:23:28.000Z,2026-09-08T12:23:29.918Z,1,,,0,,HELIUS_D1_RAW
5XeoLRDynssXYewgcDx4RYMKLbLbmvm9ev6WBQVvvFdmHN6JRrAnB3RN4UqiZxP1sF3fu3eaAgS4MpxtdEk9Dh4s,445337541,2026-09-08T12:23:51.000Z,2026-09-08T12:23:53.705Z,1,,,0,,HELIUS_D1_RAW
4roPZtuKWvquXUpG1uSyYm4XTWLdicsRE3sE5eGUqM8StffL6r6eYgVATp26EBw7nnPV7ixMDjuDXAedjMKf2mEe,445337545,2026-09-08T12:23:52.000Z,2026-09-08T12:23:55.427Z,1,,,0,,HELIUS_D1_RAW
tkXvqLGpJWi1gTGweMLdWLKAUDNEuJ7Su54oF55HnuH4zAjKyWwQehapTZbXJ5j9tp5Gni5HKKrAWv3iAEgzSB5,445337547,2026-09-08T12:23:53.000Z,2026-09-08T12:23:56.008Z,1,,,0,,HELIUS_D1_RAW
2yNPvqEUyJFCPDeK3i3qRsG47LTB71RSgk6Y5Q3JN2b5RM6mqfopcfB1TjptJbpj7xCcj5YUCfVHwTjnjCiHQZ3V,445337550,2026-09-08T12:23:54.000Z,2026-09-08T12:23:56.398Z,1,,,0,,HELIUS_D1_RAW
3E6ZeDcKMKasYcGrsxT6DRTTQB6GpbGABqvPWZ1RkerGEkkHaEUjTbzLcHxA5Y43BywHz2zenE6XKGerGkMCiDsq,445337553,2026-09-08T12:23:55.000Z,2026-09-08T12:23:57.171Z,1,,,0,,HELIUS_D1_RAW
5jSa73CgHa73gch8gkTm68PRJ6LBVdUwdMZz6t2Tbhtk1afA9aDgu3mQ7XKoi3QhC7VskzcbmG4qb7MiHdvRPmpg,445337986,2026-09-08T12:26:13.000Z,2026-09-08T12:26:15.924Z,1,,,0,,HELIUS_D1_RAW
wXoNmBZVxtdRpCM8K6ieLNdCiAex1mkaxWDJfEzVNNapxKqprrSo1JWa4r4491a7Bj4vrY9DSok6mSFWC9mkUaJ,445352581,2026-09-08T13:43:01.000Z,2026-09-08T13:43:04.166Z,1,,,0,,HELIUS_D1_RAW
2JdtjBCWzozzkZpG4hYna6h4oHF6JC8KR2FUtzQMvKxyBgH4QMTBPJ69qKE6RaTSwnhfLCsxvW5udPU49g1ybzww,445353599,2026-09-08T13:48:25.000Z,2026-09-08T13:48:28.619Z,1,,,0,,HELIUS_D1_RAW
4Fm5aSvgFD4KndmLM2bN9rHre3QCDEe8xQbZW4njbkjJfAehbgoPVYSytNe6xsoQSS8V928dehedW9bh7iZsG1Fg,445353599,2026-09-08T13:48:25.000Z,2026-09-08T13:48:28.607Z,1,,,0,,HELIUS_D1_RAW
3taqtYT66J94sita2tfQW9Wvvz2LDrAMcx9GWPM63WAtAMCfZUFb8oe4F1aiaFquGfPVE3HVka6mguTWTcnfkzcQ,445353604,2026-09-08T13:48:26.000Z,2026-09-08T13:48:31.432Z,1,,,0,,HELIUS_D1_RAW
4MRVdAFun2eJEema4QYzCvFX2GzBf5LDpJr5ERh4Yigpee1ojpoMygD4BdWYv2QLywX9daDE7zTsrJXbAn7iEfGr,445353604,2026-09-08T13:48:26.000Z,2026-09-08T13:48:31.445Z,1,,,0,,HELIUS_D1_RAW
2jGmcfyUthMRzufft73JzND7kr44Y6aSgb9Q6TewQbh8Nqr6XYxLqNCYWr78vdtgR3qZHVnYFzGjZFraAp4pkS8f,445353607,2026-09-08T13:48:28.000Z,2026-09-08T13:48:31.165Z,1,,,0,,HELIUS_D1_RAW
3D3Hx7Uvk4xG887hfTNZrPTEBLysXcnjvGgNPUi5huJEv3fMo6XV7sisyKFFrHqH5ewRbe5VctwjrwCvMbXwfenB,445353720,2026-09-08T13:49:04.000Z,2026-09-08T13:49:07.548Z,1,,,0,,HELIUS_D1_RAW
3Ze9GXsbhCXXKBUVbw7e3aWH9kykQPiuzuPT8xX6eNdUqoiVfVzUppMeue7Do8BVmW96oBDr9JyTgKXinr6Mw7fB,445353852,2026-09-08T13:49:46.000Z,2026-09-08T13:49:50.243Z,1,,,0,,HELIUS_D1_RAW
63c3GZqiMMTyFCcEBkQRTiC128GZjfASzNCGrpSc47DgSSEYvhtArhVkJpT4hrfcfBkyKSP3Wd4oRuHDs9mHAcAr,445353852,2026-09-08T13:49:46.000Z,2026-09-08T13:49:50.222Z,1,,,0,,HELIUS_D1_RAW
5reoAeq8GxqFY4BHBUpx3d6Vx7udS37Lg9C6qs6aRjoB45jNo1dhxDWGi6rYLTtpVcq3TYNVRrNPCUed2MutT3ed,445353857,2026-09-08T13:49:48.000Z,2026-09-08T13:49:50.891Z,1,,,0,,HELIUS_D1_RAW
niSvGJWvHCFtJ7qRJTDZFwFFNvrHWY4gbnaFUZyTTtRwj9R3tW93kbzmEeha2TEgRNQ9vsSH1NchgBiQ72hFrNP,445353857,2026-09-08T13:49:48.000Z,2026-09-08T13:49:50.906Z,1,,,0,,HELIUS_D1_RAW
5VLrh6SQu6JPYoq92wQaiXg77UTYHTxeYavpxBsYkAdAu6qoBQSEYDYw3cbB1hvKeEQaNZqFZeqA4j5Ao65wMNDN,445354099,2026-09-08T13:51:04.000Z,2026-09-08T13:51:06.853Z,1,,,0,,HELIUS_D1_RAW
x8MoihTRFhEKDZCDrWmSneSiFPtUdnHa31mU2sF728M4DP3yE6MugBygP3yfmRPjVnAhNgUAVwDdEsH66hyqnuh,445354099,2026-09-08T13:51:04.000Z,2026-09-08T13:51:06.845Z,1,,,0,,HELIUS_D1_RAW
3XsHG1AHCfU1MaoEjMijQCMuUswAQcThrEMiFvBguKjiVyyRbUxb3Y7BoEfpaNDWRfunkzUbYSC6wFcJkQgfE4CH,445354104,2026-09-08T13:51:06.000Z,2026-09-08T13:51:09.443Z,1,,,0,,HELIUS_D1_RAW
R3v92UuwAHpmHJn99adjaTfr9HwgUbh23TNcGbW3uJoouZwKtzMPBCDq6fTT9VsuqzXXxBGGfjgqzLvSAnrDRyf,445354104,2026-09-08T13:51:06.000Z,2026-09-08T13:51:09.421Z,1,,,0,,HELIUS_D1_RAW
5hFSicmWixeQi1AVo7boqjyJajYBF194HLKqfQG3d5aYccstxobmhXESkLwygYLugi1r75bgCx529YrNDi4sUR1p,445354108,2026-09-08T13:51:07.000Z,2026-09-08T13:51:10.336Z,1,,,0,,HELIUS_D1_RAW
5gQkiu5YEGGbStVggVAC7ce4RnJZWiD1TNXKw2dk3HZr8Nhox5C1CySY5bwd3njssSwhPrtWJmQzox9Ci6YxFzQL,445355975,2026-09-08T14:00:55.000Z,2026-09-08T14:00:59.649Z,1,,,0,,HELIUS_D1_RAW
JU7dsZAgueZtZzX6NyLUgFNgkkCc8ThJCkm3ubGpfxjCipBhtaQa2NzA43hffh5Yk87dio2o5NkKjkSRWeHWgfA,445365176,2026-09-08T14:49:39.000Z,2026-09-08T14:49:44.847Z,1,,QUEST_RESTART,360,,HELIUS_D1_RAW
5oumnvvbDby5nvMDmmkkejahzc2LrWKYpeMNhK66WQR9wvvQ2Kkxtnkpm9VfFaRw7quoULe5CCSB9pPzM3tWM8Mn,445366363,2026-09-08T14:56:00.000Z,2026-09-08T14:56:05.729Z,1,,,0,,HELIUS_D1_RAW
5yHVrCgPMmhZV5T8LoWL9c82p2A2QYLaWBD2Ze2tewqwZGJ5wpEnSCWTJP8vxTZmpM19t5H7BzBCkHXZSqVQoQdB,445366363,2026-09-08T14:56:00.000Z,2026-09-08T14:56:05.726Z,1,,,0,,HELIUS_D1_RAW
6s55XbC6eqd89YowFPf8qA5Nf2de5o6Cr7kcwtWbP68PL1onF7zg8Dkr8cp5UieiEPqW6rvFxnvvNfUGFMdZ6om,445373363,2026-09-08T15:33:01.000Z,2026-09-08T15:33:04.924Z,1,,,0,,HELIUS_D1_RAW
ztPxocb7nSGmhrjcxjV9tjUpcraw6fGKkKmq6UvEZzqcB5xKTNyfxNx2k1jJucXEn1EJUavb9JfPTexWbzfe8i1,445390752,2026-09-08T17:04:55.000Z,2026-09-08T17:05:01.488Z,1,,,0,,HELIUS_D1_RAW
4g3VL7qK3yFub8cREV6etoaA64F1HSap8ErNyqCcsDatBGwDryUgDxet8YFg3oBfQrxdmgfRZKJGgasPoQx9542W,445400507,2026-09-08T17:56:31.000Z,2026-09-08T17:56:36.384Z,1,,,0,,HELIUS_D1_RAW
5TRrcqrjwxxYXPaJAtw4FAfVMQUx37uQwuyuRjzD9EDS1mNdipaFVDws1ySs3tKM4iVFWwzcARw9b7S2forPk1Wy,445401133,2026-09-08T17:59:49.000Z,2026-09-08T17:59:56.078Z,1,,,0,,HELIUS_D1_RAW
4i4XB491ZAD98XWKdNwdz5FERoHHb7WX945mDEJrgrxDwAr9qK7CohvjQtzakUNKNxfornsAvs6heFodeChP8DRw,445403543,2026-09-08T18:12:39.000Z,2026-09-08T18:12:52.963Z,1,,,0,,HELIUS_D1_RAW
4oVsq7YoTHjeSQE6mimX1tZd4WnJ2V1ceyYqTPp8yRfYnv3ob4CEY2j7755eW1nB3zEjGfpPo34CMPj5onPXmFUn,445403543,2026-09-08T18:12:39.000Z,2026-09-08T18:12:52.959Z,1,,,0,,HELIUS_D1_RAW
jmqJrZRRCqB9RGHY9ia4T4D8fo6pJybZwv9YHUe2zyJv2YXCBG7Nb6dXS23Qw8oTRmwxVTpxEJgwgRKc5VxBM1v,445403543,2026-09-08T18:12:39.000Z,2026-09-08T18:12:53.095Z,1,,,0,,HELIUS_D1_RAW
4DhADTp4w7ZujvkfeNycLDVyyPpQ4HiNtxCwCeRU5tHNmm1x7EAakLS4d7tVfgmAhssfUUHMfUxnpZsmfji8wtXJ,445403544,2026-09-08T18:12:39.000Z,2026-09-08T18:12:53.924Z,1,,,0,,HELIUS_D1_RAW
4Xu7uUhxiPiWRMdLq7bkSJo59v4XcMo75qzDt88y2fGDDbfw3PfJwDpevebCKNV7zv1qnjvhhnDbj8RtGgUnz11o,445409006,2026-09-08T18:41:38.000Z,2026-09-08T18:42:05.739Z,1,,,0,,HELIUS_D1_RAW
cVyJbNfYL5S77f5mTdjQfUkD5mMKLJaCXdiAEMgZHyESJVNtqzwW1iqWydAV1bdwsyF3Do2aJ3FJU6ifHVLF25U,445409006,2026-09-08T18:41:38.000Z,2026-09-08T18:42:05.740Z,1,,,0,,HELIUS_D1_RAW
3weph6uWZXAWS2wjKXHt1WRgCHvVNsfCoWNaVkEHSXVevh8gUDgeXYRGGCkPe52ddEQ8193iE9Jso8UAi5tVm3HW,445412467,2026-09-08T18:59:54.000Z,2026-09-08T18:59:58.150Z,1,,,0,,HELIUS_D1_RAW
4fp4uRcUzqUWWrzXozna5qkaXdjTAe4bRwecZBWrBu9GcvPGUWAx9ay2qNa8evSWmbmLpV4ALAsguBQsCionjvMq,445423342,2026-09-08T19:57:33.000Z,2026-09-08T19:57:35.813Z,1,,,0,,HELIUS_D1_RAW
co7v5ALzL31eK5WibeY1rK6PdsXepLiui3wtSQPnTwV8pTs91ZzsBgZR6c3aU4uJwRPFur52eAUYPpwPJEdN9us,445423835,2026-09-08T20:00:09.000Z,2026-09-08T20:00:16.369Z,1,,,0,,HELIUS_D1_RAW
3h3CevM3HxXjaftVmwdJVDJyGXuwpS1jq7n9sQgJ9xeQHGzvSFH1Q9m9V5b8bGkowUYQfSBcZTZE7Ho54R7ud1T5,445423933,2026-09-08T20:00:40.000Z,2026-09-08T20:00:43.781Z,1,,,0,,HELIUS_D1_RAW
3Zk9Lf2oUHwktQE27UnR4SiAnDbffrjFxTvbXZSFxBd1YhTpWnMV9wwk3weAVKZxLihmvwt6QJH3FKHFzNLeMe4Q,445427788,2026-09-08T20:21:05.000Z,2026-09-08T20:21:12.937Z,1,,,0,,HELIUS_D1_RAW
JKk8n53HbHjEPX9GgmkDGYcR6o8sd5BCqvPhcnSiHQoWzEmPdR6fnTajTsb3vPJXWQBav2Nk89adQUApGPrF61E,445433366,2026-09-08T20:50:31.000Z,2026-09-08T20:50:34.586Z,1,,,0,,HELIUS_D1_RAW
2gRPfnvmRG3kFmcq3ZRduqQSQij5YZmF3qsDaLgbCwNZizUCTwxtA5tdpzRrVArtiCzuyguY2FCxqSBNmtVqzsuH,445442791,2026-09-08T21:40:36.000Z,2026-09-08T21:40:39.501Z,1,,,0,,HELIUS_D1_RAW
5kFsye8B4jPY4p65ftXMEtd4ZXLkppQofHq5YdSmoWRxvWLNpaxsXBSQPEnsupTz1MN1Sta7Zc8VWDY5ZjUikKuB,445442793,2026-09-08T21:40:36.000Z,2026-09-08T21:40:41.088Z,1,,,0,,HELIUS_D1_RAW
3CbwVqwzE5mKAK3T82YsbdfqnCGHM4qsDvV1dVBjWx5jgiXznBZN5KZQidJqo1CdVnGLyapeDSXPQBvGeUZQ2oay,445446025,2026-09-08T21:57:44.000Z,2026-09-08T21:57:46.484Z,1,,,0,,HELIUS_D1_RAW
16hr9CFGB48mR6PHZ9MiTVS7HShjdoGBVudYmcSdnGiKC53KPANdr2fYvJK3jSbFYFYRskuGuzLRZxxQwo3qMXG,445446214,2026-09-08T21:58:43.000Z,2026-09-08T21:58:48.585Z,1,,,0,,HELIUS_D1_RAW
3Po7qZzVffbtygF7dL5wPTuGAqrqhgJaUUpN6B4nS1LCi3LP4NVtiNSmhckjGqR95LFWvfqoo15q5ag7yQkjRJRq,445451099,2026-09-08T22:24:30.000Z,2026-09-08T22:24:34.881Z,1,,,0,,HELIUS_D1_RAW
Bk17vhWBSx6i6syqbTtZzkYefnKT79sZqkfs8uDZoH8tcNECkGvGiL9cDxV12pQUASY2Nj21L2HU8qQ8kLeaKuU,445461565,2026-09-08T23:20:00.000Z,2026-09-08T23:20:03.667Z,1,,,0,,HELIUS_D1_RAW
4hTRu3qReiAt1ci42NRgYK2bJ5pixR5ftnR4Ctt6FsB6H4oCBD43FdqBCMeRhjh3Hge6iMhYKcAPoBoWRUJeV4W1,445470948,2026-09-09T00:09:31.000Z,2026-09-09T00:09:38.288Z,1,,,0,,HELIUS_D1_RAW
4f8m1crNRTRwvsy1NSAFQTni83E8hxh8qXE3GgHyWrkbB6hFsvwRmCiUYEFNb88TmU3WjahJAmQQF88wLsiwrt1y,445482998,2026-09-09T01:13:17.000Z,2026-09-09T01:13:25.592Z,1,,,0,,HELIUS_D1_RAW
3GapPF3ZctPGURPFqzY6WawWm38w59RwsdkrrVPJTPMyzgPnzaQp6Kh5CVgVqQATvcqPi3Dru8ue1HcWt5VeAdYv,445490970,2026-09-09T01:55:26.000Z,2026-09-09T01:55:29.762Z,1,,,0,,HELIUS_D1_RAW
3HPbLjidUmsNJra8yWiGiFZQZgUthcro3JPYg1LPLRyfgkxhGz74WjwiB98JabhaFhnktiDMvUidtNt2BuTMCarQ,445493218,2026-09-09T02:07:16.000Z,2026-09-09T02:07:20.309Z,1,,,0,,HELIUS_D1_RAW
2nJrBPRntbHa5VRpcNLSPnTaNddh65sCZUFQ4yQ9uuMQewbZkM4t26v4e1ZffmM8yWGnKZg3P4fRqx7J7mfJX6kV,445504371,2026-09-09T03:06:08.000Z,2026-09-09T03:06:11.235Z,1,,,0,,HELIUS_D1_RAW
35UZNrxsvGUPKCrPAcHuYzvib7VUADJHAV2JvYacrTQM9KFmQejAiekWQFGgE1hSyS2zt6wK8uMfah1PPQoykE7R,445506500,2026-09-09T03:17:22.000Z,2026-09-09T03:17:26.967Z,1,,,0,,HELIUS_D1_RAW
3k9zzGoevwop82gJiT2h9iK3GLXdbDRbwV6uW47vUSgaJ54Dd9Kp23RCiAsZTY2QS54ajyxTg3394UwpqtEuwh4r,445551952,2026-09-09T07:17:16.000Z,2026-09-09T07:17:19.558Z,1,,,0,,HELIUS_D1_RAW
3kZv8Y98Kvcf7WzF9rxMqcQ4dgKboTXGkTkTXb9YokwFJih3dkbUgQFT6VXnyNofEKPznMq1813gQhkJTTDikuBr,445551956,2026-09-09T07:17:17.000Z,2026-09-09T07:17:22.420Z,1,,,0,,HELIUS_D1_RAW
2ej8A416k9x28M5LRaMKwG1rCeaTTV41pPWetiP7pWiChtPkSybjmjj3FivtRkUCCc81HJRHRn2En8oKFcZ2e5q4,445551959,2026-09-09T07:17:18.000Z,2026-09-09T07:17:21.727Z,1,,,0,,HELIUS_D1_RAW
SDupjEA7EbyWWW4Djt99zawofRAevsCpzwEomXBQjhBtus4GsKucYCpYzxigcmhkqJsfPZhqTcLWWGPEAgvPHXa,445551962,2026-09-09T07:17:19.000Z,2026-09-09T07:17:21.969Z,1,,,0,,HELIUS_D1_RAW
2uJ2rf5xn71G6woNUHGqozD9sfCzbou46fzu2pmPE4N6AgzqQtL1WQcSgxHWhfoEoMYjnhnFVvvy9zxGWsZe4WKJ,445551965,2026-09-09T07:17:20.000Z,2026-09-09T07:17:23.237Z,1,,,0,,HELIUS_D1_RAW
479dR4NvN2LQ39vMZuTZLPjy8g5am8r3vq3hqq3cXEXXz8V8hcCABoEnJz9vo8oQ5zgjeyD8dcTH9GYBAwZu37MJ,445556132,2026-09-09T07:39:18.000Z,2026-09-09T07:39:21.337Z,1,,,0,,HELIUS_D1_RAW
KB5drWdrSmP98QEZGrPdmpvD61wEsDRHfrbz7WEaa7eUDreD1cZnXp7m4jCsMaN9Ae3c3Cg7jWjhM3XTupehUUo,445598740,2026-09-09T11:23:43.000Z,2026-09-09T11:23:46.194Z,1,,,0,,HELIUS_D1_RAW
3p4nb9SmxY662cwPr8Cvkdu9T6ryZD4enBzNZsT9Af8bhidpAyuLsWMcumarq7ogxrsZwFfrtfa6ossHvg7XaMn2,445627906,2026-09-09T13:57:37.000Z,2026-09-09T13:57:40.296Z,1,,,0,,HELIUS_D1_RAW
219QLjzsarLgoivjZ3Q84U3XkfgbFZ61f7RwsNACPKCfDRrjeRytiKP3yVdFZ2tWuyCoTMgHpWQrZWrzGPRbqGFc,445627944,2026-09-09T13:57:49.000Z,2026-09-09T13:57:56.634Z,1,,,0,,HELIUS_D1_RAW
3jzVoA2MCMN8S46n8jYY2TUeHWtWR54RavEYtFuBCLW4R5DSJtkobv6UvdvJchMo5AM9eHRCaTWHbfaiVPV8c53M,445633626,2026-09-09T14:27:57.000Z,2026-09-09T14:28:06.870Z,1,,,0,,HELIUS_D1_RAW
5yyQkb7zQUwJF6KQXD63kcD72ZFTfDouF7GYzp9McMhtpsw2kmRD7cRag2vUufQetuBELa8xjhVyKzTFtVuqA1aa,445639063,2026-09-09T14:56:37.000Z,2026-09-09T14:56:40.197Z,1,,,0,,HELIUS_D1_RAW
32zfjDB2vEoBGbF4ddd9nvetM1zrCVy6QMSButhFocCuSzrpfmLdej9Qbvx3q5qeGzDovaVV4cu9NGZpkVJJBJNT,445658626,2026-09-09T16:39:55.000Z,2026-09-09T16:39:58.358Z,1,,,0,,HELIUS_D1_RAW
5h3E26v6aqdpAuZy6bvEAjTNA4owaKUq8QUTu63YAGbS1t6s7DSwG8N5xFNGb7Rc9jmrXX23p88W5RCFTZrT4Hzh,445659804,2026-09-09T16:46:03.000Z,2026-09-09T16:46:07.080Z,1,,,0,,HELIUS_D1_RAW
4p6DupAySP4WWNXPZAjbaaMApFNtCcn1kv2ikZ88M8ErHbVUAvQrJ1Vchv4sbEHrD2L7T9Jq1DJV1eFXuw9vpeWK,445659907,2026-09-09T16:46:36.000Z,2026-09-09T16:46:38.938Z,1,,,0,,HELIUS_D1_RAW
3pV1xqHz585t4e18yPrKhwaYGg7bdwwr9aqLe5x8RgG8FXMgs2S1FZdaEEzF4iPK3JAKLtZYp7HqhgZvZECF9XoW,445660007,2026-09-09T16:47:07.000Z,2026-09-09T16:47:10.411Z,1,,,0,,HELIUS_D1_RAW
b3JdDgjmfVC4ozKEb9P5A2sNLBE3uAz2HfGDbRgpvPUsa6fFDYZbC3cSg5THvLiZnG1bKgeRMceb2gAdNYqMsAr,445679486,2026-09-09T18:29:55.000Z,2026-09-09T18:30:00.883Z,1,,QUEST_RESTART,10,,HELIUS_D1_RAW
3nYc2aiEqwjddYFkTgCsUUY2MsYrNB6q1QVYyb4gpm4YdVnXiwdirQWQAiE9yygEkvFPkM42zEbYurvq1W33YBYi,445679519,2026-09-09T18:30:05.000Z,2026-09-09T18:30:10.700Z,1,,QUEST_RESTART,10,,HELIUS_D1_RAW
RejtLwf6PzbCVZMcZ7eTC6ntiTXWrynqLVdcUzHiCyt9iwUakzbtUBvnD5jKbUFqXyYgmHU6kkwZeuVYH8JEyd6,445695154,2026-09-09T19:52:57.000Z,2026-09-09T19:53:04.858Z,1,,,0,,HELIUS_D1_RAW
4QpYcWFxgrfDEcJnMARvdbiVMuqNghJcyqVVyMSsDLUB491Xndd61d6AEfKe6wPzeM1GG1tpHfA6MRmGYcerxTUt,445698300,2026-09-09T20:09:42.000Z,2026-09-09T20:09:50.866Z,0,,,0,,HELIUS_D1_RAW
5DEXQUTN9gLnCfHuAT1wf7eYtrByPZftZbXPMLCqKF6DeitTEB9EiYSrW6n3AkAsuYdZ5LX4Sw2p6d57BP22vbu4,445698306,2026-09-09T20:09:44.000Z,2026-09-09T20:09:53.495Z,0,,,0,,HELIUS_D1_RAW
3VkjvjGU1k1G6yRAjuXhqry7KWN1ZUKtF7Y37fF47wtXScXkhWH1fCYgpHHpqqDxpxSDo7PA6fMcigqMx5RMaGzV,445722264,2026-09-09T22:17:13.000Z,2026-09-09T22:17:17.770Z,1,,,0,,HELIUS_D1_RAW
254NoxLRfgjwfM762aZgYhesPHBV4F3hGNuhPNbmYEiqPByvoW4VzMQkd69y8eTftgR4m5zgwDZ2ari82UHQi24S,445728737,2026-09-09T22:51:24.000Z,2026-09-09T22:51:30.626Z,1,,,0,,HELIUS_D1_RAW
2fzFp3XbKoSxfC66Q5mJuQV51LJkE7wKb4QHhakEzj4DBBQ8mRoBVLRwUcHLuVQQ9YWdZM2zwDygxD36PoxWvRMf,445728737,2026-09-09T22:51:24.000Z,2026-09-09T22:51:30.643Z,0,,,0,,HELIUS_D1_RAW
3NLstqH5MdVULxPfduEKQ6iPLiqtuszPmj2e2YocMM7jRNrqFoxUfHNcC1vt3NksSYZNXgcUEppd42nyqCdh2WmT,445728737,2026-09-09T22:51:24.000Z,2026-09-09T22:51:30.621Z,0,,,0,,HELIUS_D1_RAW
3PxRagQiRovmgTnaDHYysaLeUjf5ukZyHkzu9JzguuhW6pko7d2U3UtmXGdtd7PubbA3zRVLh8qiqum51eWKdhFS,445728737,2026-09-09T22:51:24.000Z,2026-09-09T22:51:30.654Z,0,,,0,,HELIUS_D1_RAW
4D9cKkLeyuNGJXqoDpCzboNrFfsXguHqtLGV6RdkPrZ4Qd4kn3strBmaPLcfrvzBJMNUY7e7nJrByPj2RuSxMd8x,445728737,2026-09-09T22:51:24.000Z,2026-09-09T22:51:30.653Z,0,,,0,,HELIUS_D1_RAW
4kDhvmuHpvH3PUtnBARgzxZLDRtTK3rTjEaouKiBf4nDi7Y5DHG2M99BGPYoJnqgKvRQ46hUByoDmUh4fQbZdtra,445728737,2026-09-09T22:51:24.000Z,2026-09-09T22:51:30.628Z,0,,,0,,HELIUS_D1_RAW
57s72Kkh2LGYasg6WtgnTo1ug2u93EvkZaMyiEjXCv84qJbHKqSQgHKnRj2S8Fo5ajLvAknuvM896vnkusnJEkKp,445728737,2026-09-09T22:51:24.000Z,2026-09-09T22:51:30.658Z,0,,,0,,HELIUS_D1_RAW
5WWpuNh3ThSUaG6MinzmNm51KDhXijQi6bDjUbFbXiGeW17JHPzYjmAuQ9YUkTCun9Dxss9xkwSPaRyfMNEdhLeR,445728737,2026-09-09T22:51:24.000Z,2026-09-09T22:51:30.652Z,0,,,0,,HELIUS_D1_RAW
xBAnf2pgu9VnEqt2CTGibjCbNoxhs12mpUurjtuoVW9AJEUv8DotXLBW1ADBo8GRSWySrpbpeZ3iyagpKxwzTSC,445728737,2026-09-09T22:51:24.000Z,2026-09-09T22:51:30.623Z,0,,,0,,HELIUS_D1_RAW
mdzfvzTngmz197PwCTLrEjcN1FzTkdA9Cn7bai7aYJGSWqXaGM7aGk1HKM3b7vZCs174vrYjqcvNgPM7KMJvSrH,445763203,2026-09-10T01:52:55.000Z,2026-09-10T01:52:58.879Z,1,,,0,,HELIUS_D1_RAW
2xJsCBpAzwnRZjDSrjjabdz8NKxUCb2CcqSEqUsspGLygPwf1FRkhWmhT72EDDETWoEtc3BNJPdUAo2idZBaQnkD,445763206,2026-09-10T01:52:56.000Z,2026-09-10T01:53:01.719Z,1,,,0,,HELIUS_D1_RAW
4F2AY7WCw9tHJFaUEesM9Djz4eHCKUWWRgvLUV1HCTArcWa9CYqRsvjJ63qtvnQHJfskS9v2aLaZvd2mdxP2m97V,445763208,2026-09-10T01:52:57.000Z,2026-09-10T01:53:02.277Z,0,,,0,,HELIUS_D1_RAW
3E8uxGZFJLo4b22KT9d7hdH9Tw1MYseeSh5a4Q2mACZMX74CPVwmoUn3PfrHoNv1REQoERoj28Wpt9szC3XDoZ4o,445763479,2026-09-10T01:54:23.000Z,2026-09-10T01:54:26.196Z,1,,,0,,HELIUS_D1_RAW
2SVMZeezWQPkM5kd8Q4fZs6ceTVPVw6JAtMvHqyVta3wA1gwtRCPnhqAZ8V4Rm6rzh3ApqUGdewbxcBxvLSek57n,445764097,2026-09-10T01:57:38.000Z,2026-09-10T01:57:41.026Z,1,,,0,,HELIUS_D1_RAW
3iRb9nnxMZpCmRJazGRvHvfzWapYu4eBqVLS7iMkJXcQDXb9QRJD2eYe2GY1tQDwwF9UAEkHoGvvd3khLAR2o1cM,445813648,2026-09-10T06:18:23.000Z,2026-09-10T06:18:28.251Z,1,,,0,,HELIUS_D1_RAW
49jTx28LyvdSMYnetjjfBRRULLpLmZALbvLy1MWafm4MLpZMqStPLa8fC4umFBC8LCK9VQeywEmZ9tkrkU2BoRgi,445820705,2026-09-10T06:55:21.000Z,2026-09-10T06:55:23.936Z,1,,,0,,HELIUS_D1_RAW
3p2Mt9fueFqhKcZPSMU9bgPHnCyhFzWSyrhFpPN3nV838kBwYBXmZdyz9No9KYk4G6SubgL9Z1Pe7vokDZt2VrXF,445821090,2026-09-10T06:57:23.000Z,2026-09-10T06:57:25.005Z,1,,,0,,HELIUS_D1_RAW
YAjC94oY2jx74iJhUgh1x8yE99HxFMbTof3jrftfwBodT2nE3UY9ath9cnEAdvvTunEEnpkCrnGu4DiJSuHETzn,445839649,2026-09-10T08:34:41.000Z,2026-09-10T08:34:45.477Z,1,,,0,,HELIUS_D1_RAW
Q7B5ba3R9VtxEaz2HcEM461bXHenvNrPxo6UFKK63xzR9zVxcKYMm9tpW8hQ7Mv2BEFoK3DFAnxMeBeuC4ieiL2,445839650,2026-09-10T08:34:42.000Z,2026-09-10T08:34:44.275Z,1,,,0,,HELIUS_D1_RAW
5Uu9H62HcQrXF6kEww2wusgxKJEGFGzmLiktkS3XGyNcBu8c7m2bBjDWLSqr4f4wMrNW7ZevVWbbP5BSRne5VWNm,445842548,2026-09-10T08:49:51.000Z,2026-09-10T08:49:53.009Z,1,,,0,,HELIUS_D1_RAW
4h1nR7qxeaF3n4EWpGiu4Ud8GL4gHSRrvSNcFRPvt3aBb8zbVt7i2v2eoM5Y9hxe4haPfAa3aUT4QYVG3MDTqZqA,445842578,2026-09-10T08:50:00.000Z,2026-09-10T08:50:02.868Z,1,,,0,,HELIUS_D1_RAW
49piqkCmhbznFag2LYttb7dA3VyXRGgeQAiz8kJTTDWvCQMRENdzX2w6gcX1LWxnbywZranxQqByRSgRB9CQKWk,445850991,2026-09-10T09:34:10.000Z,2026-09-10T09:34:14.551Z,1,,,0,,HELIUS_D1_RAW
2bSyypMqVzokq2dgQFdsZ2kFjtMr3yzSDNpLZCw3ny5WuxRfNXvScEFPte9hCGbZGTLttG4iG6u1E5EwweZaX8cU,445889704,2026-09-10T12:57:52.000Z,2026-09-10T12:57:57.765Z,1,,,0,,HELIUS_D1_RAW
5LpZJdnRNtVzK1nnfpuR5xEJUYZPzSgRuvqC477wDbZpu9gkpCfvNZG2YkSM39FTsiM8uRBAquHPcvLriettEHuo,445890109,2026-09-10T13:00:01.000Z,2026-09-10T13:00:04.089Z,1,,,0,,HELIUS_D1_RAW
4Df1FUihQsTLDw4qqzbt28s7Tihj6VdGpBXMSyshTptyingUhhyE5wu1qVbwecdmVbnYp7o3kouWN9NNFVDZwkJp,445890552,2026-09-10T13:02:22.000Z,2026-09-10T13:02:25.301Z,1,,,0,,HELIUS_D1_RAW
3WmoLHm76UHx2XZLHQfXYegyqCaNxbbmd7SBMCkRmuAGMhTRUrEtwXhGucFBepkBBXEJDWLChtWsG28vHfpcJWKZ,445894474,2026-09-10T13:23:17.000Z,2026-09-10T13:23:21.330Z,1,,,0,,HELIUS_D1_RAW
2UGx2pCo46God8ZD2m866mLbMdQT2sfxZLA63vNHExoMP2oq7j5gr6oisZYsgz8TTipe7k9e8DqANgtYhkNJprbo,445896609,2026-09-10T13:34:32.000Z,2026-09-10T13:34:35.827Z,1,,,0,,HELIUS_D1_RAW
3whaTKMkF7QrdtJJEW6S2czoW8FWkg2Gw8qV62thrDjCFbyoiGRWZaq4byVM11KgLgADEG1WLwXUw3NztJFijRzU,445899865,2026-09-10T13:51:46.000Z,2026-09-10T13:51:49.653Z,1,,,0,,HELIUS_D1_RAW
3yrnfHiTBssmQ2hCgJMAJzJf339Ha95chTH5x9SrJdBPJdmSbzZP88gKA9GebxGGwGvYZXqpArtdpioJwF5uan6e,445902919,2026-09-10T14:07:50.000Z,2026-09-10T14:07:52.700Z,1,,,0,,HELIUS_D1_RAW
3CAN64m6SFpGQ7N8zAbb9BV7fu85KRXcX9ttJqUwXBvagTEi2h4reoPfSpJVozhGZ1wddK7QYY1Ph3kMM1JpsiDh,445904648,2026-09-10T14:16:58.000Z,2026-09-10T14:17:03.313Z,1,,,0,,HELIUS_D1_RAW
4qNbQsB6UKgkzW2qvQzoMtJPSLSqPj2AVnGhmoex68RqSSRmnJdiUgRGBzPH6hiyYTgUPpPBCt2gWqyrK8uVJAcj,445907124,2026-09-10T14:30:03.000Z,2026-09-10T14:30:08.364Z,1,,,0,,HELIUS_D1_RAW
5CqZ6MQQf8ZftkBBWmpUrywhieCL6ZeFsUsPe8K1cFdeExjz4RaGjfnzaSwERvNdgDjodWQ3h1MweyWeFj3kHg7y,445907392,2026-09-10T14:31:27.000Z,2026-09-10T14:31:34.480Z,1,,,0,,HELIUS_D1_RAW
2g8NRYyBEyGLsV2RPW5HCzoLCykiUTP2x4bNLNFsj8a9zDwsKFzT176UNLRuBfDwFp693sgDD2WWqfUC9EqMVMiK,445922876,2026-09-10T15:53:23.000Z,2026-09-10T15:53:26.744Z,1,,,0,,HELIUS_D1_RAW
w69QmjL6ZBuepAwA8LuD2Qhs7xrRngPCnpj9PzKcfxHdZMX5YvN12cxAfSTRbq2rUosMxAAiyvkGvmVdhWW4FtQ,445922918,2026-09-10T15:53:37.000Z,2026-09-10T15:53:40.151Z,1,,,0,,HELIUS_D1_RAW
5sDMjiNWFFXY1bmksfuXM6xCDicFayaHsh3c7eGqVLngHzCwyAcWLCMsTjQ15EUVHmTRuW2xVMD5nzGDeAffwUgK,445923020,2026-09-10T15:54:09.000Z,2026-09-10T15:54:13.254Z,1,,,0,,HELIUS_D1_RAW
4demBZ9RCmhMXHTJ6VQCAhmawMZXa6tBzNn7UQZmYbYPX4THpNoMDCh2TtJV13NDDrVhFZ75WuRd9xqMogxuuaq5,445923060,2026-09-10T15:54:21.000Z,2026-09-10T15:54:24.665Z,1,,,0,,HELIUS_D1_RAW
3qp3sP33uUHUXpTHrRhEZnGgaivZ62wt4PMQ4BKodcKweierZEpFwweKZAGeJrnCFUiMSegTuCxWHj79i9t7Yqjt,445923095,2026-09-10T15:54:33.000Z,2026-09-10T15:54:35.509Z,1,,,0,,HELIUS_D1_RAW
463W1QZ9SbXKTZ3nQ2dAULxN7yj2MEf2N2it8y1BXtnEf43d9vw5bwfo1AGWTK48sYnFh6QSvr9NuhQXuCBSVjhd,445923370,2026-09-10T15:56:02.000Z,2026-09-10T15:56:05.757Z,1,,,0,,HELIUS_D1_RAW
3B9LdvbvcUnH6vVJ8VKvLdHdppomDgUpsgTxyMKktVivT22XGHpx7pVXi6pWMdwHXe9RQaBvnauGsAD9YkKtJ2GX,445923500,2026-09-10T15:56:41.000Z,2026-09-10T15:56:44.475Z,1,,,0,,HELIUS_D1_RAW
5QJ4HYp3hFDFntX2B8LWNQDQF1JoQPAnmDGgr3EsWQnejYLttAsKdHPGFdmSKP5foE41QGQ1T7f9qUGjPv72mYtg,445923810,2026-09-10T15:58:19.000Z,2026-09-10T15:58:21.808Z,1,,,0,,HELIUS_D1_RAW
5LuZYVktEbRHaHpYvXe15YZn9HF98kEKGGaQ4ybVJkdk8NJhVEY45icqwp4iq13zVY1VB6P3jfskPpXjvsJ1Hx63,445930369,2026-09-10T16:33:00.000Z,2026-09-10T16:33:03.261Z,1,,,0,,HELIUS_D1_RAW
56orJJ247JCN8VmRksqyj3Eas1jsWr4oN3V1weKfkgL9zKkdU6u6zNDMawze4sxn6jkTknukeoQBWEbEeWqiTgEv,445932907,2026-09-10T16:46:28.000Z,2026-09-10T16:46:31.056Z,1,,,0,,HELIUS_D1_RAW
59ps1uo4FE4SpwaGbKxqqvrLyWHAUoJzhd7bkDVt9Dej3KXWGvAobUuwwRR2h5qmKGZfeCBhznRj8vmga49fav8r,445932933,2026-09-10T16:46:36.000Z,2026-09-10T16:46:39.169Z,1,,,0,,HELIUS_D1_RAW
5Ays3t6gBAzemt573vCGMV9XeyR3nYKXo2hvkpUj3MxkdkExL3HtBzHUwgVJQyNoTM9FTMSjEeyXXncZyknnmL8p,445938089,2026-09-10T17:13:55.000Z,2026-09-10T17:13:59.234Z,1,,,0,,HELIUS_D1_RAW
5qZmZZMvhYv989z7jzefMAv9QaksUM7ZsSwufZMyDicN41CGnWu5MBt3kRqFFhyGMzu6SmmdtYAEzPY7DPQ6iTpU,445940295,2026-09-10T17:25:37.000Z,2026-09-10T17:25:40.679Z,1,,QUEST_RESTART,5,,HELIUS_D1_RAW
c3tr1us6xPmttyMop3EDFEcPpqKjthrkLauxoYRBtU9Z23okfA1WFJbFEUUCG8shv3mL5jxj5mhUu4Xr1P8igsS,445940303,2026-09-10T17:25:39.000Z,2026-09-10T17:25:42.114Z,1,,QUEST_RESTART,5,,HELIUS_D1_RAW
5TPt3axni8YSAEoTq38qPKu5G4j2FhvdpfPdamwhVYBTg2xQJNYkNa8TvbhE4RQu1hS3yjYz39ARrkr4LfkWAkXP,445948525,2026-09-10T18:09:05.000Z,2026-09-10T18:09:09.661Z,1,,,0,,HELIUS_D1_RAW
5hMya1Lwu8ZahFC8mTKGSE8CC4Vn3nK3PT4szKn6LNCWxnz72eBhM43WAiuYbtVRtQuCjhb5dwR4WEcNCfQxCTDb,445954097,2026-09-10T18:38:30.000Z,2026-09-10T18:38:33.026Z,1,,,0,,HELIUS_D1_RAW
2yZ67rfdWtppSUrJVrnBiRj8y6fZmmY1c6JLwWVh2qq3eV7kThbC9kTrYn5ukdgrnTSK9hbSjWSJh2dCUBpPXtiV,445960687,2026-09-10T19:13:12.000Z,2026-09-10T19:13:15.973Z,1,,,0,,HELIUS_D1_RAW
KRMm8ZXiDH2kBXG4mgw4yiYK9XVk7xm47jLzZ1YnU8kw3TzgDKbinsSX3cHJaoRpDoa3LzsoAjV8h4o2epkieon,445960744,2026-09-10T19:13:29.000Z,2026-09-10T19:13:33.512Z,1,,,0,,HELIUS_D1_RAW
4fkFrKVTvg9Pskz8rdn4ztxngReKThpjQ1xtazA5tkxqtD53YPBwT8HNf1k4p3ewN7bj1mUwcEpYSisHaqz63MGF,445960823,2026-09-10T19:13:55.000Z,2026-09-10T19:13:58.964Z,1,,,0,,HELIUS_D1_RAW
4kuSxm8TafNkD9VdHHmRkoZPweAn5svw11x5RckjRoiQe24mJm1hMNd9iqN7uh9kwEsN248qY1EWLSt12nc3PPD7,445963650,2026-09-10T19:28:45.000Z,2026-09-10T19:28:47.536Z,1,,,0,,HELIUS_D1_RAW
4fGaXWifG4csMLsCn8szFgZR2ZeiWB3Urye3XJCAqqsk3iP2u4xZHYYzsdA5Xnzi8TZUvqkZ1AqMVMeA5iKBp8Gk,445963736,2026-09-10T19:29:14.000Z,2026-09-10T19:29:18.954Z,1,CeHtqVxPwLApSRn4zLEjnaU7RrUj6u7jNXXNDTD5pr22:TRANSFER,UNSTAKE,0,,HELIUS_D1_RAW
49FgeMiWfAfUcC4sKFZhApAzghSdVPp3m6SVHKJWAPu4Pz3Z6NDDKVYSLHLbjBcaCLuGesPYovJTYs8yPDpTr1wb,445963795,2026-09-10T19:29:32.000Z,2026-09-10T19:29:35.297Z,1,AT3JoTveEM15C67WtpvuPjwsbP6brYFQb7CSuaL5oVGE:TRANSFER,UNSTAKE,0,,HELIUS_D1_RAW
5oVFheiwwxV3mkDjqgbDa66tPXA5CsiEpRTMC3ypHyB6EHuSv7eyFiXcYjCiHTS8kXRYf4Y1UHdJewxwFtm95vF8,445963875,2026-09-10T19:29:58.000Z,2026-09-10T19:30:00.452Z,1,CfAQGo6tN4FU431wYZsHpBkc5xuWjgaPBXZbZ4rqacQc:TRANSFER,UNSTAKE,0,,HELIUS_D1_RAW
2Cp2xkWKtgS1FkY1m8Abo4BR2amTxFmivxrjuvjTcwPsd86f8g8jHx6pTpVvaRUhfW9KgZWHb1aDveKYcxsaqK7K,445965835,2026-09-10T19:40:16.000Z,2026-09-10T19:40:19.394Z,1,,,0,,HELIUS_D1_RAW
5YBexm4vsa79mDefHGM1fAJ8sQY4WoBfhdtF5N1qsyMUffTBHVvoBnRPG6ccYJv6DVBqDNkgfanbsKYhdgXEBmXi,445967312,2026-09-10T19:48:01.000Z,2026-09-10T19:48:05.868Z,1,,,0,,HELIUS_D1_RAW
VVJHFCcLchtsMUeKaUR3i93VgkJKdW6C2qMek6p6UxQyRVV5t4de57nnZhykc8UerFTnbkZEVeMBvKmYP3tUHcz,445967384,2026-09-10T19:48:24.000Z,2026-09-10T19:48:26.630Z,1,,,0,,HELIUS_D1_RAW
EsM9DdsVHZY92vaWpoYmzZjgEDWzhv7v6C3SmWKPPWAe7QzuZUHwavSXeniBAnS4765qWPJHp4hwwteAC53BxSv,445995668,2026-09-10T22:17:34.000Z,2026-09-10T22:17:37.642Z,1,,,0,,HELIUS_D1_RAW
AowMjj29WkX1Rej9YYKFSdF5T2JHcJk98c8M3BmTE1eW2t7jKA9eMdGyNdGjermYhs1qYcqfg6dg1YWk45CxMrP,445995824,2026-09-10T22:18:24.000Z,2026-09-10T22:18:27.476Z,1,,,0,,HELIUS_D1_RAW
3HT4JcMBQt6RioAUGp1rVF34TaTpMhSErQ6jPhvi1PwN9LBMMo4guQgfcXjXSLRbYHBiPXh3RmNTGVJzMfWaTV6v,446008488,2026-09-10T23:25:06.000Z,2026-09-10T23:25:09.476Z,1,,,0,,HELIUS_D1_RAW
5mXeXk9KPuujcNRVnbuBqNHjH2KSU1Pt71yk4MwNf717MMfK6oPg7yh341icGsiVbqHUEKv3hvNk2zstfi7dNXw5,446036428,2026-09-11T01:52:20.000Z,2026-09-11T01:52:23.394Z,1,,,0,,HELIUS_D1_RAW
2vAcsaMrp5szumo3Em8sc61jxXQiU1kVm9KqMNTpTzEyAEVoWfMufUHrGgojMdZoCKhuyi9PdkAK1TW6rKThCnrh,446036449,2026-09-11T01:52:26.000Z,2026-09-11T01:52:28.976Z,1,,,0,,HELIUS_D1_RAW
4xpYJq1iBPTQuLb2UAc2pP4tStWUGfo4ARxRRvjGgaDo1oqNPLamRBgSyVhmTZi7UskcZQVAtqf7e1FtzM7CnQSg,446036481,2026-09-11T01:52:36.000Z,2026-09-11T01:52:39.714Z,1,,,0,,HELIUS_D1_RAW
26oZ1Tr9ujgpdxUCSuy2ohuJk2p1L7UrV4CsooEMdf12MqZCoGdWiPyBowLRm8FD73RpbEYsPqqTrGvamaSPGiy4,446036509,2026-09-11T01:52:45.000Z,2026-09-11T01:52:48.383Z,1,,,0,,HELIUS_D1_RAW
7NAxfzxe5xiN1ZeDPGHSUYp5DLCXL5LVxPf3x5AsZJoCB6EgKSAsL6w524rkzKvCbB54QJqo1JoFWRaBhQwM8F3,446036533,2026-09-11T01:52:52.000Z,2026-09-11T01:52:54.662Z,1,,,0,,HELIUS_D1_RAW
2RQrbUg6YRPwXeqkLuX8YnfWsHLep7GPwXzUhhGoExDLgsuvS2ZhJLdjUviQjMMndW8mubvsAVuGcaX7xRJx9xoD,446036556,2026-09-11T01:53:00.000Z,2026-09-11T01:53:02.207Z,1,,,0,,HELIUS_D1_RAW
4yv2kLjb1p54VJi4UocntEaUSDxrtVqW1DBgLqjUeTTHURCY1Jjv25wMxRb9ntZ2QYou3CWi4NubyoYMiG19NeHe,446036579,2026-09-11T01:53:07.000Z,2026-09-11T01:53:09.626Z,1,,,0,,HELIUS_D1_RAW
3k8V9uZYv7NqZ3HHzzXn5ihy5J7RhYkaskEXEkptyMwK8uL3PwyNHE4P9ioP62vpv87q125rDqXEAmWEj72g6mGP,446036600,2026-09-11T01:53:14.000Z,2026-09-11T01:53:18.298Z,1,,,0,,HELIUS_D1_RAW
CgA2KTwkdTpBCUf946cTwRzmyHQTZWXif2P2Hm2N4PRybGYvEjXyTKkihwtCi3fttGpTF8PffkoebdC32yRDUGs,446036622,2026-09-11T01:53:21.000Z,2026-09-11T01:53:23.230Z,1,,,0,,HELIUS_D1_RAW
4XSeQiNSSTmrHcHw1V6C2HaEi9EnHrd35xHE8yFiex63ektc9hJS7St4SejtYTwqWbGMj8GfrB8Rdd1HLG6jZiQ7,446036736,2026-09-11T01:53:58.000Z,2026-09-11T01:54:00.754Z,1,,,0,,HELIUS_D1_RAW
pWVY6ZFGZk4Xth4T5AShi5y6eo2Zo49gFeY5dXyp9JBw7x3zRudgV7jm9jXRNbSyc1FBzvxM5JrW4JjJ2W6w12h,446036756,2026-09-11T01:54:04.000Z,2026-09-11T01:54:07.035Z,1,,,0,,HELIUS_D1_RAW
47Lnr4dxJvy7M2zWESSnYKVfygewrxjGmz9gWFuNwbA1vG899y6Kmss9QHx8vxHk28h9XArB6d44kC6gPay5gp4j,446036790,2026-09-11T01:54:15.000Z,2026-09-11T01:54:17.350Z,1,,,0,,HELIUS_D1_RAW
5nEVVyRL4G5yEm5rkfcr8dFa8ja2quP71hR7AzUAtJAYM9WfqrbGwbpKcJG744fQKkdGrBJrqtaqJREnVEREYTLf,446036810,2026-09-11T01:54:21.000Z,2026-09-11T01:54:23.178Z,1,,,0,,HELIUS_D1_RAW
67CoJ76hR4wqV7tDwgZTWYj59b93FhYJg6xxavvtxtB8tiHAkK1184ZacdRGLDRq8bZgaqQkRZ5VZhJg1DuscS7H,446036829,2026-09-11T01:54:27.000Z,2026-09-11T01:54:29.495Z,1,,,0,,HELIUS_D1_RAW
5fFGWUzAUPGSeotbXKZaZZRsDnnxcQN1KQaeo6WTMgPgJxpAeuCyquS91A3dx1hf6G1hS8puqVmzs9rqMHpYGXhY,446036866,2026-09-11T01:54:39.000Z,2026-09-11T01:54:41.004Z,1,,,0,,HELIUS_D1_RAW
4nizduEWM9K2dWEeY9kf5Nq2GEzxaDZs9vu89fxMWGgZfbbruAU7yzw3UpmMwtGTosawcNrxRs5gdpaJ65Z4rWt7,446036891,2026-09-11T01:54:46.000Z,2026-09-11T01:54:48.684Z,1,,,0,,HELIUS_D1_RAW
5yPW4318JE7fwmbSwE5AG3wATTzV8D37k2zifAWUMZ5LCCKVFMF99d4URwargEcgfLYQjRw8bSDQz6QmbPPiAXjP,446036908,2026-09-11T01:54:52.000Z,2026-09-11T01:54:54.128Z,1,,,0,,HELIUS_D1_RAW
4V6aM3TAYz75G92ffXFXFxe9kEyiFzjoS8eebtEZ4KSoQbQZXGRbaaFVCK9BsKF7fM8NssEbKRQ1yCLJQsbQah3W,446036950,2026-09-11T01:55:05.000Z,2026-09-11T01:55:07.966Z,1,,,0,,HELIUS_D1_RAW
1tvSYGYR7DDDLdeGcrkyVrXPC8EWpnQyggdATRM1YXe9CDAuN4bSbUdV2jHqN4bpYxSxXSCcBy9KVESVVN9wUvn,446036984,2026-09-11T01:55:16.000Z,2026-09-11T01:55:19.252Z,1,,,0,,HELIUS_D1_RAW
5JBjrvpRk7MNUVBHajJpQAQgTBKSg7sDSqEyWW1YWwP91GevfubfHiiYptYG6r2X4jS7VPBnRTe2Txhcq5F1bosn,446037011,2026-09-11T01:55:24.000Z,2026-09-11T01:55:27.238Z,1,,,0,,HELIUS_D1_RAW
3KGrDbLkoNHBavjCW1r2J9qnoH8GRUwbLmBdqqRSp1vzDkqBUsiFL4NXvFjbsAFDoHYHUGDzW23G2ToAmqJpoia9,446073366,2026-09-11T05:07:12.000Z,2026-09-11T05:07:14.855Z,1,,,0,,HELIUS_D1_RAW
2VhTmX4FKYv7mjStCQ9YEqStZTVtsc1WWZkCo1KuPQijpmx3Gy9tLQZYzqvLY8u3kySKML6ptuNn3F48JHDcftD8,446075964,2026-09-11T05:20:53.000Z,2026-09-11T05:20:55.378Z,1,,,0,,HELIUS_D1_RAW
2jupDm7EHyYJVj1uJJEmj5bGtrcRverjRgfJx5oZyTgzMtSHNznH6WEa37N8wyub7N761FBZVa3VNB4qSm7XTHRo,446075964,2026-09-11T05:20:53.000Z,2026-09-11T05:20:55.387Z,1,,,0,,HELIUS_D1_RAW
3Qo1yfoqSjTU1pR7tcktScsa9XUjRwATt4e7sJDx4zkuMkwyQeBSgA6pcq1d67fNydAyMhSUJVs9k2hpmTQqgb2D,446075964,2026-09-11T05:20:53.000Z,2026-09-11T05:20:55.432Z,1,,,0,,HELIUS_D1_RAW
3gpymjAdaXYFyohTDYeKLWGjJSmgVVKfQgou3fxhhnvWgnEL3ZJc7TagS4n9auKJL3CpHXh1AMNu7Rm3iUvTvazm,446075964,2026-09-11T05:20:53.000Z,2026-09-11T05:20:55.384Z,1,,,0,,HELIUS_D1_RAW
55eQo1GrbMkM84rZQVSs8r1DhB9mZcymtkCEoskWhm3p3Fk83rdHio3nv3WECUqSd8qSvXVtuaRuAWRVQQAXXnFV,446075964,2026-09-11T05:20:53.000Z,2026-09-11T05:20:55.377Z,1,,,0,,HELIUS_D1_RAW
AsavJmAC5S5Vpeq9Ygm3efzUnZDp5QPugrCrVvc8w7qDYPjUwNkYP3LKy1LneHPuSH7zJvyg2KUPjB2P6DtLUL1,446075964,2026-09-11T05:20:53.000Z,2026-09-11T05:20:55.388Z,1,,,0,,HELIUS_D1_RAW
y7JrEh6LqCuupYQaSYzWtDQv43K8FPkXAAa9eUKnZyRs7rDYMzUpThQ3DzdW73Er9iikA5KhrzSrfwhAazwgfNV,446075964,2026-09-11T05:20:53.000Z,2026-09-11T05:20:55.379Z,1,,,0,,HELIUS_D1_RAW
RrjyMX2najUuT6NB5f2nPVnmJEVg5fKDTH8wSds7cccojAUUVhoUqva4M7XZMXYCYBj73LgJHspa6GwjbXMZqyP,446122751,2026-09-11T09:27:09.000Z,2026-09-11T09:27:11.329Z,1,,,0,,HELIUS_D1_RAW
4joALMq6QrvkDxEdhjJPVSfLXAGcycsk4JWDicNzZBqt3nUR9WVWGtJN6DStYHWTexCDZwAzMG8zPsFWEdMkCuQR,446152030,2026-09-11T12:01:32.000Z,2026-09-11T12:01:37.176Z,1,,,0,,HELIUS_D1_RAW
5izKtFTFWodP5eBxxjMf21L1kSjoCB7A6CY79uBMLgrH6dzsNPnjKrKk8WYeYu8Mbkv76kfVuttRN4vSQVk493kk,446153110,2026-09-11T12:07:12.000Z,2026-09-11T12:07:16.589Z,1,,,0,,HELIUS_D1_RAW
2YLXib3co58V4Fpg31cyJ5ec84K17QTxqHGzyfu1BB1S1ZBUuPt3urgGsXRByvojWQskt2VfGJ1m2iNzT1rusgSj,446153851,2026-09-11T12:11:09.000Z,2026-09-11T12:11:12.790Z,1,,,0,,HELIUS_D1_RAW
47EvwJGEtzg1AQoFwKhcxT3ocnfNepr2Gecd5WiDYvKY9odKkAwWvzSrW8V87dYQN5fGjh7cn46DQSVZRG9M9vQS,446159044,2026-09-11T12:38:38.000Z,2026-09-11T12:38:43.976Z,1,,QUEST_RESTART,81,,HELIUS_D1_RAW
4mZByR3nKju8sM19v9NEQMz6tjfncbNtVA4BJgYz6zPCcRVAg3VbxFmGtc8mT5ngV7XhkAJtPNSWQGMa4VXvF9U4,446159111,2026-09-11T12:39:00.000Z,2026-09-11T12:39:04.838Z,1,,QUEST_RESTART,81,,HELIUS_D1_RAW
59gTXgSTfKVcRMtbA7xybS2wmEjqHP4y8ziD2fKorjeHzAnU537zCtHCM8yUEfNsXdqibapMJS68y5au9Tq4v9Nn,446174700,2026-09-11T14:01:41.000Z,2026-09-11T14:01:46.236Z,1,,,0,,HELIUS_D1_RAW
2LDzsSm77gkccBDzi57uDD6EbPfRLPdMoNPUjEXPHY9tyem89LME54xarFo4VPPdroLTjrhmszP3YtNwYSzJ9yse,446174703,2026-09-11T14:01:42.000Z,2026-09-11T14:01:47.182Z,1,,,0,,HELIUS_D1_RAW
3HLeQt8ArThV6LEQNkivbMr3jvP62LVG24G46gdZcHUzrceDmZQL8WLxEMDxM2THxoroknwuqVsHkXXw7HoN92M5,446174705,2026-09-11T14:01:42.000Z,2026-09-11T14:01:48.428Z,1,,,0,,HELIUS_D1_RAW
4QAbEgpYc2Qh1FfocVnkM3PZeKUx7WbHqyhmCB98i3kJxakCD13ZeWTQrXVgtNJLcrExKazb9fAHz4TLL6Czd3ky,446175865,2026-09-11T14:07:53.000Z,2026-09-11T14:07:56.409Z,1,,,0,,HELIUS_D1_RAW
3nht9eBzMY52ufBMehAfCXQnQKJrjoghUfXqzeMsFar5PQ3dvW2KJp81P6ApGRVSqvLnoG9EXbZQHbNzeScPh7ks,446189217,2026-09-11T15:18:37.000Z,2026-09-11T15:18:41.296Z,1,,,0,,HELIUS_D1_RAW
5PyKEFRPiPQv88w28LGBCRteLQpQ8GYzZYovWnTUMrQh6EAhiFHdSDmjLfP3Ebs6ZrBRMzYo5pVneqp1R1Cyqk61,446197707,2026-09-11T16:03:31.000Z,2026-09-11T16:03:34.191Z,1,,,0,,HELIUS_D1_RAW
3sNWqLVtMKaNJLvBuqrcALciqcrKGWgWtMZnWJypTPZi7GgHwMUZTDgVvRht6EVFnyvgFwHYUSwTjfZt7pwDa4hX,446219384,2026-09-11T17:58:27.000Z,2026-09-11T17:58:31.419Z,1,,,0,,HELIUS_D1_RAW
3W3S7KQszH2zd5yWDBS8GVC47muazif1WKosFtcBKxGTDk4A33iW963yq8RHmHqbAM9NeLoAxG9vuZAUUsk4Naza,446240249,2026-09-11T19:48:48.000Z,2026-09-11T19:48:51.506Z,1,,,0,,HELIUS_D1_RAW
3Qrmii487d9Bt6xa3sZCKjkJfPgx5sayZCpSoZVxEyYYEhcHvH1kgkP5c8qXF4VntyRPLft2SGAYeuJ4fsGFogow,446244162,2026-09-11T20:09:32.000Z,2026-09-11T20:09:37.389Z,1,,,0,,HELIUS_D1_RAW
2tz4StFQM21FVJFpKGgtt1wrzB8ywJpYZGhnSfrus4wNP6e9JYytngB6vMqXj6HVLx7BAb3VrqTh3QYVgUToLM4y,446244473,2026-09-11T20:11:10.000Z,2026-09-11T20:11:19.161Z,1,,,0,,HELIUS_D1_RAW
vgPDEDiiFisGwtEQag7RasbVzGeeMQ8UxJGQ2eXF8PiTEoH1EerBMo9pGphvd4gFFAe1wgfuCtBEPYrsHTALQqZ,446253591,2026-09-11T20:59:23.000Z,2026-09-11T20:59:28.306Z,1,,,0,,HELIUS_D1_RAW
64yKSEJGG9r8Ugdfe91dSvchTkxhTujreYPJZSxZSbuGDGo7UyhvFv36WP71V1Ec9mdA2gtx7YgWuUvkt2PZArKn,446254762,2026-09-11T21:05:32.000Z,2026-09-11T21:05:35.643Z,1,,QUEST_RESTART,61,,HELIUS_D1_RAW
52aVBzH6FEaNt1Cgsror8cW9vYws9qd6FRkFw5aizK9n85x6R468gwrZUZb8bCcjRZ1mMQ46NvYP861jqsK7Zsg3,446257698,2026-09-11T21:21:06.000Z,2026-09-11T21:21:12.920Z,1,,,0,,HELIUS_D1_RAW
2g4pcn4GAgewwmWhcKK9xRxr2eKLXYCnBY1LZA23AQzbhoE2Ae8kXkmuQiPvsHtxmve3LLFDYmhUvZ1ZmGqqeYvU,446263101,2026-09-11T21:49:39.000Z,2026-09-11T21:49:44.962Z,1,,,0,,HELIUS_D1_RAW
3MHhezMkbcRVwa9vneUtgnzZHHsYPQHscW3Kp9Gp5GpKYibvkRvBYYj5gZERBuQyMQPsbBV5ZigQPAahZM6K15rS,446263106,2026-09-11T21:49:41.000Z,2026-09-11T21:49:44.307Z,1,,,0,,HELIUS_D1_RAW
2f1UUpFQj2roJfKxSDP9hAtmDJKmwjPeSJj7PvEqg15Daunxv396iP44LGPKdwRngNzbzm5rPMWBQQgTWvonMRn4,446263149,2026-09-11T21:49:55.000Z,2026-09-11T21:50:02.260Z,1,,,0,,HELIUS_D1_RAW
4sYJ95ggsgW3kFEg2Q3niZd5yGZBH3cD1sJJ6wFqJgzEFfZ2iN2mEHbb3chVqkvhhgqv4BnxHDU4JcRG2djsxk7d,446263155,2026-09-11T21:49:57.000Z,2026-09-11T21:50:03.916Z,1,,,0,,HELIUS_D1_RAW
3YrssoPimtefGX3VRnHs8q1BGs5Xvn9hvyj1EMMtE7KEjnXR8BXVaNC9dSBYgg4jJ9xckVvHzfZX5vL6Y2X16jfz,446264466,2026-09-11T21:56:51.000Z,2026-09-11T21:56:56.026Z,1,,,0,,HELIUS_D1_RAW
5XD2DZgqJCxa92XPTQcB3raFv5aEubf2KaVFSTmaXtUzB1weFjjXYvcJSFiZqp9tdhzkpzcU5q4wWynvEtzEzSuY,446264551,2026-09-11T21:57:18.000Z,2026-09-11T21:57:22.841Z,1,,,0,,HELIUS_D1_RAW
39FKAisGz15z8EBRsbLzP5YcVuWoJ99CJYWy7jgjcrexhtdZU2M4eKzfroqST7V3S9nBvy1pWHsDYxQDvCj2Ly3k,446264692,2026-09-11T21:58:03.000Z,2026-09-11T21:58:07.356Z,0,,,0,,HELIUS_D1_RAW
3EfSas21zhGNC7B4r5b3vKG9xGBeTutFMyJgdxJFoWX5HFNSjkb6piBKXSgbBxCpxUEmqEGqbCvizaeLPApXnRrB,446264692,2026-09-11T21:58:03.000Z,2026-09-11T21:58:07.348Z,0,,,0,,HELIUS_D1_RAW
3ZtDLMJW3jidSKevYcBkEYVGx3fqC5n3KA4a7hAs3QLgKj8Qu8BdAmMB1euJLsaN4j5mXAfTZ1udCQxztWKVEL3g,446264692,2026-09-11T21:58:03.000Z,2026-09-11T21:58:07.360Z,0,,,0,,HELIUS_D1_RAW
4NVcCPpKLpd8bgV9wtQeHNXKmnA1xzQNytFg4oDw8re8iPYWkYL7kS4kQNYzVFFH9T8B4pS37UEcUQ6XeKjvmcp3,446264692,2026-09-11T21:58:03.000Z,2026-09-11T21:58:07.343Z,0,,,0,,HELIUS_D1_RAW
4S2jvgcZQXiXzWt3Rh9i5uCGLzk9gHRGC8Pw7KZwnzSQQhoPUnrncrK9gLS9Z4wtJ6PLjoCodLjL5iRBH6Bcbo3Q,446264692,2026-09-11T21:58:03.000Z,2026-09-11T21:58:07.363Z,1,,,0,,HELIUS_D1_RAW
4Z8pNwm8kV8dHYvYW8B6cbF5zCHaJQxuFaorJa4DpEjYFrAB82yNWbJ3XeJ1koYKDZcdbdA5vpZ3hz16vrtDoS5B,446264692,2026-09-11T21:58:03.000Z,2026-09-11T21:58:07.363Z,0,,,0,,HELIUS_D1_RAW
4arUpNUhZcuRXxmXc7cgTpJtEFpSCUZi5kRtPkXHaobZ334dKjg3DGgXqQLQoz4XY41NqhLREbR1NmEx8r8vGUiq,446264692,2026-09-11T21:58:03.000Z,2026-09-11T21:58:07.361Z,0,,,0,,HELIUS_D1_RAW
5hQ8UKXAoz6xHqqodetsLzMJe5ZD83RbEzyh8KmYwsNnvkNCLZ2V8rRB1NhkigipnhgavbgCjsasHETeDeC3prLw,446264692,2026-09-11T21:58:03.000Z,2026-09-11T21:58:07.334Z,0,,,0,,HELIUS_D1_RAW
d99t6HQM14gwhYGjJA5jtdfwsT8yxKSvL5Jhyh6aMtNcjMngdQNPSeBJNxXnARdvmCam3MMtGR6EomZK5s5JpdU,446264692,2026-09-11T21:58:03.000Z,2026-09-11T21:58:07.350Z,0,,,0,,HELIUS_D1_RAW
5qqWkS8kBN7vFS6JrkKU3SoqE5DzpqckuUM8wtuo5o5MY3AZorPrcyUJPf9N9crfKsFxVkb3j5nEjpYn2BMhcauf,446264694,2026-09-11T21:58:04.000Z,2026-09-11T21:58:08.680Z,0,,,0,,HELIUS_D1_RAW
3gy13cgfHygG3yRKhsnKrVbZZ9ZQoDdrXrqzJ5FvpRfbKhHZsUVgg7XdT5wyjK2C5ACJFmgkuLqEaKbU8jGWfneu,446264700,2026-09-11T21:58:06.000Z,2026-09-11T21:58:11.518Z,0,,,0,,HELIUS_D1_RAW
47wzKRAr8u8esGqhDEksY76R9Y8BqBD9DMsBAK9RLVSioFWnGgGySCDc6aTv2AGhrHUKqgccUFrE4kPpQf5dxtsh,446264712,2026-09-11T21:58:10.000Z,2026-09-11T21:58:15.942Z,1,,,0,,HELIUS_D1_RAW
2TeXefM2kHrLipKchHJDH5PfeRt4uEHr57pXPfntxHyKBj2UXqtPToqnNVNmtxgEc22XpqYkqXpX1nenhpW7gQBx,446264986,2026-09-11T21:59:39.000Z,2026-09-11T21:59:42.804Z,1,,,0,,HELIUS_D1_RAW
24hVgvCcB33AJrbGHy3Ha35kRZ6eMeNSkCK3zpF2NSBLC7tymByxiZgvdAW9HCgmwJ8GxJSX1E5SEAsEQNEKRRgJ,446265180,2026-09-11T22:00:40.000Z,2026-09-11T22:00:51.546Z,1,,,0,,HELIUS_D1_RAW
63C3kxgKHXGANWSzZrbCUbA39v14eCUvJdq7QRw9b7imEFo9jK2vCxvG5ctZn86UAsSTbomChFCCTpLU2oztKiMb,446265182,2026-09-11T22:00:41.000Z,2026-09-11T22:00:47.893Z,1,,,0,,HELIUS_D1_RAW
3k5F6FHLB9sNLsnbGiRn2TJqbWW8z7d8NvbtcuKpJ8mEYFwyTvPmT2yy7tEew1ki5oLe8Jnq9MZMU2NzPw2DKFZS,446265874,2026-09-11T22:04:21.000Z,2026-09-11T22:04:28.157Z,1,,,0,,HELIUS_D1_RAW
4xLFMLRibcs4jtfaC2JTnSAT3vxoA9Cv26m5YJ2gKAJVkf9dr6CaggfioCwDGjaGRfn15vV1X63TBwFY8NFtLFG1,446266565,2026-09-11T22:07:59.000Z,2026-09-11T22:08:03.517Z,1,,,0,,HELIUS_D1_RAW
UQ4fh3Qk2yvCvousb4ZUes2JYUhCoePX6G8krPbQWtRnfGxd3cXgQbhnNKSiVtDws7QRUDpvn8qxFZfXqhipax6,446267729,2026-09-11T22:14:09.000Z,2026-09-11T22:14:12.861Z,1,,,0,,HELIUS_D1_RAW
5LRvXUmqjqtNYRVjNMTwiKxiQncXnMW29NN7jUe83A8igvQhS6YVXQ658jXU8vprotdzkkraAfNhUHMtsQ3v8iuH,446268588,2026-09-11T22:18:41.000Z,2026-09-11T22:18:45.222Z,1,,,0,,HELIUS_D1_RAW
yJZ4v8B5WVbw7LeEdVCs1xgd4f2CtZqc8cyquuVNVkf9usaNKU19nmxGAx5t6BgGneqJsKCge7aucVKNWf7MiFU,446269214,2026-09-11T22:21:58.000Z,2026-09-11T22:22:02.104Z,1,,,0,,HELIUS_D1_RAW
jgPWYpD5gvAmGgE4W2hwotBUDmK6cDG3M27vVipxWx1meMvbr5s1D76dkPruxmTK3jJCoDCFVMCcsPNmXrKMKEp,446272850,2026-09-11T22:41:05.000Z,2026-09-11T22:41:07.964Z,1,,,0,,HELIUS_D1_RAW
5fJ3VZrMu3KWx1TSQ4tMRNPz7oMWmuT19SziVoJmY78Wxy39S8rFEW1zgX254Xuk4bDz3SuZ1hQBGNYWzfLSHmuU,446273060,2026-09-11T22:42:11.000Z,2026-09-11T22:42:15.387Z,1,,,0,,HELIUS_D1_RAW
29BgC75nd8htdyyPNrQYCZkW7Ydr9mtHcNHtS1t3MMxgPvpKCjEYwNKhnVjL8Ah3Tgr39DVsE5Dn8Yvb8HvgFS6W,446296191,2026-09-12T00:44:21.000Z,2026-09-12T00:44:23.440Z,1,,,0,,HELIUS_D1_RAW
