mint,rarity_level,rarity_order,rarity_source
1225TE3mJP3QwbJQez86V4KQ4pmvvvYbrku5SpP2Hi4f,Silver,2,HELIUS_METADATA_BASELINE
122k5fGMjmt4EU1ZYeQcMxM2RssrouoBiQXrFaabweK6,Bronze,1,HELIUS_METADATA_BASELINE
123PRH9KeaSs8shwU8MtPosAXmT9J1S7fYoB349Y4cf3,Bronze,1,HELIUS_METADATA_BASELINE
128oQRxmHsL2EA7yhgJhbK5paMtpq9UuwbkmU2mcgExb,Gold,3,HELIUS_METADATA_BASELINE
12CRTbjKtEo1tqdZ7AjNtM2mcsV1JJzM5hWjqUszmbfJ,Gold,3,HELIUS_METADATA_BASELINE
12EbHu1b5yNzoxwriqDQd1Us11CBjbAqt4bj4AnMbyPm,Silver,2,HELIUS_METADATA_BASELINE
12Gd2GJNHwvMs2GeEp9ueMyypzSKhphe3DPtyGmBppgr,Silver,2,HELIUS_METADATA_BASELINE
12L6genwdjygXCcm4xEgCP7dmqU1i9XNSsvzqorSqHSp,Gold,3,HELIUS_METADATA_BASELINE
12MKvFCkC1FND8KFERJikEFYhRueJ4Qus4KhSkC2aWvx,Gold,3,HELIUS_METADATA_BASELINE
12MxJcQwCGBNt9MwzUHdDiF4TEjb6uPFCFBRCFPHyG1d,Silver,2,HELIUS_METADATA_BASELINE
12Qi8pXrxb3BkJ2VSZEjM6Z2mj65PVLjkCLAVBdu6vzX,Gold,3,HELIUS_METADATA_BASELINE
12RQKXcQ4VRSwfxDHuNxbQP3DTTzZLCES4v7aW89DpGN,Silver,2,HELIUS_METADATA_BASELINE
12RTL7WB6A3AviZSo8W9ssjEUmDbmjFQK34a8XTbwPtk,Silver,2,HELIUS_METADATA_BASELINE
12XbV2KkWsQgoK7pXS6Lq3RNtCScC9NJ7m8PM7qmxaYJ,Bronze,1,HELIUS_METADATA_BASELINE
12XnJwZvsE6VZp8HJ6noDMD3amWjTcoKiotdN7hQtz3a,Silver,2,HELIUS_METADATA_BASELINE
12cvwBZNUcZfkyivFvUsfzmWC99c25LfCNMXLDHUJoVi,Silver,2,HELIUS_METADATA_BASELINE
12fbNsyXSwzGenwmeLonuD8FWzff2atnuBetFfNJboh,Bronze,1,HELIUS_METADATA_BASELINE
12kH8Uj2fLLDRkgV1hXYRBVptcV8AvkSPZvogDBTvsH4,Bronze,1,HELIUS_METADATA_BASELINE
12venr73imcCvgVq6uaQ8QyysB18chzH5kpMvLU8bXrW,Silver,2,HELIUS_METADATA_BASELINE
12yKSZaAyD45UWe41UveM5fyzuJTnxabei6a4b4AvyCm,Bronze,1,HELIUS_METADATA_BASELINE
137ZrkZHnF7Qgq1tAajxH5Y2maCyihRgHGGMPCfY8B5V,Bronze,1,HELIUS_METADATA_BASELINE
13HjBTksyW87kGAHNNuc2gEmjm5Hn812bPCbpDDG7ACF,Bronze,1,HELIUS_METADATA_BASELINE
13NzjePP2Jdfx2oHHYXKxPthNSqcMYWX8N22mpPgXgvm,Bronze,1,HELIUS_METADATA_BASELINE
13UvhDyJJeL41o91sMsQNWHoARNQWM7DBXkQBFdkmgd7,Bronze,1,HELIUS_METADATA_BASELINE
13VCfhMYm16NkmAgyVd8ydWTi7emcCBjLMt7D5tNzfHy,Gold,3,HELIUS_METADATA_BASELINE
13Xdnkx9y344akK1NWbG1GNdJ3TJvdmbRf9q8PXfYwCZ,Gold,3,HELIUS_METADATA_BASELINE
13hTo15AubktshNgDbngWeeA8Xu4YNGENRWhGNa356KA,Arcane,4,HELIUS_METADATA_BASELINE
13isW12rGU6prv5v9P8bfb572Lbjrds2st5xRB1QPHDR,Arcane,4,HELIUS_METADATA_BASELINE
13tBV8VYCZZXqFAPeFFzx3bhoZhiL1q4GuJu3GN63iaG,Silver,2,HELIUS_METADATA_BASELINE
13wpNepFuePCZU6XA9EbKrb7zDJN7Gb47BXmmfgDcMD5,Bronze,1,HELIUS_METADATA_BASELINE
142uUFEaxbPJuS3TtDMUchFQ9cvqbgj1KPaeQq43WvrF,Silver,2,HELIUS_METADATA_BASELINE
1439tvypoPeqvKN92LjcP4QM81BQKdTEQRzz4XF3gT8W,Silver,2,HELIUS_METADATA_BASELINE
149EyqbSXMVjuHdogmK3j8hBekWzV6GgqbYCsuh8574D,Silver,2,HELIUS_METADATA_BASELINE
14D9KqpSJA9jg67FQVwAGfymTJXfFrQDpysHqEGasNVB,Bronze,1,HELIUS_METADATA_BASELINE
14KLKw2KSUCHPGuCNgebpqP9FkzhKrXB5BDsWK4UyjWj,Gold,3,HELIUS_METADATA_BASELINE
14UGt2RGtD8vbBkfuVJaur7oFwkppKjFbCAjKjFVHMMD,Bronze,1,HELIUS_METADATA_BASELINE
14Ui1NQHrAcsmK8Di1PzXtpiXfnDxAzEiRtKojXmb6r,Bronze,1,HELIUS_METADATA_BASELINE
14XUh7btpVcJNYC8RotuZuxMWDsbFdLXQKuN8sbzJPgA,Bronze,1,HELIUS_METADATA_BASELINE
14ajvW67P6cfAk6anxsapibkMUAh3MUHPTG7myGyujgv,Silver,2,HELIUS_METADATA_BASELINE
14gg43pwZJNDagYMStKKKudYb7LFeGRh85KwERm7sTcw,Bronze,1,HELIUS_METADATA_BASELINE
14jRiDw3C6hBWwzhK9pCh3KjafEg2isFD1DtwZq8SRR1,Bronze,1,HELIUS_METADATA_BASELINE
14nsicgWiuDejo9xkB2bGHwsusoV32ECSAT2MDrrdXLW,Silver,2,HELIUS_METADATA_BASELINE
14pPq1jNLiUugoW1spfRXvJEFhdKNcQBAurpFTsx9HTi,Elven,5,HELIUS_METADATA_BASELINE
14pn4pVrC4nEjjErX1REEySHRpAbVoniVawix4cEdCbz,Gold,3,HELIUS_METADATA_BASELINE
1H5ErFCzxaTU5e8z5awj6trqDXdUKndJy96q9pzjuQj,Silver,2,HELIUS_METADATA_BASELINE
1QGg6HpR2P441FdCCP48JCu2d8xNXoMSCMgiou7PekA,Silver,2,HELIUS_METADATA_BASELINE
1WVc9JCwgGbD8rgTuWxTzHFNZWro5zbv46vorfhVzm8,Bronze,1,HELIUS_METADATA_BASELINE
1YVumpfQyVWWUHLhsokiWdN7tgFYA4mneSPBrNeXUvi,Arcane,4,HELIUS_METADATA_BASELINE
1eVbAcCJtJGCYcdvD1ah4Xx9sgpLuyTxxZYkurkHxE6,Gold,3,HELIUS_METADATA_BASELINE
1qi49F5HniF8wMumPtZAq33Pg3BwRKo3KEaSKm9Nvgm,Bronze,1,HELIUS_METADATA_BASELINE
1rRTp8y2rpqjEVMLUp62Qyfgbjpk8hSsnY6tLEw1Xob,Bronze,1,HELIUS_METADATA_BASELINE
218bcbxsYbG7brZhFNisdoc72yBhCGMRWPyo1W3ZfRWp,Silver,2,HELIUS_METADATA_BASELINE
21AZ7THCwPm8pj6HsxmHVDeRdFZMT7FiUWU6mW4nFVW6,Silver,2,HELIUS_METADATA_BASELINE
21Futovfsvy6JWBMvwEyo5WSYqEdSY6NVLt3BwEN3vVh,Bronze,1,HELIUS_METADATA_BASELINE
21Gb9nNoqDTuNKcrQRppNYAcKbAeLUMTL1WXYGw3UhgA,Arcane,4,HELIUS_METADATA_BASELINE
21J2m2SCMKcFenMjCb1eTKcH9aLeP7V2Yppq2pqz2gVf,Silver,2,HELIUS_METADATA_BASELINE
21X6BTknFoufVSEDFQNEcuzzoQ79Q1XB1P4PfmDgAZDM,Silver,2,HELIUS_METADATA_BASELINE
21XvDbsp5Jekk9R5TF2on9JJvf97HfEBpnJv1TSrQKkR,Silver,2,HELIUS_METADATA_BASELINE
21bQTgj4RZN7VLuiCzE6okQAZ46kWfdyL6jH73HuNiBd,Bronze,1,HELIUS_METADATA_BASELINE
21rxq5WLE35YpRs1Umz4kKpeA2zvesz1Yge32zcb57qw,Silver,2,HELIUS_METADATA_BASELINE
21tCRsWfvNXtjVyiG9z5EQopHREU4uDYmKSzeioHKQgi,Silver,2,HELIUS_METADATA_BASELINE
21zAiHG2QTVxJjDbWJHxDEKBCQERHnpphv5ZqbDVS1nC,Arcane,4,HELIUS_METADATA_BASELINE
2217ZDLy29p5Twotd7vwDRdvXzfeNVSvncqACwoVQu9J,Arcane,4,HELIUS_METADATA_BASELINE
22AKep4RoUYoBCB9DRcWraS6DpXsM2z9W6qccWnooRWt,Bronze,1,HELIUS_METADATA_BASELINE
22aUo4ZRDd6Eog3sfw1rParXoUAReaPrbNongKFpEot5,Bronze,1,HELIUS_METADATA_BASELINE
22b4Dyqtgvh92V1Vji5kQHJPRbqKHvVwnH4vK5Q3d3Bc,Bronze,1,HELIUS_METADATA_BASELINE
22juwRRp2SXqKmxG5x71xzi4DT1XB8bZZueMzfYsQs1D,Silver,2,HELIUS_METADATA_BASELINE
22trXrGCxK4xv4n6pFJuoTE7a2CjLHuVmTmo3JDq5Niw,Bronze,1,HELIUS_METADATA_BASELINE
2323SKfRxhgmztT9uA1ATq9RAJA4P9tXe8SabTRtz6GQ,Silver,2,HELIUS_METADATA_BASELINE
238BUv4jpqafs4Hw2VgPHobqeZXGYqmcUEJyD6czhcp4,Bronze,1,HELIUS_METADATA_BASELINE
23Jg4k8Wi4BFKyZzfuLq3tvmGk59hv2Qm5NGbdCCa1cA,Gold,3,HELIUS_METADATA_BASELINE
23MTRWTVz8vYD68F5AEyq5wdm97zCVAXVQL4DMyvd1vw,Bronze,1,HELIUS_METADATA_BASELINE
23Me3k47fPcFggraKTUrFiK2RagPMFhjt84zm1YWUHfm,Bronze,1,HELIUS_METADATA_BASELINE
23NJwaXTzuRSz4UmxmRA3bCcTtbkp9rJaMEePXjizjhB,Silver,2,HELIUS_METADATA_BASELINE
23PzFQbUJPAR4hUfkuMA1PWg8AaPo4KResHDZvoL3YF8,Silver,2,HELIUS_METADATA_BASELINE
23XQEAQGmwUo3YKDtCtwi3cRVca5TyJfhiCRg2NMdKH2,Elven,5,HELIUS_METADATA_BASELINE
23aY95rAA3FuxbP9vRGTAxyk8Uuh48ptVG4vNh7zWc5d,Arcane,4,HELIUS_METADATA_BASELINE
23dyha2CsC4FBCfKbThXirHEEjDm2HVcCKQxTGazrSgC,Gold,3,HELIUS_METADATA_BASELINE
23faEMC94DB8yTA1K7ybaRgv8NALdMoENW7hz8HTiikU,Silver,2,HELIUS_METADATA_BASELINE
23fwntDvAAtHGiaHuq4adYFwGyEKQpySS1h31GtmZ9WQ,Silver,2,HELIUS_METADATA_BASELINE
23h7S21VHH64qStY1wqJq3G3WUpo3eCkLpoGSRZNtGPk,Silver,2,HELIUS_METADATA_BASELINE
23oWrrPJLveTvPK1n3Za9oWXSsM8A8WNNiRQNLRkwWr4,Arcane,4,HELIUS_METADATA_BASELINE
23qYycVQ9TdCvuys6p94EuNSqs37L4RUSQ68ExJnw8Xa,Bronze,1,HELIUS_METADATA_BASELINE
246NP4Qi1xmkf79LcxEsYaPC727ZWo1hGHjbeSbf19zN,Gold,3,HELIUS_METADATA_BASELINE
24AjGEhdtYJP9SKEhK99WGjE71ePJE9gs1PHvXo5BLk7,Gold,3,HELIUS_METADATA_BASELINE
24CNutjJGu9eurCeQTRD7BuhFHYsFXtXaAEtWuwset7q,Silver,2,HELIUS_METADATA_BASELINE
24Go4kbQTT7DhHgd1auBdVD6vv6gRiCJ1HL9trnfyj8w,Bronze,1,HELIUS_METADATA_BASELINE
24Jb75iDTyFZXaenBB7FoYrWYusfJ4N5Q2kkddXa4VZ3,Silver,2,HELIUS_METADATA_BASELINE
24ZQjUfNoR6CvoaGch3ep93j5nEdeZWdPQdTmhC2E6Tk,Silver,2,HELIUS_METADATA_BASELINE
24dn1ECcr4FxA6TaeDspRPGyQaoQZLuJWyUH23sYYorg,Gold,3,HELIUS_METADATA_BASELINE
24kdaenFRRKBA6AF5zAoEjHvtAqP3NjVe2GrZAj5MkAZ,Bronze,1,HELIUS_METADATA_BASELINE
24moYte6GvGaFFCZ2XvVAhpmhoA6KSfCgvyJRdyzkhcw,Silver,2,HELIUS_METADATA_BASELINE
24nN8XRr6qBXESHu7TKJxM4D4euA1NY7oBCjYZrNiHxe,Bronze,1,HELIUS_METADATA_BASELINE
24pr6p8NDwcZdnYfqhbHgAnBPvoQKsX97UsqD3cer9Ny,Silver,2,HELIUS_METADATA_BASELINE
24rsf84TaNZewHGpVTY9fBSuGhLtJKTeC1LhAF9Hk9M8,Bronze,1,HELIUS_METADATA_BASELINE
24wEQchDehHRKdQZ4ZRd3bedcwDssQRFuEhHBLuk12wJ,Silver,2,HELIUS_METADATA_BASELINE
24xdu5hrH3f5cJZBLi72LD2oBB8Jh7XvH4xPFQHMaLJZ,Arcane,4,HELIUS_METADATA_BASELINE
251qiwfFgjwmNHM4jcypSdwhA4yHCR7JybsykSnQynLt,Gold,3,HELIUS_METADATA_BASELINE
256iyShFSpqjwhLALMdk4txmRsDvoMeRGQ19JT384nYn,Bronze,1,HELIUS_METADATA_BASELINE
258vdEzDpUzFML9sSPX7T9jB4XmwqQ82YeNL4QEgJ1k5,Silver,2,HELIUS_METADATA_BASELINE
25DFjn7z87R9RMEH9NHjoVDr5xmRUY4bRncNJp81tGBb,Bronze,1,HELIUS_METADATA_BASELINE
25E5eHLax43sASQj5eSNVZK2xR36H8E61BNWBuxmrGVw,Bronze,1,HELIUS_METADATA_BASELINE
25HxLmV8LNCuaBao4KYopiyiABbGT2UJhUcBje5W9DRH,Silver,2,HELIUS_METADATA_BASELINE
25LKRiwzD4Jm3HtD8apZueEfuWNMpBNKPNG6aemRDrtX,Bronze,1,HELIUS_METADATA_BASELINE
25g5MTDKJzUpQpgrpKPYoWo9aYRAoaLZXcC6ncNqXbrj,Bronze,1,HELIUS_METADATA_BASELINE
25hLm6yHdtpqVVY14wGfGgUsmnanXxggn7doFcKqJx8w,Bronze,1,HELIUS_METADATA_BASELINE
25i4SufSYwrCEPSV55X6aHvrGuTVskfcrwu3s2vohSvu,Bronze,1,HELIUS_METADATA_BASELINE
25wshZLGWzVSbkx47X3F2wEeRXdafzueEirwL7nhJXyq,Gold,3,HELIUS_METADATA_BASELINE
25ysch1i8ZUYPSS5CKbXdD6KdVB4RYQdkywErVabL68e,Bronze,1,HELIUS_METADATA_BASELINE
25zQ7tpAoebVz8gcQK7xEhzHz4yhQ7RKfCrzLwgyypEm,Gold,3,HELIUS_METADATA_BASELINE
265yrnu9F8frr6giM21B93xid8aMUbVLugzP7uyZB5DH,Gold,3,HELIUS_METADATA_BASELINE
26Cxfj7DJERYuYK9hA8nxgYNQno4wk7QZgi4awhd1iAq,Bronze,1,HELIUS_METADATA_BASELINE
26EaQ2tdWCcrBFgLHhL8Gn2wS1ZcgLR32YdC3KbA2h9U,Bronze,1,HELIUS_METADATA_BASELINE
26JX8ave9XvEMmLX19zr1PR5DtQdFn7YgJhdUDd4i43B,Arcane,4,HELIUS_METADATA_BASELINE
26P7VQDLmTfouZRbAKXaoZ6qwmcYW5spvKYZjDeKnBJb,Bronze,1,HELIUS_METADATA_BASELINE
26ZrpUoZax171W1X6iSy4ywwv9kyKP38jJKnQDHj4UFV,Silver,2,HELIUS_METADATA_BASELINE
26dKyBEJ11ZqeD13Ve8dE6T95ssghYeTHxndXnN3kBYb,Arcane,4,HELIUS_METADATA_BASELINE
26eqR5R4WRuh43p9bv1dtjm8JEHMLfW77saGsoPRLNHX,Gold,3,HELIUS_METADATA_BASELINE
26yBn4BXcmfjPXSMMwUyBqhmzS1jPGx4KJBADVThkY3U,Arcane,4,HELIUS_METADATA_BASELINE
26zn8X3NR2rzxaGxNRgcJpB4FZAtZ29BMNwP1nzhDcbx,Silver,2,HELIUS_METADATA_BASELINE
271n2Rv2bgjNZkjwWbMMU2C64rVbZ3hNBd5LbpejNBiF,Silver,2,HELIUS_METADATA_BASELINE
273cUusEnTTrjB4iFXUHfQz2BKNTtgUqT8yFJq4Mn2BF,Silver,2,HELIUS_METADATA_BASELINE
274cfkHXHN5qSWmHNGMLB5mzjLDkKhi59s1iAsjEQgZv,Silver,2,HELIUS_METADATA_BASELINE
275Y3pKe3kKVpE3jokKpqaMBBEsJ6iQoykQ2xrLYq37H,Bronze,1,HELIUS_METADATA_BASELINE
278Kn7p4M5veor76tRCvoQwhMy4psTBzNPhDEzYmRLQR,Silver,2,HELIUS_METADATA_BASELINE
278TxMuMF1XVoJCZxJzYNxBjX3rMUxeFZGM1Ka9ZdKeW,Bronze,1,HELIUS_METADATA_BASELINE
27FMuh479VNWVnhCma5VaiD596S4Vs5aaqaXj9ix5ycc,Bronze,1,HELIUS_METADATA_BASELINE
27HcBHmL4oozbP5FCHwMDeDw1MFVRYLQ6qpH55PzCt2n,Gold,3,HELIUS_METADATA_BASELINE
27K74qgDvd2tTJt9kVzyA4879w6s72DVAS9uugsEsZj2,Bronze,1,HELIUS_METADATA_BASELINE
27XRo8iDGnvHjez3QooC94na44EVd2mbjee8zVKwwc3Y,Silver,2,HELIUS_METADATA_BASELINE
27covnF9yBWiLNBLFkDqLXjJkTzoJLuvVzCVUKf2BrRi,Arcane,4,HELIUS_METADATA_BASELINE
27pt35tDaFr5MHi7rWaMM7AWG4HtRjTD3tAb31s8q7E7,Gold,3,HELIUS_METADATA_BASELINE
27qHujQf66ospxkLYYyYPNpjSMkjxxcnNrDYx1ZdZSCU,Bronze,1,HELIUS_METADATA_BASELINE
27qwM2y2d6nwknCUyhjKr5wwTSoQ7GJS5vxH1EDFnD4S,Gold,3,HELIUS_METADATA_BASELINE
27tsUsQkcTZu1WAB5uXEJ8mtRNQvBsJ4862bDwiuKWNi,Bronze,1,HELIUS_METADATA_BASELINE
288eP8eQTXAgGxPbdTZpMD9yifPukYdtcQ17aKehravg,Bronze,1,HELIUS_METADATA_BASELINE
28G5Q5MatSsCuDrC1uB6XaESM2V493tbAxEipQdP8RQZ,Silver,2,HELIUS_METADATA_BASELINE
28KxtapBuWXrsJdFKP8Hz5Nydw5jJjp4Lkm8BDmzTJdk,Silver,2,HELIUS_METADATA_BASELINE
28MqyTp8ZvXkQhMJDtCQWRUaAJ5Sdxqs12rNfVTaRUoX,Silver,2,HELIUS_METADATA_BASELINE
28NAWvoYjnhRiJ3yix1tXRkddcDWzCvvP4WVhBP2wQuQ,Bronze,1,HELIUS_METADATA_BASELINE
28TQ7Frqp2hdXCW778Zx9gcdUHeRKQNpBwcmZCWYk8Md,Silver,2,HELIUS_METADATA_BASELINE
28Z1WLooQP8g9hif3t1qQ6quHbnf2rYinsQhfGHEy2Xp,Silver,2,HELIUS_METADATA_BASELINE
28a32j8DL1urDX82a8J2Y1iAhnT14pRU4Bhe6xB7RLtJ,Gold,3,HELIUS_METADATA_BASELINE
28m9vPJzgGv8ttjkSitjApJDD8MQefrHEnEQ6pv5LTSk,Bronze,1,HELIUS_METADATA_BASELINE
28qf735JhNyJqu7DHV9WzRh1X6zLLuNQvTnk96jMcMUy,Bronze,1,HELIUS_METADATA_BASELINE
292m8vXKm5sWDEKfsdgNZprnt5MUvdoka3ne1qL5wv3C,Arcane,4,HELIUS_METADATA_BASELINE
294PpgRgawWbZze4YHVbrdUVe2UNveWDLgJi1QkS972F,Bronze,1,HELIUS_METADATA_BASELINE
29BKfuHSQ1hWsroS9MU7xnVQxEvsCkTifL7B912kzLW6,Arcane,4,HELIUS_METADATA_BASELINE
29NHoNJzBfLBZ3dCV6KFEiMHjf4ey8QRAmGDcwQXvaec,Bronze,1,HELIUS_METADATA_BASELINE
29UhqzP23r4cGvo5F5g8G4WxtWkJNnL6BRTFiPvZH9oW,Elven,5,HELIUS_METADATA_BASELINE
29aCaVmnyx27XoWTpd37BWu3zJT1kBoepfhTF6obwj6U,Silver,2,HELIUS_METADATA_BASELINE
29aPRddww3aiqzV1isWQQPo6yrXWxWHDkGbNGTj5ofYV,Silver,2,HELIUS_METADATA_BASELINE
29fqnDn93eXzJzraKeDFUF8PkudvP9w36arABDg2im3Q,Gold,3,HELIUS_METADATA_BASELINE
29oXyLWuRxpmsMzYen74v76mvYifGTay6mPcLkAr8rmE,Bronze,1,HELIUS_METADATA_BASELINE
29wT6ZE7h45cC2E5yHiwGJ9Km2S4TCctn5tGLsLWu7bh,Arcane,4,HELIUS_METADATA_BASELINE
29ztEkdUVZ9K4VLhanBXiUs8wHRGQdyX38fcjrG3J2EG,Elven,5,HELIUS_METADATA_BASELINE
2A2FXxtiGV5FviVeMmJHEYDBMEM9RsiaGWToQ5zqdDSL,Bronze,1,HELIUS_METADATA_BASELINE
2A2LcEkoCYUn4YmCeqvXPJjWhiEbWEDi5hmTQjrWq2cZ,Silver,2,HELIUS_METADATA_BASELINE
2AMcwAiBnE85Kp4CiivhJ6L7HgHEyosERQmUABnpRy3c,Bronze,1,HELIUS_METADATA_BASELINE
2AQQgDXjGQd3JKeEUqe8oJmCQiFLn6zsuXpgAD32Uqbf,Gold,3,HELIUS_METADATA_BASELINE
2AUqtYG94BhXKg6uHaSvRtoJQsTDfLFR8L2SCaYRDriX,Bronze,1,HELIUS_METADATA_BASELINE
2AYF9cAEAB3FouQACyRXd8Akca2HBmT3SPseF6LXv2dG,Bronze,1,HELIUS_METADATA_BASELINE
2AkuZxyv16Rb6KW4HMtmCsGywBhDfhWtUKJqSnzaS1rq,Silver,2,HELIUS_METADATA_BASELINE
2AtbssFtAD1FPuzNySqoWtKL5kcnH2ZBZywL38F7f4FM,Silver,2,HELIUS_METADATA_BASELINE
2Ax5kY81nshmsY3BH8EcCPViANjBMxMM4RDLVVFoHoqt,Silver,2,HELIUS_METADATA_BASELINE
2B2BM65qFJpavbaFhWvR9x4syjpbhp2fJPibDLd8QTJa,Silver,2,HELIUS_METADATA_BASELINE
2B75tZ3GWUz4AMenAwgpjio2GQzzynaUyALi9joDr9XT,Bronze,1,HELIUS_METADATA_BASELINE
2BACC6pTdJjQkeWVThj4NMQ3A3DY2QX3ukA8cEnAqd3X,Bronze,1,HELIUS_METADATA_BASELINE
2BEX82dKJy45t7zxw8YjzjptoASnUuut9Nn8RyJHH1R5,Bronze,1,HELIUS_METADATA_BASELINE
2BMf1QZwoF2CVbvcvaRQQrpznpGiBmBxTpiDyfsds7iJ,Bronze,1,HELIUS_METADATA_BASELINE
2BPHCgkN275wfc254j43HGoizvkJjHTdYxMTk9PfyDRg,Bronze,1,HELIUS_METADATA_BASELINE
2BXU6AZiK5Qw294XteM7orJd2zJLv4t549an5aTg1HSz,Bronze,1,HELIUS_METADATA_BASELINE
2BbT5ftWPkbgrNt6hLWWe5wGr1KuB7AmJeqafWM37AW1,Bronze,1,HELIUS_METADATA_BASELINE
2Bc2CRoTGYKYqCnUBBEJ9Ub2tcifUDNVUsNxJYaXpZ29,Silver,2,HELIUS_METADATA_BASELINE
2BqiwZnjpoLKRH2NWA9LoQDScaLNuB6PtHA5jozEAe7d,Bronze,1,HELIUS_METADATA_BASELINE
2C2juxTgHhtgqNafAQyDCLex8KFnBNufvSatj6VpsLiq,Arcane,4,HELIUS_METADATA_BASELINE
2C5zZaNZXLgb7xvMoBJ8wgFao6Eq9gZb8viDrpvB6B9P,Gold,3,HELIUS_METADATA_BASELINE
2CCPjrVaiJMAqjQxa5dthNaPcn2uz3uAfE9ggVESfaj6,Silver,2,HELIUS_METADATA_BASELINE
2CJKHBAYEQGepRtNhCBzwyqoRrGVuc9QzkfEsUPuNeFm,Bronze,1,HELIUS_METADATA_BASELINE
2CJi4M9z5eLC3LMxo3F5o3Yn1YD7siL6YZKBHA6Qj85i,Gold,3,HELIUS_METADATA_BASELINE
2CJpCqFcVm8KCCX6yTx2L3gZYfn5ToeZFDSqaXqVo1a1,Arcane,4,HELIUS_METADATA_BASELINE
2CWB4nnLRoxJ86gcSGRi584fHgrhs6aAK62LrYid2Jso,Arcane,4,HELIUS_METADATA_BASELINE
2CYeDvMiMGYVDi1r4NP32b8oj2ZSYEfFALVrUJspdtLt,Bronze,1,HELIUS_METADATA_BASELINE
2CjjCoJdXgmrZkzV75Jtj8ahQU8wPPY5vfKrDMyZnx2s,Silver,2,HELIUS_METADATA_BASELINE
2CvMuumfunaQmQgbxdVa5ErS7oSn66PKmcjZM4jjRE1h,Silver,2,HELIUS_METADATA_BASELINE
2D463TYrXJZawzmURmT2QsTkrd7GBDL6ACeLzHoGYMsg,Bronze,1,HELIUS_METADATA_BASELINE
2D567DZbRi8y4DKmSLAdQMGiwUR8rjuRnN5NQEKhkLQE,Gold,3,HELIUS_METADATA_BASELINE
2D63yTbqfGHWLehb3TLVpUaBM3kaQow2zFdXvrR68sqr,Bronze,1,HELIUS_METADATA_BASELINE
2D7u8q6icnYxGaLfaQbpDwaWZnSuoSZaEqAGrFJpC8oT,Bronze,1,HELIUS_METADATA_BASELINE
2D8PK4DNwy4kZ4h65yKizFQwRF3baW7D7pDKhH1Vdncx,Silver,2,HELIUS_METADATA_BASELINE
2D8Y7kJpxH4AwsrkshtXJMb72LkUFRznex9cHmxAnErd,Silver,2,HELIUS_METADATA_BASELINE
2DFtb2WWczqzBenkw8k9aJUxniKVXC9bibzSirWbX7Kj,Silver,2,HELIUS_METADATA_BASELINE
2DKKwMQ1AuMohaQgvHzfZmGgf8BKCbEnVzj2chtpiUnU,Bronze,1,HELIUS_METADATA_BASELINE
2DLkusn6mP195ZHaZFzCrGeAzjLHPZLAHiXjBzeK7oV4,Silver,2,HELIUS_METADATA_BASELINE
2DW2zmYZv6uG17SZDZhBdLcgKjfQzzqS96tRLLgaZcpV,Elven,5,HELIUS_METADATA_BASELINE
2DZWmJWk6qrAgAbpfUMkryQjuDz9CvwUcDyYSFdr6oRN,Bronze,1,HELIUS_METADATA_BASELINE
2Dc9iHFUbjg7CoY79chTAwxAoStD6pzgAQUg973CJ4UJ,Gold,3,HELIUS_METADATA_BASELINE
2DsgkU57pzeFzMbk7osgfmBTotrrCEAXENZgpFNrSUpN,Gold,3,HELIUS_METADATA_BASELINE
2DxJ7J73M3N5wcd2cL7crGjCY43eLYFceXqxLBtdERUa,Arcane,4,HELIUS_METADATA_BASELINE
2E3xwSLBgNyaJcFczzbsSmKvCiVgPvigH47LugNcz4Xv,Bronze,1,HELIUS_METADATA_BASELINE
2E7SkNdygDkfzzn8hYtcGWzicBE6ztv2mHWckBZ6T3Rq,Silver,2,HELIUS_METADATA_BASELINE
2EFu22hNQYWBeFw5R6L592k4K15fd275x2GnztZ63DSM,Gold,3,HELIUS_METADATA_BASELINE
2EKadzbLWVor3YG5o8bFgoyJWhRKjRy8kfNvVaL44HuT,Gold,3,HELIUS_METADATA_BASELINE
2ELJ1YMgJjoEGTGchBAAM3PfcYmuTFAyrJEn3EZsKHyS,Bronze,1,HELIUS_METADATA_BASELINE
2EP5SdEGzehrA6eC8zqn7RhYxEVANU6CHFbmXSvYyGGv,Gold,3,HELIUS_METADATA_BASELINE
2EPNHHX53UBd793CjWZpVWxKxDZqf8uLMUxc3qfivrcP,Gold,3,HELIUS_METADATA_BASELINE
2EUXfFHQxZGjbcmzTUPwygnWjgFF9cNWZacBgXKooi16,Silver,2,HELIUS_METADATA_BASELINE
2EUxiQ9FxLU4TXyME291cj5974tsMt9xge1nouUEjgzh,Bronze,1,HELIUS_METADATA_BASELINE
2EYL6XaGT5pJnXHn1aXrTZggNqpyT6455Pa9UScv8yae,Bronze,1,HELIUS_METADATA_BASELINE
2EZgkETRhus3oU77aXuZxgQpnyWThuScACTQakP3EUzK,Gold,3,HELIUS_METADATA_BASELINE
2EhzyfTGgGt1Jm4mc184mGCgLJVaniSay4RTR7dAPRmS,Bronze,1,HELIUS_METADATA_BASELINE
2EpDLhjVVeiDTm8AfbSyjxWqUfkFypeX3wBLNVGPHjTn,Elven,5,HELIUS_METADATA_BASELINE
2EsGmTyA6YPZZJKUeChbm64itPSibwZCaerZLfiNKpg1,Gold,3,HELIUS_METADATA_BASELINE
2ExYXQPp3HYNQdLfipHSMWR2QZqMGrPbHa4sfgJJFMMT,Gold,3,HELIUS_METADATA_BASELINE
2Exe5JKLwvaYuZySVnxWG78j5A1qATPJPXWjLdJStgAT,Bronze,1,HELIUS_METADATA_BASELINE
2F9ADinsoY6WupPeazn5jhdr7vnBHt8CH9jTkxDgTqHG,Silver,2,HELIUS_METADATA_BASELINE
2FJUXGX3SRoim3Dgb99AoYCSDuigFcW2qpQjzkffZA6j,Gold,3,HELIUS_METADATA_BASELINE
2FNXMpSmRqojWGLcBSkuueGEbhAHbokSDhKARgxEF7Cq,Bronze,1,HELIUS_METADATA_BASELINE
2FXTGxkisbPs1fnpVS4Ha9LfDirtbrFRakpSgno8Leda,Gold,3,HELIUS_METADATA_BASELINE
2FbhswMqbTk4zuXPGhnaTas17fYzr8XHanK515s5Zw1F,Bronze,1,HELIUS_METADATA_BASELINE
2Ff9RTNwty2F8dpcboZwbR4dvWqykWk1zzQaVwgHme9b,Silver,2,HELIUS_METADATA_BASELINE
2FrC6e5LrrhcnENJU9WyWK7WMrzJWXGfJUaCBcsyutB8,Silver,2,HELIUS_METADATA_BASELINE
2FwdWG4vzuuYC2BEsXGLCoJ4GZj3sURo9chtG25dnQ73,Bronze,1,HELIUS_METADATA_BASELINE
2FzuKwA93zjHqSherJMH7LMMS3JdaFw1CnJoo4wJF8NX,Silver,2,HELIUS_METADATA_BASELINE
2G1FDAwZnDw3JkUos12mwpaLcadqJcMw7cfsAbevrks7,Elven,5,HELIUS_METADATA_BASELINE
2GJf5AboffZceKz4c32BGgMxAnT21oCNuE9YJZV7B9E1,Silver,2,HELIUS_METADATA_BASELINE
2GKorM76evacmtM4i4mCNcmDPnrp6cUM8t6oGk7ku6qx,Arcane,4,HELIUS_METADATA_BASELINE
2GQD7zDdq9wptBqN7uAHvWK1mfRzTnMy6KuFuxDdfPdF,Bronze,1,HELIUS_METADATA_BASELINE
2GVRAXtc3ZT4D7e5Yb8fKAuqaZPJyjwxbgpxUSfYXTpV,Silver,2,HELIUS_METADATA_BASELINE
2GVjRVasZ4n7sCbXGNLadiT8Sna63MtdoD3qsCGSqh8H,Bronze,1,HELIUS_METADATA_BASELINE
2GY5imbkWxrJoZJasmLghe2LrkGzPf69hfRbhtb3B7E8,Bronze,1,HELIUS_METADATA_BASELINE
2GYSzzVNrFmjaEwV8DSipC3XYr3gGGTA1UyySWdQgRhH,Bronze,1,HELIUS_METADATA_BASELINE
2GYuNoKKfBL2vL9dKQFQD4VhJtwUmWtn9QZEW8rchGLp,Bronze,1,HELIUS_METADATA_BASELINE
2H9F4F7V5hk12NpeMcozuY4MYsUHa8D2HRamCUYNiCXr,Elven,5,HELIUS_METADATA_BASELINE
2HAadAuik2aZU56cwypsbF6yioNhgQPdw8cN2C6TroQW,Silver,2,HELIUS_METADATA_BASELINE
2HBQtoNdngN1Hv62YNJi6dhFXm9AapaYiPBtZNYMFTL3,Silver,2,HELIUS_METADATA_BASELINE
2HLuriJRkWomzP1H5aB2JQzfht1wePEkmBAGp7tw4M4n,Bronze,1,HELIUS_METADATA_BASELINE
2HPAh8yixhhh5zojRFecWfrJSXUgZiRU2QoLA3wiKGpm,Arcane,4,HELIUS_METADATA_BASELINE
2HWGb71DnbiaM7suPKE4c9jW223GcaPhVDALXeqDw5Rs,Gold,3,HELIUS_METADATA_BASELINE
2HdDpL61KBB2KUbbpFkKbWqvbX3BAM4m6nb7EXqg8hgd,Bronze,1,HELIUS_METADATA_BASELINE
2HeU8VFyFJQQdCpwS6A8jvMfiavyiazNhn5cYhyXEDJq,Arcane,4,HELIUS_METADATA_BASELINE
2Hjzu95hji7tPxfU6wLxPChhw7XycsQhhi3zS2iKrZmP,Bronze,1,HELIUS_METADATA_BASELINE
2Hvi3SRaBdLzWWyZRvpwcWsJBnbsyif7aFaEh8TE3ywF,Bronze,1,HELIUS_METADATA_BASELINE
2HwqqETsCBbkKWKMC5Ks1BfWiuK7ocNMKyvPFk3Zqwgv,Gold,3,HELIUS_METADATA_BASELINE
2Hyf1JPXFkJyGD9769HqBmsAo1DKYdx6EMBFVJWvSeDw,Bronze,1,HELIUS_METADATA_BASELINE
2J2EHvLtao5g6vvCoZUmVkXbTyKDQZ1K9dpdKDsyfxrt,Arcane,4,HELIUS_METADATA_BASELINE
2JFrUKNxbn7Cyafv2JErkuWLrhegXifj83ryvxz9hW5s,Silver,2,HELIUS_METADATA_BASELINE
2JNW3qTJ1HYzWj8u1QVAckVw9zH5LEEECSfcdEJstV2B,Arcane,4,HELIUS_METADATA_BASELINE
2JSeuRKuyUUK9d42vV8KxrL4x6ScqkJe6Fxf9XnAZCEq,Silver,2,HELIUS_METADATA_BASELINE
2JUiWWmHKqdrFMH5r4LShjX6oD3qGyYmUbXD4HvzoCXx,Gold,3,HELIUS_METADATA_BASELINE
2JVrzHhPKavePBU5csijGJXukejqmhiHGSTXqS1ryfnf,Gold,3,HELIUS_METADATA_BASELINE
2JbMZ6sipVpGPYVZyEM4yAgXnbf2wfXzo4mhBAnUWJqn,Gold,3,HELIUS_METADATA_BASELINE
2JcwXZoXDZvAc4JkWua1rpYj1Sor34XuvNCmxyccUCfM,Elven,5,HELIUS_METADATA_BASELINE
2JdjL3Xh6DTGSa2yZ2dRnSyrYcbMXzKXuyinQ2Jqzyt7,Arcane,4,HELIUS_METADATA_BASELINE
2JkwJehbCBfSwS4YGygQKcnKZaxoJwWJ2WyBqrZE6rKW,Bronze,1,HELIUS_METADATA_BASELINE
2JoUMQ35SQZX8RUdYPzWDf7eb3yFbsLnwqw7MbJqN8BT,Silver,2,HELIUS_METADATA_BASELINE
2JrHhx1jF8FVMaxCYTGqsnK7Vb7QSgntt8dTsfeqWbEU,Arcane,4,HELIUS_METADATA_BASELINE
2K1596hrPdoBvQYziD3vxpGXy67mtvRD4Pz5LK8RBmi6,Silver,2,HELIUS_METADATA_BASELINE
2K2YvRSaenwUjBur5SucLqg1iLRB4YmLh1RJ5pz59rRu,Bronze,1,HELIUS_METADATA_BASELINE
2K4SzJX27PeN6w5UecMZ52EeJWykd2apxmfgEjib12mD,Gold,3,HELIUS_METADATA_BASELINE
2K6KyHTAdmA4cgJnUTzw3Tx5QvtDeTQTwqMLQtNkCh3f,Bronze,1,HELIUS_METADATA_BASELINE
2K7hxZVvVz8W3y4M6SPAmuomsrSo3rF3qTDGo6Ef759g,Bronze,1,HELIUS_METADATA_BASELINE
2K8QUzBs3uG75KzmEPepgqYezTW6mhzqdxUe3Yf1Vbxu,Arcane,4,HELIUS_METADATA_BASELINE
2KMZgsey3JCdWXgc8SezWLT5FUJvPSQJP2Vixpox3kFB,Silver,2,HELIUS_METADATA_BASELINE
2KRR3MGQq7RqDW2MpumhsiKCPgy4Zbx54moT16S7LpLn,Bronze,1,HELIUS_METADATA_BASELINE
2KUrcW2F2oKkx7w2hV7XerSMK8BLmNUeFbMvv4Dyuk3P,Bronze,1,HELIUS_METADATA_BASELINE
2KWHDLK3L5FfUGEwZZayDTM3FaaDe7aLbq4oGgrxc84m,Elven,5,HELIUS_METADATA_BASELINE
2KaAWYtsyYRJtp3iKBGR9rjym4LJZ45RoFMysXvHhwEh,Bronze,1,HELIUS_METADATA_BASELINE
2KgaJnuPyweUBw7vs5adU5VUtspvTN7gbKPLpN89RtVP,Silver,2,HELIUS_METADATA_BASELINE
2Kq9zsU723g9zk49bNykkkovDkuxbsmRU7U5Qe9bXhnG,Gold,3,HELIUS_METADATA_BASELINE
2KqabzuRZPvt1kxTvLY5AbqhDpeMCETQALnojCqEQEpV,Bronze,1,HELIUS_METADATA_BASELINE
2L4x5ecJp9S22fj7N46ipYp5DF5ifLZS7yWzyMeg4PuM,Silver,2,HELIUS_METADATA_BASELINE
2L9KJ8qNpUsT1QqyKNDowNJLcXr6H4kjmdEcmrgGWf1k,Silver,2,HELIUS_METADATA_BASELINE
2LEj55sn4bWccnWct2jgVSRJcvcbb6reDetdudHvK1VE,Bronze,1,HELIUS_METADATA_BASELINE
2LFLrRvggfWpJ5HVwVbaRoTbTpo9dRnKStM9jErjcUCS,Bronze,1,HELIUS_METADATA_BASELINE
2LRmmfKxqHsfwDPc7SbGVpMLMMbiocySCWVxb5wWzkZr,Bronze,1,HELIUS_METADATA_BASELINE
2LWFT4m5AeUextZAnBqxu1h9B7U8AvG79ZwHhqGMowmh,Bronze,1,HELIUS_METADATA_BASELINE
2LcvMyGXiH2dn6645DKQM3DfGNh6uU3WPct5DuPx9vB2,Gold,3,HELIUS_METADATA_BASELINE
2LmHE63Gc7ujJQPxfcw99CYB3KfToLjATzeiwF2oRsu9,Gold,3,HELIUS_METADATA_BASELINE
2LoMLtyhoyJQ47utyFha85yDuxCy3LH9FBHAfPUZTpc3,Bronze,1,HELIUS_METADATA_BASELINE
2LsY5tJfrXguaSrCSw2YdctQj7fh9PdQs3cHAi4A28CW,Silver,2,HELIUS_METADATA_BASELINE
2LzERCwRoFHjdrHNSGf7dyNAaChNmaP7CqysLGGUoM5z,Bronze,1,HELIUS_METADATA_BASELINE
2M4L6hrKpUcJX2SzEt9YK9YpfAKj62PwJoss5GpNatZr,Arcane,4,HELIUS_METADATA_BASELINE
2M7AG2N9zvY264Pk9wxJMdwPqTYcZQbRCm4S2wPCzCJX,Gold,3,HELIUS_METADATA_BASELINE
2M7c7zwPy3N2DDHs9xng1xz9hQcHEKe9fzs8b4JXTB88,Bronze,1,HELIUS_METADATA_BASELINE
2MDuLG4mTZ567YPkZ28BiD35Ym6g4LEnp9qDvJpCq8if,Arcane,4,HELIUS_METADATA_BASELINE
2MFnqVZLNhZb9V2w3hV8ffa6rbxggmYkoZe92dKxPBHq,Arcane,4,HELIUS_METADATA_BASELINE
2MHSDLtKDwq4swXk4aQ37164uuG696yq7UTJ4pK7S3NY,Arcane,4,HELIUS_METADATA_BASELINE
2MLLLnpQvVLqu9o4iQhgDLajGAinSeV7cVmvHxaXjrML,Silver,2,HELIUS_METADATA_BASELINE
2MM2wqtx6hqThUBbtsiYm5zoHfwVU8FL8imrBzRBCaoM,Arcane,4,HELIUS_METADATA_BASELINE
2MMebyGX5Y2uz8XXcUR1k6udF5ERevkmRTMJfKUfWKTd,Silver,2,HELIUS_METADATA_BASELINE
2MRo53UR537Q7zMhDBpyMd6aApXUjH8kXy1nfW1e9ZXC,Silver,2,HELIUS_METADATA_BASELINE
2MS4zyNMH9x6PxD8iqNg8vmcksjSoS6xeuDCi9TpxRrh,Bronze,1,HELIUS_METADATA_BASELINE
2MZEzQqRYTvzJDJqmWeLeajjnY1qhyiaKgmZMKccD9HE,Gold,3,HELIUS_METADATA_BASELINE
2MkMX5LavXYW5FV5TVw3ffPBW8A6mtaAVbn3JpvT5d5p,Silver,2,HELIUS_METADATA_BASELINE
2MpNfDmrQ1yC6pEU8RWXdxnygkAHDVXrc31ZTfi6uhad,Arcane,4,HELIUS_METADATA_BASELINE
2MsGC77rdtb7tGPbHQTAU6pcRiv9UWiaYVjNHbDxdRSW,Bronze,1,HELIUS_METADATA_BASELINE
2N9GrnTc2vNk8mgNCnpdy5mRASXbkZPRkJK54BuqmW75,Silver,2,HELIUS_METADATA_BASELINE
2NAovZSMtjk4zRHAxz7xYQvQMigHvdCRi8T9C38bQcCD,Bronze,1,HELIUS_METADATA_BASELINE
2ND2VVZAQzbATQSE45syhZW6t6LgNdLYEg9YtWBGa5xT,Bronze,1,HELIUS_METADATA_BASELINE
2NJsCJ5AnAU68cKwGcNN8nXAS7W1u3abp1nB8anAPi77,Arcane,4,HELIUS_METADATA_BASELINE
2NWmog1ckHBRRLjtCtkjLxhSziTS8CNAprkFdFqzFnzw,Gold,3,HELIUS_METADATA_BASELINE
2NhYdskpAZqn3my38eJUdT8ZpAcpNNz6XuN48apGw6cf,Bronze,1,HELIUS_METADATA_BASELINE
2NqpYL2HXyP4DwChWLKXWo3QhCpz3HXTC64LZo8YUNsE,Silver,2,HELIUS_METADATA_BASELINE
2Nwrhb2hQpfkrfVBnMhT5wdB6CrLyTQVv1HHbtTxUuiJ,Bronze,1,HELIUS_METADATA_BASELINE
2P37G3SBEMHJBXVY1ZfNufwrbovKoemiTEPVVCcSXJS1,Bronze,1,HELIUS_METADATA_BASELINE
2PQNvMCiTSLhSfGkpo8WnKQPQLMgQeMgAcisxo38okP8,Bronze,1,HELIUS_METADATA_BASELINE
2PRqVaEvuJ8p9QX9bL58hUmLfiNJf7ihChwQZVhfDVuF,Elven,5,HELIUS_METADATA_BASELINE
2PaHcVgaH5SHd5KcdAdA9a7w2XyxKigv4pZj99iH8aZj,Arcane,4,HELIUS_METADATA_BASELINE
2Pd3Vti3N7ZhDBK3CY6eRxv2ERPWF86ncm3y9RQAVsjM,Silver,2,HELIUS_METADATA_BASELINE
2PdWDbjxeEEKa4198cnT7XayvyiuVQSuD3h51g9U72JJ,Gold,3,HELIUS_METADATA_BASELINE
2Pr9Ekf4Z3TSe7camJrBEx3mEtrAnRJ4DBTaGRGdfAyB,Bronze,1,HELIUS_METADATA_BASELINE
2Q7faYnXrT151oNna1YqEvrnA578Cu4zVYFnUzX8UDfH,Gold,3,HELIUS_METADATA_BASELINE
2QH3f4Jb1b8kXq81HhY2uwPxxNMjUfoKeXNfE1iqkivK,Bronze,1,HELIUS_METADATA_BASELINE
2QZcnAfv7SdGmGmcAr741u2iEwLp3Srq5ZmJKvmGHvKe,Gold,3,HELIUS_METADATA_BASELINE
2QnbNzPvwoX1eQYy9rYS6sJhj1Dc3jMgHrVQYGkKzTzw,Bronze,1,HELIUS_METADATA_BASELINE
2Qo7mJUcwrrSRrazaPi2FEjy9Ccu161yusfocJTqjxfy,Silver,2,HELIUS_METADATA_BASELINE
2Qrx9UtGXi1XB6dUdoH22jZwcDqSQLVGrxJqYXcJwvHR,Bronze,1,HELIUS_METADATA_BASELINE
2R4QDg2iDYB6jRGKq7wLZgiXCu3Qxte9Md6u9jgH5hTs,Silver,2,HELIUS_METADATA_BASELINE
2R51rAmtZePEDbP5mAxJkM82NEfWELW7v9WotBHPjoiV,Gold,3,HELIUS_METADATA_BASELINE
2R7Ft7zz3gvH56aE5doh4xFZ9bn9LEYhkgjcArceZjN5,Gold,3,HELIUS_METADATA_BASELINE
2R8UnRsGtKW5tJm5n2U4hKnrs1EDufVLm6VcGHut1XA9,Gold,3,HELIUS_METADATA_BASELINE
2RJ9RtW1vmvLNcRkSTbZ6udBrQEvKk1F6kUD8owgfZ3b,Gold,3,HELIUS_METADATA_BASELINE
2RJNnfY2czwT2EeBKHJ3aeNu1jaZPFLspSgeRxofkoXu,Silver,2,HELIUS_METADATA_BASELINE
2RLDny3T8pPaRRGa4KtbF2dWxEc5Y15nSB34H9dV9c7u,Bronze,1,HELIUS_METADATA_BASELINE
2RPEf3mbVQGreqTmRr3hXV6Xb4kRR9dFjS5BSesCYNbb,Bronze,1,HELIUS_METADATA_BASELINE
2RRkaj1zxMSMYEdEYQqMNGXdMfzJXUWYHrEMVq3zterz,Bronze,1,HELIUS_METADATA_BASELINE
2RZ295Y1H3zcfg5ocKu4aNSAvYJjJoBZz7ycQKx8gebu,Silver,2,HELIUS_METADATA_BASELINE
2RarqNnuyPfsjnEPxBVma8ouZu6K27vFRrHSyUMrTws3,Bronze,1,HELIUS_METADATA_BASELINE
2Rkd7uhSAuquVEsqcrmXwmvHSt15T9vLHpQ11D7vnpRg,Silver,2,HELIUS_METADATA_BASELINE
2RrhakJMGRRawNPVdkYtGXtPH8R6zahzYUFeEYj2oC4d,Bronze,1,HELIUS_METADATA_BASELINE
2RzpstjWNVKQ8NJ7C3Ayx8soWRH49x4ZV6aNULqt8rde,Elven,5,HELIUS_METADATA_BASELINE
2S3CNGZKkhupoVX1CUxeqUYNGkrZF3YDWpTtZJZC3WHJ,Bronze,1,HELIUS_METADATA_BASELINE
2SDoYsbxyb9BrUFZcgirSs8HYcQqeG2k37qLiApoP6bN,Gold,3,HELIUS_METADATA_BASELINE
2SMmGQFyqKqbomcXCb7ap3byqBGxMDhHuCeCuHyvZUzU,Gold,3,HELIUS_METADATA_BASELINE
2SPXGUegjy14W1z9EZBqkeLCuHL7A5UJcWJ818KcQiHX,Silver,2,HELIUS_METADATA_BASELINE
2SU1TVfBMtvcyFAntdkYx3SNmKf2AhRxC43Tc95oBAf5,Gold,3,HELIUS_METADATA_BASELINE
2SisrQRbi797RfGzMxUt77WDjStcJMZUpdYDqA5bLAA2,Bronze,1,HELIUS_METADATA_BASELINE
2SkJPQT7sunzogzFoHALoufmVikDToEh2Ka7KZNTwSXN,Silver,2,HELIUS_METADATA_BASELINE
2SpGxfPpSTuTy7GZBHHDYU7NhhpnugeiXDri4W8VKpAA,Silver,2,HELIUS_METADATA_BASELINE
2SvqCd3kuoi572Ep8anvooeDjM4Phnaw9P5m4x2C7p3f,Gold,3,HELIUS_METADATA_BASELINE
2T2HjWnWhnPspz8mwfuTPQSjdKb6wZ12zN8WoSvRR18E,Gold,3,HELIUS_METADATA_BASELINE
2T3VTzt82bLwy7xkmX9oJ5B4uookaSbZ8swuU3PMf3zD,Silver,2,HELIUS_METADATA_BASELINE
2TDWu2Q63ehkpaVxWBnHhfiQMtLN8YMgKAFUCtU4ENbA,Silver,2,HELIUS_METADATA_BASELINE
2TFpLBQe4vk9a37HKcNy5yKBMMhMRTAwoDwCcCo5CnaH,Bronze,1,HELIUS_METADATA_BASELINE
2TKbkda63yxBoE4eDw4GKQyU5yZWdT2HkxX4aee9f3UJ,Silver,2,HELIUS_METADATA_BASELINE
2TRGPP32rzPktccEHZmDFXnjHaiJq8VKWJHhEMh5gnfP,Bronze,1,HELIUS_METADATA_BASELINE
2TXYuKKiyGp3QB6p9Vyc8GKM8EYXKJXFXdepbHWf7ufa,Gold,3,HELIUS_METADATA_BASELINE
2TaawSZgiVtpN4zTzh1vXvCmhX6WATcDLERHAipwhJCe,Elven,5,HELIUS_METADATA_BASELINE
2Tai4qLwSnC7bkV8w4qKV6CpzmzU8E7WmTDMwKqjuh4E,Bronze,1,HELIUS_METADATA_BASELINE
2TfHbdGWioxAfKnBsSu5Katnq8KGkfFzHoVy8waJ9j9W,Arcane,4,HELIUS_METADATA_BASELINE
2TpBrU4stG53qA2VdgoJsfYhhj6JSbfPJzuhYQkrinrg,Silver,2,HELIUS_METADATA_BASELINE
2TrhE8ZQDcXVCPTxRg4gT8U5odkNtPby3YC5BCvVwNPp,Silver,2,HELIUS_METADATA_BASELINE
2TzCUGr18xBK8WU9wPFpd3RY5wZjEeMMoXfqjzo3sThP,Gold,3,HELIUS_METADATA_BASELINE
2U3MPkwUjxkqYJbpGeP8b1bUNsABGBKE5Qq5cjgFpEZ9,Bronze,1,HELIUS_METADATA_BASELINE
2U5YMgmdcafvvSBXUzrjZwZKErt7SsxGQr5MACk4jAQH,Bronze,1,HELIUS_METADATA_BASELINE
2U8PXSVF4GMjuiU2jeCCjcHumcJs1RK5Gzg93k6JnU38,Bronze,1,HELIUS_METADATA_BASELINE
2U9QmohWNfcmAhFMKysCBCafmwwDXnJBLRKEuRK6vnZd,Elven,5,HELIUS_METADATA_BASELINE
2UBStVaZhVqxK5VWjXAwh3aGUKpn3iHgfYjdfyRDP2d9,Bronze,1,HELIUS_METADATA_BASELINE
2UDGKWBfzGeAfReEfLnjJYmsCCqnVLrs94p73xmCv1X9,Gold,3,HELIUS_METADATA_BASELINE
2UGavag5wfA3w7MZPgSguwzRVuREGMLWVPU5fPnD7rdP,Silver,2,HELIUS_METADATA_BASELINE
2USpcbEQGg4vhfVJ6ipGYPun2kjfDWnpnsYKvFRxnvGw,Silver,2,HELIUS_METADATA_BASELINE
2UVjiGFCMU96FZvZ8j9iMbXqKHV767EJvmcedh7fcddx,Silver,2,HELIUS_METADATA_BASELINE
2UgNdUZQQvnY2yNnbFedCj7WZYgdyCqmrEdX6GPnJUaH,Silver,2,HELIUS_METADATA_BASELINE
2UiKG7s7V966gc4r1qMNbT8Za2idg2HjLFvoW4dxopQM,Silver,2,HELIUS_METADATA_BASELINE
2Uqc7VbomztJNFwyML2hro96uAJhyNBFctAATaZF8tTo,Bronze,1,HELIUS_METADATA_BASELINE
2UuDvURwHSzyykLLRZ8v2g14wKaFzr7pWeonfHR1Jn9f,Bronze,1,HELIUS_METADATA_BASELINE
2UyQJiqxR6iGG8HyPjNYAHUaQBnsoS4W1JC49C5TG7PY,Silver,2,HELIUS_METADATA_BASELINE
2V32zP4jnFrfsTnbx2xYy8UsDiUvjGxSy4dDiCtCznUF,Bronze,1,HELIUS_METADATA_BASELINE
2V51z3PX4NSRGtRE6MTGsc5wfCneCViF2XiGwnf9WNmt,Bronze,1,HELIUS_METADATA_BASELINE
2V5UcwP5NFGUiofjQseLq7uv27Abr5BAPKRo7wvzB3W1,Arcane,4,HELIUS_METADATA_BASELINE
2VKc16uGc4eDH5a2rrpjP9YAUrb37BHAajwNU9NGr7Tm,Bronze,1,HELIUS_METADATA_BASELINE
2VYM9teL32oUFQLYP4S4DX4qcKFkQDXDi1P48RQiTdfh,Silver,2,HELIUS_METADATA_BASELINE
2VdxWbj9H8hrp2Y2dJcpdJvSngoiPGHAMqvxhyXWnmVR,Bronze,1,HELIUS_METADATA_BASELINE
2VegbWsCm43iugHX9YZ3jtW5wLRFQdfSqyutMnHvUW2S,Silver,2,HELIUS_METADATA_BASELINE
2VfwsmkbnxmCVco1g3RpPn49Z5ZiR1ZGef4mKNpXKN1E,Bronze,1,HELIUS_METADATA_BASELINE
2ViJBBSLsk8ReLhEz7MgNFogGSq85qmyNCBAViUVu8Ly,Bronze,1,HELIUS_METADATA_BASELINE
2Vu6on9rLid9Zc9sTC94zywVsBn17c4xskKvu7AThuta,Bronze,1,HELIUS_METADATA_BASELINE
2VuMxHoUgkSMTNDuSMGyCwhGCMZJHegJvkdJLcxFEzEa,Gold,3,HELIUS_METADATA_BASELINE
2Vv5wp1Xj9XpcBs1jwB9xguaUvc4TFBwi51Gv1NmsTBk,Arcane,4,HELIUS_METADATA_BASELINE
2W3ZLEAJZSNHvscZmQNn2kyGmPUNLg9fdsSgsYEKokhQ,Silver,2,HELIUS_METADATA_BASELINE
2W5X1zYHMXm9YkzM45Wc1tfbbLgXtHHEYkM5AJzWfaVT,Silver,2,HELIUS_METADATA_BASELINE
2WATc2HoBaYS4AxM8iMurMTtktQP8UdeJ8ozLsY2pK2b,Silver,2,HELIUS_METADATA_BASELINE
2WJFA7vAJJ2WQySk99UvtEaCjssPSQNYE83rUq5pe6a3,Bronze,1,HELIUS_METADATA_BASELINE
2WJgrBjZCsR1geamhyUzdJHV6MX9mkUxd5uSfKwW3Hy5,Silver,2,HELIUS_METADATA_BASELINE
2WLyD2xpVSgtkLhjM6m1d3myG3wGbfmXzu94eELBUshM,Gold,3,HELIUS_METADATA_BASELINE
2WM7NyqaQJg77TMPKgixB1CjP3Wz8B26dwGwJcHgpBYW,Arcane,4,HELIUS_METADATA_BASELINE
2WW6SenKUVtpMcc3tLApTMDWt3aHCXovPrgaLzRouWWZ,Gold,3,HELIUS_METADATA_BASELINE
2WXZhUxfm7V4ZRcufxE3owswFegTRA9DmV3EeR9GdKPW,Elven,5,HELIUS_METADATA_BASELINE
2Wd55u3PZGRqaNy6PvczEjUXkw4bnTm9gZaLTmPk6abm,Bronze,1,HELIUS_METADATA_BASELINE
2WiPdMF9cYcPn5P8VaFhoFHHiicvuJHX7JxddU2A2jCw,Silver,2,HELIUS_METADATA_BASELINE
2WmKxMw7beVVivBNYCj36RAjbVFTA1KB4LVyUfWbFWBj,Bronze,1,HELIUS_METADATA_BASELINE
2Wt1rCFoApmNNuF3TNHo1m6dA2cpXFUrv3L7vuFcWt6o,Silver,2,HELIUS_METADATA_BASELINE
2WufyNuGYSPwcVNyshyKkc8QXW8DmH52EUtvPLci3KSg,Gold,3,HELIUS_METADATA_BASELINE
2WzXQrwiSenYRhwAjSA2J5pCGm4mHbZ4GyyNUPUQdfpq,Bronze,1,HELIUS_METADATA_BASELINE
2X85Aw7VCTr92Va4hDteLHQu5wpYYdHczYEaohPwxpvs,Bronze,1,HELIUS_METADATA_BASELINE
2XA82CGRJ7WjCHoRHrsZC9jKX7mQQjxvAeTi88Ap6nrU,Gold,3,HELIUS_METADATA_BASELINE
2XJFbGY5ipVgcYmzb7eHDZ8hHJJHN7HNRncricvPBDV7,Gold,3,HELIUS_METADATA_BASELINE
2XNR76KFA21dihwc3qEqi9GDJUzKAcx9dsMoXn4qtr3U,Bronze,1,HELIUS_METADATA_BASELINE
2XWMGsW4B7LUaJt1i2dmHQDzzHwnKVg1N6pB7pVFGtFv,Elven,5,HELIUS_METADATA_BASELINE
2XjhxZiwJmNZbsE9ZfZkrpWYxQkYB1yrb8R7SCzyiRGr,Gold,3,HELIUS_METADATA_BASELINE
2XwSBsw3ToWx1t3dxdCp1PGiJhtEA54H9yWFw7v3zLDq,Bronze,1,HELIUS_METADATA_BASELINE
2XxN2Vg2ZUyof4Q4rzNeE6Guq98CcsyULG88p1E8bkFf,Bronze,1,HELIUS_METADATA_BASELINE
2Y8voEKdzbhBR34fe1cA8p6uCk7HjkRBtvWhoKbikVrT,Bronze,1,HELIUS_METADATA_BASELINE
2YFJUpaMPMvrgDuWvEYmN24VhDtfUZS7ekrmVFoXkEy7,Bronze,1,HELIUS_METADATA_BASELINE
2YFxMwLaV2twVBkyZWh6XqKA2FtVfm3bAyTzQFG45o71,Arcane,4,HELIUS_METADATA_BASELINE
2YTdyFLBYFggX2MCki8q4UufP4Zx4EY6usyhUseC6xqv,Bronze,1,HELIUS_METADATA_BASELINE
2YYMVU2bKJy2iiNne7d7JDwb4ZruGbM4GTPaPzLTS72s,Gold,3,HELIUS_METADATA_BASELINE
2YitQjwnoMGSuhFz7xfTHux4XdKEN7tjuVTsELDvxZ8j,Arcane,4,HELIUS_METADATA_BASELINE
2YmegDtyNVytc5eevFsZu6CMRpSfPyAzPECJ5SmXvibb,Bronze,1,HELIUS_METADATA_BASELINE
2YtpfonrV9BeiZtPb4DteJUrsvTFL2j356FQN63Zz2yu,Arcane,4,HELIUS_METADATA_BASELINE
2YwtPXDbHowNCR4C27LfGCuijMBjctpxNRE3pLGqqFCv,Silver,2,HELIUS_METADATA_BASELINE
2Yy6cib3g9KW6V9kVU6HjuHeGpyU5HAqrDeipaXXzXdr,Silver,2,HELIUS_METADATA_BASELINE
2YyZPLSouYofiZ7DYRG8Gg9LoNugijNayh6V9yaBHb9d,Bronze,1,HELIUS_METADATA_BASELINE
2Z88qJozYa43QuVg4X2tAZReHJdnmGSPaoKfdVyAAd7g,Bronze,1,HELIUS_METADATA_BASELINE
2Z8yKmuvAbbhTbiYEfqJakbTXopCQNzBuXwBzwyQfYkX,Silver,2,HELIUS_METADATA_BASELINE
2ZHCsN13JDBiucsz4YCBxQqJ84Qmyckv1fnpcCLEvLzC,Bronze,1,HELIUS_METADATA_BASELINE
2ZNBLkWdax3ApLUjJLvfaH2Jd4Z47JGyxE3srEJgHpaa,Bronze,1,HELIUS_METADATA_BASELINE
2ZUYMohHLvVUXq2RaQQshQUUXCc12yooGdSAtVm9vAxs,Bronze,1,HELIUS_METADATA_BASELINE
2ZVT6Xkbi9ZQSReMPPZr9svEx3ZBCJZWQMv4xoJFwqei,Elven,5,HELIUS_METADATA_BASELINE
2ZivPq6JT3AWoYngobskXjNGhNfmii87R6PXsUbP3vVH,Silver,2,HELIUS_METADATA_BASELINE
2Zm3e9daK8CDgpR5AAif13N6kiZgj8nu6T27fZEmLyq5,Bronze,1,HELIUS_METADATA_BASELINE
2Zqa3xiUuPZd8JE2AvNHeXFoDhr4YQrNNVRcLp8wnmNJ,Gold,3,HELIUS_METADATA_BASELINE
2ZsA7VwV3zhBCZTyqDyE1WC4fHJDTXwPPC6ntXioeLzb,Silver,2,HELIUS_METADATA_BASELINE
2a1iW2P5ueaYcYGApqjf59vaRs1fpoCVdqVo9JuJJv66,Bronze,1,HELIUS_METADATA_BASELINE
2a9MyjK4xPseQweEPaE2roVNkbfBedsMWjbCzYz1bv8v,Gold,3,HELIUS_METADATA_BASELINE
2aGWYZ4sNk5ctCDUR2jwP5zC6WH1k4YWYKC2riwkLhzF,Gold,3,HELIUS_METADATA_BASELINE
2aPPP4tmczxjWewnRyXS72aC4Q9fLTDYvvFe7r1VH8tD,Bronze,1,HELIUS_METADATA_BASELINE
2aTAZRVvZwtJmS8A2s5XAY65SC7NzM6wjq4XMfBhB9rP,Silver,2,HELIUS_METADATA_BASELINE
2aTyQKGBrUKtiuxQDfGBD6FNVpXT3HBpZgPUCbv8XY5y,Silver,2,HELIUS_METADATA_BASELINE
2abPh9Rza7sEauWohqAdi6YuPfVmEGuC4iiHNhL9BrNJ,Gold,3,HELIUS_METADATA_BASELINE
2abpx2EWm5QYjiDaLMo95XeTCAiasaCLqq1X5fJAEFc1,Gold,3,HELIUS_METADATA_BASELINE
2ac6kESKgGLUvgWDQV2H1WUFe88jEjNJMVLBCEQbWzix,Silver,2,HELIUS_METADATA_BASELINE
2acZqUYzi1izkVUqjdhwwTFpfJBF4YgMXwoLtuNpitoB,Gold,3,HELIUS_METADATA_BASELINE
2atgE6vyDGtYAqiuEEfQrrqZ3C6YXpTAUyhmnrNbZMdg,Bronze,1,HELIUS_METADATA_BASELINE
2awunD9UuQ3i9MD7pw3vsujpzrtnr1VtHQYoSnj6qtU4,Bronze,1,HELIUS_METADATA_BASELINE
2axzX2yzZoF2g1H8p83ZrjcvhCi8mx8Rqh1w5V39h3NA,Bronze,1,HELIUS_METADATA_BASELINE
2ayFufN3YY3Bubwg1njJwbZmvNCqTPsK5jcZp9NQdTCY,Bronze,1,HELIUS_METADATA_BASELINE
2b11kbrFjWFmcB3B61dcv2CDq5mnTjksAbVT9uvyLCDQ,Silver,2,HELIUS_METADATA_BASELINE
2b3vY6M9dTkuEJZVaSqEFaTi2Rhdt9cBTCaRjvaNY6te,Gold,3,HELIUS_METADATA_BASELINE
2b5kBBw7sJrxUMJJ6RapRAbYTyft7Fvfd4oQyyKej1HY,Bronze,1,HELIUS_METADATA_BASELINE
2b5wPXYf82FJS5gZzkz9wrCoc4R3JvacxZytnHz2D4ao,Bronze,1,HELIUS_METADATA_BASELINE
2bBAvP7Sc1NKhiyfYYVjsxwVysuURCwZR8vYD9JAvSMs,Elven,5,HELIUS_METADATA_BASELINE
2bBaeFMkpBkBxEXyRfHmpL1RFZiaMKyKWnKpGXtYaC55,Silver,2,HELIUS_METADATA_BASELINE
2bK63aYj7z974TukNBy8JVLNVMbFFQTvnMssnBuZaPZa,Gold,3,HELIUS_METADATA_BASELINE
2bQxU4phUQWxZh3RHTxy9Grj7aAW86rStvFT6a6vcXHL,Bronze,1,HELIUS_METADATA_BASELINE
2bUaX4L6Rcw3wUnupPZndP8xUmsgxC9P2viv8ZYBmujg,Gold,3,HELIUS_METADATA_BASELINE
2bV7AeJAzStQzjizJ2MXFbyPVSuz2K97Zz4RRStg2KZP,Bronze,1,HELIUS_METADATA_BASELINE
2bar7XY9VSKRAg5wtghje9EqGJas8RyApc1WZtHNrMst,Bronze,1,HELIUS_METADATA_BASELINE
2bchB7cZzmgyZjqDuRCdQnvwfCFq4kJHb3kVcmFqkHsP,Silver,2,HELIUS_METADATA_BASELINE
2bdxZcwhHnfGi56pZySPnt3tzoCXdCCB6LX6ANxzPVWc,Silver,2,HELIUS_METADATA_BASELINE
2bkFh4skak1uGaXEWJFT4ZWP7T4VJVboAjzKm8885PJd,Gold,3,HELIUS_METADATA_BASELINE
2bkou6778df5b21kEr5HBntMs8ntJaJANfrpbwb1ebbu,Bronze,1,HELIUS_METADATA_BASELINE
2c1tySg5rhLPFvKwsS4eSaFzZttdDSZAG4BYDfNJrutA,Silver,2,HELIUS_METADATA_BASELINE
2c8Q3VMgk5bJ2aGL4kV8U2D3Wv6YsN6xKVpXLy6vaheR,Bronze,1,HELIUS_METADATA_BASELINE
2cAFyGTbVs11FG6MMsnHDeWXNDCBFgrv4j6huzDjS9Wd,Bronze,1,HELIUS_METADATA_BASELINE
2cAPqqbccZETqEpng8wpmquXMUZfUzgLjLSva8UaNHSr,Silver,2,HELIUS_METADATA_BASELINE
2cDBzEiwRj27NaaRo9hphocEhtBLmtzNHDZ18LUuWnMz,Bronze,1,HELIUS_METADATA_BASELINE
2cFtYu2XCKrSAoaGRivPxyaNyc8fmiDN1Lfuy3S675hy,Silver,2,HELIUS_METADATA_BASELINE
2cHddD9JD7Ax6g97nsDxNDLnoyDCTCSRT71j5xNW4CUg,Bronze,1,HELIUS_METADATA_BASELINE
2cJZbxVna541wZjbBAU9PJmCAuGzzRHi9UFEchQvS8Gd,Silver,2,HELIUS_METADATA_BASELINE
2cUXeoKt5zJLBfGjUAuvA91JgNjP1waGRFdmgX4BKw9b,Bronze,1,HELIUS_METADATA_BASELINE
2cVxvEwoeYDZTXwcz7gBDp2iufj1tKyqqsgmE3xwgivU,Silver,2,HELIUS_METADATA_BASELINE
2cfQdGdduePMqNhqNkpkZDjxsonuQLyKWm7swVHhoHcK,Bronze,1,HELIUS_METADATA_BASELINE
2cjbHRjiPLx5jQHbd7q5D3g1MySzcw7EjtKPSGHZ31aw,Silver,2,HELIUS_METADATA_BASELINE
2cp2yjAHUxq5TyQ1rzDoT86VwxJD3bx1gTjhqEVVvJFH,Bronze,1,HELIUS_METADATA_BASELINE
2cqyKfknGfuMb9CyUBmJwfa7LFhkda7HaQTH7P9hYUjH,Bronze,1,HELIUS_METADATA_BASELINE
2ct5bkkMXfGSpBsALD6bTDCEJ7jAkiwRWkmrFovqWHgk,Bronze,1,HELIUS_METADATA_BASELINE
2cu8hMSrQ91Ewr8guBFbeTTygdHrpYBLnsxADckuDpwa,Silver,2,HELIUS_METADATA_BASELINE
2cwd97MHKFrABDW9iWypRf5DH9Cac6CeamMNWWgxvpH4,Bronze,1,HELIUS_METADATA_BASELINE
2cyLT97f5GGgrNnh7CPWyK1wWUz8eztsdn3TivvJYFJK,Gold,3,HELIUS_METADATA_BASELINE
2dC6KYPph5RzdvV16TpBy1bJTLrV6nhoBz6K5U77Azqm,Silver,2,HELIUS_METADATA_BASELINE
2dCoDgModtfHU6PnW4mMhKqucJXsHq7pPiTEzPF9G9GN,Arcane,4,HELIUS_METADATA_BASELINE
2dCxMiQ2TRdCFSnphroWMDT4tWXTHTxyiNnsBGXsjMeQ,Arcane,4,HELIUS_METADATA_BASELINE
2dKah1Z5jEKExPS4BCtoWiaBPZwQm8Zp4pkYrTikhGST,Bronze,1,HELIUS_METADATA_BASELINE
2dR9bwvtdnJCZ8RjBd6SMMdYxpmUZP7Mbt8aLBqVpfvi,Silver,2,HELIUS_METADATA_BASELINE
2dRNvEJpjksAdXyafGUQAUHdRAKdD7AwcYDYCRJQQyQD,Arcane,4,HELIUS_METADATA_BASELINE
2dWRPZbfwCH7vmyTDf38wyUi5uZ9MqmfBdEjmTYodQ6h,Silver,2,HELIUS_METADATA_BASELINE
2dZSybwZJTh93GqBppuowGLyyqMGmCVtcayCTLob7sCg,Arcane,4,HELIUS_METADATA_BASELINE
2dcPoPqD7HSc6MBEnBueyqejoS3ay1X1E674Bqwg8HYY,Arcane,4,HELIUS_METADATA_BASELINE
2dd4aXt8pexNQMkdbgYnjvP3nFAExAqE1d16pCf1pM6q,Bronze,1,HELIUS_METADATA_BASELINE
2ddnx7tVj6KfbxTF8ifYXc4cSPEZKfkt8BE1qDjizthv,Silver,2,HELIUS_METADATA_BASELINE
2dne5YChavGsKa4W5hoBtby81wZgh5RF8rbnSPiPbHxp,Silver,2,HELIUS_METADATA_BASELINE
2dqB6XWfXYw3oViyp2GJRHAGHqM1r9kGNZqo5gyJaH2C,Arcane,4,HELIUS_METADATA_BASELINE
2dqip25NyH36psobkn4eb7jibBrcq2rvqj1sedjfcBSD,Silver,2,HELIUS_METADATA_BASELINE
2dr8PtNnVpeCmryLorkX2s8X5etqrvhPakGSnHEJw1Ns,Bronze,1,HELIUS_METADATA_BASELINE
2dtvUt8qYcV8DWpKXXzXJLs2zjnaNR3wA3jFmhcZMXic,Bronze,1,HELIUS_METADATA_BASELINE
2dv5vfMgUDKrCthXmUzFJYCuERhVRPyFxSrYZ5ykLNrS,Silver,2,HELIUS_METADATA_BASELINE
2dyP4fnkoiHa6QFkFC4ZymR7GEyDnHPY6J6HB7fTuJCv,Gold,3,HELIUS_METADATA_BASELINE
2e7Kack9sigpPdgJtcdD6bAVoNsHo6maY9YNw6HKhZbP,Bronze,1,HELIUS_METADATA_BASELINE
2eAWA6nuqUgaDqmTLG5eJkwunfzLABsemwo4RENCU8HV,Gold,3,HELIUS_METADATA_BASELINE
2eB2ZyM6n4oDT56134Q2czhRdFbaHYSNQTAhwN6k4oTA,Bronze,1,HELIUS_METADATA_BASELINE
2eDYGDCD6GerUN8YUecsEmiu1k44DEMFPMJDwCDQsFNz,Gold,3,HELIUS_METADATA_BASELINE
2eQt36mv2qKcubEAMDnKDM1PFEtFFTWFSfrpQZemVj8J,Gold,3,HELIUS_METADATA_BASELINE
2eZL9uwDrFAot7QYwC96sy4zqeeqHyV7zsA9Nrr8YqEB,Bronze,1,HELIUS_METADATA_BASELINE
2eeiEr7aMjD5pngKx4nioZ8jQru4EQC87WsQtEKPazAq,Silver,2,HELIUS_METADATA_BASELINE
2empwAAsMmsMUcW77Zc6USqx1BUqpJKUCdvg438VRY65,Bronze,1,HELIUS_METADATA_BASELINE
2er19RcFMXCyxyBQY8TUkPKtwMG7odMsS8Bmr7Mmzzmj,Silver,2,HELIUS_METADATA_BASELINE
2ex9ZqeMi45zRsmsXWjPk7i9SDRP683tDJVEzg1HdKRM,Bronze,1,HELIUS_METADATA_BASELINE
2f3x5icKZfLenG8C9GvKL947gxL2mTbvzwP1MJtzTDE7,Bronze,1,HELIUS_METADATA_BASELINE
2f4SVhXrX3yoiK3Wosq8DtwrRab7rjLYwX8scSXS6KST,Bronze,1,HELIUS_METADATA_BASELINE
2fZr1YyYnWRNBHWDpBewDrf3tU5uaMp7bvj6YPBKdPzk,Silver,2,HELIUS_METADATA_BASELINE
2ff2U7Ksfk6X9zeq1KC81aLU9ykufvGzFr7RKq29r1eQ,Bronze,1,HELIUS_METADATA_BASELINE
2ffeEsjLTsVZFyFkik5VMRFJgoi4Zetimxi2FLpWARB1,Bronze,1,HELIUS_METADATA_BASELINE
2fnXsbdjJ3Zoxu7GTHLH31WPiKWy5gciWmEQVLqoT9eb,Gold,3,HELIUS_METADATA_BASELINE
2fqPtaJisGgyC4kRCPzaUU1yoWPEcz5zTmGvA1pFLNpy,Arcane,4,HELIUS_METADATA_BASELINE
2fuck1dXbtDD4ZR7swxrZvRJKjBe6dpG54QjyjHfecnh,Bronze,1,HELIUS_METADATA_BASELINE
2g8rEkgJmarcWM4AxE6KRi3GrvfTPJdSU5w3PZAu4QBf,Gold,3,HELIUS_METADATA_BASELINE
2g9dqEXnq6dPc2StmicSJxbYGuxurZ6gCe8UC4vCLtrf,Silver,2,HELIUS_METADATA_BASELINE
2gAdJ8gRYxAhgQ2ZPrJ5iYEXgdyT6C15P83e5kqt3HQV,Bronze,1,HELIUS_METADATA_BASELINE
2gEQR5xzagUea2enkk8a3fZ2n56J6J8TBWAcCEA1oLKu,Silver,2,HELIUS_METADATA_BASELINE
2gGPRfV9U3G2F2dpGChQCNDenpqMRK7WbgGe6y7gD5QV,Arcane,4,HELIUS_METADATA_BASELINE
2gcgNW7HVRaJvAsKa1KAgSqYmhFv9CczZVsrRGuxgxt9,Bronze,1,HELIUS_METADATA_BASELINE
2gh7ziS2YgwGPHeAGenT2pvv1fXAmCx6JhBEhE54S9UU,Gold,3,HELIUS_METADATA_BASELINE
2gnoAHM6vrXPreMLiPcWjE6FfqWkRPy6zTrLcSSdPtns,Silver,2,HELIUS_METADATA_BASELINE
2go4Eu3MXSVa4m4LzUJuRcQc4efVo5dUVAmYBAt3FX5o,Bronze,1,HELIUS_METADATA_BASELINE
2h29wmdiaGmPP2b8LymtxBitj45YQoue5wFafHvreiSQ,Gold,3,HELIUS_METADATA_BASELINE
2hZe3E6eVhaVkyk4dvpZD55xJVZpVveqRfKNUHSZV8PV,Bronze,1,HELIUS_METADATA_BASELINE
2heCwLm5QnmY9qaD7mhJcbNrb9WCwyGJjXPB2DWE85mp,Bronze,1,HELIUS_METADATA_BASELINE
2hmjeMxeQfBbajWL7KNuFfXoX4MdSRYXmKi6GCXRhwfA,Silver,2,HELIUS_METADATA_BASELINE
2i1GaPFZwxYg3vhLe54HYn5YbECQLAuymv6FbHhJK4nP,Bronze,1,HELIUS_METADATA_BASELINE
2i7izYzESytpyL4KiGSYzdAnnxhiALkxP48aXnbpRpVv,Bronze,1,HELIUS_METADATA_BASELINE
2iBF6QSkAV3YSRayMxZBzg3SLSszhB4c2MCFs7m4s6NR,Silver,2,HELIUS_METADATA_BASELINE
2iF86tPBQnooXyjDWYRDtdaxAj99Se6gKRL8gP6iSkyS,Bronze,1,HELIUS_METADATA_BASELINE
2iHTbNbT2nZzHtGLyTkoM9hh8WDa3JH3igRXnvmmfFGR,Bronze,1,HELIUS_METADATA_BASELINE
2iHpsncUWDW87gFqr4cGhi6AnL9CVGugmvg1ZTjnNUp2,Bronze,1,HELIUS_METADATA_BASELINE
2iUKK9NWSJWGXSk1S6AWYsppLG5uoyusYLb55MP1F5Wk,Arcane,4,HELIUS_METADATA_BASELINE
2igpe96se6nqgXcXxD1ag5wKyKfDKTPoXU7MbHBN4iPr,Silver,2,HELIUS_METADATA_BASELINE
2iq7ZDE7Kd9mHgqSCPvnCU6h8B9p2GXsJdTcsxn6dRdE,Gold,3,HELIUS_METADATA_BASELINE
2irMvv5cHLcbZCaZdu1m3AYtH4jYFhHbE9ATdF5MWDyw,Silver,2,HELIUS_METADATA_BASELINE
2ivRRWwZs4NgabghnmXEaw2b2bTTCngqSWGT5CeijsLu,Bronze,1,HELIUS_METADATA_BASELINE
2j71xjsLeNCwgvRJzv7av4J8uh6RWNYSuVcrUN8oTBAE,Bronze,1,HELIUS_METADATA_BASELINE
2j7jSMUM3E64zhd5n6MM853wnaxje81wxQbk9Rb2fzMk,Silver,2,HELIUS_METADATA_BASELINE
2jGaWBrcV1UyyvABch2VQuWs4Kvpj5nQpZSCKo5HrEz2,Bronze,1,HELIUS_METADATA_BASELINE
2jMcvF2YrTDTwjUa8aVVqWPcNT1LiwnkVUqPptzwQ64z,Silver,2,HELIUS_METADATA_BASELINE
2jNz2KZY8rCdzeBD6Hp34ctfSUmevL1P3WBPgmtVxBM9,Arcane,4,HELIUS_METADATA_BASELINE
2jRu7fE7SAErru3HHXrnaWNh3V9p7mUgDv9YU8zSrkvs,Gold,3,HELIUS_METADATA_BASELINE
2jT1s1AZ4egaRaVQYQ77ZcWjpteN4K6iBaDUqusPaMPy,Elven,5,HELIUS_METADATA_BASELINE
2jWZqCibKje3mQxzTunHZiCfKaQxYvkdKzbuf61qN8NR,Gold,3,HELIUS_METADATA_BASELINE
2jXxdJfMZxb46RELD6zB6fj3TjxWGaahkktc3neJSvjN,Bronze,1,HELIUS_METADATA_BASELINE
2jZ3ADQ6fc5EAhVH7A2nFPDyrYHPJBJdoACkFP2PHBWc,Arcane,4,HELIUS_METADATA_BASELINE
2jhTgg9DNcwtHH9sjL8HTgBReEuy2UXryRdkRMGCuZkK,Arcane,4,HELIUS_METADATA_BASELINE
2jrByWEw1WbftAScTY7jmdaDm6XdGd3mVMLzMN8mNSou,Bronze,1,HELIUS_METADATA_BASELINE
2jtXkAJJ4JgsSeUaDG1V2F97MhMcXavybu3g6E6M23tv,Bronze,1,HELIUS_METADATA_BASELINE
2k5PEn9k1oim75qcRXVy4Mo5tegZxHmuTWT8jDk7m53z,Arcane,4,HELIUS_METADATA_BASELINE
2kEn8a2LnFnDfnUN5uLGnGvrit8AyMxH1hdTbndz4Zu7,Silver,2,HELIUS_METADATA_BASELINE
2kH31HPfCjDA8tdxceN2DxNh8Sac1y1pZnznEBgYGcsJ,Arcane,4,HELIUS_METADATA_BASELINE
2kJSTCoGvN9yZiR2PeTkqPPYzVpdkeCi9ce8X13Y5t6A,Bronze,1,HELIUS_METADATA_BASELINE
2kQRUmDjyD5jnJ7pVQoApDfqaXuUZ89sa7mKxToHpJb5,Silver,2,HELIUS_METADATA_BASELINE
2kUvJT516ztDhtJkdhPR7L3sHUWgmMRr7JYoTMNm2tfC,Bronze,1,HELIUS_METADATA_BASELINE
2kVf2GuVy5Kx3j7NAsz8C88ghNNqLQidfMyHAvQnfevS,Bronze,1,HELIUS_METADATA_BASELINE
2kZ3XVvbq8MLaidQdKSFXWfjcgbgYdqSwtBvgF1WMTm7,Silver,2,HELIUS_METADATA_BASELINE
2kcBpcAmpwmKmjQkacmbxiaQizzXjpn4kqirGzDZYTCc,Bronze,1,HELIUS_METADATA_BASELINE
2kmPjsobvkrVT3iBmihSJkKvC2DdgYBy72PnZ4UyP9AX,Bronze,1,HELIUS_METADATA_BASELINE
2kpGX7PQP2SUvZKWroxHAAMdVBqNzekGEdPAKDWVTun3,Bronze,1,HELIUS_METADATA_BASELINE
2kqKv4G78kge6cDe97HwKEESgp6cqKWsfw7ubmDoFpLz,Bronze,1,HELIUS_METADATA_BASELINE
2krb4gifHqxhsyoeLFYAzBzK5BbYmbv4HWHFPBkS95qQ,Bronze,1,HELIUS_METADATA_BASELINE
2ktUyVrWi5poHAtpNSepYLL1sADfpvNhQKueec3Dajv9,Silver,2,HELIUS_METADATA_BASELINE
2kuwYtvTiD9ZihafnL5bUYHbRYScPiUJmni1tvog3Uus,Silver,2,HELIUS_METADATA_BASELINE
2kyzZjL8DtzYdewmDgQ99eC8exQz3WqRYKqGzwmgvG3w,Bronze,1,HELIUS_METADATA_BASELINE
2m2PynqSVvTBMwkcEzovEZLf2KiXEsHvWRYXEYLE7p9w,Silver,2,HELIUS_METADATA_BASELINE
2m2pcbuUozN7H54X4Dt1TekoMorcuYse1Wb2NULPDhWq,Gold,3,HELIUS_METADATA_BASELINE
2m3HoAQgL13Ui1nafpsXYK2U3nvPFWX386etqHeHhoSi,Bronze,1,HELIUS_METADATA_BASELINE
2mDE4ghgxhmAoXoDDs3EcYsnphTVuvwhX6QfFfT3gR5j,Bronze,1,HELIUS_METADATA_BASELINE
2mQeNcCTLghtnG41SefBCkW3Ud296Bo3HZpgRQ6mn8f5,Gold,3,HELIUS_METADATA_BASELINE
2mT9kAyxSptpysuqb1GLKr7LXg9rLx6HiQ58Pm596dXL,Bronze,1,HELIUS_METADATA_BASELINE
2mV56bKwgaXvnPq6Prkfy3fqrPkwx8qQN5czWRWDFGSz,Gold,3,HELIUS_METADATA_BASELINE
2maMyUPPx5su8z45JS7QQiW8dZzjg9JeJpekL9VATXBg,Gold,3,HELIUS_METADATA_BASELINE
2meRsisbYwmCuAKRv8eV6vZKz8ntMuMM7G95pJATrjw9,Elven,5,HELIUS_METADATA_BASELINE
2mk1HdqxMiZrjGxcwua4GX8mpnuVNTEySU9XpzRJ5hn9,Bronze,1,HELIUS_METADATA_BASELINE
2mnZ9R65WEPZsSV3Fkbp23zzo8XPPkQezbieDBmJ8M6M,Gold,3,HELIUS_METADATA_BASELINE
2mqX1bZNCZLEVwbUgd6sQaKniGoVhdvdVmwGWwSSfvkH,Bronze,1,HELIUS_METADATA_BASELINE
2mvkNJZ6HX1aUN35vZpe7ffxcuYq5xPU1nNnEK7gJFDj,Bronze,1,HELIUS_METADATA_BASELINE
2mxZm591akbJke2xpJRVuPjFoJTibBay17rbB7Y2CRXu,Bronze,1,HELIUS_METADATA_BASELINE
2mxwUEVpYKMaqgySdhZcb7JJTxPqG9XwHhNsYFGYxj2d,Bronze,1,HELIUS_METADATA_BASELINE
2n33owGiPMqRFeoCMwNALYUL62cJ69TfqVLWd7cr2fKH,Bronze,1,HELIUS_METADATA_BASELINE
2n47JMEaRbDrSJucNGv5BpE6947MoZ5c8MV4NvM7ZEZB,Arcane,4,HELIUS_METADATA_BASELINE
2n63pJ89B7xKvUtXjFgSvJfbuJWW7s9WXPqhgbQVbK4w,Gold,3,HELIUS_METADATA_BASELINE
2nBkx9ci74aS4zxJFFtqFfFEpwknvieCXJ1BeTMgMBND,Bronze,1,HELIUS_METADATA_BASELINE
2nDU5N6e1aPMRTPRQRDfkyUjdMmVKYpMQHeVU8H6Ujf6,Silver,2,HELIUS_METADATA_BASELINE
2nPa4dnZK1NmHPsjvVoXbS2EH4xto17M4oYE7TUnQNuG,Gold,3,HELIUS_METADATA_BASELINE
2nRoS9C5tnH7gQiCzMVMNU9rMQEk64HhhgchB6iJqqek,Bronze,1,HELIUS_METADATA_BASELINE
2nSgdWrtdfZNAqS5vczH4uujeWLFnpUJYduzxBAxLzZU,Bronze,1,HELIUS_METADATA_BASELINE
2nUFoz3s4HQ2nUqFS8B5DyZftHUS4aPpPWj8YQAmQJP6,Silver,2,HELIUS_METADATA_BASELINE
2nh5TSFRcJQJFteePVZy3UZ5ox53Z9NYwsnzHa3QHj4D,Bronze,1,HELIUS_METADATA_BASELINE
2nnsRkCxtaBrf5JaW1xLJXZREo258prvycr8cosqmZks,Silver,2,HELIUS_METADATA_BASELINE
2nswQJ43GtTAFeNzopgWij2aq7BWWAMc7XssyDFYC3yo,Bronze,1,HELIUS_METADATA_BASELINE
2ntAm4u9mQLvpjAuwpa9Pubfiz3jrzkcBAWX97TnihL2,Silver,2,HELIUS_METADATA_BASELINE
2oBiHFfnMPzEYjvzfLhdQZU32ShmgHQopLFNDkd8caK7,Bronze,1,HELIUS_METADATA_BASELINE
2oJwmAJwCBU3Ccz8NqW4xXMgzNL9qGrt5wGW62Cuvko4,Silver,2,HELIUS_METADATA_BASELINE
2oPopV2giYPTrd2EgEDW9VsZb9wkpwLy9hvN8h3EFhFo,Elven,5,HELIUS_METADATA_BASELINE
2oeJ1ycjMsvZtV9nHihR8xxiTQW1WEe7xoYU6GT3zxtx,Bronze,1,HELIUS_METADATA_BASELINE
2p7g1yg9mN5DfpMGQVZbs3iKkube8mh3JBcNre6APhA9,Bronze,1,HELIUS_METADATA_BASELINE
2pQRJ1NhtGrNJmsptN4EcgHFXeFHbkPifTWE3EHYYwRQ,Arcane,4,HELIUS_METADATA_BASELINE
2pXQnc7m3ut6XwwKfykz2hcqMHVNUmdcutHzkSFx4mta,Silver,2,HELIUS_METADATA_BASELINE
2paBh8XdJpzN8pdE8gvjV35dkaZK8ZhYnUzBhxQQUpc4,Bronze,1,HELIUS_METADATA_BASELINE
2pbAndAcn5GEbKLFkJhRNVYNQonEMV1K86f6P6AnyNdQ,Silver,2,HELIUS_METADATA_BASELINE
2pbGSyh2YfMLhWXAhyPSh7cAgwot5VHaR7QrbdwsJW41,Bronze,1,HELIUS_METADATA_BASELINE
2pf1tSznwHjGZPF2199tTwYWXy66S9c6KhQb5323a6Ff,Elven,5,HELIUS_METADATA_BASELINE
2pgi3EZWFHLm9mXPn4sv2tPLu8y8qFzji1zxEkiFc8fP,Silver,2,HELIUS_METADATA_BASELINE
2pj9t3bJTGJnC2mbAKP2o2Y8ykRAf45nCerhfN4FYj2i,Bronze,1,HELIUS_METADATA_BASELINE
2pvcDPeshygxA268xKf5qHQRrnmq7oPSMCzYkjGBPU5P,Arcane,4,HELIUS_METADATA_BASELINE
2pxukkpugaTyhwWr3PGPYbiXpppsSSmBiqiPS8kofEdD,Gold,3,HELIUS_METADATA_BASELINE
2pyka1zuVSv1ze4beNb6fEjfJy7Rr6d432EVKDjE3mjK,Silver,2,HELIUS_METADATA_BASELINE
2pzuc2sgQRGGbUyq3s6vkuvKT3nFE91UvFxxUBUfVmxX,Silver,2,HELIUS_METADATA_BASELINE
2pzvQAxPNNKeewbKZ6iqmbAn6SfTHPsy3BEt6fAAUgJY,Bronze,1,HELIUS_METADATA_BASELINE
2qD83MPwj543ViwYchbDTUavtosMUJZKdvtPekSvt9dr,Bronze,1,HELIUS_METADATA_BASELINE
2qHjoeUpDf3q1s18Yb82aF3BJMqTHouHM2A66wkNHF2z,Bronze,1,HELIUS_METADATA_BASELINE
2qM5StZN9xQUzuyrxiJEwPXGr7R61bibGfGF7GmrGn4V,Bronze,1,HELIUS_METADATA_BASELINE
2qNdN5CQLmh4699fCvW8Tu1Gnh6Bhj1fddGNwhaSQyEe,Bronze,1,HELIUS_METADATA_BASELINE
2qPhj8aEzbrqtvvZHu4KMXFYiYRWSDJ1vicZVz2WAGXH,Gold,3,HELIUS_METADATA_BASELINE
2qRbUzzTUMfns4KXYYz2Cn1PYLvsTCvDKYPDnXmhYxg3,Gold,3,HELIUS_METADATA_BASELINE
2qTkWQ1Q2Su5bNjZTaESgxzmRvrePRjUq9v1yLSCXsFf,Bronze,1,HELIUS_METADATA_BASELINE
2qUpdE1ZuF5EiHRuFPxjFHoiK14k8BAig45y9uwDboX6,Bronze,1,HELIUS_METADATA_BASELINE
2qhwyMyiHPD9wNMsXWvxyQEDefmuqJZXSQ5sx4Koe5Hm,Arcane,4,HELIUS_METADATA_BASELINE
2qqDJ25UfjEetuVhzY6Q4xSXFy6ac6kBybjoqVmMqqPd,Silver,2,HELIUS_METADATA_BASELINE
2r2M5NsS4vV2ik4MXhDQqMJMc72FuWTyubN19FkQs5SD,Bronze,1,HELIUS_METADATA_BASELINE
2rAo3k27TaafEXqxwC8zVCQSXotM2ajfKMLsgCQSxYta,Gold,3,HELIUS_METADATA_BASELINE
2rCFBpbc5sHr6sHMftCzaXdoTj4HPwV82oJyamAt6FdP,Arcane,4,HELIUS_METADATA_BASELINE
2rE8VswguT2ajZbG2ErLm4LCuodg1aoqK717mn6M7phU,Bronze,1,HELIUS_METADATA_BASELINE
2rEkGpJJae92aXeyAVS178oouoVvHTBQisR57EvgBrMf,Bronze,1,HELIUS_METADATA_BASELINE
2rGMWYxeD2s55MM3QsXYXRNL4yz275QuaDKkHZFXQ3aQ,Bronze,1,HELIUS_METADATA_BASELINE
2rL2pcm41ZQLTtyJA7m5P9a9FJHCDT6qajhcwEUWuorX,Gold,3,HELIUS_METADATA_BASELINE
2rSzT1JHWaGUsZ4L8c7pq7MjhUTynU4dg7pkRorvU41a,Silver,2,HELIUS_METADATA_BASELINE
2rWpp3c2hYoUieqmgc94dCzBERNTpWdJd8gbJd912yVF,Gold,3,HELIUS_METADATA_BASELINE
2rWwFozUHBcA38udk9XYBptK5KuurksKgeamQuaeD8AF,Bronze,1,HELIUS_METADATA_BASELINE
2rXuC7aA3j2xWyZ1ka9YV69HbvqqH7LhWSdCjhiYrk6u,Silver,2,HELIUS_METADATA_BASELINE
2rcjghPDvxjNBgbaXfAELifNysnWZK28tawoL5EXpfNg,Bronze,1,HELIUS_METADATA_BASELINE
2rfYKDZYa7NkUK3U12Ywm3yz5kAgPCNbKCHadeSTJNox,Silver,2,HELIUS_METADATA_BASELINE
2rsqKLFK3JYkE6zGh8N23BgWoAS1mqMjVcSNYMUSafDa,Silver,2,HELIUS_METADATA_BASELINE
2rzhYUVXueWK3iF6JGoU5XAgVAGKcHbjrHVRcSJ3Um5B,Silver,2,HELIUS_METADATA_BASELINE
2s9icZ48UMBDneZW79zdVzXZ7VjJZG9KCqHyRsP9SC33,Arcane,4,HELIUS_METADATA_BASELINE
2sCHu8RSEya3x6kv1REDqa953LHGCuX5XdQRzJ1B7e7k,Bronze,1,HELIUS_METADATA_BASELINE
2sJwgedsFhAu4Pqd2zsaXBJczoF7EhpQT5CndZ6XKr1k,Silver,2,HELIUS_METADATA_BASELINE
2sLnmjD5DSm1Qm52WN9dGygoqfQqaHvwWXQkPSrhDU7B,Gold,3,HELIUS_METADATA_BASELINE
2sVqaQaoEuAYzJZ3yvhaomZAgDtdZ6xJmK5XRkJuU6eH,Bronze,1,HELIUS_METADATA_BASELINE
2sa7Pyn29H3fWsBdWYBSZfGxee8YCwbuynrfUA85gD8b,Bronze,1,HELIUS_METADATA_BASELINE
2shxh6KVpGvsEXb2nhLmgunAwHexcMu87ySxnh4hvsgt,Bronze,1,HELIUS_METADATA_BASELINE
2suMVTdcc7WinnrPE6GeFUzeJN1TncxF5dGnE9bt8d5W,Bronze,1,HELIUS_METADATA_BASELINE
2sx3KsD25o3af3sBXaRHjttXbjZ1KFiTVXxzEmmiJvhi,Gold,3,HELIUS_METADATA_BASELINE
2sxJ75snp8DwK7MNMsVrh7WhFLas59du94nGzxBHUEyo,Silver,2,HELIUS_METADATA_BASELINE
2t1J2tmxcPQFJ47ABpALSbHbHmob9QX3PV2T77ttADps,Gold,3,HELIUS_METADATA_BASELINE
2t1gZdqaabjeABDDR7iZS6GAQNauQQ8QJinqs5jSDEqo,Bronze,1,HELIUS_METADATA_BASELINE
2t4bdRbVykeoHRS5dcLxZevM3hoRwAPA2YZ3yonwvbQS,Bronze,1,HELIUS_METADATA_BASELINE
2tMG5U1GXqDzb4ZA5B7uXGQvsfELCTkQG23Dsrx3SqgV,Silver,2,HELIUS_METADATA_BASELINE
2taiz8Mjy6hr7UkKazzeMTVneJdTDs8jCKHXd1j9Lwoq,Silver,2,HELIUS_METADATA_BASELINE
2thNixWM7ReTZT4JwXcMH1ihmJb7DtaSPJTL1VU3Y4d5,Bronze,1,HELIUS_METADATA_BASELINE
2tiAJVdaKhj67mJ3dxwF67vYHKX2ywk6iK4ujVLsndbj,Bronze,1,HELIUS_METADATA_BASELINE
2tiAeaVRgAg22xB4nNTCM5Lnhp311dr4CVGFfah2eJzz,Gold,3,HELIUS_METADATA_BASELINE
2u4h63aUfMkDptBfrYYasbwtVBJkRf8ze8x6aVdsXxK3,Silver,2,HELIUS_METADATA_BASELINE
2u4xwr6LcXwt2uaN9hBRH2RrCfZysvSTGk3NsxFX6niC,Silver,2,HELIUS_METADATA_BASELINE
2u87b39YVv4XtpBrqGwHztLKZmvmhF5mqTX1ZYAamaoo,Silver,2,HELIUS_METADATA_BASELINE
2uEu4CN7dUBMsY1wz74RBcJu68ETQBb1Jbj9UwAqjxPt,Bronze,1,HELIUS_METADATA_BASELINE
2uRAFaUsXhtFxfC6KLBzXiKApDkzMkFGwfMqH9HL8jVr,Bronze,1,HELIUS_METADATA_BASELINE
2uSkDna9bzYaeNwV5g8wuzfUcziApS22n4dwesVjxwKS,Silver,2,HELIUS_METADATA_BASELINE
2uSotgZ8Hdq4znY2rL7CeJTyoB88qAQYG4CL7svhTWkU,Gold,3,HELIUS_METADATA_BASELINE
2uVbHv1kpxkbYd1BNPDEzWu72rMH1UgZKvX95xEcEeEs,Bronze,1,HELIUS_METADATA_BASELINE
2uXRdMtbvMQkP19SEcFfXvMkhKd1LqayPCEkCxaQcpXC,Silver,2,HELIUS_METADATA_BASELINE
2v4p4KcUJEc59oTQgboPZHSRCaP7zJiDmSHFVhA86UmV,Bronze,1,HELIUS_METADATA_BASELINE
2vHrm8KcCy4W7F8pzhp97xeYBouEuFwLNC9PHqqLozoB,Bronze,1,HELIUS_METADATA_BASELINE
2vPFoMBBJNBwsWzY6wLDCgFJD9GJBVeNm52WxcQJwWLV,Bronze,1,HELIUS_METADATA_BASELINE
2vSGDL2gasq8MSGwX77pXwSPEa7Wfn5MRRMrHeyL81Ab,Bronze,1,HELIUS_METADATA_BASELINE
2vziZ5H729sdNKGmXACua3eDAGzYaAK37riEqU5y5M1E,Bronze,1,HELIUS_METADATA_BASELINE
2vzk6yAk9FLh8Li9ijJzxgkKMJ97kUgXjnhQ7PUnZcQR,Bronze,1,HELIUS_METADATA_BASELINE
2wPkwMoUGiauhLrVFzMEmw7tJDbGWRo1MH9wLq3DWMRx,Bronze,1,HELIUS_METADATA_BASELINE
2wSnNXM3ShhaeERLcCbWDBC9xrNcsecHskadDGvMsKFm,Gold,3,HELIUS_METADATA_BASELINE
2wTbmz9pCqpZBEJXV7b7Sn143m3CwaV6fvfT7a2MGfsH,Silver,2,HELIUS_METADATA_BASELINE
2wq4Gb5w839hvp1RMU7AwH6Bw4xoqeL6RJG13QrmscRN,Silver,2,HELIUS_METADATA_BASELINE
2wrj4YzaYFXurPnVZ9LwArbPzX9jmvSLg4eBx53auZTh,Silver,2,HELIUS_METADATA_BASELINE
2xHUW7rVj1Mf2GyVp5wNrqCRwFnoufkewssuL5Nis5AP,Arcane,4,HELIUS_METADATA_BASELINE
2xJpEx9AabUubuT4RsS5hzyePMZ9CzXkEYEMLfyQcxG4,Silver,2,HELIUS_METADATA_BASELINE
2xUiP5AGHFFpivFMpGUAB8DMLDuGcMMw5wkYg2FzqBo2,Silver,2,HELIUS_METADATA_BASELINE
2xZPMAdJ6bH5JZZ5TAc4jAbzRVYFfztMfQsuhGCMh4MS,Bronze,1,HELIUS_METADATA_BASELINE
2xg8YVy1KsvrNeaJsyVMbEy4rJagG5cUhHUpZ68QN8a9,Silver,2,HELIUS_METADATA_BASELINE
2xoDCJb63zsgfjXz7qAqAguQ2Pfkju1ZWJArtx6dSxHS,Silver,2,HELIUS_METADATA_BASELINE
2xspvc8XW6xGCLcakP7zS9h42mZCsnLHqTTiDi7btsDo,Silver,2,HELIUS_METADATA_BASELINE
2xyFGnFgV3LXtgRRLJaiEtEK8uAsdJ8rhmnv3CxErYgn,Bronze,1,HELIUS_METADATA_BASELINE
2y74DnZGWtUg7FVSktvp8FZP1Zo5eBLBDfTGdvDvvqnr,Arcane,4,HELIUS_METADATA_BASELINE
2yHDFXmw2A9NCDwaUc6v8t4yc5hfoRPLccQmJbHMU2aA,Bronze,1,HELIUS_METADATA_BASELINE
2yJtEt44Ua4N39cSVPWm2Z7YZSVpF4XwDsrVkChU6d3x,Gold,3,HELIUS_METADATA_BASELINE
2yaR9dfjdZjKSJKf3AR2ir5pHLLCsF81nV4WeTKtnbs5,Silver,2,HELIUS_METADATA_BASELINE
2ydzNVQje6hUMzH3d6caGqTVpAhubmu6wfxWXuo94eUZ,Bronze,1,HELIUS_METADATA_BASELINE
2yk2h9orGzfuRbjmTmUeDrr5dET445Db4VE88yHr4MnE,Gold,3,HELIUS_METADATA_BASELINE
2yomrcQXv6aPXgUq6PV9XKCXRTQYVS65Kane5VbrzTbL,Silver,2,HELIUS_METADATA_BASELINE
2yp1XZHEguCHUPnZMAtMfTKmFkX2AXJUV5UU77VZoEih,Gold,3,HELIUS_METADATA_BASELINE
2z3Hy3TTdWPYtVES9DgpmoVEYKC41K9AbdBsz6oQ38wv,Silver,2,HELIUS_METADATA_BASELINE
2z5Q1RcYUXxvzE2jB53C5ve61bmdqS61yZgX6f1bQwxA,Elven,5,HELIUS_METADATA_BASELINE
2z6Fbpkk1NSvPibDX2uiQr2suQ8TRpqCBAyHTJxd7Ygw,Silver,2,HELIUS_METADATA_BASELINE
2z6owzNrReBQsEYzyPhTqzCYSKZGQ3aT7PcEbcSWbz2D,Silver,2,HELIUS_METADATA_BASELINE
2zFZsuPSM5qm5iFLcvmDznAPvgtoqQ9W3Us7zPY75ja5,Bronze,1,HELIUS_METADATA_BASELINE
2zKdFLkSdafpa9StbSx5cUL21RS5a1odaDS4sGcMFapQ,Bronze,1,HELIUS_METADATA_BASELINE
2zQMwUQJWtJtjXHQNE5jpLtDkmdhFJru1C12op8p5VGt,Bronze,1,HELIUS_METADATA_BASELINE
2zXqo1Q2XcKLpR8WdBmANAWDBvhggjRQb6ToKiWDnw4R,Bronze,1,HELIUS_METADATA_BASELINE
2zn4rCmNJZ4XqK9a8ecKzRcMF7U4U35PcTDeorCHgJYQ,Silver,2,HELIUS_METADATA_BASELINE
2zp1FPpC7CuFm2hifUbhrD82dqukKGWdhFovWWkqr82d,Bronze,1,HELIUS_METADATA_BASELINE
2zpQbF9mJoPvGHnZpHc1SB9CSAK8j6kh2RoAF7w7cd4g,Bronze,1,HELIUS_METADATA_BASELINE
2ztjdrZaUH5xuoWDsuPDQcJrDQKQof3rPSynHhBpaP87,Bronze,1,HELIUS_METADATA_BASELINE
315hz1YpQrfdeXTVrh65S2qUioucKHNWS1U4poqiLjTp,Bronze,1,HELIUS_METADATA_BASELINE
31QDJm64DaM2B7aPMfLXNZSmYhZxxnS2yVn74jdsNvbA,Gold,3,HELIUS_METADATA_BASELINE
31Xopj66UQm77rttC8Xr3USiLRpsP1BNKGjAX3GjGzfZ,Bronze,1,HELIUS_METADATA_BASELINE
31XrxyiMKKc1s15wkzi8moFA45fhNsAR1rnSdyQykcSC,Bronze,1,HELIUS_METADATA_BASELINE
31dV3W1Y13D4adqjrg47gq7u6K5qRNrozrFDvpc1dtUB,Silver,2,HELIUS_METADATA_BASELINE
31fr2Gf12sXfsEmPGNi4bKaEXvPFjZJ1RwUPk28itp1C,Bronze,1,HELIUS_METADATA_BASELINE
31ixefj1xcjUqEPvYrVFgLVCAPgU3hEn4P2EETcuwsXt,Arcane,4,HELIUS_METADATA_BASELINE
31pszVQFioRPLCEKUoWno21ezPbPvswmhd4aY4YrTMKC,Gold,3,HELIUS_METADATA_BASELINE
32Cia3Qe4iz6mK9ZS5QW6odsxMQLm1K7euW4sPdVQwxj,Gold,3,HELIUS_METADATA_BASELINE
32HQbt62nmWgDkRotdxB8kooWajqmpQjoscr3SM8u3eX,Gold,3,HELIUS_METADATA_BASELINE
32sGZvVvTgaTWTDUsZpMnnBEbHkXgbVsebavZxqd4gim,Silver,2,HELIUS_METADATA_BASELINE
32vX49X8GDxEvj747ro9ydrZ1hwLGgtzmNbzbJw1t55x,Gold,3,HELIUS_METADATA_BASELINE
332rFruV1wZFT7itibdgrFH6nTCxdF6zZ3vxbDvzQVoA,Bronze,1,HELIUS_METADATA_BASELINE
333NExQBZ8ZNwYb2wJ1ECRMxzVCWqgu7yVtv9o4Vw6z5,Gold,3,HELIUS_METADATA_BASELINE
335Nxt6beojmFRPLHH4PMZ7cBsZ3FdxwEXFjfYdefwJy,Gold,3,HELIUS_METADATA_BASELINE
33EFqfNqgkfEu7vBQQX3wc34SRT3AYvBhco4g1GsC1z3,Silver,2,HELIUS_METADATA_BASELINE
33H2ew6FTARFJZCvh1Ch6JYPX5eYSoVXa8zZyMXukew6,Bronze,1,HELIUS_METADATA_BASELINE
33J2Dz4t1JsEsDfgcyy9e1cUoZKrCR1nVLJ78ZbGjjsK,Silver,2,HELIUS_METADATA_BASELINE
33ZgPk7vN2MiNT6vswapAeRwrzspZ5ALvfy3qVJVT6FL,Silver,2,HELIUS_METADATA_BASELINE
33aKQdbwd3964YyetMTDZKr8bqcLCNR7aSJbesMpywzG,Gold,3,HELIUS_METADATA_BASELINE
33coTdmWPQtMiMoFcKUDBGu47gJJU6AhvZjaSrgGNdSm,Bronze,1,HELIUS_METADATA_BASELINE
33fby63d2A3C5TazPz8dENvvJ7CDa25t78fkhjPAvXc3,Bronze,1,HELIUS_METADATA_BASELINE
33pznZe87z32tNTjr6DoaP872x8AUKZrxUssnXEQceKm,Gold,3,HELIUS_METADATA_BASELINE
33rXataMXy5s5DXP9XQpXeErraSGcmVH9zfFf41JxTsc,Silver,2,HELIUS_METADATA_BASELINE
346U2fgUhTHMXa6RunFTyVD41tBQVbMBKKD1CT82Dr5k,Bronze,1,HELIUS_METADATA_BASELINE
349CSEPKS24WYTfGLJyXZu1k9ji45UkwzV6Hpk4QzVPN,Bronze,1,HELIUS_METADATA_BASELINE
34ChJ6cTUG5SiLnewfpMbbPUYJHNWFfHKSn42H7j1o3P,Silver,2,HELIUS_METADATA_BASELINE
34Stbyy7ZpaGcR6TipZF8MdhmCMQf3Ecj33GhGfHDWyh,Bronze,1,HELIUS_METADATA_BASELINE
34T5FUH1pkV7DJDApMR7g3veK6uE7rbQ3xtDbo4rqxAW,Arcane,4,HELIUS_METADATA_BASELINE
34TMfD1uUhgt4Up8xGnQ4vukHa3eSfDYEtWDpQgexhm8,Gold,3,HELIUS_METADATA_BASELINE
34cxbAdcfHHGTPEiaKCevteFnLXtydgaXwseKreVZNad,Bronze,1,HELIUS_METADATA_BASELINE
34e2p9uKxUkSKC6yZNBDnwfSTHZC6N9ToUafkffV9BNg,Bronze,1,HELIUS_METADATA_BASELINE
34f4QV7ZagC6YLBw316yX3Anvkn37ALyUrtJY8CtUBDY,Silver,2,HELIUS_METADATA_BASELINE
34k4NcDZ9zN3XzAp7JCiBxw1cj4ZNf4muLzkgMcx3ZYJ,Silver,2,HELIUS_METADATA_BASELINE
34nLqhCX8VmDrxYCK2fbK6D6E4hEW5aD1KUknKNBn6Vc,Gold,3,HELIUS_METADATA_BASELINE
34pKjFnBY7Dod79SRapD6fT9ahkD7waNxRMqDadjQ52A,Bronze,1,HELIUS_METADATA_BASELINE
34syLuseLQAhgfJEN5dhnZ8LxYGuQUzsAY8joUcZqmD2,Bronze,1,HELIUS_METADATA_BASELINE
34vMgcLKi2NbgWdEypdMGEA2LZwDtTiLa3koeEiSSz7Q,Bronze,1,HELIUS_METADATA_BASELINE
34vzeQkxJhK8heLX1GXWncixAt84oS3V8tbvAcff3TT5,Bronze,1,HELIUS_METADATA_BASELINE
34wJQ8LKaQWMfD4BHunUVMTENMPXzkngrhxkCDvWSAiz,Bronze,1,HELIUS_METADATA_BASELINE
34z89sQYRjHfDvMLoA3SWVewcxLBj17MbgiYSzWsY3PU,Silver,2,HELIUS_METADATA_BASELINE
35AWkSd7MEfqUKW4kRyEmTsAPeD7jLpaCR6DKyfWcr85,Silver,2,HELIUS_METADATA_BASELINE
35DsQzqkWfi7xeaX21LPnYZBR6Fck3WRaPVhGrj1SVUv,Bronze,1,HELIUS_METADATA_BASELINE
35HPkF318KY8nCwnudE7tE6NfNh7KUippGDn1iBpVYH3,Gold,3,HELIUS_METADATA_BASELINE
35S49e2hpLuwagR23xaDXhf4k6oQquNyyYSs6VpoNeAn,Bronze,1,HELIUS_METADATA_BASELINE
35X3pbHYD6gh6zqCh39ht4nFbU76T75wPFmrqA8FLoFM,Bronze,1,HELIUS_METADATA_BASELINE
35atgNx8h3RoLsvyjhEp7Tg5j3DqPa3b5xruy8NKF3Y6,Gold,3,HELIUS_METADATA_BASELINE
35fVefUeSL8CreW51yzWoXxqKbnQbkJB8B2uyRN5r5s7,Bronze,1,HELIUS_METADATA_BASELINE
35i5ohUj65teZ2Cb1CUUUCyAdiMznqnSkKYMkfJA5WfL,Arcane,4,HELIUS_METADATA_BASELINE
35j9AwWDs4WJQpfMxiu27zP9pRm3mKhqemg8f2U5Avz4,Bronze,1,HELIUS_METADATA_BASELINE
35peXSqaqG5yr3ERkCXgvMta97szPTXvuwfMhyDQAd3k,Silver,2,HELIUS_METADATA_BASELINE
35wfJTBH6TFgxzZzSuk974Yohahn3zbf3T8zoBgHyEeK,Bronze,1,HELIUS_METADATA_BASELINE
361hsSugvC2feNa1Z3uRJFrUwKzqLY3VxtJgPsvPNPbV,Bronze,1,HELIUS_METADATA_BASELINE
36ATWofjjdAxiyyuBgq9tNzQWhVbfkBrn8ZnAY7e5pbL,Silver,2,HELIUS_METADATA_BASELINE
36awnz9iMz3VKBVJZL8XXZ8aSFa8CVdXzihvMYPHfebq,Bronze,1,HELIUS_METADATA_BASELINE
36goTmdWAVL8KCybd97dbcnwMZoSzmzJvWhWbq9qD1yy,Silver,2,HELIUS_METADATA_BASELINE
36ntekQNeyPJ7QxBEMcvXxqb6gpi749j5xhcEe2JJcjg,Bronze,1,HELIUS_METADATA_BASELINE
36rtkmwwA4cM5apdLLMWDcLrxr8Hn3amWqEyAcAtR6yo,Silver,2,HELIUS_METADATA_BASELINE
371N2qPWmmB4RyUx6QJqQrNf1ofP1T7PWh3FrMmf8d39,Silver,2,HELIUS_METADATA_BASELINE
379oyG5JJw9M1Q2n9GwiBR6fvW2G8YxmQ3dY2FexGHCp,Silver,2,HELIUS_METADATA_BASELINE
379rFHCWiU1Xgi7adNh8FmPY2q8dUSmHRAdpaLfWUMk8,Silver,2,HELIUS_METADATA_BASELINE
37F9gRQCzrJzDB4rLJiiis4tCFWTYTbVcLb6t5FrR66i,Bronze,1,HELIUS_METADATA_BASELINE
37NKhNGDySAKBLfWBKiznXSro5goSx2H16uENkKeVqgE,Silver,2,HELIUS_METADATA_BASELINE
37U4x944caMEVmqF79dphcc5xS66fYung3VZSZ6o4Bbg,Silver,2,HELIUS_METADATA_BASELINE
37cGvdguBt5k4yTLi6TcaKaaTPYHffpT77ST5yjTc4cf,Bronze,1,HELIUS_METADATA_BASELINE
37eFBtdSGPSjAVhtWRhKQk2Z85sHT4NbeUomS7tPi3ni,Bronze,1,HELIUS_METADATA_BASELINE
37qvxjPchWGg7Y2F1xQstNFhCfgSM1Cywy98ZEXknYm3,Gold,3,HELIUS_METADATA_BASELINE
37rcnN7X12bbHAcP4GktbP9qdFHLT5meKo2MH3A17zV5,Silver,2,HELIUS_METADATA_BASELINE
37v6AiMo93qP5XyQdpcRSwqcPJvAAzFGKrhHeM8jtQFr,Gold,3,HELIUS_METADATA_BASELINE
38FBPx7JZ6dkaUtio8JvRmprYuy2e8iPfpiRFFVhv4Zg,Arcane,4,HELIUS_METADATA_BASELINE
38HSDpwCwB7Ht3wqk9qet5hmrCP7EfzSoxYzMsxg7S6e,Elven,5,HELIUS_METADATA_BASELINE
38fNiRzVBrTXF8mrdrKkxKrachoFTpbuAYjKUKQ6jaTv,Gold,3,HELIUS_METADATA_BASELINE
38hx9MDFfPYNfbDnysKX9bGSp7rvv6RdGHvwtE39ijhs,Bronze,1,HELIUS_METADATA_BASELINE
38oKfDyUyGA8MxUzpz9gDaX1VCj8fvmJXhhPhkU4Lc2Y,Bronze,1,HELIUS_METADATA_BASELINE
38r85JhHquJJyB5zxXdXkxBknUmsysTVAYMgZT9mXjq4,Gold,3,HELIUS_METADATA_BASELINE
393m8f8SJaA21GmLbUsFwSm6bSYXL2WRgXWMhsho8o3C,Silver,2,HELIUS_METADATA_BASELINE
393xQfmMkDrhY2yoGoqqtSkdV5mdbeYa78U6EiV8og4a,Elven,5,HELIUS_METADATA_BASELINE
39D8TZqYiXSAbBc3EmcBLnNhsdzBRCVP7zYsjkuusnCa,Gold,3,HELIUS_METADATA_BASELINE
39KFpCkZ2DUqgEWxupJth1yWU5hft6CZ7Ad9rmqvvJRH,Bronze,1,HELIUS_METADATA_BASELINE
39QPswkpBFFYHJ8haqqLUhTtE38TEcbs4wmLS2Tj2q3J,Bronze,1,HELIUS_METADATA_BASELINE
39QyX7K2xQZhjSUscxJRfFhDaaf2gv8MnqsMUaZhWuPU,Bronze,1,HELIUS_METADATA_BASELINE
39ReRRbHR1kKPsyakYV3VmDLgqhFbZk7PYk33XBydhB9,Silver,2,HELIUS_METADATA_BASELINE
39T6SkVekQ3HoWcXX183zuhjjQCUSWZgPZc6JSbRi93K,Silver,2,HELIUS_METADATA_BASELINE
39adFopCMCNs1KkX7ijTX2aCQ3NvmuukRsFDTgdxJQ1y,Bronze,1,HELIUS_METADATA_BASELINE
3A59J4VhCNU15bKqXH1Wp7JjaU79bPFBMP8HXNDgj4iV,Bronze,1,HELIUS_METADATA_BASELINE
3A7Tw6V4Kz8RwvcuoF6an5BXWPZp1FifhXbnYJE7UXZJ,Arcane,4,HELIUS_METADATA_BASELINE
3A8csuht1DMgDXbFqDxq9vQUfxTnbWfhmjv1Q7TB9jt6,Silver,2,HELIUS_METADATA_BASELINE
3AU9qNSrw6haknc3HddDng1VqGWXnhxcGH3WGdPpcVzf,Arcane,4,HELIUS_METADATA_BASELINE
3AVF8zfmGa3VqJKowrrYehuD7fuN7wxDsnssdnFnQqY6,Gold,3,HELIUS_METADATA_BASELINE
3AWQiFpF21Gv5ueTKMqTtVi21GXUKJF2VgtMpXPmAqdK,Arcane,4,HELIUS_METADATA_BASELINE
3Af4cJoF5rnQTtY6mVHyh3xYep26MFzYoAF4wbuGuyT6,Silver,2,HELIUS_METADATA_BASELINE
3AgqEGXa9s3uRwnz7odnXJ2hg3LG1CfXJbi16brpJcAp,Arcane,4,HELIUS_METADATA_BASELINE
3AjcC4ZBtAKgPRZKGhTfoKkqtyeDjvWyjeJs6WLy436k,Bronze,1,HELIUS_METADATA_BASELINE
3Ak21W4URPShUQbQY18aafCWyzPijG46T9Dg2mwjS5fp,Gold,3,HELIUS_METADATA_BASELINE
3AkQj2yEyUVrSeCvtnZFgZh3byXxQFHh6aJ4pP9apqXB,Bronze,1,HELIUS_METADATA_BASELINE
3Ast8Ce4mmgbQd4qTcRBmSkwbRyPXadvnSESSWm97cTe,Bronze,1,HELIUS_METADATA_BASELINE
3B6osheKL43xSXNDWnVp7zwTfQYSbumr7wfMdcLJncBv,Silver,2,HELIUS_METADATA_BASELINE
3BHiRPgukxyyLxaTBLcxAtMe4sh6WRCYeSH2EmLoS3yW,Elven,5,HELIUS_METADATA_BASELINE
3BQ8y9VZQfzJqmhqHnYvzMTrMmA9GzzZrwejyLjjUoSV,Bronze,1,HELIUS_METADATA_BASELINE
3BTAHwP3xmWDw4RVJJRJbjYLBdnqxXR2wPdZzsuy5PAs,Silver,2,HELIUS_METADATA_BASELINE
3BU8tL1vrGXDXK5dknBZVV4hpjNDwyWQrfY1HhhUq4ws,Elven,5,HELIUS_METADATA_BASELINE
3BZWcRawNo5LFXS2jHyKJmz4ak8Gv58keYrtNdVwR9FM,Gold,3,HELIUS_METADATA_BASELINE
3BnhP7P3CjCgSnVpCAkeRRUyU7Re51mCppGXrEnK3TjU,Bronze,1,HELIUS_METADATA_BASELINE
3BqNYQGzFMyEF83ovCZ3AdNQeFByXsyUeLdydtAkYAZD,Gold,3,HELIUS_METADATA_BASELINE
3Bqd1s3tvDUMN5RjpN2bngUDZaa14ydYwmhYk1dRWShH,Bronze,1,HELIUS_METADATA_BASELINE
3BsiZYtVVTN8eq7uayED5dXUJZGDzWmYQUgmoxBkDWuG,Bronze,1,HELIUS_METADATA_BASELINE
3BwUjwMnSiTPqcht5D6SPSMmFNW1ET5eQpQEFvzSF3eS,Silver,2,HELIUS_METADATA_BASELINE
3CNuYzxWph5ceod33cLxtJ1W4WfYcJx5oou2d6KTo7eG,Silver,2,HELIUS_METADATA_BASELINE
3CbsaB8rg5VfPu1P7VEwBG6cPgB5WcisK2pYBE3DQcTg,Gold,3,HELIUS_METADATA_BASELINE
3Ch7m2eJ8rq9UYuk3YVWBdrWEjbDKtsokKrizrtf7etn,Gold,3,HELIUS_METADATA_BASELINE
3Ci8aavCcgGkZq9pYuVZa2awoJVr5TncJzdu2oTzsm38,Bronze,1,HELIUS_METADATA_BASELINE
3CqbE1hs8CXxKHe2112f1B7XvSKHdnCGu2QEwW5km3n4,Bronze,1,HELIUS_METADATA_BASELINE
3D5tGYV2hj5m12JJ2t4KTugA9yNw6azHKaEE19GzznF5,Bronze,1,HELIUS_METADATA_BASELINE
3DDLtz6JSQUd3CdvffuCDwW2ej66dyqjJ7nM8VaxVLs2,Bronze,1,HELIUS_METADATA_BASELINE
3DHTVxZ5wiGMgoxRZioeptCi94Ez1FDD17nvp1knBepd,Silver,2,HELIUS_METADATA_BASELINE
3DLkHJKxKeEwjSopRhWiQ3BMpRUmN1xigKPCYqKn2X4D,Gold,3,HELIUS_METADATA_BASELINE
3Dms5ssWz41NxohHEiTnjKQv2iWfiwLBaaC3TNLYpmog,Gold,3,HELIUS_METADATA_BASELINE
3DqXFnRdhEi4uKfrJoytuCAaf6dVnxLWFtRGqKCJuX4g,Silver,2,HELIUS_METADATA_BASELINE
3E25516HmSieGWNH8Eq5WYeY5qjWW8QZS1P5V1qnfxah,Silver,2,HELIUS_METADATA_BASELINE
3E3eM1SqwvHfEahGxmnNBXzTjhMcHtajyeoQE6vv5rou,Bronze,1,HELIUS_METADATA_BASELINE
3E5D9XsXHUBjkwUbE8cwUCHWRxxeHjpPFL4CiLzB6Z8N,Silver,2,HELIUS_METADATA_BASELINE
3E93meBKgVfiCrEg788TpQvZ3c1wp4pc7tbCoHHdyggA,Bronze,1,HELIUS_METADATA_BASELINE
3EGMfZffXkZnV6BFZRTYCHJCEp2DZzmJVvDGNbbCcCKn,Silver,2,HELIUS_METADATA_BASELINE
3EH5aXa9ZhXRg83gG5C6GJnFZsUBYtz3osHtC3xgn6vy,Bronze,1,HELIUS_METADATA_BASELINE
3ER7mrsVQ6ikCp3zXrWFuXGFWKv2DVxVKptwSqy2YCce,Arcane,4,HELIUS_METADATA_BASELINE
3EVGBXMvXSK5kBjfjpxbxSKppVXyA8A73GR3aUMLmsEd,Silver,2,HELIUS_METADATA_BASELINE
3EdgzfK3HoJCBheMLUhkqVj548myTzoxAuYMrojcoVYL,Bronze,1,HELIUS_METADATA_BASELINE
3EfSKu2ivVvZbVXhUsNF8nrtRSSFPoFC4uGDjuQ54zqs,Bronze,1,HELIUS_METADATA_BASELINE
3EfeuCGDCVb7NG6sd22FGvobgAzMUax7wQRnw9EFMH3Z,Bronze,1,HELIUS_METADATA_BASELINE
3EfoV2Pm2QPXLTn69T6fwDvFsJSGnXNPQqhMaqm7jePo,Bronze,1,HELIUS_METADATA_BASELINE
3F4HZ17J4JpjsR6kEoLWBsTxocfxg84wL6VnW1HuZnVT,Bronze,1,HELIUS_METADATA_BASELINE
3F5w6nanG22JJkPfDxcQpXgPWTkFymTL9iFq6g4wXCp7,Bronze,1,HELIUS_METADATA_BASELINE
3FND1iGfbVqJdYSccb4CarYSzq7caHawjxnyd3Kz1mvF,Bronze,1,HELIUS_METADATA_BASELINE
3Fioj23rEZXYD5Rtxo56g9zgq6T5mTCgu83SmcuH8N8d,Bronze,1,HELIUS_METADATA_BASELINE
3FkA38cFMqNSzfhsa3zn5mTdTqbk8j6ufz1LoZJdLeBU,Bronze,1,HELIUS_METADATA_BASELINE
3Fkiaegp3bLS3LYcCspyffPj82ozDWGAufZ4Cawj3VkE,Bronze,1,HELIUS_METADATA_BASELINE
3FsVyU4cYNfofhN7qNezZ1sWmXdJG3RGtWsNATVdUbcZ,Bronze,1,HELIUS_METADATA_BASELINE
3FxQsw5tEnubw1zZeHZCGR3Nx7pGRx59HqMvfuMaJMSz,Bronze,1,HELIUS_METADATA_BASELINE
3G7Re3veVYnf6ZgvASqXWYkdHoVLdfNKJNHevY2fVadZ,Bronze,1,HELIUS_METADATA_BASELINE
3GEFd72UmvubUE94Ho79h4AVRbFrVVxoDkqqCZun4NXY,Silver,2,HELIUS_METADATA_BASELINE
3GFTR1S2pM7cxqUvnJYw54hSQfWZeKtuWCSrTe7fQkzE,Silver,2,HELIUS_METADATA_BASELINE
3GG35tTiReVxMNUyjkfBm6dPDzuprzqsBBtEdMSyduFw,Bronze,1,HELIUS_METADATA_BASELINE
3GKwZ6fv6pavKG2sFS6htVBXwVnnqz4D12smiVg57Et4,Bronze,1,HELIUS_METADATA_BASELINE
3GPBxXFAvpkeyHhtRSbFokDJRSiBGDRESyTtrMiAPHoo,Silver,2,HELIUS_METADATA_BASELINE
3GbZwbeVjwCGRAkD2gjcGypFa44unFuoDW3SvZ5xBv8x,Bronze,1,HELIUS_METADATA_BASELINE
3GuSVEikDsdGk5dApCXqwsmLZJEgUzbj5nB5rcBAczkb,Silver,2,HELIUS_METADATA_BASELINE
3GzD7ohYLf324r4GkG3cZmzDtqzx6xgpBsCw2LfW2gkr,Elven,5,HELIUS_METADATA_BASELINE
3H1o2LACtX6BgaoUjVQPVoCy6Sg59TgEhp2jCb8kGnkM,Bronze,1,HELIUS_METADATA_BASELINE
3H3eD8YjS7LKdEcFDQq6xdwfnteBaq7wPtCAio5GB12u,Silver,2,HELIUS_METADATA_BASELINE
3H61YsQTwh5szgUhFTyBzfWLboG1yUvh8NGaCJ9C2wHt,Elven,5,HELIUS_METADATA_BASELINE
3H7WFwb536ebV8MpSDuodF1Ua344923ogETqSD6N5Zzt,Silver,2,HELIUS_METADATA_BASELINE
3HBMcAjYKbX1NVVTi45jLHvuk4wKnr45e8Zk17xB1fHB,Silver,2,HELIUS_METADATA_BASELINE
3HTLuAEhJFaPDNX3kmPJQr3WW8bMJauvu9osRnCex6Ev,Bronze,1,HELIUS_METADATA_BASELINE
3HV6SyvSTnQGMvLJmvJWmjXyy3du6oiZRRPFkK1ixGW1,Bronze,1,HELIUS_METADATA_BASELINE
3HdKfhe1aoSqAyodiELL9yKVqzJvarh69nWzruTwY3ok,Bronze,1,HELIUS_METADATA_BASELINE
3HfcAFCUw79XuoK5bB1fgroN9TengGzZ7zpNjZDRvJf6,Gold,3,HELIUS_METADATA_BASELINE
3HhD26frmQSKppKK8qkwipnEZkVwaJzDQk4MXR8b2cM1,Gold,3,HELIUS_METADATA_BASELINE
3HkXs56vc49HUs2tEYxTtUTpPK52qCSxRYb9veZ9Wfu4,Bronze,1,HELIUS_METADATA_BASELINE
3HmW1LfiF8WWgAPvomT5zo57YhJkTiBZZ9vWQWkfcX3s,Gold,3,HELIUS_METADATA_BASELINE
3HvX8z4YQhmzsaRBhJYeH1zW8myAtXq2cunTe2KysMFv,Silver,2,HELIUS_METADATA_BASELINE
3JAPHzKkAXKBtugDJEdBNVmuMySnuryGhThsASYbYq1U,Bronze,1,HELIUS_METADATA_BASELINE
3JDqoijN1FyDKDAo1bfWYuDzV8Fh6hr9bqdaYpaDEEaa,Gold,3,HELIUS_METADATA_BASELINE
3JFQADXzr85wV2VFzXSLemAHHU4UtTB6bJzvLrbW4pwb,Bronze,1,HELIUS_METADATA_BASELINE
3JRpiNwdaFZmzoqqzLtNH6EM4wi5fxnkJeztcWQ5xqyL,Arcane,4,HELIUS_METADATA_BASELINE
3JRwR9RdaxTszoQD1qs6STHhofrs2QV8MwFMXovoBPwi,Bronze,1,HELIUS_METADATA_BASELINE
3JSw5fY4He8Yu4X1ZfFKq6HVw2JLvDnGqU5NcnvFQKdz,Bronze,1,HELIUS_METADATA_BASELINE
3JWDE4TrCDfBzykTVPKgFiutW5GmR7apKcf2oS9FuRTk,Bronze,1,HELIUS_METADATA_BASELINE
3JWuhZjo73pdp5EhnKnvFRn1Rr95T8ShntqESX3AhubL,Silver,2,HELIUS_METADATA_BASELINE
3JY4ZjjdGYeWac1oAsZCDE87tLApza9UKyLvnLhi2tdi,Bronze,1,HELIUS_METADATA_BASELINE
3JhrUVyaHT7WkCR5HpWFDouP3LzPr3bh76Z5zLRwfigd,Bronze,1,HELIUS_METADATA_BASELINE
3JnrhiTveatM9UqfGaMVxomMQhhmumcq5hcxL68LSX8L,Gold,3,HELIUS_METADATA_BASELINE
3KAZoh6aXJgYjQkNu7v3ScujocVFJsbu8RsBu8FDXehY,Bronze,1,HELIUS_METADATA_BASELINE
3KPBJikSkk3jBHV5hjmLeuGETdCDvmZaHQPHx47eXXPb,Silver,2,HELIUS_METADATA_BASELINE
3KQz9WcW2vVpC4FER9hxBv8PTNyPNwXWYt2bM6Wsw19d,Elven,5,HELIUS_METADATA_BASELINE
3KbKUgv2NAk8LdBVgoJvNq5MN7Wd5XrQkuDRpydmvG3Y,Silver,2,HELIUS_METADATA_BASELINE
3KpF9eLYGNUEZUCtyZHgMBM7Rm54j3uo7tyyMFH8TGJk,Bronze,1,HELIUS_METADATA_BASELINE
3KqNzuN9AiPNMovHH8z5PUKuXkt1GQAV1bmoWCNqaPFh,Bronze,1,HELIUS_METADATA_BASELINE
3KyGBXPJQkNpMd6ezgZXu7pKDXT1v9gWmsxuhJMsbXNq,Bronze,1,HELIUS_METADATA_BASELINE
3L35VmDFYMexa8VRLybpUNv2B5YjFuCLPPfpAD73uUhZ,Arcane,4,HELIUS_METADATA_BASELINE
3L6K73BoxuzhX9VcTD38Zer5UFR8cKxTXCxiZZCXE1c9,Silver,2,HELIUS_METADATA_BASELINE
3LFeJJKjRSASwCUuwtCwXgWJjCnmHCneeTsMxMG9hwj9,Silver,2,HELIUS_METADATA_BASELINE
3LMAcH5Hfn6MfxqCS4cX7eV562CqhPgp8Sf4mn1qhPJN,Silver,2,HELIUS_METADATA_BASELINE
3LMQYYV3cGXu5D2SrzB3oBd9Wj4ZEiqjvPMUKzGX3jut,Gold,3,HELIUS_METADATA_BASELINE
3LS5omoBcL2L9ekwYQKy52Jq3LyrsncpLqmp2QmTCH9D,Bronze,1,HELIUS_METADATA_BASELINE
3LUchdNbmQy7qTucLGF8Q9A9ykenNmCRTMdz6CQdUfQs,Elven,5,HELIUS_METADATA_BASELINE
3LboA3vzYVuQKpxKvDCNJaccq5W41TZnRLm4WpffqyJf,Gold,3,HELIUS_METADATA_BASELINE
3LpYWb2sFagUec4K6TgFrDvhbQYuTcoVpdgMG5c1te5n,Gold,3,HELIUS_METADATA_BASELINE
3LrLEMBsPPzhD1x7sCK32RtnogYtoS3agea98bY1awC3,Arcane,4,HELIUS_METADATA_BASELINE
3LsiZsitCU9fkzCpyCuuAiXSDv5wCEgNRs9UjwFAxC4m,Bronze,1,HELIUS_METADATA_BASELINE
3LyqE33Fpom6fN3cxw6Ks7MgJC159LAm97Kp8kzXEgoj,Elven,5,HELIUS_METADATA_BASELINE
3M8E7hK2GG2cvfBRrrCW6rtmzedXwH2wnkYUsVNu74gZ,Gold,3,HELIUS_METADATA_BASELINE
3MVA2rVEgcnPeDV8BtfUNh2vntu97XQRrWSpNgVmKVby,Bronze,1,HELIUS_METADATA_BASELINE
3MbMdWUmPjWzKgCpshosGU4m1xBqFfc179N4Xc6exFpL,Gold,3,HELIUS_METADATA_BASELINE
3Md8cigf83MiFqCSsLaLwfAVQNp531DKdfZrAUQt8dzh,Arcane,4,HELIUS_METADATA_BASELINE
3MfQ9KgGcccRNSms1V3xgjr6AK3hjrEFLybCPnmqDTux,Bronze,1,HELIUS_METADATA_BASELINE
3MimLszMt3DYQGcroEbmKypkXJE3QdomL9nUiBFQmC9S,Gold,3,HELIUS_METADATA_BASELINE
3Mk2Cs3vGjQcWgDCcbnDsLResKLAJsh6vWhgKdfYJmLL,Bronze,1,HELIUS_METADATA_BASELINE
3MmU7ozNVkMW8f5LUJfKcL4yQf5GLKDtcpeokEsA2Uim,Silver,2,HELIUS_METADATA_BASELINE
3MnsF6KUuMDmNAy9xGGPZDDwter4fApgSMhCC4xtqGfr,Bronze,1,HELIUS_METADATA_BASELINE
3NPLCuvxv8SynHBBhYBy3EQj6PktMbEFfTZKGJTxyRyY,Silver,2,HELIUS_METADATA_BASELINE
3NZuhmzkdC5vE39TVumUo2YRbmBF4kofVcyWmShSx3tY,Gold,3,HELIUS_METADATA_BASELINE
3NbFmxhKsTRBdZhfonyBi4WUpG1J8vvxHahjE8LgsfF4,Arcane,4,HELIUS_METADATA_BASELINE
3Nwq2oRHZ1SbenWVs9GsaS3Kf9vBZ6kuqC2Xk4qiKY2m,Bronze,1,HELIUS_METADATA_BASELINE
3NxPFYf4bMojvnDrDenWe6fAcyqS6KvUeVytDgDAMr9A,Gold,3,HELIUS_METADATA_BASELINE
3P3RV55LG5XpKXxGmEAMTDGd7ShTyvrUt2wa9K81J6TW,Silver,2,HELIUS_METADATA_BASELINE
3PGYrPUxLUXXu9DzrhTbdeWh6YMRCmJeTvTVP5BMbGCP,Silver,2,HELIUS_METADATA_BASELINE
3PHsrRXtTYv66SQCXSLeYYP5XCNwEKvoMmz5BrtsaTzd,Silver,2,HELIUS_METADATA_BASELINE
3PmU9r1mtjYEsVg86g2aNruC6g6T8UFmoEfebCECZJGu,Elven,5,HELIUS_METADATA_BASELINE
3Ppyj2BsWoN5VAArHuQmky3RbJKWyNSQdS2gamJCNV6e,Silver,2,HELIUS_METADATA_BASELINE
3Q2yNquncEXAni46gAnjW9dYBhjTb7TencEHkTXnRuAh,Bronze,1,HELIUS_METADATA_BASELINE
3QDuodrNaHPAY1hT7ZcZYXospjKUAxhzbXV5o6wyoDcR,Gold,3,HELIUS_METADATA_BASELINE
3QG3ffwvHnpyE9srAU55qEHWXm2sfsUJm5UpMz9YzxPx,Silver,2,HELIUS_METADATA_BASELINE
3QG8mbG1mexHgK3yXXVUVj8311AVCPhNYAmJwvtZbfts,Bronze,1,HELIUS_METADATA_BASELINE
3QUoWjYACv1xfYHiy47vUP6jHM3yJ3N9o7ZoCnFTPRKv,Silver,2,HELIUS_METADATA_BASELINE
3QdvAfG7qRkjNDDhdySUyNWKn4Ct5eJt1zQ93jjFpB9C,Bronze,1,HELIUS_METADATA_BASELINE
3QfhaGKUaYRspsrq7E3WG3PVUKGeBhFTPEMK9XjGYpq8,Gold,3,HELIUS_METADATA_BASELINE
3QhQHv97pLVDS2rZ3G7Ghqa7WZZuNXsW7D9NU13mLvKu,Bronze,1,HELIUS_METADATA_BASELINE
3Qj187CE6UvjzyCFegf9myE7Qdebg5ohDdxY8mzp3eNA,Arcane,4,HELIUS_METADATA_BASELINE
3QkMj1ogGBk4JKZem4u5dPAFf1mPzwm7q9QZdG3mW1Ri,Arcane,4,HELIUS_METADATA_BASELINE
3Qmm2RbRhXorUd5xgi6B9zZfRbfB1o29HBDLKQRF5YDY,Bronze,1,HELIUS_METADATA_BASELINE
3QqECGLpYKk5uc5zUVmZKLswfRj4jBHQ7pMXtDnKYLRB,Gold,3,HELIUS_METADATA_BASELINE
3QrDEJQetdUVfEmoK3LdPxcAEgZa78LVZxf5EZk8cMuo,Bronze,1,HELIUS_METADATA_BASELINE
3QsqCGX6Fv1ZCkiTtwfSgRcwvdqNdR9GoPuZNqYRcEMa,Gold,3,HELIUS_METADATA_BASELINE
3R6BC6mQSbJLXHNRsL2v1WYFi6yy94eJF3ALc28hMz4z,Silver,2,HELIUS_METADATA_BASELINE
3R6KvED8J28Kx8Z8FXRr8HNJj4ECLbiQ1rBPjsja7BBn,Bronze,1,HELIUS_METADATA_BASELINE
3R6brGT5VfHMVDs7xSjEMmYfHLdF6WLgHaS8VgVUYDvo,Bronze,1,HELIUS_METADATA_BASELINE
3RHcmrxTFHVcmBHnf4asWfdv14TwmLWagrZpQL7o5z28,Silver,2,HELIUS_METADATA_BASELINE
3RKKiD9YU2EireRm3PNR143adsVSa4yJEmBAYkPzoejZ,Bronze,1,HELIUS_METADATA_BASELINE
3RQVt5H3nmttrjVraDAiWhor6G5V7QFRkRmcCFG8P1w1,Silver,2,HELIUS_METADATA_BASELINE
3RTCYBTwfCgU8c1w4pMXmttxRge8MghPgPNTh6Cy3hjk,Silver,2,HELIUS_METADATA_BASELINE
3RZ7fTqi53Pd1Z4LW2Y5VHugBGTHPpFbHtpt6XeZfbgU,Silver,2,HELIUS_METADATA_BASELINE
3Rqjkh8hDNEQXfT2nYjDwkH7rQFjiHXwGMHKaUv5Mdf3,Bronze,1,HELIUS_METADATA_BASELINE
3S8vosMWov51Msmp9sQF8emJbLsiqdbc7XhfqaJtvEcV,Gold,3,HELIUS_METADATA_BASELINE
3SAEQ5EmHZyGYjiqngE5xjcS2Q97byLQNeUQa4iPQWgs,Gold,3,HELIUS_METADATA_BASELINE
3SBsmBhvcWisYnLXYq5KeB1XMK6Gd1VvXuvPD77m1XnR,Silver,2,HELIUS_METADATA_BASELINE
3SCwkKnqUpz2psm9TnTvzA8zcK1KUF9PT1zLjy6E9hpV,Bronze,1,HELIUS_METADATA_BASELINE
3SEFNYNBsvk9vXK4YvcTFXRjtvSghK2vq8dz3Lo616B5,Bronze,1,HELIUS_METADATA_BASELINE
3SFQTAM3qowaR9sPdXgdT2okyhAynv9UUijkfu6FGeQX,Bronze,1,HELIUS_METADATA_BASELINE
3SMSgCs7TvvqgW2HjEs86Cu4Pg3Wapf2b3F8NbjXfJaZ,Elven,5,HELIUS_METADATA_BASELINE
3SRt62fHZeagh8cJHiPARGgUtUG5FeotNnei3ekcRrLP,Silver,2,HELIUS_METADATA_BASELINE
3SWcTX8r86vgwC7LYFyhNWnw5RWECjZPbQVQiKBHd1SD,Gold,3,HELIUS_METADATA_BASELINE
3Smzo4X1uJLaccSJe12YuykbJ4MsRoaJxmPh4SYyVcwF,Bronze,1,HELIUS_METADATA_BASELINE
3StZuvD5q1G2ZWUSSgxxYCbnarbLiBZ9CUcq8AW4aRAh,Arcane,4,HELIUS_METADATA_BASELINE
3T3sj9sFgBQpaXZxE5u18P3x4E8KuWDFEYePewdkCbYP,Bronze,1,HELIUS_METADATA_BASELINE
3T9et2bBDEYkPjHYrQFmGBPjfPmm6Jw38mDPFtMyUqXp,Silver,2,HELIUS_METADATA_BASELINE
3TBgVdPVeWSinLgCFV1KhYyLs36ECbZvXuENVKAXSMVU,Bronze,1,HELIUS_METADATA_BASELINE
3TCir4mCcB567wYzVErGVbQH1QWLfidQYhQSMHmVofAf,Elven,5,HELIUS_METADATA_BASELINE
3TGWvC3DuNgWVs6yZmmwbqWrviNhZbcjzaJxUQos7aDT,Gold,3,HELIUS_METADATA_BASELINE
3TLL5n9T9aFs7A2poyXnmpj1qSsYGK3jDrr4VxmeUKAA,Gold,3,HELIUS_METADATA_BASELINE
3TMa2mXQYywh9w3E575hwDCoyTJWiGBpk9LEX898g9Xx,Bronze,1,HELIUS_METADATA_BASELINE
3TS817f7e2kVCGgTjmS7asY3SXUucDDUjSG35E36Se62,Bronze,1,HELIUS_METADATA_BASELINE
3TSNDLDr88NoLrtX9wjX3jLJqZ8QwLXP7mN83SY1guXk,Gold,3,HELIUS_METADATA_BASELINE
3TSmKi8MADeyjzdGE5RuK5TnJtJ5KjFfqGXfo5zBWa69,Bronze,1,HELIUS_METADATA_BASELINE
3TWoH3Wp9dvKTxzAZfPRXSsyVRKcMvUVakZk1SyyxLEF,Elven,5,HELIUS_METADATA_BASELINE
3Tcn2A6aik1L9zSnHC3UTBLcnQnanQg1TnaEw8A9j4sQ,Bronze,1,HELIUS_METADATA_BASELINE
3TeaUu6yLo3LrYk7wRF4M8Foquarm8qoYqESSaPPQME6,Bronze,1,HELIUS_METADATA_BASELINE
3TvH1SNqGV76Q8H9njCDzVVcCeBH9ivGCmFCcMi2KTtJ,Silver,2,HELIUS_METADATA_BASELINE
3TyNcPrYUAdTSGdBHJdj8AuJtZsRUWM7MmYTtpxTka6Y,Bronze,1,HELIUS_METADATA_BASELINE
3U9KfLuNTuFRvsMsJUNsWHs8zxBn5ny3MYpMfQUZuohz,Silver,2,HELIUS_METADATA_BASELINE
3UHT6HEEeN9ybpabe6Z83M6oRRRWFoeLKa47YnEHMVVa,Silver,2,HELIUS_METADATA_BASELINE
3UKUf5jBoPY2z1i6douri2MqgosE5NVVh9Butzua8M8E,Gold,3,HELIUS_METADATA_BASELINE
3Uc9o54P2h54dbGcdbgHCJsZ57fk8R9drJw8ALFrLSZL,Bronze,1,HELIUS_METADATA_BASELINE
3UnFXyU5YsisdkBcRY319A2SEWfujvMhdR4i2UrPBL1T,Silver,2,HELIUS_METADATA_BASELINE
3UoT16F53iHu3bqh93MHG4gra8pqrKGUTvmBNUGZPc9R,Silver,2,HELIUS_METADATA_BASELINE
3UqTcdy7cYsegnzKAs7EA3uk2R9B9k47Vu5aXYBhy4VJ,Silver,2,HELIUS_METADATA_BASELINE
3UsWTJFRUSeEimmXZJbVGAmcSBEckCHQd26UxNtBChyw,Bronze,1,HELIUS_METADATA_BASELINE
3UuvtsAqatmATNHoo18ETUsgTHbsHYVrs6mdDoJsZ96q,Elven,5,HELIUS_METADATA_BASELINE
3UxqNQLzTNMPc6NittgptV948DjBmtWYGrm6egHC76mU,Gold,3,HELIUS_METADATA_BASELINE
3UzMbZyzFZUWyWqFGwMgq274jY35dGS7xMnFfYbZs7DX,Silver,2,HELIUS_METADATA_BASELINE
3V4yUHH7BcTgLfKqznYtkprh2hDCpMroV9HFqXq9MsTt,Silver,2,HELIUS_METADATA_BASELINE
3VHYRX4EpPWgajQZzsPqmSkciqJvegiDsZK5AAsuJxN5,Silver,2,HELIUS_METADATA_BASELINE
3VW4TSy9HmU2oYt51MVRH1oBMJaeDp6ojGwB7t3bTDvv,Bronze,1,HELIUS_METADATA_BASELINE
3VYxc4QzuJLGCoZgcef52FRA8fzfM9Vrie36tTG2FFfo,Silver,2,HELIUS_METADATA_BASELINE
3Veud1Tq1BgjyBAQSxzYV32zrbomFtu8N8iyaMjpY1Xu,Bronze,1,HELIUS_METADATA_BASELINE
3VpdgqCAmgB2s3enrA6T9tjLWfQmLgDj9NzR7uXco7ta,Bronze,1,HELIUS_METADATA_BASELINE
3Vs35MeqefNsgPyuW5rEoYibPJjmYqF94WQ9YsTnbwns,Bronze,1,HELIUS_METADATA_BASELINE
3Vy5TnYegjf8DMgB5tDkimh2AA5HwdsiQN8sbn6oMjEj,Bronze,1,HELIUS_METADATA_BASELINE
3W57Dgwq2G1LBFhve2Xosww4XFeFH2VJvdZ2bQG8serE,Bronze,1,HELIUS_METADATA_BASELINE
3WHEuD4g6c434d1o2q9DwULKEfeAJ3WsJT31wTHsPx3p,Silver,2,HELIUS_METADATA_BASELINE
3WPuSGuJRFybQBpxdbeX34SB8ae5V4WGao85U7CFuLHE,Silver,2,HELIUS_METADATA_BASELINE
3WYwTNWRf2uZVLYpAKwz4DS6VADeiXfdAJLA1FCbncwu,Bronze,1,HELIUS_METADATA_BASELINE
3WkkePjz9pyX7tR2vhWYQP2rBpukH6RQ1N4Tr2jjy2jK,Bronze,1,HELIUS_METADATA_BASELINE
3X85z8BP91UJGbsAEpzpotnHFvsHBgDNs7brWGdoeZE9,Bronze,1,HELIUS_METADATA_BASELINE
3XAvssvqnQHGF5WG8Ln9HfGYtVqcodrq5bBY4PWnrrUM,Bronze,1,HELIUS_METADATA_BASELINE
3XCaHApHkSnjFjH1ipUDV6mcXdEPkQqgQwS1Sks34EsN,Bronze,1,HELIUS_METADATA_BASELINE
3XDbAAV56pYSGu84jimeYNsXPZiUabTE8EmWKWyd5WqC,Gold,3,HELIUS_METADATA_BASELINE
3XHeEdgKND37ji2N69r1nCdE7vudSegMeLuuX6kzqsEW,Bronze,1,HELIUS_METADATA_BASELINE
3XPLyhkmxjJoz1hbFeZBdFfiNFbp9ZBM6J895F2hh6uB,Bronze,1,HELIUS_METADATA_BASELINE
3XSWbphJZgLAyJnfvLxkjr4KAo34p5fTNM6BGHwYFmdy,Elven,5,HELIUS_METADATA_BASELINE
3XTVjdv2Cz8HzvVa8rJAFq6NmCh8gkeCpt8tiMSHcSMk,Arcane,4,HELIUS_METADATA_BASELINE
3XUBJVWSGQWPRSim6utEqV6oV6Stegge4qdpkuDZKbzT,Bronze,1,HELIUS_METADATA_BASELINE
3XXccLARSBec17Tfyn7o71WerWah8Vpo1SkaXLQhyaKN,Bronze,1,HELIUS_METADATA_BASELINE
3XiTtGzbHfExp98MFPwg2Kv4CsDRCAeKiSBWwm2DvT5N,Bronze,1,HELIUS_METADATA_BASELINE
3Y4gPgoc5WVahzoodmM8reQ7wxaBuCj1rNGUy8AaX6VH,Bronze,1,HELIUS_METADATA_BASELINE
3Y9kfpmwE4AnRK764GQxF7KEyHAWo52JjpYgPNG3UeYz,Gold,3,HELIUS_METADATA_BASELINE
3YDVNz5X2xinHbEeCGExJthhrDiHXToLXtFJWwWExDes,Gold,3,HELIUS_METADATA_BASELINE
3YGNpjcHT8dU8b1avywnueKLukc26beheeEjagMtP5mu,Bronze,1,HELIUS_METADATA_BASELINE
3YjhedsVBx8ZLByyiog23d1Bk9HvrmXfyRW4SbyuiE4G,Arcane,4,HELIUS_METADATA_BASELINE
3YveQ2WXvKCyxXk7Yf5xamteLxGLDJMXC6JZcLAiycCN,Silver,2,HELIUS_METADATA_BASELINE
3YwSm4MBXDnpdBadRtdRC6oMifo7nwHrbTPM8esCCftj,Arcane,4,HELIUS_METADATA_BASELINE
3YxHkKmB1zJff6X39NW8cgVYYbVUq1QQrbSCR5a9o6ZA,Bronze,1,HELIUS_METADATA_BASELINE
3YxdvaAzjC2AGJUoap1GrZVK59MN8kPhgdomhpvk6bWp,Gold,3,HELIUS_METADATA_BASELINE
3ZACdyKmCZLJjeC8GTe8JxQQKgmavfRNfvYN8fwfiBHx,Bronze,1,HELIUS_METADATA_BASELINE
3ZCAeAExM9EkFu52rWM47gmcYPqdhipUs1zJAm5nuHvM,Bronze,1,HELIUS_METADATA_BASELINE
3ZMcd9p2HrLEeHYqcAJiRghsq34P1PPFwMRarFxg7mp2,Bronze,1,HELIUS_METADATA_BASELINE
3ZbeFQf2Rq2cDyqrPxYY3H6X7eWqT6vk9bCfgnng4wLX,Bronze,1,HELIUS_METADATA_BASELINE
3Zue5bGcZqFrWc33qJm83aJrczbzEB4vJjb6MBuAVJW5,Gold,3,HELIUS_METADATA_BASELINE
3ZxsA5ArhiL3RGhNPiyYdn9PrzTPWuQw8awE28xCAvQh,Silver,2,HELIUS_METADATA_BASELINE
3aAGW9u3aJtCovpP78TxpvNfGSmj13FQm7b5GdcKtWey,Gold,3,HELIUS_METADATA_BASELINE
3aE3HmHwSQPWqJjFLGhfM2BYrrGXNTXktqJGdtQvYNJT,Gold,3,HELIUS_METADATA_BASELINE
3aFAjSVJ26Sgk27JMNv7RrdNDRXQBKXT9EV1LJUZ3r8u,Bronze,1,HELIUS_METADATA_BASELINE
3aLgJxWq7zw566YLM9fEb8iSnkkvbN3v8ohTb4EQ7nmY,Silver,2,HELIUS_METADATA_BASELINE
3aRuHES6MLFEWsvMww2m7rCkKM93UHCNCfCV9XL3hXNn,Bronze,1,HELIUS_METADATA_BASELINE
3aUUwZ4yp1UpypBTT8h32QNDVVQVBHgWzodR7W3GRVEM,Bronze,1,HELIUS_METADATA_BASELINE
3aczz2xRseQjedtRy1UCWNYaX87dCm3atqFuQ1wZEC5n,Silver,2,HELIUS_METADATA_BASELINE
3aeqVW9MuEXchnRtWACSKuZVS3FNyhAfUbJMGjrQ3N8S,Elven,5,HELIUS_METADATA_BASELINE
3agdjyJcKyzmnsvqzvNnkNWpTFbHCn1mZanBhJr6hyZE,Arcane,4,HELIUS_METADATA_BASELINE
3ak1Qu4MWtXornQYP4LhTAaoiLg9HaPPC1UgXUNPqPiN,Bronze,1,HELIUS_METADATA_BASELINE
3aueewRnayS3K7T1t7ToPzZigSPLJm7ZsdFPsumVJ3gM,Bronze,1,HELIUS_METADATA_BASELINE
3azcV9qDBkoBvw1UnUdPiCzXu2717yffoT7JbTUDi6vQ,Bronze,1,HELIUS_METADATA_BASELINE
3bJ88CSYwXJ11DiW6aaeQixgDs11UdeBWizMfATT1c8T,Bronze,1,HELIUS_METADATA_BASELINE
3bWxtDjj4Agy7bFdzAPVMkRXKoWawQfZoTQsVK2RN7q5,Arcane,4,HELIUS_METADATA_BASELINE
3bbnYkKjWw9EQnUQaRfiSyLSpGFaV4dN3X1TKpjc6NCU,Silver,2,HELIUS_METADATA_BASELINE
3bef1LHru6pba29U8KnLt3nJkxMyFLfW262KTLS2zF5c,Silver,2,HELIUS_METADATA_BASELINE
3bmk8wgu3gnb4FM7kjJFkmRat8okYcbnqxqVcuXa5fTN,Bronze,1,HELIUS_METADATA_BASELINE
3bzNKkjJExidB9CfpCx1oWo5MMjogZzByhw419Yriuru,Bronze,1,HELIUS_METADATA_BASELINE
3cA12thKNTbMwM1PfKSbapzUVm1xKczL29euoHCz3XYb,Gold,3,HELIUS_METADATA_BASELINE
3cC9rGVjVgs35ZC5vWr78AFYecqqgr1H6mV1CR2LZKfQ,Bronze,1,HELIUS_METADATA_BASELINE
3cCX1bfXzWcot64nmTx1i3TJLT6Nqy81vk98Qp7ML3RA,Gold,3,HELIUS_METADATA_BASELINE
3cGFfW2KzsvLtpe8upwYFE7fxrwAEDJ3kZzAw2cSnmwM,Gold,3,HELIUS_METADATA_BASELINE
3cTHku1Wu4TjdKEPn3zDBrs3TZxyW75HXFJZ8zjeKfh1,Silver,2,HELIUS_METADATA_BASELINE
3cbCxdns2h71Erh2x5WEqX4LSk82biU5CroVo5ndkES3,Gold,3,HELIUS_METADATA_BASELINE
3ccDx9sfL3FwXScu7j6p7hRzHm7TfkaT1p6mdGohzaTj,Silver,2,HELIUS_METADATA_BASELINE
3cwBnfbmb2qSFc9jnPmK5dtwCrAHPVVtWfKGWn1rEGrt,Gold,3,HELIUS_METADATA_BASELINE
3d3HRVUaGkuoVvXcMePjzUb6vqZBgrkEauqwYsAhUsUA,Elven,5,HELIUS_METADATA_BASELINE
3dQmNbFv3maVJndxsFW8CgNZRFEBjfm4yJ8psA67oKk6,Bronze,1,HELIUS_METADATA_BASELINE
3dbrQ4TctnjvipyDB2DKtTzKA3ANwubnNV7TDzGieh1q,Bronze,1,HELIUS_METADATA_BASELINE
3dkERwDZAxTnioSKyxEmf4rJMGkadKgUdtNw7rRxFBoA,Bronze,1,HELIUS_METADATA_BASELINE
3do4kBd9WRrchthoPMNeQ93p8zXB5Cwmj4qs6jpsxwJt,Arcane,4,HELIUS_METADATA_BASELINE
3dwqPTn2yJFinY52DyRRW7zacMMyjcttmxcnj3w2biLr,Elven,5,HELIUS_METADATA_BASELINE
3dyoh47SXw4UTTRAmKXU72RYFU2arwvjcGExBhgRgTgo,Silver,2,HELIUS_METADATA_BASELINE
3eAWLJdx7sGLuiLG4N6rUf7tLUJSBkdGmgZN85J9utnf,Bronze,1,HELIUS_METADATA_BASELINE
3eVuiZ5azv5zTazFdXPqtv9jt4f1gQoSbUXt8mhmKNAr,Bronze,1,HELIUS_METADATA_BASELINE
3eirjjfD63NEKsy9hxv7f5o3NA3yj9DQWg5hxWyBTg5n,Gold,3,HELIUS_METADATA_BASELINE
3ejrxfV6ExZ3f2xqbF19mSkkKppD2WR5yfR1TB2DefJm,Silver,2,HELIUS_METADATA_BASELINE
3em43JFg2iTnHKxQohVt6c6em9LwGAYhbX7gAMhEdeyE,Bronze,1,HELIUS_METADATA_BASELINE
3etqjXn74kHhj6z16ZQSw4FWs4MBN4x4pcamG2PKko6F,Bronze,1,HELIUS_METADATA_BASELINE
3fEqYFRCurrqDQxZKF2dE7Sx33Va3W8VFVi9QHV96oA2,Gold,3,HELIUS_METADATA_BASELINE
3fFZRXGqWRx5iuU1amyWiuTMU46vTcPsr4rExT4UJ1Qo,Arcane,4,HELIUS_METADATA_BASELINE
3fM39LL68zN4EVJAqNweSKUx9dF4UJLX8BdPMUbvUXeX,Gold,3,HELIUS_METADATA_BASELINE
3fTYF7TDoZPtYqGBYUXuZPPrHsWYu5dADL58Ceuprg8H,Bronze,1,HELIUS_METADATA_BASELINE
3fWb29XhrS2aBhRwECqo4H6hySSL6ELy6H3Pd4Cdi18S,Bronze,1,HELIUS_METADATA_BASELINE
3faHbkHqghVzjmw6kjNjHosqegDr9FceaRjkPuDVgyr7,Silver,2,HELIUS_METADATA_BASELINE
3fcXGfnUP5xZ13V1zHNCdNE1WC3ez7egvVMrMdFyQWgR,Arcane,4,HELIUS_METADATA_BASELINE
3fkqk1BuzBsgaa2gB1MgTAg9HZLZeYcADkc48XeDKGVS,Bronze,1,HELIUS_METADATA_BASELINE
3fw655d91JbgysqshVfxMMabp7871K3bNCasHmhaQjKM,Arcane,4,HELIUS_METADATA_BASELINE
3fxH1rsUMJcbPZd7XNL4bxD8M2pEwnxZPiWFjC9bosfY,Bronze,1,HELIUS_METADATA_BASELINE
3g5GjjGjcC7EAcaCTNhoyoHVfjLL21mno7fhrd8BsN59,Silver,2,HELIUS_METADATA_BASELINE
3g9wr9qTF5EM4n7yXBdYmJyqaHxqhyZcyNWS8pVQK6Au,Silver,2,HELIUS_METADATA_BASELINE
3gA4HqSWDgX18PaixwA8AyyWbHhYQyHNoVB1Zer6cyEC,Gold,3,HELIUS_METADATA_BASELINE
3gFPFNnLhMJD7HLbN9keq7Kb2zbeZ5r6DS7V7x4NC4V2,Bronze,1,HELIUS_METADATA_BASELINE
3gHSFVQbxQ9GY87CQaayagQUgWsWoqtQJ3qe2pagZYQM,Gold,3,HELIUS_METADATA_BASELINE
3gNok9Ls7jPsCMdja5vE7xPfQZgm1LznHgnb1NVr3saK,Silver,2,HELIUS_METADATA_BASELINE
3gPutZzKhSHSMYzPGVVd8EAqiaG5cafFRBBypLGKWGgT,Bronze,1,HELIUS_METADATA_BASELINE
3gRRL6wuxUjTwSzVv4VmY2Z7Z2TNtZrpkm7XHqrvGSex,Arcane,4,HELIUS_METADATA_BASELINE
3gXZ7dudcLJGi6AJs3x3USgwWDUXqaeackyLg67Ye2vT,Gold,3,HELIUS_METADATA_BASELINE
3gfDduFRLpeg7kGgmdTRvKUC2ie7SW8DAxMHWLDG6pdp,Gold,3,HELIUS_METADATA_BASELINE
3ggH4K4AcVuka35pCW7hEjdSine6SNwdb4ke4uotycsj,Gold,3,HELIUS_METADATA_BASELINE
3gyFtiEvHVHiiSkL7yUimZXodttoUdATpKUW3mG1hnDx,Bronze,1,HELIUS_METADATA_BASELINE
3h4s1QDrgYsNpjAv7EdxT3YrEtUBZtPi6QPRyQGTaHs7,Bronze,1,HELIUS_METADATA_BASELINE
3hax6jHafPQwV8pvkV1YWEggCqUe6fDBb8J2W7JfmnBd,Bronze,1,HELIUS_METADATA_BASELINE
3hdUwwjWHdREvpmHZJeo2FMEdrgDvJZvaciNX1m7WHJ8,Arcane,4,HELIUS_METADATA_BASELINE
3hdnWWiZw6j83zhinPgokGjkdVgs7wGSyJWZfFjHeZ9F,Gold,3,HELIUS_METADATA_BASELINE
3hduQZvRxskms3gok7wg9UUkoCT8UDELzLNcagFG4AoQ,Arcane,4,HELIUS_METADATA_BASELINE
3hnsweRULYqTsHwpKF4NEVv2BdV8sCBTt41E1kEZUYc2,Bronze,1,HELIUS_METADATA_BASELINE
3hp9vpYn2XCYkEbMwsiNfMrNgXWTgqyvAkRVcYvJDH1x,Gold,3,HELIUS_METADATA_BASELINE
3i1rRwDqXZtzhczpiGMTjau4fWvgkKjXjiEmypCHgSGe,Silver,2,HELIUS_METADATA_BASELINE
3i7bnAjjTnBbnP66jg5oX6yATBapeRfQFqDCCyvuV95X,Bronze,1,HELIUS_METADATA_BASELINE
3iApfuxapXYW6ThnhSCLugtfKiEBW2U7v1Ay32x717nv,Arcane,4,HELIUS_METADATA_BASELINE
3iMUx8GGWcze93M8GZ1ZnQ7srbd35sbZM8yMVg2GufRd,Bronze,1,HELIUS_METADATA_BASELINE
3iQ46nH56tJtRHsdQfrLYp1gADJnLKLgxniaazVDqoj3,Gold,3,HELIUS_METADATA_BASELINE
3iQhdxjGC5PRrJLE6sGTCJxHRJivS7jUgH7BSGKnN2K8,Gold,3,HELIUS_METADATA_BASELINE
3iaPz7VMcALUinRxSPZe1LgZLdNY55gocUdzx24dj6QA,Arcane,4,HELIUS_METADATA_BASELINE
3ibcFnozjECb5ZChYxMLx3sAN4UfaWcRf3DyXrxYynLF,Silver,2,HELIUS_METADATA_BASELINE
3ikBpPumSQ8JnLaXMCESHxkLvhq8BuVjhsFEAHx7PbDG,Arcane,4,HELIUS_METADATA_BASELINE
3inQ4obt3uKShRdQ8hDgJZ3ZBDyETHK4jYYNZuvmysDy,Bronze,1,HELIUS_METADATA_BASELINE
3infoQ26CKho8GYFWkq6E54n3X48tUVxG2utc411xqYQ,Silver,2,HELIUS_METADATA_BASELINE
3iqH4ruJL5tYjwGCK91pT82jrn3J7LLR1rKskZXtejvZ,Silver,2,HELIUS_METADATA_BASELINE
3is2vVTCBJURey9q7WA9XXhsRjHpdb8NTdD4jaEJhEFQ,Arcane,4,HELIUS_METADATA_BASELINE
3jW8gPJpE81BBvTXQPfL3w2oYqsf9igHRXEx2JoFobK3,Silver,2,HELIUS_METADATA_BASELINE
3jXNVhJSGRwWB1rju6m5uJkGRhsGsGyHhZyENEk1QieM,Bronze,1,HELIUS_METADATA_BASELINE
3juYaJWuMoTLipBMGJ81DRR3j5NLW91aQMYEiuHijFwY,Bronze,1,HELIUS_METADATA_BASELINE
3jyswytuNmEcLwAba9vtVyBLR1bofhhUD2dqiUmb6Z5K,Bronze,1,HELIUS_METADATA_BASELINE
3k1deT3acfhA964jA1AUqNNY4uUYmm5EwZhvNXkibKa8,Silver,2,HELIUS_METADATA_BASELINE
3k46E6v5GB9Qm2Qt39KLKZhvVag6u4BYP1ootCVNeEQy,Silver,2,HELIUS_METADATA_BASELINE
3kLHS6Y1H64AV6bQGrFazRyvBEDyHqciCx7MJik2DeXz,Bronze,1,HELIUS_METADATA_BASELINE
3kQVTyXxQ7x64txe7q4gK8cAVVX5KpfNa6yza5Doeigm,Elven,5,HELIUS_METADATA_BASELINE
3kRvJvRDgMYK1yhXtt5rso4wdsSBQ9xavBgwVnmqKU4x,Silver,2,HELIUS_METADATA_BASELINE
3kSTF9bnXvTWzHZkHMDdH76CT3xQ4chBkrLbbfS4fztx,Silver,2,HELIUS_METADATA_BASELINE
3kTdcmsRdjTDHE6h2W8hWQ2UvKCvdvrUZB26ZhdFnWzZ,Bronze,1,HELIUS_METADATA_BASELINE
3kdQLAEQ84zEC3THYtf1ySdwqnRjpjbEgL12oSoHg55L,Gold,3,HELIUS_METADATA_BASELINE
3keQGeHU5UHnFTYYvFWAcwjaQSpRUmFcjc6YSCwuMCUR,Silver,2,HELIUS_METADATA_BASELINE
3kxBfkeWLx4abox19LVk98z9J8SHwFBSuKLPCo9MM88z,Bronze,1,HELIUS_METADATA_BASELINE
3kyPkjQV9xH51Zks468vvymB6njHJdGY7vAkGTAY5QGF,Gold,3,HELIUS_METADATA_BASELINE
3mAoEBsNjdtRALNgcJ4MWZRfucvAehqLSo5Lghko5Dj7,Bronze,1,HELIUS_METADATA_BASELINE
3mFTVukoB3rytVnVayyj2UUcGGQqiRQwLHfwGj8jG7No,Elven,5,HELIUS_METADATA_BASELINE
3mP5T8xE4ExLm11R6K8FVDYHeFyXN2W92k6gB7VUiZ43,Bronze,1,HELIUS_METADATA_BASELINE
3mPHb3S3fRv22UDGL75XP4cFCz2YPMV4fptxG5VtbPPE,Silver,2,HELIUS_METADATA_BASELINE
3mSBu3ss9NF5E6A4rHjyLc1J3fUaEnaypfoRrb1ty2ZR,Bronze,1,HELIUS_METADATA_BASELINE
3mVbimtDkKEAnUiJNf7BExGY54vZSeV2jSsH2Cj86V32,Bronze,1,HELIUS_METADATA_BASELINE
3mcsn6mWEyHA2WqAFBFGN8N17XnmzXeqR8VWLZ4GU5c8,Bronze,1,HELIUS_METADATA_BASELINE
3meDZHWsgYTvSh2BZXK4qU3h53zsVKVn62Hi8WHVQ7Zb,Arcane,4,HELIUS_METADATA_BASELINE
3msSktMN5JZDFsg4cxEZ4SXKrDmwxixq6SgGdZNeVgen,Bronze,1,HELIUS_METADATA_BASELINE
3mvzGmWWA8m9ncrR31SLGXctp6hKt7hcsdenxCzeCY7p,Bronze,1,HELIUS_METADATA_BASELINE
3n3tqjQipK4uFmxhVEnbB51wvQ4qdxh6g2AqiCADdBvJ,Bronze,1,HELIUS_METADATA_BASELINE
3n7LQz3CmpqFSDHMvq9KeiDBg5SaBvG9f3VJPiNNYaKL,Gold,3,HELIUS_METADATA_BASELINE
3nD3S3KDN3zsMoKQs2UZUopaEFHzqtHKXFonmyxzc8WP,Bronze,1,HELIUS_METADATA_BASELINE
3nJyShaVaNZg5AV7rqkpkWWxyBc7L9eGgUi9Hdrd2LaC,Bronze,1,HELIUS_METADATA_BASELINE
3nNz5oUufTWH4tmg9m7s9HF4mVRNmcZvVeLf2cUkjwH1,Bronze,1,HELIUS_METADATA_BASELINE
3nTnCHPF8bq5N44V8VV21ZZkjL55JfsPNDdnvzqQB2Eg,Gold,3,HELIUS_METADATA_BASELINE
3nUFFbDDzpxFnsKx7KaLW6XdPJSsKycG2gFmaW1j9yYB,Silver,2,HELIUS_METADATA_BASELINE
3nVbiBUzwKER1TMiMBTgSpHaC8ke9nxrtmyNkX5JGUYz,Gold,3,HELIUS_METADATA_BASELINE
3ncQDzMf87JWddShmU9Gejt29fnXgrzqJrXzA3ivEqNY,Bronze,1,HELIUS_METADATA_BASELINE
3nnWaSFqYKnBypCe1WZtu7BwBL1CSVXGD57HnndgfQJN,Silver,2,HELIUS_METADATA_BASELINE
3ntMFeYgjgWQinSmLMTyEQXt4EfTncWQMN8qSxmLkNvY,Gold,3,HELIUS_METADATA_BASELINE
3o8dDor4SWCbRAqUrochSszzthpJ625Qtatgvxy22qPs,Gold,3,HELIUS_METADATA_BASELINE
3o9q94NxMwoJkAoGe7Fp7WNDvQzvnQDbzdjd6Yoah2kR,Bronze,1,HELIUS_METADATA_BASELINE
3oJ2H6Cs6TwDCWeiQUw37XQteBLmcn5TURHfHGEUe7rR,Bronze,1,HELIUS_METADATA_BASELINE
3oLPf3FBK54PetiPqk2zbkYdF7JmsUQtti3GrwSVBHQe,Silver,2,HELIUS_METADATA_BASELINE
3oSMcjoMgCLi1fksC73q6N3cz3XQzo25byHgi6krUv75,Bronze,1,HELIUS_METADATA_BASELINE
3oXPUZ4Aichk27r3T66Z4LmP5iWb1aqdBCfQ8Y4JHkgm,Gold,3,HELIUS_METADATA_BASELINE
3oYhY7Jv8Fi9CXS1FpLKPZCezM7HT51G1kfXSZggFEWB,Bronze,1,HELIUS_METADATA_BASELINE
3okvwe2NVN6d7d2TD8V6soxEikAKyJ1qEWmtWhTbJJKh,Bronze,1,HELIUS_METADATA_BASELINE
3orXPtQBHpUaSft1br1Tj7eSeH8qUFddZNs8juwdgnoN,Bronze,1,HELIUS_METADATA_BASELINE
3p19ckQ9jFVu4f1zwmTkbWy75kuorbX3dtgJFPkK1yWf,Elven,5,HELIUS_METADATA_BASELINE
3p1uP1KbQ2Tgg6i4bzpVuB9bSeBPvhBdiHLXCZ39WWZH,Bronze,1,HELIUS_METADATA_BASELINE
3p2vQj7JUSeaVFjAYVqLzpdTeZVbAfoip3eGV636qPir,Bronze,1,HELIUS_METADATA_BASELINE
3p5iML4CQebNjChNYenQmdQDrgjubZK5ZHzR2HmKKLou,Bronze,1,HELIUS_METADATA_BASELINE
3pAEq8xL2ZnAZhWKXbYLmfK4QobhbessWxgMTvTZBB36,Bronze,1,HELIUS_METADATA_BASELINE
3pAjM35HjmbgqAq6vVqg8gCquwWPDVG6LRr3zVrcCAsU,Bronze,1,HELIUS_METADATA_BASELINE
3pAkeWPX6PvVW6k4GoL8Ay5RiDEmqABRicdYmXEFechw,Silver,2,HELIUS_METADATA_BASELINE
3pF1orKJGVuMnou9CTjGL1ixv5tGNuZKadid1Ny2AB8V,Bronze,1,HELIUS_METADATA_BASELINE
3pF4AaDbAQK4wMdMuuR7LBW6MNh4CoNXxYMtx8G5Jhr9,Silver,2,HELIUS_METADATA_BASELINE
3pGRRP9PZWFbykevxPjGRj8f53TEHTCihqeFpgYg9XYG,Silver,2,HELIUS_METADATA_BASELINE
3pK9eLRR8cJQ3GDsy2DopFxGqBZEYsARLjNaPs3XErQb,Bronze,1,HELIUS_METADATA_BASELINE
3pSmFHZ6ZsncMjULonEPLxRXT4t9H3k2Lnpm7kHqCQxh,Bronze,1,HELIUS_METADATA_BASELINE
3piLXFp68tXCg64pRALg6q8KqW3LzbSYNbFovAatvXmJ,Bronze,1,HELIUS_METADATA_BASELINE
3pim9bgoTURA4739W7u3ZSpDWworwnuoEF5SAb3MWSJU,Arcane,4,HELIUS_METADATA_BASELINE
3q9Hxu29kYTg3jsfXtgJqmHABmw2ZQ5FH1TVwst8eG9d,Bronze,1,HELIUS_METADATA_BASELINE
3qBdYDtwLxLaBb1GividcveUnRmy4aqyj2Bof4Eh2oDx,Gold,3,HELIUS_METADATA_BASELINE
3qQCQkMk4MG7Lcf17aGNQAM9u7CdKbNCx6iAgLwvr5RJ,Bronze,1,HELIUS_METADATA_BASELINE
3qURe5bod1z85DkTqeNUiX4PUcEJx1NqAjAvvFm2g4iB,Silver,2,HELIUS_METADATA_BASELINE
3qXCUUTj75rSbfH3RKXAqhE7E6oyoUDCpgLqoMxbFhFS,Gold,3,HELIUS_METADATA_BASELINE
3qnBadW93ZdenzjWW1ALPMFBKdUy5yh6zETfVxi1dUAR,Bronze,1,HELIUS_METADATA_BASELINE
3qozVzvfASyN6RZ8EXkjpczU7t8AU9TURhnycseFKYgv,Gold,3,HELIUS_METADATA_BASELINE
3qufcyu8ew283SSjD1JM2m7DwbE9dzr6cBS5HauLxnEn,Silver,2,HELIUS_METADATA_BASELINE
3qzpedL45Xc5JmkeNJmLXK5b5CbVynKSZyjHt9Ke5cLD,Silver,2,HELIUS_METADATA_BASELINE
3rCLWfGafomCGrBzzmh2iUVtBhAuvqEEf42GkWi2hd1b,Bronze,1,HELIUS_METADATA_BASELINE
3rDfLuXzHF6ahSPm395cgrsrc2zPHnnUmM2Ef1W1R1qW,Bronze,1,HELIUS_METADATA_BASELINE
3rDwCjacEdMT5sa8uhA5KCt4Tq4McphXZLB3cadDvDoW,Silver,2,HELIUS_METADATA_BASELINE
3rF67Rc8S4JNhrueTxyYERQbH4puAS4fSWT2XmTEJVAz,Gold,3,HELIUS_METADATA_BASELINE
3rGmWaTsuVUsSUvmeuL94hj5vtzJK8s47NNyVvMtWWJA,Elven,5,HELIUS_METADATA_BASELINE
3rKWRwX6vnRuN56ppU7g5qx57mFm8kNt3qxzq4J8Uw6F,Silver,2,HELIUS_METADATA_BASELINE
3rMK52PUpA2Z6KdosvBPUSWQmukMynbFiBYhFAi5Mw6F,Gold,3,HELIUS_METADATA_BASELINE
3rYsvLNCmkFeFrgWAKayDqa3HoHb3DHPfQXqm9ektifv,Gold,3,HELIUS_METADATA_BASELINE
3rfMnBBxGQGMcFGc7T3PuqApC3nc5TC2oCeyQd7w32mH,Elven,5,HELIUS_METADATA_BASELINE
3riQF1TfzwJHmaZAxedVMXFWxjXnZCHZz4mkxtSNes8G,Silver,2,HELIUS_METADATA_BASELINE
3rsfJSKppCNH7GWzfQWoYdkijQauihWh1n14zsXNeNdK,Bronze,1,HELIUS_METADATA_BASELINE
3ruQYkig6NbuGfTf4KTauoRfG2BUYZdxfLv4Gh7GPKrZ,Bronze,1,HELIUS_METADATA_BASELINE
3s3EH3JumMRuDEa3Zup9FEZE7Na4hYLQnSjChuRihEqr,Bronze,1,HELIUS_METADATA_BASELINE
3s9h792joRbQa8s4YKGddcqTmCHnhJhY4EzgWb1p3Cqr,Bronze,1,HELIUS_METADATA_BASELINE
3sEGDqHC7Em6GSMxCML5rCaRkN6vjXscFc95qCGfpLse,Silver,2,HELIUS_METADATA_BASELINE
3sJWKSLMdNt5Daj7AFoVykL89YzRbHhZ8SzM8zSazrnB,Bronze,1,HELIUS_METADATA_BASELINE
3sMudEaEERgZCVJvDE5ab1HfABH3zjPXHaCpNPQ2MeZ1,Bronze,1,HELIUS_METADATA_BASELINE
3sPSSgQGxMgrjo1RXXrkiBsFWwJE5RkACXz2agZeZCFP,Gold,3,HELIUS_METADATA_BASELINE
3sRDKnBM2CDDUzhNDSRZ7hDEaMnfNscpyE73Fa6n4WN9,Gold,3,HELIUS_METADATA_BASELINE
3sXcPqR3k5r5aXAAUVzoiUQNzcbD1ypSVjBNyAZ6uTfy,Silver,2,HELIUS_METADATA_BASELINE
3sXsjgUDQmjjWiaVJrWCUk1sVgW7CwThTMswPMs4W6z1,Gold,3,HELIUS_METADATA_BASELINE
3sZNNT5UXyZB29NzZ251vphv5iNxFBg9JgSynJaYYzGE,Silver,2,HELIUS_METADATA_BASELINE
3sfnnLFWVVKfmL2AQqGqWjFbVvc355LwazxjSk1taC2f,Silver,2,HELIUS_METADATA_BASELINE
3sk7R6zMoWZiZfS7mE7tTpNkb8xmNG4ZR3K648aEJTNS,Gold,3,HELIUS_METADATA_BASELINE
3t12tUpYfVrdQv4mXZEtoPSAQzoLQhymNVyjVAoZfN9z,Bronze,1,HELIUS_METADATA_BASELINE
3t2B8F8WasSxs7ajp5UqqmuzCdKMMu5MTK7NQ9js2BEm,Elven,5,HELIUS_METADATA_BASELINE
3t4wbhn99sjEVcC3yyztRnL9YyXPP4wfEobr4Cs5sH6q,Bronze,1,HELIUS_METADATA_BASELINE
3t5Qn2FXbcFiTzkzLvnhfFEUafoBDNLb8AiEyagwCjax,Bronze,1,HELIUS_METADATA_BASELINE
3tDGfLCEBGQdrcJsVMHLDn7YMm99r1eJLuKMoJ3mCM5y,Bronze,1,HELIUS_METADATA_BASELINE
3tDM2JDNAy8xs9sx7r2zQGWTNjwzQTogzsudDffcUNyt,Silver,2,HELIUS_METADATA_BASELINE
3tJSRgF5tBRjSM1UfYgFeaJXZiDhSRiNUdRWRzg6vGxB,Bronze,1,HELIUS_METADATA_BASELINE
3tMKEs4WumfURXVnXmGoN9EYWH32AXFFhXZKHaYWu7pb,Bronze,1,HELIUS_METADATA_BASELINE
3tQmPTGeY51PPPgxfbMVSGbz2oMAyKQVd6CGyqiM7TXf,Arcane,4,HELIUS_METADATA_BASELINE
3tR1bYoPm9JW2kSQY2BPJ82esfdhrmnw1LDjGTr5HDEh,Bronze,1,HELIUS_METADATA_BASELINE
3tTeBTfUrbjvVUZyMpctbHrDE6qZtJCmoNc7XtNkkjsg,Bronze,1,HELIUS_METADATA_BASELINE
3tf5CLuDz7cffGYx87Log2rpFTbA7YWA4Q14vkjPLzdv,Gold,3,HELIUS_METADATA_BASELINE
3thFdftZ871Ek16eu2HWNCf8aCnMxY1qt4W7ZzSMdWwu,Silver,2,HELIUS_METADATA_BASELINE
3tkjWG42EHdGjxSFzw4vSZf66825trKSzdxN59F61Kw8,Silver,2,HELIUS_METADATA_BASELINE
3tuiSN3nyyFWP6xLLRi98FHjfDLb1gPR9iThjvVDJLeT,Gold,3,HELIUS_METADATA_BASELINE
3u1ASoXzAvutr5YTD992fdD5o41x4W9zNTkKCUdpg7Nr,Gold,3,HELIUS_METADATA_BASELINE
3u3xXFCpzp6pTZE5GY5cBWatF734QPechEPF86fDEsun,Gold,3,HELIUS_METADATA_BASELINE
3uCmWnq7JDPT3qw5xweC8jnCQuzmeKTx7S1SRzdBiT2r,Silver,2,HELIUS_METADATA_BASELINE
3uLcn3PagJz2gE3HCKt2Gko4FwcAf9uUmtDpK6UgUby7,Bronze,1,HELIUS_METADATA_BASELINE
3uNErCXAbjdkjnJ5ppx7F1qEnutELfHbLmsn7eyXiFoZ,Arcane,4,HELIUS_METADATA_BASELINE
3uPoCYi8T1MKng67u55eYKfSaAh8tr2dThwMaSCWoePM,Silver,2,HELIUS_METADATA_BASELINE
3ucfmFYbnH1gdgXj9cpSDKP9rXrrBGzYwgGHhTV6EANS,Silver,2,HELIUS_METADATA_BASELINE
3ug8ZESsQ6SpbmbT9g8dNcKi9DNgMcUC7RF8xCgYdKfm,Bronze,1,HELIUS_METADATA_BASELINE
3uhcnELnshrEhme9Zzoc2c8Cao5eKf7Qw23U6z6Lag8L,Bronze,1,HELIUS_METADATA_BASELINE
3uibJzt7iKdDG6z8vdA2iJkXZHxFaThDz6yFMKRppASB,Silver,2,HELIUS_METADATA_BASELINE
3uima47Q4myA1jJ1XYgMQynyfzsbV4UKVNVR4dvw6FMf,Bronze,1,HELIUS_METADATA_BASELINE
3upeqCghz5HT1wZXny3cixnji4MvLhQXGBbb44UAYWaN,Bronze,1,HELIUS_METADATA_BASELINE
3upsU2Ct3soRAQPeJhmVMYMbtmrNYCbhSjCPjb3yYxMo,Bronze,1,HELIUS_METADATA_BASELINE
3uyG1v5V3cy833Tg3n2nAQM7mAcW9kb6pXdMxXuempoE,Gold,3,HELIUS_METADATA_BASELINE
3v3DE8uBrCU1tyWMFzvmsxhF8oyK1agaRQJX2J6et2pe,Bronze,1,HELIUS_METADATA_BASELINE
3v7HQycpJmEWc9G7HaGuKjLCHyyeYAF4v6htq2FUFCFi,Gold,3,HELIUS_METADATA_BASELINE
3v9bAtVhoekCFHaSrTjTxzL9soLuq2JWbM3U7kZeNj9G,Silver,2,HELIUS_METADATA_BASELINE
3vHD2zSAHKg3isbKFwmGHZnLSk5TYFCqMH3P7z559SYm,Bronze,1,HELIUS_METADATA_BASELINE
3vQTXSWpzdbnu8nASzNZsVFreN4VU3zRFLDygRrqCxpK,Bronze,1,HELIUS_METADATA_BASELINE
3vSgzKJG24Pq3r5UcpAb36noqyLBPTcndRMgBgJa2kUA,Bronze,1,HELIUS_METADATA_BASELINE
3vttBFovnY8kUHmxfUy8gLFfPuTJKkGvDNorFbPcq5VL,Elven,5,HELIUS_METADATA_BASELINE
3vze5YyGePBaivyWCNDn1k2deYJEnxEwMQvs6CJW52ko,Bronze,1,HELIUS_METADATA_BASELINE
3wJv86yhGjbHor7YRx3Uu29Ad131mWHEbKxLdaydoect,Bronze,1,HELIUS_METADATA_BASELINE
3wMdNTxGLp6UL3aEJVqaR3KL69BwKKXNC7SMC71pn3Ga,Bronze,1,HELIUS_METADATA_BASELINE
3wNj5PGQBdqqZgSG7qRYJtzSzwguqV1jXTL8d5s86uP9,Silver,2,HELIUS_METADATA_BASELINE
3wXsCWw2HpC7x1MsLfSttcyJ8H9VxwZRrH7tdiiR8Yeu,Bronze,1,HELIUS_METADATA_BASELINE
3wbyy6thgCjGe9pPJ17aWXQ6r1FWfESKPfRQCkpeaJGt,Arcane,4,HELIUS_METADATA_BASELINE
3wcqNHJNKY9QbsiZsmDtzQNSLWVHXVAb73eoJ8xAuD1V,Silver,2,HELIUS_METADATA_BASELINE
3whudSdfLywLmypax8W96rEhQJr6GR8W1XBEUPwwgWJq,Silver,2,HELIUS_METADATA_BASELINE
3wiz1qawMfyrRJohbkJsV7UFEVfFUCZtH8xaVixB5TU1,Bronze,1,HELIUS_METADATA_BASELINE
3wjapxC3cKvcZJLV4ExLvQztegwtXeJ7bHeXFM9NSntT,Arcane,4,HELIUS_METADATA_BASELINE
3woVKf8upRe7N3LnQcnv58nN6jhA1VpMwWwzpWxVDyPA,Bronze,1,HELIUS_METADATA_BASELINE
3wpM8pwXeihyqiBbTMm16pRCBpiKGQhXkWFQXYWvQz7v,Gold,3,HELIUS_METADATA_BASELINE
3wrN7i9CaGS17sMn4tKKas3ESRYBJwZ7oM6gABuqch1E,Bronze,1,HELIUS_METADATA_BASELINE
3wt29sK8zxPiAHvQmt1mA4AiuCWjGJpp5G741ejU3cfK,Bronze,1,HELIUS_METADATA_BASELINE
3wzWXY5jqEuwLu9mBm6y5mE2eBtDZasHV8oB6HWMzj9s,Gold,3,HELIUS_METADATA_BASELINE
3x2obyYUbBifD8ZTxkzzuzjuTTweg8GsoiDzUdQQgs6W,Bronze,1,HELIUS_METADATA_BASELINE
3x32ur6qnXivn7p9TN87wUrtpq3Vcb7XQ9P1MCo43A7G,Bronze,1,HELIUS_METADATA_BASELINE
3x5BiiRjtbeV56Zv3TBp1u4SooeC1tSBNecV3EzKWaHf,Bronze,1,HELIUS_METADATA_BASELINE
3xEcYsc1b8zVyrxbzLxAQpt7ybR2HEUrnvU8E1JtrZn3,Gold,3,HELIUS_METADATA_BASELINE
3xF3SercwfUoG4xv8e2QrcuGN6FzJhS4ngLHGxCEU5FM,Silver,2,HELIUS_METADATA_BASELINE
3xGjrYSuQT2ong7o8xm61wPtzzuT25dTzb3dPZqNioWr,Silver,2,HELIUS_METADATA_BASELINE
3xHEt61yEqCR6M4ZG1eRjmDaBPQ7mmgzUSi98KhXG6R9,Bronze,1,HELIUS_METADATA_BASELINE
3xJXeHq6dzTvFCcLtgj3u2kAvgCQGZCnWSPD8JzW8rL4,Gold,3,HELIUS_METADATA_BASELINE
3xJhtu6rWerhsXLENZnVvWuqbS2WMapQa4vfQZaWPNyx,Bronze,1,HELIUS_METADATA_BASELINE
3xNrF2cTVTnG1dE8druqF5jBy5dA4FcyYYfqrQPjpwbv,Silver,2,HELIUS_METADATA_BASELINE
3xSH7H5MCuYvHcA1Z2B3actTkvXz1vQL81qHAWQVmxNh,Gold,3,HELIUS_METADATA_BASELINE
3xXdVrafztowocS8TSNTRQEXxAT9f9NbXu5X1KBEaWx2,Bronze,1,HELIUS_METADATA_BASELINE
3xZ31Wg5HtWu9M1ypv7N5jypKPfKGQDsszfCZJA3wD9u,Arcane,4,HELIUS_METADATA_BASELINE
3xqBYkSrhjyBUXk1wSDfD5D69pjSH4KzW1urwNnEhmLS,Silver,2,HELIUS_METADATA_BASELINE
3xrXVhUkk38XxgnjEcdRSXrdAK8f1VCTpAErw5jCcmba,Gold,3,HELIUS_METADATA_BASELINE
3yKQaAawBw3M2urMD3R1thHardzzcR4KZW9LXqaNPdop,Bronze,1,HELIUS_METADATA_BASELINE
3yMVkN7yPPTRofgb5Q6ZMcfcURKN153agqkMhLWevCpG,Bronze,1,HELIUS_METADATA_BASELINE
3yNXWmEiQiF3oEnHnEkFHqPp7dMRrUoRQZiCqga5pZ2j,Silver,2,HELIUS_METADATA_BASELINE
3yerzRibw5dNL3VcKBKXqGGQvctjm4bhaYPAquK1oVni,Bronze,1,HELIUS_METADATA_BASELINE
3yf2QDq1tJ9n2SNTCnkkPuoRBkjnjxLDSpELx8HadN88,Silver,2,HELIUS_METADATA_BASELINE
3yggG5h4Uaon98ky4EXvxpPMZQFh3XrGkNDEw7NEu1a7,Elven,5,HELIUS_METADATA_BASELINE
3ygwNKnri7gAwouF9ojtB2fQguJzLDCLuafZWFYu3LVH,Silver,2,HELIUS_METADATA_BASELINE
3ynyLVUhaPzgeuRnKzcwWt8zVwRwaQUdNNw2i7scEExq,Gold,3,HELIUS_METADATA_BASELINE
3ywBYcDxAgVqKR82S25GnwSRqVyffAvhGjUr6YC2wxFA,Silver,2,HELIUS_METADATA_BASELINE
3yzErZJyKWetMr1iBstPPtsPE2XobKk11rQy1HT3eBVJ,Bronze,1,HELIUS_METADATA_BASELINE
3z1dHoT4hEN5mo4gAcb3nYUcc1Y2Frwc2v2FUpGJ5UzN,Bronze,1,HELIUS_METADATA_BASELINE
3z79xyV1TAK4UQRuzboshJcd9Ws23JnaztoKdYHUrUPf,Bronze,1,HELIUS_METADATA_BASELINE
3zDJTJC3ZGYXvfWEPkkQtnRF9NPtdSMumg53GzpVJyUn,Silver,2,HELIUS_METADATA_BASELINE
3zMVog5xZ48oU2CXkk2Zxd1P3Z5jBcax4QHrRkAmFLD4,Bronze,1,HELIUS_METADATA_BASELINE
3zRDCU5WSuWKXUBvRYzoecbx51edNoeNQ7UYWJejqrrc,Bronze,1,HELIUS_METADATA_BASELINE
3zW6sNfetrJw3P9fzqDuFR3i1xcjcNkG2TPKPf8MZcsv,Bronze,1,HELIUS_METADATA_BASELINE
3zcek8re1B5SX6J6AqtJrNcsesYMzCJvp367x41sYbBf,Silver,2,HELIUS_METADATA_BASELINE
3zd4Jquo4mwsAc39BqhWgDKqTPq5CUzM1X8JK2jDqi9U,Gold,3,HELIUS_METADATA_BASELINE
3zjNa51CTNQZoJx41ioo6xCGEDzLZZZB4isQMt3GkgUv,Bronze,1,HELIUS_METADATA_BASELINE
3zkSEcYG3opKHu1vSFGbZ2KJRdcmDanPAi7hBgrnhebZ,Bronze,1,HELIUS_METADATA_BASELINE
3zv9V58Rm9V5xqzaeH7wb5P3t9j3i28TV6o9rNJy3H1t,Bronze,1,HELIUS_METADATA_BASELINE
412GHPH7tYAHSszoA7ztvCbJsSTLUvNiuwHcdqN65HQr,Bronze,1,HELIUS_METADATA_BASELINE
41V2zmjXzLTPJsoVGKRMTMqjfa2ttdp1qmn7hZAd4CAT,Gold,3,HELIUS_METADATA_BASELINE
41VUy2FYpuTyBNhQgMjXnzoBaGP3w2fc62LeF5dEkC9w,Gold,3,HELIUS_METADATA_BASELINE
41g7hujqBYKwc4FezVQHXSUVD55Q3wVY9fnCd5ot99d5,Elven,5,HELIUS_METADATA_BASELINE
41ixAc4MF1Did7K8Ajzs9B2R3ZwjFiopbjYksG1HpBC4,Silver,2,HELIUS_METADATA_BASELINE
41qmQ4jciMyVKMixR7ZZKyTxXef7mG8VWV8gxv1nDXmD,Bronze,1,HELIUS_METADATA_BASELINE
421VeoTUMRQQCzKYuwVfz5GgZgSLuUcXjwuwDTQuCbzK,Silver,2,HELIUS_METADATA_BASELINE
422B3SinvaAHCp54F9N5JJ6zQyS2zjMyzeWoLZjVwW7V,Bronze,1,HELIUS_METADATA_BASELINE
4242NUq9FKP73MSP2XLjZNhu1j7Rvdn7gV494zHvpCch,Bronze,1,HELIUS_METADATA_BASELINE
424ZTPncksNMDn3aQuQJG8jXeBqHLtN4tXRsdYKLycW6,Arcane,4,HELIUS_METADATA_BASELINE
42MxYDUT5yALFfbW6nznjqT4LjZmDjCNLFxE6mmTgdk9,Silver,2,HELIUS_METADATA_BASELINE
42QRHkiHJRw8UFwiXZBiSbSffoLC2huQcefn1Jy6Z918,Bronze,1,HELIUS_METADATA_BASELINE
42YHEiubAS2s4hGoQzUA7M5oyvngTQwLVA1B2LjsEe7D,Silver,2,HELIUS_METADATA_BASELINE
42ZpUptVziwYihRN3w5VLVTp28VAodRTBwKMGhuxW22s,Silver,2,HELIUS_METADATA_BASELINE
42aqMu71k86Km3yM7ki9YRR2du7iJ565ZJ3mQx8fGQqj,Bronze,1,HELIUS_METADATA_BASELINE
42fbRuRGkW1v2MtjrvRM1eUEka7PmurBjb6LfFMd7yYh,Elven,5,HELIUS_METADATA_BASELINE
42sJCwBXTzHt8BkzqcXDWnjEDazfhAf4KtTGVdfKJ6uV,Silver,2,HELIUS_METADATA_BASELINE
42utvDJkhmYBw2sRwRTMGnhttr3C37NAbkMctu2VJ9hH,Bronze,1,HELIUS_METADATA_BASELINE
42uxBYLdA1YmS69Jpv3ArXcxCmLRwxHBx9cVzTCXv1Ju,Bronze,1,HELIUS_METADATA_BASELINE
42uyKu3WZJr63rtehvzrMHmTYGMogw5cZMJVoTAj3xe5,Arcane,4,HELIUS_METADATA_BASELINE
42yqQqtNwwANWBgpLNEtneoHpA4jAbyc8oLLotQX1XR2,Gold,3,HELIUS_METADATA_BASELINE
439Pxvx9NxfJGQmUyF1XVprta2CPqZW95XP47P2b1QVM,Arcane,4,HELIUS_METADATA_BASELINE
43GSfrP47H2nPuZYks3DYomvq6kXZcDbKr6kETFKHnYj,Gold,3,HELIUS_METADATA_BASELINE
43UNeY8h7wzgpeRSHzajhZiZFfHHzUdEihQHjNLtShKE,Bronze,1,HELIUS_METADATA_BASELINE
43UxC7Dk2w59SkG5PydrXf68LUeL44zxmXCUk29EFwZ4,Silver,2,HELIUS_METADATA_BASELINE
43dXWYiSZCjbJqUfUc1vsXXV2VurtDeUTXeTpQwgwxnz,Silver,2,HELIUS_METADATA_BASELINE
43ff1y1xvkpkDVzE53QyCqqpBi3REVdZ8nqkzBK4Bzd2,Silver,2,HELIUS_METADATA_BASELINE
43tnnmk3cXuB4WnTTUeuLhnLEeQcxguZzGsNCy4WYuhA,Silver,2,HELIUS_METADATA_BASELINE
43wkumvHK1dQ6Gkeykwfzh7ko8kH85Qe8Vn41Tfcqk5D,Arcane,4,HELIUS_METADATA_BASELINE
448eS3ot3N5YF9JHkbBXCTGapdpNiXs1S7hE9LLrFYs3,Bronze,1,HELIUS_METADATA_BASELINE
44UUYTmfxj62C3tTMhbiCAPd285oRna3JjRNYF6JTXU7,Bronze,1,HELIUS_METADATA_BASELINE
44XfyP7aEDUNXn229cUgrcm5b58LzeavkHNDRw4z9LVV,Silver,2,HELIUS_METADATA_BASELINE
44Zgzy83cqw1XoxgsysNxwF56yRPbaNDGdHGC655549a,Arcane,4,HELIUS_METADATA_BASELINE
44mfa1QcCzTcKJn5Jc26L69bP33ctJxrBSmXiLTzkwjk,Bronze,1,HELIUS_METADATA_BASELINE
454SpZqQNFQyuEH2avpepABrbKP415ZTCL3rVXkKc6y8,Bronze,1,HELIUS_METADATA_BASELINE
455mTpPDEr2V7MtG237UU53CQjurnzSdLefuwNbHYDrZ,Bronze,1,HELIUS_METADATA_BASELINE
456cLqC3YyJc9DCEAiMyxtPtkEnkYF4xnEm9enxoCL7Y,Bronze,1,HELIUS_METADATA_BASELINE
4571EabhEq7Y1dXWce7JwATzRUvs5FByR47Yk36b3hbG,Bronze,1,HELIUS_METADATA_BASELINE
45D42KDk8wswLgF87zdQZuCEnAGj7tMdMfDL5YczBw3Q,Gold,3,HELIUS_METADATA_BASELINE
45KrTiNKxCcNpt28eHbF4A9FSQYudeqLnwbU1bpKuFMk,Silver,2,HELIUS_METADATA_BASELINE
45NwhDC2MYer2rC1JxvYjz5jLZRvdb7RehjmdcNCvQSz,Bronze,1,HELIUS_METADATA_BASELINE
45URfqWWcnmNadJBuxPYfJUcmr18KH5Q3PaEbhHDnsn8,Gold,3,HELIUS_METADATA_BASELINE
45WRMGJxbNnjhqCUuTQ2b6u4HubmLP4MnX5yoNuzrsEN,Silver,2,HELIUS_METADATA_BASELINE
45aYmqsTD7ym749dKY2uiNYL35sfmnh69ZYXNPdJNet7,Gold,3,HELIUS_METADATA_BASELINE
45eBtFxTaKY1wgAy9DjdBTzRYt4xx1n67N6jDmqEoMLx,Gold,3,HELIUS_METADATA_BASELINE
45xQRaLAPgvJjS6DwB4wPNiz6KEZt3UDiGoUhPFY61GL,Silver,2,HELIUS_METADATA_BASELINE
45xnQW85CCcS1XrGaZULdewi3LRcEHXWMSj2HmnerkWs,Bronze,1,HELIUS_METADATA_BASELINE
464STSd2sKVVgjv66nRipMb4dsLrg7YD4SJuGRsX2kvZ,Arcane,4,HELIUS_METADATA_BASELINE
464yCYxAyZHzKQM9mUR83Nbdnij5BhyQA6hTCKxn4D6q,Bronze,1,HELIUS_METADATA_BASELINE
46Lv76vnGuzjcN6BJFehGmdRDtt7SNjU6PfqnY3WgmNa,Silver,2,HELIUS_METADATA_BASELINE
46Q9nCaTVkfbKdPasXcaonqsPQjxEfYe69FCCd2MQjaz,Bronze,1,HELIUS_METADATA_BASELINE
46Yt4akDVAJgdPgATX33nTYTxTm3iVBpVhENntyF5XX8,Bronze,1,HELIUS_METADATA_BASELINE
46dWuiFjWXEeGgxgxpuQnVG5UfMz12k7JGUGgcFC7Zzr,Arcane,4,HELIUS_METADATA_BASELINE
46fhUC8owLcw22QsXCRhAShem9cts4TFfzSXa45aDfuJ,Bronze,1,HELIUS_METADATA_BASELINE
46gjKXWw2CQLh1HjKJMjbX8XvRDo94eVNyvU7vD3kgyh,Bronze,1,HELIUS_METADATA_BASELINE
471RWU1Vm5uqLREZUhAgFAn4114E2rXDiyCMAukcgu4b,Gold,3,HELIUS_METADATA_BASELINE
472Ecs5utgfgmo3H7s1p6cVysSkgFxdBqvht9qGctyHQ,Silver,2,HELIUS_METADATA_BASELINE
475L7YGwzQ7oLgV98rNA51HfNPzhmnmjq38F9kseT8p7,Silver,2,HELIUS_METADATA_BASELINE
47AhtQuLBqa54Srvvh1mEUvwS2yEgdTV8DPs1k5pYHbZ,Bronze,1,HELIUS_METADATA_BASELINE
47GgSERYZSZTeh84sfKepPjvwwW3YPwAJEijkkqvcKfS,Bronze,1,HELIUS_METADATA_BASELINE
47ez4u58YiWf43EPk1Rav3PkTUdcjNjgiikUKpm1WPew,Bronze,1,HELIUS_METADATA_BASELINE
47g6YvCCA3Hh9QKmYZ8NmAarso2ndmGxtvj4vQ7b94fj,Silver,2,HELIUS_METADATA_BASELINE
47pPz3NNrVcNdEczMGwQdRBWs2VY1RBnHEoP7fbUDZfN,Bronze,1,HELIUS_METADATA_BASELINE
47ubWMPFtQCNQCZ8Ykbr18haztJtyTQPB9rBHU57veFK,Silver,2,HELIUS_METADATA_BASELINE
489kJpgu4p8PYtqBvVYAENqkxr6HHt5JdkeYqtsJUZ7w,Bronze,1,HELIUS_METADATA_BASELINE
48BiyQGKJpUPxKV6DXpXdFeir7eDmS7PiRvWXFaR7jDM,Bronze,1,HELIUS_METADATA_BASELINE
48F71DH6E7pp2QCGKkvDNMuoU4axMo9GrRv6y7NAHh5S,Gold,3,HELIUS_METADATA_BASELINE
48PekEXe61jXn7YPiFKEo7D4YJxKCFKkJDT8Zf81ke82,Bronze,1,HELIUS_METADATA_BASELINE
48WQCsYtmXPKJJ3Mqwoah4oHdbLfvdi8Kh15vLevhFg4,Silver,2,HELIUS_METADATA_BASELINE
48XRwZ2A2tBravrPz1XQj8z91SvuRWjYuxqcJ8JgGwmX,Elven,5,HELIUS_METADATA_BASELINE
48XgNzH5MgNjM3p4uHGRwUrfaWor7FnQXHGebf37Z1iY,Silver,2,HELIUS_METADATA_BASELINE
48Y7TSmRa2oofr7tY57EFa9zp8n2MTWcynpwWDzMPPgx,Silver,2,HELIUS_METADATA_BASELINE
48bGMDHobR8yKkWBMfHVqsSeRPdeJ5SiL2EuYPZpUVam,Gold,3,HELIUS_METADATA_BASELINE
48gDq4c4FboQGVBrULGVLqMKkpeDKMeU68idwkrFT5dg,Bronze,1,HELIUS_METADATA_BASELINE
48sfR1mvLa8BQ49vWSUdtjDBrc6amyRVoCRapKPh3nMV,Silver,2,HELIUS_METADATA_BASELINE
48v5eqWk2WttPWLjzqpUmw6V3Xjh7pTUfTJMCMDxhCgS,Silver,2,HELIUS_METADATA_BASELINE
48wiohFXCXpVfyPQPFEsFsCeJTtPLWNY8uZLcjhpoMFo,Silver,2,HELIUS_METADATA_BASELINE
48x7bPwx54c1aWBdasDuL5unFPZYAGqYY6uYoJagdWEz,Silver,2,HELIUS_METADATA_BASELINE
4944yU3cmJg4j5qkVLEheQ3F568491UirT5iXrGxKNF9,Silver,2,HELIUS_METADATA_BASELINE
499idf3uBgm9RhLT3RrF7m9UnrTWiXSKG446Vj9GiaUV,Bronze,1,HELIUS_METADATA_BASELINE
49BGqB4CBbAiZpRp6RDd5M7ByS5KRi22N4boR7xgKyPJ,Silver,2,HELIUS_METADATA_BASELINE
49FQ5oX5mLYohy15WWToU6fzn31ahmD5GeQfFKn5Qq9e,Bronze,1,HELIUS_METADATA_BASELINE
49YtRqUmpaFMXgTGoFRLou8M7LL2aVw9Yxobj5McRL4F,Gold,3,HELIUS_METADATA_BASELINE
49bSUkRTVQdGXwtxp7wxohTVPAisdpEXiUX2pmVZCJjU,Bronze,1,HELIUS_METADATA_BASELINE
49c75aVapGCo9kx92h1pcXaqviKumbUwU4BFk6a7BPPg,Bronze,1,HELIUS_METADATA_BASELINE
49cYM1GH9ZoP3WT1pQxRo2DZ1xTEdgyHCVD1kzeyxPvp,Gold,3,HELIUS_METADATA_BASELINE
49vHoaJbD1shYMrnNKy7QQ7sFMVCdTh7JQ2EP28qwqbj,Bronze,1,HELIUS_METADATA_BASELINE
4AKiyrDu6QxdN7kQ1RjtrwuW1UacmHMsb5BhKD95CFNV,Bronze,1,HELIUS_METADATA_BASELINE
4ANhCow3MZhav5ho3p1QsJNcDZfMqdyvkP7CZsv3Kqz3,Bronze,1,HELIUS_METADATA_BASELINE
4ARRMRah16TPCh5qTkTTVvD2UTwjdD6BDv9ZEqoeVhSV,Arcane,4,HELIUS_METADATA_BASELINE
4Ae2eJ3VR7L3UGvaHKE4BLSdj8j5NKh6CuEtzPFVfvpF,Bronze,1,HELIUS_METADATA_BASELINE
4AfWoaZD3fHoMau8wVQC1JEth4BznSrx6T5mkqtgeKdy,Bronze,1,HELIUS_METADATA_BASELINE
4AgQjEKZP7YNWEZwy2ETsPdLrZ9Y7dqy2nPnF3iHv5eU,Arcane,4,HELIUS_METADATA_BASELINE
4AnjBtskgCqLbhut83Z3WQsgzmvjbVNgBCqrC5LbwiLM,Bronze,1,HELIUS_METADATA_BASELINE
4Ar6FNCnkBmAQmzZn3ZgaN2oPpr43uQXxgCjU1obA4jx,Bronze,1,HELIUS_METADATA_BASELINE
4AwFXGGtBUvzMVTPHfPYxLtWPvxTPU8pBBrCFRUKpU1w,Bronze,1,HELIUS_METADATA_BASELINE
4AzBefdTQr1yUHFTrEM5BdPSrqEuK1PenX7UAHnZXdFp,Silver,2,HELIUS_METADATA_BASELINE
4B2CVyFML2RstwkVtS3cxYjScEVbyLHvek2rexw8jyxF,Silver,2,HELIUS_METADATA_BASELINE
4BGced4EWfffmtF2DqHqWD8f7Zcaa2btGwmqYBMwATu1,Silver,2,HELIUS_METADATA_BASELINE
4BJ9ud7rUrnnVvoDaDHxzHFMvM3MgZ83UpGxqzymsLDX,Gold,3,HELIUS_METADATA_BASELINE
4BKZVVVQCyhszEExrviNz2aVuYsP1qwBVwYqWcSJp7n9,Elven,5,HELIUS_METADATA_BASELINE
4BTqWJken9Hke8wknLfSKyVDxSxNcuHRw33y52eLbEem,Silver,2,HELIUS_METADATA_BASELINE
4Bj8BWA5CnSSinFutWFjtTKeonxJv1kc7qyZNhWVQLAg,Bronze,1,HELIUS_METADATA_BASELINE
4Bmm1QTsHur4kjMZZxJyn6Ca4dW7XNrHdKa7kxgZBwJ3,Silver,2,HELIUS_METADATA_BASELINE
4Bt7WAFu7XdXCQQEBQUzjrmaoNwPrAsHdDZJygf8phFU,Bronze,1,HELIUS_METADATA_BASELINE
4BuUToXvMeHCPqUSanER3nim876UFc4XroJcAv4NFWqZ,Arcane,4,HELIUS_METADATA_BASELINE
4C1vSKQKGBfaJQZKbhVvwx3kJMP4Md7p4VHnDxHU7viP,Bronze,1,HELIUS_METADATA_BASELINE
4C25DcDUzSZaUzTn1hJgii8UxTcPwDXDyJk9rpfDDHgp,Silver,2,HELIUS_METADATA_BASELINE
4C2GFZBG2hDAvhyHH81pwoFWEV3G4NnDB9apQkDJDmX8,Arcane,4,HELIUS_METADATA_BASELINE
4C3GhSQAyN8X7gcsZoCUnuMcKREKUWWwEgJ2Xw5aQtve,Bronze,1,HELIUS_METADATA_BASELINE
4CHPacGfEjCFKFH9eSXCpiFbFSSAtVprtwyZ1G9BUuBL,Bronze,1,HELIUS_METADATA_BASELINE
4CPNaW2dqEGvpkfyKu7V4osFERStaeu7oJhMSzt5trjn,Silver,2,HELIUS_METADATA_BASELINE
4CWFvY3ARg1ewQbLcigvBM4pnaBwFX1LBViYdxb12PgP,Silver,2,HELIUS_METADATA_BASELINE
4Cd6CvdXvZmeSDKHoMgZeDmZ8XB815Rgb3jFAcPbAf3r,Bronze,1,HELIUS_METADATA_BASELINE
4CepXKnaVhHtc1CNfT9VPsCPz9EbDFgSX2XEtU64u1tw,Silver,2,HELIUS_METADATA_BASELINE
4Chxad3NgsJ6kBYhD6eDZUMpppebfU7Tcv7QRKswq44S,Silver,2,HELIUS_METADATA_BASELINE
4CkNsiAjsZByTeQ9uRwpTPaLSKVPbuGTuABcgyh9NBQe,Silver,2,HELIUS_METADATA_BASELINE
4CmUyWURuwGzPfMjSqAS56hSsXjc2LF3VetCotie6c4p,Silver,2,HELIUS_METADATA_BASELINE
4Cv93AhJwuPiZ6WHnaaeBLU6MKsLiKQsvFvxGK7umxsw,Arcane,4,HELIUS_METADATA_BASELINE
4Cyg1mgNHwMGRbo2YKMXf6mybGy62DrjrNuUB4NXd1s6,Bronze,1,HELIUS_METADATA_BASELINE
4CyqJLt8RW4begdKqFJMq4L41iNyBBtd9FXyEugQjmAR,Bronze,1,HELIUS_METADATA_BASELINE
4Cyra4nNmTSD7UE1TcUFhFFGLo82XKytRxN6xVXnx4ix,Arcane,4,HELIUS_METADATA_BASELINE
4CzthFxXxnQLpmryjdbgA8qZLXj3V4RE6cRu25fKSC2v,Arcane,4,HELIUS_METADATA_BASELINE
4D1jUtZDVhEqoR1oP482Buo7AkWKzaKrLhhszeMRdGGL,Silver,2,HELIUS_METADATA_BASELINE
4D59R1uQiSKvXTxWde89gdm5fUKcFvkCoSCHZjBiRgd3,Bronze,1,HELIUS_METADATA_BASELINE
4DEDouyPeFMztiba8XSCnRwZfWYNzDzwz5kYtb2h9uS9,Bronze,1,HELIUS_METADATA_BASELINE
4DGYkJyjNEbmozrpHRY8JhGWShoZdS5sopNrrQBN4k5b,Bronze,1,HELIUS_METADATA_BASELINE
4DPjDTQjAAoyci9QAmqPLTRZtRk1zo4v3iE3FXb8ytBf,Bronze,1,HELIUS_METADATA_BASELINE
4DQwmt7g4GosG4PiFZH9a7Hb4Pcxh1QgHMTXaJGTmPou,Bronze,1,HELIUS_METADATA_BASELINE
4DXNpzx4TvfvGTY8B8mTUgCJFyR37hkBaBQjvy6vb2HP,Bronze,1,HELIUS_METADATA_BASELINE
4DcEoZCbDLX6pdVdbvGe9i1s7xzNLJpgvcQxQ7uuTaVb,Gold,3,HELIUS_METADATA_BASELINE
4DeUc6tDhNRWMWmUjyj8ci64h2VNnyMmjbxFZppJ852w,Elven,5,HELIUS_METADATA_BASELINE
4Di91oBNUfpKxGMW9WD7nMbcbHEXE9MiiHXnozA1cydV,Bronze,1,HELIUS_METADATA_BASELINE
4DmQbVLmNGmkF3wT1o7Ko9V5UMHrUJDJ48EfddqzprZY,Gold,3,HELIUS_METADATA_BASELINE
4DnEpMKZ98wppXBjSZ3WSSLN3uMTm359e13DexZ5jBST,Elven,5,HELIUS_METADATA_BASELINE
4Dok4dwy39kAP4CVskxJpsFziBYCXYFpS6xmpNiBDace,Bronze,1,HELIUS_METADATA_BASELINE
4DtFSb6USi6ACqxt5Doi24TWH5fxk7Utn9LVb3yA3813,Arcane,4,HELIUS_METADATA_BASELINE
4Dw7XtscqEGaDj9MSJ14VXQ76uNHdLb76TfUNX4fwsCR,Bronze,1,HELIUS_METADATA_BASELINE
4E391QzDwPgR9QzyvUicJLmVEhPw2CwDDRRwahQrR6xe,Gold,3,HELIUS_METADATA_BASELINE
4E4nBcz3omKdPP7hMrGLoeWs9yfbKNbzErMQUDrvyCDs,Silver,2,HELIUS_METADATA_BASELINE
4E6r4PX4mLL7Zdnj83K78Z1R2ZhDAmgGpxL8ErwYpQ72,Bronze,1,HELIUS_METADATA_BASELINE
4EFv8Bwq3ifHeaQ9gNbe9YwAA2tFqv19EhVaat3CiLJ4,Bronze,1,HELIUS_METADATA_BASELINE
4EKdNsmqRMSekFCF6QcA9xEXAG3HVMKSJdXcqK6oqvk2,Gold,3,HELIUS_METADATA_BASELINE
4EV9tA7zmgW9RjQ1vH1Ti8u2Bmkst3ynWxaSXAxLfwXX,Silver,2,HELIUS_METADATA_BASELINE
4EWR83wVSfzLK2dTV6hAGRvjVVQV9cLCwMHUWvaMB6iV,Arcane,4,HELIUS_METADATA_BASELINE
4EbSoA6ofmfUgMQ1MvfYpKmi14nQwuo93rMo4kMHnJQK,Silver,2,HELIUS_METADATA_BASELINE
4EiLVFBXbrWT8PEu3jDmSEB2N83NJHcooeGgYiV2mAcp,Bronze,1,HELIUS_METADATA_BASELINE
4EjoJQ8ryqY4H7sL1tYY2HNwYKJWDHV2wNxrrc6znogc,Silver,2,HELIUS_METADATA_BASELINE
4EmdhdFnAPXtvWcShukEiRdjxT2xVP8BVWsqwWZXhxEN,Bronze,1,HELIUS_METADATA_BASELINE
4Eob7kXGYX4ysotNkaVGu4mSKCUJq6GyVp8gEUSxhoTT,Arcane,4,HELIUS_METADATA_BASELINE
4EtFANksbHQCkpphx2Fkdq7ZkMJ1KFnH4tT9JeQMrqbi,Bronze,1,HELIUS_METADATA_BASELINE
4F2SwapW47hDoreUZ9oYwFhAcWKhTX4cvasukkW27XzE,Bronze,1,HELIUS_METADATA_BASELINE
4F3mfzJ7QGADGVKBRrhYPX45TaELjyhW3H4ZuypKxLNV,Gold,3,HELIUS_METADATA_BASELINE
4F59rSRqRpuwjiwnGqH2Rchq3jLQxJ4xWKq4H1JVbZc6,Arcane,4,HELIUS_METADATA_BASELINE
4F5Q5Kk17rNuP72EH7Wdkznxiqid3iYht79P4r4vM8Vo,Elven,5,HELIUS_METADATA_BASELINE
4FJpb35XMjhzWV8X2Ea1HYqYixUE8Q3WQnF7yq9QJmtR,Silver,2,HELIUS_METADATA_BASELINE
4FSMjPeuvcoTGCtwDcjLcrNcZx1JjQkeXuEDnfsF2fhn,Silver,2,HELIUS_METADATA_BASELINE
4Fdf3T56wox4tdyHDo1r8Zh9Gb6pXiZ3ogVwWGo2H1Vo,Arcane,4,HELIUS_METADATA_BASELINE
4Fe8VQKw22XDw5PcmBSdPatyZ8ms8oNmzCEj9VRct9vA,Bronze,1,HELIUS_METADATA_BASELINE
4FoXJmSUSsRupPRR4u95bQhs5qZTiyXC1beRZdY1wmXT,Silver,2,HELIUS_METADATA_BASELINE
4FrusSWj3nYgZfzmgJG34Y2CZV6v5hBbtjkiqLi2rXtL,Gold,3,HELIUS_METADATA_BASELINE
4FsQ6UDZU1ScHw2rR7SMhs5h1KugeEGMQzV5BJQmYHDk,Bronze,1,HELIUS_METADATA_BASELINE
4G2AUeMoGWHdDMPBEMi68UC4sAjBJh9AxNm4YaphjTq3,Bronze,1,HELIUS_METADATA_BASELINE
4G58YLWgyeDB2Yb4cUbeHfULHYREBw1NUw3EM25PNm8o,Silver,2,HELIUS_METADATA_BASELINE
4G5fkGQjcLopEK5ASHbQa9de9zpHrWQcSMovMYmscbUa,Bronze,1,HELIUS_METADATA_BASELINE
4GDVdy4szR76EQQrWG4LNVbuLCAawYXgW8h8VvS7w9WP,Silver,2,HELIUS_METADATA_BASELINE
4GE9rfvJTp1uGGcqecQHDEGeNc1Y52eXmapS6mAf8Fws,Gold,3,HELIUS_METADATA_BASELINE
4GVAV3DFMWZXRv5T7EuTnktVjggWrD7LJ6VhFfFLLcAc,Silver,2,HELIUS_METADATA_BASELINE
4GZtXRfAxMcpNYdzRsdkEbZWAYKg8onhwYHmScdUCJin,Gold,3,HELIUS_METADATA_BASELINE
4Gd81UNu5LKJHkWWUHtF3Sfnv6MBSksMCbvMdMPcWBjF,Gold,3,HELIUS_METADATA_BASELINE
4GdZDjnygH2nTUeQsaMgrJKaRdLEq2ji17U3bLXJ5DnN,Bronze,1,HELIUS_METADATA_BASELINE
4GeVxvWPj3RWczf8GWgsgYULVu3N5WZdUarHe32RcLig,Bronze,1,HELIUS_METADATA_BASELINE
4GhsYvwPYWi6q8PpBeD9cNQyJYa2BtZkWqVA3Kptx7VW,Silver,2,HELIUS_METADATA_BASELINE
4Gs2mAqLnRG3V4uBhDfQevjwKLBGQggA3MrYe3WktVFU,Elven,5,HELIUS_METADATA_BASELINE
4GxSqBiHykcibibdLXgrMaGEmAXYhxmo1usA8HgTVk6r,Bronze,1,HELIUS_METADATA_BASELINE
4H589pe5YMPc5XtMFT1tuiTJBPDzwmFQdWQ4EdVqkpkk,Bronze,1,HELIUS_METADATA_BASELINE
4H5m98jh93Fe93DpvrgfT5WfkonXEG9uXqJMf8dJU1k9,Gold,3,HELIUS_METADATA_BASELINE
4HGTmo2rXZxV3qq9VMzn37UQwkup75jBc1R9DNkh1iPR,Bronze,1,HELIUS_METADATA_BASELINE
4HY4EPHnkMqWp5FCcwqDk34yqE349FVXFRm6E5mCZ87h,Silver,2,HELIUS_METADATA_BASELINE
4HYGHr965JHvjhBea38yYmAGwb6kjvTgQaq4WKhpaBzh,Silver,2,HELIUS_METADATA_BASELINE
4HZX2jiiCcizcWwcGg39grhwzn5R47GsDANu8pp7ijtJ,Silver,2,HELIUS_METADATA_BASELINE
4Hac77eyZHGC4aFWJ7SVjYs5pXq2oGwYzEH6UcSqXKxC,Gold,3,HELIUS_METADATA_BASELINE
4HgBQZZ1BobLyVoBPtzchTVFxLH4RuKfUti7GEa9yJQQ,Gold,3,HELIUS_METADATA_BASELINE
4HgPTVcXmfJjg9kFXbfZVwM4s48NJa3q4fgGLqZPWFou,Gold,3,HELIUS_METADATA_BASELINE
4HhBmuMnrxpzNWTJDncezmDUtx5cD9ESVcN4KajzTE51,Bronze,1,HELIUS_METADATA_BASELINE
4Ho1AwU7frR7g2AWMJb85wQeh3Y7iPyHtFyy7AojCPR9,Silver,2,HELIUS_METADATA_BASELINE
4HoEb4Fcke5pSF7RiZyts8sZaD8MPQ2DvwzxrcnGPM62,Silver,2,HELIUS_METADATA_BASELINE
4HuR46amTunVuCGmsPPK1Ldhuxgkvi85BndgSHxe8ZRz,Bronze,1,HELIUS_METADATA_BASELINE
4J4gKjXJpg2QvhzAQPTEDnGziVUDPC23DsSfx4FCMtTK,Silver,2,HELIUS_METADATA_BASELINE
4JCisNW1DSv2VgvyYwfREN9XpKcx9JKKYDD26rsRNKje,Bronze,1,HELIUS_METADATA_BASELINE
4JF2BL2h3M6u1iEHynmtBzmUF7q2tfEUbnVBMCE37o3y,Bronze,1,HELIUS_METADATA_BASELINE
4JMKLQizuZnYrA3jLkiNnQWfnRpct9FgAgkBX8RziS5P,Elven,5,HELIUS_METADATA_BASELINE
4JPek96k7rRPySaf83rnGiB1g4duHYZcBZJxDSAeKFy6,Arcane,4,HELIUS_METADATA_BASELINE
4JUjgU5FPf5tp2yzQMgkhszYi1a3uZ7vso4gD5yixikb,Silver,2,HELIUS_METADATA_BASELINE
4JYBrrzLL85fiymHXZv5ojFhV3cRFy4TgpS74TGiLVWf,Bronze,1,HELIUS_METADATA_BASELINE
4JiD8fudMWjWE7QAiDGR53JUwVhzVF8vyvDnDoJ2SRov,Elven,5,HELIUS_METADATA_BASELINE
4JjQVDgGjQJ6zmBCfJ91CohCRRN3TUftZTMsGahNf16E,Bronze,1,HELIUS_METADATA_BASELINE
4JsEbPsrwQtZuMdXrRh8bLjZe6xxJoJjcUUm8DwUKzU4,Silver,2,HELIUS_METADATA_BASELINE
4JsWq3dFtiZ4b5bFt3KMqHcQwVAQ2e4FzjYzdMu6bxdq,Gold,3,HELIUS_METADATA_BASELINE
4Jswz4DH3Y29JsKDNeS1hQAoegdFkZYCkLFW3EPaLQEh,Bronze,1,HELIUS_METADATA_BASELINE
4JucnGoQAbcV5YRzFP6o1dYdaQxdkEiH9dRQVsZ4hCMs,Arcane,4,HELIUS_METADATA_BASELINE
4KHKiSB4TjyRcNhjecwoABz76mJjBYWZ4u3goHz9bNua,Bronze,1,HELIUS_METADATA_BASELINE
4KLpCHZnZNrJS8zVRBHxFqhDpnSKAzJB1PTLecdvdajb,Bronze,1,HELIUS_METADATA_BASELINE
4KXiERs1yDtAS3i7u85sVLM1iEWpYczVsFzFxRtWcvNA,Arcane,4,HELIUS_METADATA_BASELINE
4KbefdPZUMCtfwTo6kguZapJERSdVN93Er2gTzTPEVYJ,Silver,2,HELIUS_METADATA_BASELINE
4KegirRRroJTQ9Guofv2noqTrZdzTHxqxmaKVWp6bDfx,Bronze,1,HELIUS_METADATA_BASELINE
4KfDxanPcbZJRxP5FPF47vAYoUDy1iCaigsW62iZ8MWV,Silver,2,HELIUS_METADATA_BASELINE
4Kj7xkx3R3hkZnp2UJggik9KcNkqCSQugF7ANuoAj5Am,Silver,2,HELIUS_METADATA_BASELINE
4KkNjLDKfsxg9YPqB8VK2iJ2tgmGR8beR9Ldd4N7eiNj,Silver,2,HELIUS_METADATA_BASELINE
4KyWSJv61JfbcCEpfQeinZtrwHXzrRUF4m3S9C4xitjB,Silver,2,HELIUS_METADATA_BASELINE
4L9Rvrr6YvwcVg3rDk5eY8SMxetsg9u2F9Q1fpjUUG87,Silver,2,HELIUS_METADATA_BASELINE
4LGApnoVLsmaP6PUxnjFmHoP4Kaex7Gj5p5tcds9a4S2,Bronze,1,HELIUS_METADATA_BASELINE
4LGKtgnJfWfiwNC6Gj5rpPXTcUxF8c61fQXXc6PFrzLD,Bronze,1,HELIUS_METADATA_BASELINE
4LLsUY1iRgdkhzjuNKL5r4Gvg7o66dE6q4eDsMiPuBmZ,Elven,5,HELIUS_METADATA_BASELINE
4LMMmbhH7RzJR4sBieVe2W2QAkoq6HBTj3nf6YHBffed,Bronze,1,HELIUS_METADATA_BASELINE
4LQPePzCpUwE4YinFCxLYVMAbzxVYVuysfRNSUMvqVcS,Silver,2,HELIUS_METADATA_BASELINE
4LUZpamaw6QHG7L5W8HNxV7bwfG4hTjMvXimiE4ZJzCy,Silver,2,HELIUS_METADATA_BASELINE
4LW48DdHm23xcoEvbXqtvH2ZQUdADGJA2rCDsMdoGZnq,Bronze,1,HELIUS_METADATA_BASELINE
4LgHoTS7Ntzy1cdSCG61VTy7Zmq482GtdkwStvzq6ZTJ,Bronze,1,HELIUS_METADATA_BASELINE
4LjLgmHmAqJh4PSPLf2KoWwzTUQpb53tfTNxNeLmUD6i,Bronze,1,HELIUS_METADATA_BASELINE
4Lmfbu4YdZrSvMivNCp3u7snixwwvCF3jE6oCDeWCkLx,Elven,5,HELIUS_METADATA_BASELINE
4LmuMKDVbPBYtHCcnS8AZecnbKvzTdLC2vixS9kaSGov,Bronze,1,HELIUS_METADATA_BASELINE
4LucvcejRfzhp7pfrrPVXXvxXAEPuqwf9BDU85DedZyg,Silver,2,HELIUS_METADATA_BASELINE
4M1DspNr1cxoTpPYDS1C3ZUHDiBbJjFZFED66p8hboQA,Bronze,1,HELIUS_METADATA_BASELINE
4MBJLTuo6wNXiMekKhYGEcNHfjREPF5VsaaBCp3iUW4j,Silver,2,HELIUS_METADATA_BASELINE
4MabH6mY1F1bvGAbSfTBgBGFaUbmdr3cA5UNpdVdFbFz,Gold,3,HELIUS_METADATA_BASELINE
4MdQydXve2TPi3os1qDpp6MTM5TavaMpfLSi5SMEvYZY,Bronze,1,HELIUS_METADATA_BASELINE
4MgyWVrAXC8jkFMRqDfmJqojTNoCo3LYvbJpfsxRh78C,Silver,2,HELIUS_METADATA_BASELINE
4MiU8XdG46B3d3hEPH5ZKdUbBAu3GdKRYFugrnon9s5b,Arcane,4,HELIUS_METADATA_BASELINE
4MqUYk15x5RGAJau7kKYs4m4HzvoR64JeHrrzh7zrkDn,Bronze,1,HELIUS_METADATA_BASELINE
4MqzvvxLPnhNHtLwGPtr6fdaznzT6ojEP4kEzCTCwFnY,Arcane,4,HELIUS_METADATA_BASELINE
4MxJUrGdHPwMj3zdyJCqbfEbVaitbjMVcDjZiQ289t6T,Bronze,1,HELIUS_METADATA_BASELINE
4Mym1qDUwvL577S87GwH3AgzLu3iKaubBeAverEATh4C,Silver,2,HELIUS_METADATA_BASELINE
4N5AXKUuMYMwidokwGhVUxKPqReui9QNPrGrq8PugxdT,Elven,5,HELIUS_METADATA_BASELINE
4N6x6ukpMRWyS68RtUy3M8LmNeCCRqAuEzTpv5sdYw7A,Gold,3,HELIUS_METADATA_BASELINE
4NBKnX75oaJZAgmDk3aiGsZUsztGDWR3xNzL4gCuKq3f,Bronze,1,HELIUS_METADATA_BASELINE
4NEWMYC66q2MiEVtn8cS99BurNRS2Zi57XS7QLMS16W3,Silver,2,HELIUS_METADATA_BASELINE
4NQu4gYACU36GwNxm6bgNFFzaTdwYYNjoqFfFJgAVgbQ,Bronze,1,HELIUS_METADATA_BASELINE
4Na4nkM4EUpiHFJ6PNxzAEav5inhNvbhxX3nJrnAtHaC,Silver,2,HELIUS_METADATA_BASELINE
4NaBsUwj6S6SxrdF4t7sDRViPfSs6VNQrHGfCovLkPdq,Silver,2,HELIUS_METADATA_BASELINE
4NfdPuCgYGjt3CBRocJaRNm6s7tBGykYwXD4SQJfLLop,Bronze,1,HELIUS_METADATA_BASELINE
4Nmu2epbT3pLj4EAgWxtyYXjiEnugGrhTXTsVFBEJCc2,Bronze,1,HELIUS_METADATA_BASELINE
4NmzVnR6cRrGHLE8iGj3DXVWi5qotkwMpcZxmoLnzCTe,Bronze,1,HELIUS_METADATA_BASELINE
4PD6T9N7ba987sKZB9TAFPZyyCiFCgwoKZps7WP8juKx,Silver,2,HELIUS_METADATA_BASELINE
4PDdaDUdZqXXoaACoJ11kFcKRh2y4Ps3AFMXsNFmrnQz,Gold,3,HELIUS_METADATA_BASELINE
4PH1YVdDWKTMoagXJtE3YXeqAr7JNvcoHykPHuVJ3qjy,Silver,2,HELIUS_METADATA_BASELINE
4PJVWDgnXJRZK6wG4Gk442btxHSNgt2K1GTrFvh7uuCh,Arcane,4,HELIUS_METADATA_BASELINE
4PJuwm4ngYFp5XeJhxpgbKhwg3bUDgaosnLxbcRWJbmk,Bronze,1,HELIUS_METADATA_BASELINE
4PTCtzxiZjQNVFvfnWi5iasZrCQDHVLPJqbV8GsZEujm,Arcane,4,HELIUS_METADATA_BASELINE
4PZBF6da9PPxGBHfzDgsC2pcywmuq4u4e47rV7Mh1xiy,Silver,2,HELIUS_METADATA_BASELINE
4PjmDm8tfGu3NTNak4Mmi6ESrVpggNjoQ7nBj7A8fuN9,Gold,3,HELIUS_METADATA_BASELINE
4Pkiq7ZMkvp7XYBVkMAAuPyHd4hnhr19zwFSoJ6rmRsJ,Gold,3,HELIUS_METADATA_BASELINE
4PyzbAYyRyu5hba6HDgyvnZxzNK8EHY5S9JEAEWpQYcW,Gold,3,HELIUS_METADATA_BASELINE
4Pze9rCkMYNWVECPP9JjzFEP8gr3tNqgN1QXW4ATTzeX,Bronze,1,HELIUS_METADATA_BASELINE
4Q1M2KS5Y3zP3hkQb2hWNPZCxxb4Xw2GVvj64pWboM7Z,Gold,3,HELIUS_METADATA_BASELINE
4Q3ySW5ABqrXd3uJjRLoJSei8fAxJjiJzXEXos2nGpjG,Gold,3,HELIUS_METADATA_BASELINE
4Q8cQKk8KahTcW4UauaaNMLvZfpo73dPpi5BGY94vPR2,Silver,2,HELIUS_METADATA_BASELINE
4QGioWa9BirBbsaGYDXwh9Wdgj5gbuXDuj6yFHAH7B8q,Elven,5,HELIUS_METADATA_BASELINE
4QWMuUCfMap7EuML5KFxeMFjeBmWGRn2YYyQMuQvobrq,Elven,5,HELIUS_METADATA_BASELINE
4QXEKbYSTRWwo31JFfjMjohFoWyJiooDFQbt1zpkxFLn,Silver,2,HELIUS_METADATA_BASELINE
4QdALvCYkbrmy7txwKQoYEuky78RUYSu8cLx2HhmQm22,Gold,3,HELIUS_METADATA_BASELINE
4QgcWeXBicgSfJyjigU6bKXbXQdoPACRi9WKxy2RxHWr,Bronze,1,HELIUS_METADATA_BASELINE
4QqX4SKzzcYoMgej1FrERdFf5yaipDWeDUVSfc3ci6ZK,Silver,2,HELIUS_METADATA_BASELINE
4QqjtN3Wxzb1xBAkMqSqYcmkWiie76v1eDGxRERVk6Yc,Silver,2,HELIUS_METADATA_BASELINE
4QtUw9aATZAvt2rrHjU8CNTYKLE9GUgKBK8dLJiVfnGq,Bronze,1,HELIUS_METADATA_BASELINE
4Qu1BXkvj3GzgWcAeD2K21ycbSZLSjVnL3XbQXURpoMe,Bronze,1,HELIUS_METADATA_BASELINE
4Qv8pTyrmZJMgBDwBYP3yJVH4jjNZ5dvTFG7EvTTd2mA,Bronze,1,HELIUS_METADATA_BASELINE
4QzSHtCeBUeqor9UWS5hYtnMVFPrYZWX9mTKKgAJLdSi,Silver,2,HELIUS_METADATA_BASELINE
4R8wgi7NNK9ddSmxpqbTZaCv3TXbqpCrXvJqHJuGo1VN,Bronze,1,HELIUS_METADATA_BASELINE
4RDHK6BuiuGmVipZdMvmTKqfKrRALnUyYWVPJ3MS74hy,Gold,3,HELIUS_METADATA_BASELINE
4RXyqAb2A3oLJ7F59EyA68gF2S3jnQ7otbWrtNSUpoLz,Gold,3,HELIUS_METADATA_BASELINE
4RjbLUHiRyK1MsowJmVBGfyN6r4WFcFj8Cra3JK3XPxZ,Silver,2,HELIUS_METADATA_BASELINE
4RsWWgY7t9Cj8Xy4BJ4naVZticecg7PT7BtjVdAgtxhZ,Gold,3,HELIUS_METADATA_BASELINE
4RvTSUiUaCXcugydxPbSnVtdDEjPMu3UV4hMKLMEiSCo,Bronze,1,HELIUS_METADATA_BASELINE
4RxZ98DSGwUvrfxaMnbdBW55arTdAZACVJsm8vM2tKMi,Bronze,1,HELIUS_METADATA_BASELINE
4RyBsyvbhg1V6JHEufNmkYz2nGvAqyofE7XBNnPbTmYA,Silver,2,HELIUS_METADATA_BASELINE
4S7bJP7YGdQxaqXU6fgLjFSVMPdcc5Sz1zMxApGoLRSh,Silver,2,HELIUS_METADATA_BASELINE
4SBUToe9kPTqh53LvTfbBD8qDyfxPmAzJctW5au4SP29,Gold,3,HELIUS_METADATA_BASELINE
4SH9w9Tc6b1gxaNYaLVgViuaNmfCgNjjb1dq5SR173hH,Bronze,1,HELIUS_METADATA_BASELINE
4SUS6m4jLDzhHFn6WMwe2pTQoVParqU8uU9eg5rgbHcS,Elven,5,HELIUS_METADATA_BASELINE
4SbXFwzyFaLd9wQN1dCn26S3NTdz6JnJ5cW3RVPA9cQJ,Elven,5,HELIUS_METADATA_BASELINE
4ShErPZ9MTmVHT9jBtWFxG52MNLiF3YbthaViaUPmjta,Bronze,1,HELIUS_METADATA_BASELINE
4Sixkb5TbLCjs34PimGn7btMgW1qBkN2tUuzY6eioYbf,Bronze,1,HELIUS_METADATA_BASELINE
4SrnRkgeK38DY2K2eGxcBXNJmzwMZzDSDskA9A7fzvxE,Silver,2,HELIUS_METADATA_BASELINE
4TA64tdjwx6dsHTzj645SksRuq4E3gxjCVtBwXwfSms3,Gold,3,HELIUS_METADATA_BASELINE
4TChxxQb3TmSTrNDtY3MXguQgH6XvpFT1DEmTEGwq1Ms,Arcane,4,HELIUS_METADATA_BASELINE
4TDyN7a5Z3DyGnzWy7hHN7rjNMrBm424GUcV5iBFYd8p,Bronze,1,HELIUS_METADATA_BASELINE
4TMjk4vGVJLD23TzYdRKewLGKySCoeh83fCdtER4iz42,Silver,2,HELIUS_METADATA_BASELINE
4TRNo38CiEHgqwn7Y5jgQMJdpW8qiJvN5pHy5NFmJTzB,Bronze,1,HELIUS_METADATA_BASELINE
4TUnHhx6heN1rVijDJoSJjWHfXAP9mDzXWLTHs7sd5b1,Bronze,1,HELIUS_METADATA_BASELINE
4TcuEZf38yRpjpDvrN3xvawFKeYX97em6n1T7dUHiSxW,Bronze,1,HELIUS_METADATA_BASELINE
4TjhC1DDgn8uFeDuFQ8BUiRXsozQaKd8vuE1mjAfCGQ3,Bronze,1,HELIUS_METADATA_BASELINE
4UA6twEs5DYiSqrHQ663xFSrPikF5ASy9t5RfkCo4AgE,Gold,3,HELIUS_METADATA_BASELINE
4UFXrSVdWqH4pECfMy1HxsPZbNdFbtsrTqDJ1yEvHqmT,Bronze,1,HELIUS_METADATA_BASELINE
4UMnmtJJEbh7SwrtRXN3pizrHURwbeS9x7f4uc7DemZb,Bronze,1,HELIUS_METADATA_BASELINE
4UXNWKVfD4QUbTaUX1r8bU68tKuHcujkB5Zncm7iofdE,Bronze,1,HELIUS_METADATA_BASELINE
4UbGTYLQUhSJf98BAp63cy1bsu7bP1uEtwZ3nYa4413r,Bronze,1,HELIUS_METADATA_BASELINE
4UhkHC5gH9kh4xba6ZX8M2rnhZK99tVyrVzFEfdVpRSK,Bronze,1,HELIUS_METADATA_BASELINE
4UmwAo3Qmu1JpvTMTFpqYJvKfR4tTNWrmU9mnPo8dLK3,Bronze,1,HELIUS_METADATA_BASELINE
4UpqPwLwHcMRRNyCRvaijqUvXzwFJcJuWp3mMrLHdxnC,Arcane,4,HELIUS_METADATA_BASELINE
4UrgFEcPGqb6R1WfY79d1VSrUrpKX22ZXwez2RxQD391,Silver,2,HELIUS_METADATA_BASELINE
4Ux2hP7UGNceAcUQztuu5WS3U1QEPnkHFh7uA4gzx2qk,Silver,2,HELIUS_METADATA_BASELINE
4V9Rkk2r4HuxhAYekGMFoFUjMrsi8Sfy6txjo7WCDPMa,Bronze,1,HELIUS_METADATA_BASELINE
4VFGfy5BhCcgnixY2Miagbr1JNUMrA4p9KBGsToLrMfk,Bronze,1,HELIUS_METADATA_BASELINE
4VhKw1pXx1FJba4R3iW2CLhQP1kZ3FyfHyV6gLJTg9s8,Bronze,1,HELIUS_METADATA_BASELINE
4VrbpfAspUxCjfcHcMS5oJxTTni6zZGnWwNwKEL18Tqn,Gold,3,HELIUS_METADATA_BASELINE
4VuF3FNaTTeBVpJUSzpYgfibc3hauYGpaLChBK9aAyJd,Silver,2,HELIUS_METADATA_BASELINE
4VvgbvN7oy7ZU3QPiyxoatBZRsdXKvCXYsDcZn63dUvJ,Bronze,1,HELIUS_METADATA_BASELINE
4W1fR2aqhRk9HAf37eJFecnnvMKASWZsAxVeZvgXDtTV,Gold,3,HELIUS_METADATA_BASELINE
4WAFhZEco4TAZiRaP8skxD1uDhHMDm6ec2RRjfu7PMsu,Silver,2,HELIUS_METADATA_BASELINE
4WSnsb2wG9yGHgsBrwdMoeaiNhddYVNBrH26x5es6Fiu,Bronze,1,HELIUS_METADATA_BASELINE
4WUuKfwnhyfhhp1JwzmjBG8CYGtYrx2A8X5PYSkz51iL,Gold,3,HELIUS_METADATA_BASELINE
4WVMfK2ETGRFZYU9SzaFRXS5jzre2wuZakfP67WTTtMZ,Silver,2,HELIUS_METADATA_BASELINE
4WakUXc8ENY8YL7XjPuCm8wng5XH2yvJVmUtVwEqc6Ha,Arcane,4,HELIUS_METADATA_BASELINE
4WfDn2QCS1Rs9SpvVa4c3F11t2N6tzhR4kRBDkxPwiqn,Gold,3,HELIUS_METADATA_BASELINE
4Wvj6VRwmFF23sDgXLchvc5DZBeyVm3JwhQu2v4d3Ehh,Bronze,1,HELIUS_METADATA_BASELINE
4Wxapb1ARZ9xCe7DV3azbCUqSemeWrqSmWBANszXJBGi,Bronze,1,HELIUS_METADATA_BASELINE
4X7JNrTz5t8NQgfvbcnP1PBVRahwFks19vwAFBPP4J5W,Silver,2,HELIUS_METADATA_BASELINE
4XaMkQXVFkbhuaJvkS3hGLu4HXHtYw84yrbzqcTW2YwF,Arcane,4,HELIUS_METADATA_BASELINE
4Xoqz1Gqkh9eAw9ubAktQmbKhWuXbvQrnsjt3yUmcvSk,Arcane,4,HELIUS_METADATA_BASELINE
4XvF97HNviLZPiytRF2GWVw9pGXWhWjWGS3SnQ35Gxr2,Silver,2,HELIUS_METADATA_BASELINE
4XwvERr312oLFoqaRKDcunkmy8zkjucuTbNTnnkcUGZ6,Gold,3,HELIUS_METADATA_BASELINE
4YizFgk2sne9RMr7Ac1K5mfHwVN3Wt7MWMwhdApmzhkG,Arcane,4,HELIUS_METADATA_BASELINE
4YpvP8EV965W91pGYufoNiZuTSwR7nWGBBPAkAop9oXW,Bronze,1,HELIUS_METADATA_BASELINE
4YtXnkcCNvDifXkNAUnXahTfrGk6rkEFRqgai8dh5cEq,Arcane,4,HELIUS_METADATA_BASELINE
4YwmPd2CuR8ES8u4YnjZCikPADoGriTXYq9Nvq7YWmEu,Elven,5,HELIUS_METADATA_BASELINE
4YyZ8dziSR9DXEVdQHvrFwdRaQvggDUvAnHLjwS11Sjy,Silver,2,HELIUS_METADATA_BASELINE
4Z4vbjkg2LF8DSWmFUapH8gb4X4tgFxsSsg4gLnZbgwb,Silver,2,HELIUS_METADATA_BASELINE
4ZCnRdUhdtcXACXPTzjSQ1RTfJeqGVPTpeR6WK69xUXC,Gold,3,HELIUS_METADATA_BASELINE
4ZDjYA1TFKks9Q28BWPkzC8NK27usP7BhJMgoPNczGPS,Gold,3,HELIUS_METADATA_BASELINE
4ZJAX3zw1XpihBdX7ao9McARtrfxwMcERJ611s6oZR8P,Silver,2,HELIUS_METADATA_BASELINE
4ZQ8FyUtiYWt5TLVhZioG5v98yDsCCzhF1LjgjHBZWnR,Bronze,1,HELIUS_METADATA_BASELINE
4Zcx5sSG8md2d4jrPgj7HtmAGtSM7nLMCsvu9Pctv1Lq,Arcane,4,HELIUS_METADATA_BASELINE
4ZfC6NYuPNMMooHi7CtF4ZgtUPZnscpt4iuZo4gtsCTr,Bronze,1,HELIUS_METADATA_BASELINE
4ZhGjMkooSFfUmTr8DnSiYGzQbB4mG2Nf9iiUMNnMmnm,Bronze,1,HELIUS_METADATA_BASELINE
4ZiSj1ijGaSD9pnunbYjoFKA2jgdxAbYCdzAHz6bxB9J,Silver,2,HELIUS_METADATA_BASELINE
4ZjHpRsPfJ1Xw8v9tZqeWWGNrEcVW1FxG9EhaNUkpKZ3,Gold,3,HELIUS_METADATA_BASELINE
4ZsNTAubRorjEG5WdrupnsHgsLFayo9UEKKaqT5b8H3m,Silver,2,HELIUS_METADATA_BASELINE
4Zt5tMierNxwXV6Lg2tpz2HDydDF9teeoHxj3pJ4ynmn,Silver,2,HELIUS_METADATA_BASELINE
4ZtUYTdpTx6vY9LgEmKGwEEafgTKQfdfCmdfQgch82sP,Bronze,1,HELIUS_METADATA_BASELINE
4ZtUoWSnf4Ac8ZBb6UxUPLWt7zSa6RAAmAHaaWZhzxf3,Bronze,1,HELIUS_METADATA_BASELINE
4ZzygFcP34se8bSrfdgYNUA6ythXL5h9AJ9k5PBBXTrp,Silver,2,HELIUS_METADATA_BASELINE
4aFtUUhR26WSoPuLoreq5qVzoZpKDavvP1L7eXB42cFS,Silver,2,HELIUS_METADATA_BASELINE
4aJjqkaRjGG2KZP4fubY7H9ro93NYsLYEPnMhsDPapZX,Bronze,1,HELIUS_METADATA_BASELINE
4aQaTKR5qz2nKS25UUEN6d6HcyJto5HT9x29MshZPQY8,Gold,3,HELIUS_METADATA_BASELINE
4aSwPSpvKgCRMiaCxcKy5bh96icBzSMoudc7niNn8mkq,Bronze,1,HELIUS_METADATA_BASELINE
4aYtY3oH5xGza1FdmAzH9T4chdyGihAZAv7tvqF2fTLJ,Silver,2,HELIUS_METADATA_BASELINE
4adRSVAkFrG6UNRk8iavxAt7dM6635c2h3RdVJMH9JUK,Gold,3,HELIUS_METADATA_BASELINE
4apXsEkRwg5cRw1pTvDv8JUsVqa2VJJHL87ThgGbQ8Mm,Bronze,1,HELIUS_METADATA_BASELINE
4axUcsiXbnc5rmhANtE3nWhYAsCEeVB7cMJanZnQ2Vcp,Arcane,4,HELIUS_METADATA_BASELINE
4bCM29i8CraVn5WtnKzW9k32MPYupi8UydERVkchiCjP,Bronze,1,HELIUS_METADATA_BASELINE
4bCQr4XLN25pV2Z1GkYkQvvvbbi3LNcYnhbSJKJBNUzo,Gold,3,HELIUS_METADATA_BASELINE
4bD9Yp4xzYacoMANYraQCVB35JHFUZv3uG5FG1HkS7qH,Bronze,1,HELIUS_METADATA_BASELINE
4bGeAeBDL1AhoMNEVH8iq5XRX1rbNWdmP6abakpMHR8B,Silver,2,HELIUS_METADATA_BASELINE
4bTXTGtbtLCjT4wGPjbQER5pMvnD16ygXt6AEQgRwPq8,Bronze,1,HELIUS_METADATA_BASELINE
4bbHtKjQBYNK3TryoBgkKqhA4b4SUJoXuD57dCyQgPNt,Bronze,1,HELIUS_METADATA_BASELINE
4bbJ6Zwbfy7AjwpvBTdkUetZ5n3rSeBmMgwnx24zrcAv,Elven,5,HELIUS_METADATA_BASELINE
4btUogDjiX6zJSxuNR7QcTNo6SgcvmrXVmP48yJ4Y2Vt,Silver,2,HELIUS_METADATA_BASELINE
4bvAXKpEm1kEAjgKpMeEtSWUdRxNg2qXujUNcZzW1c18,Bronze,1,HELIUS_METADATA_BASELINE
4c5ph2GSgsheERKCfhrmGWhZNzPCLXbHtwcNx2KHJa6o,Elven,5,HELIUS_METADATA_BASELINE
4c6oSL1VQnEVpLwrEaeotHrGDrDAZHvCJLyGd5gJbNBB,Bronze,1,HELIUS_METADATA_BASELINE
4cC1X4riLefqTJ2VPfhoLba5GCme6mpKodPYpo2WRMmL,Arcane,4,HELIUS_METADATA_BASELINE
4cH1pumXytVLqGomLggRHmBYaJxHtv9kAxjAejb1NvCa,Silver,2,HELIUS_METADATA_BASELINE
4cP2VioqQdfG93PzztBq3WCks54CPpbQJxfXjiBaDzoj,Elven,5,HELIUS_METADATA_BASELINE
4cRBCEtq4zcBwY86ZFenN8K3eWZSDgf1wYkgnVvsWrEE,Silver,2,HELIUS_METADATA_BASELINE
4cY6eWwEaGnHCehktYSy7y9gSDj9uMbdn9HQR9DcWZTi,Gold,3,HELIUS_METADATA_BASELINE
4cbRTtg4CBJTRtVrwiS33vsfBg5y9c9xGYd8DYtnzaJv,Elven,5,HELIUS_METADATA_BASELINE
4co64gdcoXeZswPtw1uZJ5pce4iD18UP1T8S9MaJox9g,Gold,3,HELIUS_METADATA_BASELINE
4coUSKBL2DYN6aeVuiQBQiApYUVPWDYSW2aDx1aDXpSQ,Silver,2,HELIUS_METADATA_BASELINE
4d3gV2DU87TXHKb6A92pQ9oWqtRRmMvDLWw9bkq2R73b,Gold,3,HELIUS_METADATA_BASELINE
4dAFjg6khy2FNYg1vYpCVpaFEMhedouXb98ZAtdx9YQn,Bronze,1,HELIUS_METADATA_BASELINE
4dKYPBKPkRuNfgEhpV6K49eXgqhFeHYVAKWiuYoeHMY1,Bronze,1,HELIUS_METADATA_BASELINE
4dM1qpab79kBNufGijjNHXdAWggqcFurzZGv7VzNrEdi,Bronze,1,HELIUS_METADATA_BASELINE
4dNEoB9sNAc6EC289G54uc5GU1UbuDgNZR8bpgiqjJ7E,Silver,2,HELIUS_METADATA_BASELINE
4dRVQGpVC5LyhFWR1H6xY1yYdqgm41escfkAUHUNpPvx,Bronze,1,HELIUS_METADATA_BASELINE
4dYsy6rh9JMwVAdxGEG59P2nt6bEjcbBvvFaKMLUvfV1,Bronze,1,HELIUS_METADATA_BASELINE
4dZgiMQMY6EajiD18bkcmAacPQysoLcFTGFn6zb7rvDX,Gold,3,HELIUS_METADATA_BASELINE
4dbog9VwRo2WKzjhWb4MuNwkqqoPNC6hSMKiCSLHxGp1,Bronze,1,HELIUS_METADATA_BASELINE
4ddT4k9L2ogMsA3aRFuFYN7m8onc32guH7s872KwNkSh,Bronze,1,HELIUS_METADATA_BASELINE
4di6ExfGRu39aoK6cvZEgmyY5X6CcBevB7gcCqQPt3B5,Arcane,4,HELIUS_METADATA_BASELINE
4dk9YKNg2P9ewe5reU6Pg9BW9HHfUsoWYMMYG5GM7Fv7,Gold,3,HELIUS_METADATA_BASELINE
4dki3hK1PGeNYtQRn2dnciopyACDrpYfbrHMjUtpKGDk,Bronze,1,HELIUS_METADATA_BASELINE
4dnPqzdCZgkpQpVnqoNb3X6ft1ykyzGajMckVpxE7vhQ,Arcane,4,HELIUS_METADATA_BASELINE
4dseDEBhiUkXjJfeZZvDKZg1Y7JACYesgoxBuQUNXRCs,Gold,3,HELIUS_METADATA_BASELINE
4dwfTduK9KdPUvWgJYpAoaaLZ154deY5pdEwurAMEjge,Silver,2,HELIUS_METADATA_BASELINE
4dx65g4HPbNZ8h8XDkej3EHxpckX2QKQk6mVMgh7ozpq,Bronze,1,HELIUS_METADATA_BASELINE
4dy92zhFgWX9ACUQGg2VUbZBgA5LxwHPCaiEY6VNLPXw,Arcane,4,HELIUS_METADATA_BASELINE
4e24dVoniRGgi83EpwobZiEehdbsRhDsiTjQAfLa52Jy,Arcane,4,HELIUS_METADATA_BASELINE
4e3zYjrKJqfULq65rKpU16RAQFDZJCUPkGKNHXHNaHXd,Bronze,1,HELIUS_METADATA_BASELINE
4eXkmJmLjCh7xXyrn1nnNVwXPAFZSgdTkFu8VjfHTmA4,Gold,3,HELIUS_METADATA_BASELINE
4eZTfZyBvrzrr9E34iMAKAWoVnUqa3gEworekQ4ReRm6,Silver,2,HELIUS_METADATA_BASELINE
4eefpx3d7tLbY4SFeq82rvjQqn1tA4qYJCdR4hP1Jcm8,Bronze,1,HELIUS_METADATA_BASELINE
4ef1s6Q4bws8fQuZAj5gfukyJGKGQLEGUXhkQE7TZ29m,Bronze,1,HELIUS_METADATA_BASELINE
4efPpadcWMziWbUw1NxHd5NtCM4aZTXkcbX37jzENgGK,Silver,2,HELIUS_METADATA_BASELINE
4euiW8tfajHb5xj8SDRXZWb7efUfQcFgC1z5J8AgFfqQ,Silver,2,HELIUS_METADATA_BASELINE
4f3jPGxrGj33awu3RfxCcqdR5kR8cvkZ9PduSXmnTqZm,Silver,2,HELIUS_METADATA_BASELINE
4f6nJjGfcZ6Gi68iqv7mmDv5rJ9ZW1ByJmxNDfdB2i6e,Bronze,1,HELIUS_METADATA_BASELINE
4f7jBpogKjb6xn9ZL61srGyKfpvcC8RwL79R5PcKtdQu,Gold,3,HELIUS_METADATA_BASELINE
4fEQ9CavRaYzqpbxByRJgHWztS38KoJ5d2AA1mogQhB3,Bronze,1,HELIUS_METADATA_BASELINE
4fGEwhnAWqBF7Z7sTvKJfJTw2Ruwn8P5rzx53w1QnVGa,Bronze,1,HELIUS_METADATA_BASELINE
4fJTAeUacq1HKq43iLUE8QYYeH1EyDtDkFFba9Da7RrV,Bronze,1,HELIUS_METADATA_BASELINE
4fVxF9RXR1nLdTozMvu2q59rUcQec1HSW2tXhWN5tL45,Bronze,1,HELIUS_METADATA_BASELINE
4fdX67K6YzqqJkMipmYuRPqTGSbQvGcgTgWczpLUnaDe,Gold,3,HELIUS_METADATA_BASELINE
4fjs1SMtxndBtSLVsTqFfVeFppgpopDVnLyn3vQ3zB7v,Gold,3,HELIUS_METADATA_BASELINE
4fju8DcBpze4P6So45S2mffLXQKwc7yMx7meQD61kxud,Bronze,1,HELIUS_METADATA_BASELINE
4fsBZ7NK9VaG3uYHZUrDUJQEtNSaU9SLhy5ABae4yke3,Bronze,1,HELIUS_METADATA_BASELINE
4g4GvRP55DwdG57KMjEMFtMqssh7BfezMihwn5PPUm9N,Bronze,1,HELIUS_METADATA_BASELINE
4g7RY2mCpCkmXFtFxshua2y7qTpLiAsW6gjS3K1fXPoX,Silver,2,HELIUS_METADATA_BASELINE
4g8iBQbYC73YSFswxxa4Mq4iwea1rD1GtpQSGmy74Zcz,Bronze,1,HELIUS_METADATA_BASELINE
4gKKUtMAkhfHgbXBQXZDfdhqmFe54sKEX9N2PCYhV8v1,Gold,3,HELIUS_METADATA_BASELINE
4gM2qzb69ae4HNQSnrNGgFTPfTuYCV5NkR8zftijU33z,Bronze,1,HELIUS_METADATA_BASELINE
4gUTYrCuTEtHFSkbtoSZer9ciQCPFCuEds391oU4D5qC,Silver,2,HELIUS_METADATA_BASELINE
4gZ1A9cdDmVAwZBPn17PmEQsCxswvrvaXAq3Lc366fbA,Silver,2,HELIUS_METADATA_BASELINE
4gZ8U9WnwtQrAWGuGxJe4H9EN9g421AbrL98xLwspzdV,Bronze,1,HELIUS_METADATA_BASELINE
4ghVrV8HVW6xdoX1EyAZrFyihUt46qkGntSEQJCJRGrH,Silver,2,HELIUS_METADATA_BASELINE
4gsPcX36PejhR2XuN43UxiTE6dYssRAPywojR3Z4671N,Elven,5,HELIUS_METADATA_BASELINE
4guZHH7e9dAvofYeRoWU1Fzihj441GTyf7NCGSiuJHnN,Silver,2,HELIUS_METADATA_BASELINE
4h7c1mMcCk72dUoJz8pXKYpZexBvhrTb41vwxQko5YYS,Bronze,1,HELIUS_METADATA_BASELINE
4hQ6yPRSab63ujUGDv5Fgmbcc9c5jCNforimuaxFxgQx,Gold,3,HELIUS_METADATA_BASELINE
4hmdQDpYXJawPEK8SWWSTP6yyA6kBetkjtuj25YJMak6,Bronze,1,HELIUS_METADATA_BASELINE
4hnSqZDJbgd7mXyzrGU7fLMEhdZuN14rkjrtaMEBjy1z,Silver,2,HELIUS_METADATA_BASELINE
4hqcVhZTQiuBbUJg78ZJkgdwfbfE6b6zhzMu6DqfUksJ,Bronze,1,HELIUS_METADATA_BASELINE
4hqxfcUNp8nD4Bc9mLJ8KKZYQdop55Gyq4wLzHYTQnnL,Bronze,1,HELIUS_METADATA_BASELINE
4htgetYxacgdom9riKRzfSZDfCP6ztfaq5Fj9E9sRXjA,Bronze,1,HELIUS_METADATA_BASELINE
4hvFPBanBiLjDBnerXeuiKRAUFbLj8Swa9aumpzCZjL4,Gold,3,HELIUS_METADATA_BASELINE
4i2AstTGeidGsgp5gtkCS153S4i9p4KJs7oPiikHmn1v,Arcane,4,HELIUS_METADATA_BASELINE
4iLxMkL5EbfQicSD2KtfKxwBgZkSg5PBZ7CEWxQRuWaj,Silver,2,HELIUS_METADATA_BASELINE
4iMSdpaK3G2LLFA36xCLV8kDFKrQfdkMqdrBCcs6v2qz,Bronze,1,HELIUS_METADATA_BASELINE
4iTKFqcgEtNQrrq4w7pz3Dpq69oUAMtjqds63i8RafGh,Silver,2,HELIUS_METADATA_BASELINE
4ian6apBfhR9NvQm6fWxWtB4QzrPsAB9Js4LRYWbF2na,Silver,2,HELIUS_METADATA_BASELINE
4ieU31KeFeEmYEL7frpa1mtHWH5hnqAXAH3XnV99DdKF,Silver,2,HELIUS_METADATA_BASELINE
4ijwAg1iprL7eZQwGmdtot8rLqexoViwVTxBzNRbFUQT,Bronze,1,HELIUS_METADATA_BASELINE
4j3JrKryzEQG7hc8g6eNhuCW29sj1TVcbriNwMYiATqB,Silver,2,HELIUS_METADATA_BASELINE
4j4SrCAjHsNPAM94PqF2hTu6iCFHNXQx9WvG4SmWKLsq,Bronze,1,HELIUS_METADATA_BASELINE
4j4gzamLBwKQrT9oNACSs9MMajVQQUwizFK5Eb7Wm5Uc,Gold,3,HELIUS_METADATA_BASELINE
4jHcfAvHTfYm4kRQWLh1kZrUxNEY5VgbqBTa7GKi9tsG,Silver,2,HELIUS_METADATA_BASELINE
4jKB6JhdRy5XTZLzQNUBUdJV33JHALsFnE3s4Von56e2,Bronze,1,HELIUS_METADATA_BASELINE
4jMZU3vQa8Ans96cdhSJCKpgXfe1wBZBEaBhBVHVtGM5,Bronze,1,HELIUS_METADATA_BASELINE
4jWZR84FgnpupxRg7KHtCRGkE2P4MFP2AgWPnTYXMkiH,Gold,3,HELIUS_METADATA_BASELINE
4jdLeCRwSm6qrVWW4HwvgFWw2WTgccARv91Kz8NZyJSc,Elven,5,HELIUS_METADATA_BASELINE
4jeWLhckurtm1q4PsWXr2i5CU7gxRf8Dwd18g2SKWAB9,Silver,2,HELIUS_METADATA_BASELINE
4jfVNe8LAKL3KfekP3TENawW2Yb7s8Lq2FZHHCgJBHGJ,Bronze,1,HELIUS_METADATA_BASELINE
4k1ct228KEttPWJg6FJvar4CtKLZFeRyrwoKDFh9PU8J,Gold,3,HELIUS_METADATA_BASELINE
4kA5GHTPH5zCXXukDHuegTkXRyLHe8fYV6uC7WE2xpZm,Bronze,1,HELIUS_METADATA_BASELINE
4kH7JvHkznibuLpQB6gnA5Yekd2TCEWirMxpQcqa7nEW,Gold,3,HELIUS_METADATA_BASELINE
4kWjmW5vJnmx97VwdkTU6ssDsiLZoQqqSinFkMaTXvQu,Gold,3,HELIUS_METADATA_BASELINE
4kc2kVrsBgfY2cVgAXwExV9nfThnWnZPDabGTUmxkczb,Silver,2,HELIUS_METADATA_BASELINE
4kz7EzFdQsZ452LP5n689mVBnMAn8cWiPpijgt6Ktg9w,Silver,2,HELIUS_METADATA_BASELINE
4m4B92Bi3C6YkDTSyoK32B7iY1C8CWs6NWrGE38S6PL7,Silver,2,HELIUS_METADATA_BASELINE
4mBed1LLhvTQ5CK3jFwzRAybXL573o4MchPXSHhvwESv,Bronze,1,HELIUS_METADATA_BASELINE
4mCBZNFYUawjX1v7h1zhkGRzJKFh8JxHGEFtsw765fgf,Bronze,1,HELIUS_METADATA_BASELINE
4mENNWUnP1hPonAdDyPrehRvNUL6QUJsKEsYgevBanrs,Bronze,1,HELIUS_METADATA_BASELINE
4mFLBqsYfz8YrZKruiwD7UrAXAD3PGw6ccKY9HbsaPdb,Bronze,1,HELIUS_METADATA_BASELINE
4mGNzjHURNttgfAQ4PdMrfhFeRnAETbTnbLtLGBniUsC,Bronze,1,HELIUS_METADATA_BASELINE
4mJkcMxY4oZdFJTKjrUYp3wPwXzs7ndgb3FyASDkoPZg,Gold,3,HELIUS_METADATA_BASELINE
4mKgBt3APsvkX79TGXoLRgZK7LnsCz23ErykgiHHj83q,Silver,2,HELIUS_METADATA_BASELINE
4mLBLR1UA1DC6mYWDxuzJNGWXRzq4hHtpzjE2qTWuzmw,Silver,2,HELIUS_METADATA_BASELINE
4mnGGdcizgdeeoC4ywcUjpoc2GeQ5K4GB1buUuMFx7H1,Bronze,1,HELIUS_METADATA_BASELINE
4mtrEqn3oiQCEtSvRtgjudMNpyqCctrbNF1zXxHTAbUh,Bronze,1,HELIUS_METADATA_BASELINE
4mvfrSezzyezL25PkosZUn1A6G2b79ypv4GvmJPdSsyd,Bronze,1,HELIUS_METADATA_BASELINE
4mvwsRqV1RUB2Vte6kYR3T1EiCecnsca32kzA8N7WbSm,Bronze,1,HELIUS_METADATA_BASELINE
4myXkbsNU4HfiwJ2vRWzgRtsWmn1QKVgHiFkF7t8bVhM,Gold,3,HELIUS_METADATA_BASELINE
4nCWUDxrTBVHxjvfBdEUHMZNtPocJy2hVoPneWjfL3yt,Silver,2,HELIUS_METADATA_BASELINE
4nCm4FZkQxBhpQnVCofBpn3uUJnXRUrTqe9x53uXQY4h,Bronze,1,HELIUS_METADATA_BASELINE
4nDrXPXED4iSdDysRYQgoCGyYUyAJiV3JPwgaZ4kMo8v,Arcane,4,HELIUS_METADATA_BASELINE
4nMNRJzyss6v2qLaU9NFUd8qHAEL5dzbpDBTb2Lmuj4s,Elven,5,HELIUS_METADATA_BASELINE
4nRKCtEBxy1FEYNXDWYnJWZrdHc1EErMo7q4DumSXqmp,Bronze,1,HELIUS_METADATA_BASELINE
4nV53v62Q8tX2Hc5tj9Ku6najZ3ERBSLUfiii2kraYow,Gold,3,HELIUS_METADATA_BASELINE
4nX9faHcLTLYiVgCKjzAagEpPX7G3eTo8MFPP7E7dWdM,Silver,2,HELIUS_METADATA_BASELINE
4nciErUgZ5dMoyAt2StH5oHFumpidi12XyqKNbnsx8Bf,Bronze,1,HELIUS_METADATA_BASELINE
4nog5X8QKNnSzwDnpaGCKywgcRZBBovWSkUsNrRz2JM7,Gold,3,HELIUS_METADATA_BASELINE
4nqYkg9WnkJ6ZyyK8VjSwyUHcSdzRbtkUf3un1NLmuWR,Silver,2,HELIUS_METADATA_BASELINE
4ns8GbtL8ZqQX6dY8bjnrDLxgtqNkBCcb6x9kiueFebz,Bronze,1,HELIUS_METADATA_BASELINE
4nzDY6ihnfGHH6TvQLqiTpGjibYvK7BYt6nXbyK6TAs5,Arcane,4,HELIUS_METADATA_BASELINE
4o6LrorrSLmZKDAJAGpCSdh1qXXANN6rExWvMACnm22U,Bronze,1,HELIUS_METADATA_BASELINE
4o6Z5ozCB6XRD5UtU2ULaiqKUsg5VsBEGfHGHxSMikgy,Gold,3,HELIUS_METADATA_BASELINE
4oCEmSCA6xMbWvW5QnRKS9kU1ctZNU9G9L7wYEHjb92B,Silver,2,HELIUS_METADATA_BASELINE
4oFFhhEE9VFGbmE9ojVwJoyMpCqtUAEYwWDx8YLksmgW,Silver,2,HELIUS_METADATA_BASELINE
4oKihY7NGzU3d8ZSW3eizcVj4ZyaEH4nGkoUQcTsVUus,Bronze,1,HELIUS_METADATA_BASELINE
4oSgfBTBBvNekf8jfhJ1Ax677Ep4L9UWWrxgaCd4iysB,Bronze,1,HELIUS_METADATA_BASELINE
4oV6CkCH1iMhwkowRADmE9AbTijAEj1z3Tvx23vMTz6k,Silver,2,HELIUS_METADATA_BASELINE
4ob4p9AJE4sESU792yKqoDXWAUu45RjtWn9qA3NAQG7Q,Bronze,1,HELIUS_METADATA_BASELINE
4ofRbYKXHzZyZg4cduXAaNoJh6cwtKVjLQ1EHJeiTua2,Bronze,1,HELIUS_METADATA_BASELINE
4oukht9QNarpLSUVGsqoxUJzdSig1umrgDQ5dpCSgfAY,Elven,5,HELIUS_METADATA_BASELINE
4p5pBtuEE1W7M6MyhLNaRX8MH9qh6h8HfDMWUqtzHjpv,Bronze,1,HELIUS_METADATA_BASELINE
4pCMBBuyZbcKJHJ1hfCBFKw2s8R56emQRM83dhT3DU6i,Bronze,1,HELIUS_METADATA_BASELINE
4pDsMSWDPDGdrBkpp3Du7EBozCbq3eGUg3atBysCsDxg,Bronze,1,HELIUS_METADATA_BASELINE
4pKdMzqLt3HzrwjwmkspCsFoiyERti9rEh5whiiGBwHJ,Bronze,1,HELIUS_METADATA_BASELINE
4pUukkwEXQttrK1g1q1FpcbED9dtGTXXjzBJAmmgthuL,Silver,2,HELIUS_METADATA_BASELINE
4q1oJUEpBjozL7GjJFa1vkHCnt3ucE2fr9htuxJyoqfJ,Bronze,1,HELIUS_METADATA_BASELINE
4q2bucUtbejbuk1E4tuQLmvetn76VBw2HYJMoDxGJyUR,Silver,2,HELIUS_METADATA_BASELINE
4q8U52M9vs4XqpQdfFBsusua3CRdhKzCPFXRj3k24biM,Bronze,1,HELIUS_METADATA_BASELINE
4qCbenrmfMP3gyV1Rfe3b8uPsZJvVGcQ1nzi3aou45B3,Bronze,1,HELIUS_METADATA_BASELINE
4qDZjivXRmkB7wUdYbcs687NhcgREKtTRkrkm9Soh7Gf,Bronze,1,HELIUS_METADATA_BASELINE
4qFNnfn8rWcXxfWWpFtdR58zdg3b5z2Vs8LnLVuFTfKh,Bronze,1,HELIUS_METADATA_BASELINE
4qLJwX4CEcmJ2wAnbDXk4orCjuQDYJwtAmKD8QGDGg2M,Silver,2,HELIUS_METADATA_BASELINE
4qN95vMnvXmipFswUtUtH8rKgTj7WwbHM7hGrv3vd65w,Bronze,1,HELIUS_METADATA_BASELINE
4qR6Vdt4qvyFes7c4id5TsbDwbBFGT3xniuq2C3YEz97,Arcane,4,HELIUS_METADATA_BASELINE
4qX8yo3uiPnRdUj5MtmKA8J6PuECyYtseYG2yqvscqKW,Bronze,1,HELIUS_METADATA_BASELINE
4qZg9Fdw5R5YB4J3G8AU2kWUcZJS3bYeNEXGcAU8LPnF,Silver,2,HELIUS_METADATA_BASELINE
4qeqKi9WEZL4a7LtE4w8WfWSAZ7o5P66W6jiTGP9iTwF,Bronze,1,HELIUS_METADATA_BASELINE
4qfMQnupbXGqbN65WND3vDcR9Qwip4JE66ESmkndWHVP,Silver,2,HELIUS_METADATA_BASELINE
4qzQ884miFtrMgtEnQpWhjHXhQ5aHFtnBjaXtQnWonFV,Bronze,1,HELIUS_METADATA_BASELINE
4rDLb9545fHwjWe5xm5duQ6oXEj1r6C7UeLv1muhwf9c,Bronze,1,HELIUS_METADATA_BASELINE
4rELqdPBCebGPxYxugMvgsrgNWPg16i7tjkFAK3ce8HF,Bronze,1,HELIUS_METADATA_BASELINE
4rFeA2ZG4mwaf8BmkYfT6YCCctfao9reLuTDgAQAFeTV,Gold,3,HELIUS_METADATA_BASELINE
4rLoR7wcFwU2Z3ND2ftkz783xTC4X8eCQyF3JHtAafSp,Arcane,4,HELIUS_METADATA_BASELINE
4rgvHGSpYN6C4d2Ce12JzuohhzsAcgVnaWgaDRsTAjvP,Silver,2,HELIUS_METADATA_BASELINE
4rrG1EVMHtJraBu4z4uqdEiBMqrmTNLevzC4RLetasUt,Silver,2,HELIUS_METADATA_BASELINE
4ryeconAuuM6qQKjuxDmtZE8kUBkgfhqYz4uc9K7A8Er,Gold,3,HELIUS_METADATA_BASELINE
4s3oyFGFQoypHABwf2LpFxmpNKMx2kSGvUPFiQMaCsb5,Bronze,1,HELIUS_METADATA_BASELINE
4sCVaxSrkyxGaaT7dysCYcvUWhXidcjyN1Wjn69LToLN,Elven,5,HELIUS_METADATA_BASELINE
4sUV3ydBg1FhoiKqZPMmrhFf4LtquLB5wVeiWiAoTcnj,Silver,2,HELIUS_METADATA_BASELINE
4sYd2Q4ubDgoDTvDoFSuHpz5VVuTAN7JrQ7ShCUwHhgq,Bronze,1,HELIUS_METADATA_BASELINE
4sZNnRRFdRMkuYmo4H2L17554kQbRX32mzyHMBT67sEU,Bronze,1,HELIUS_METADATA_BASELINE
4sj1mnXdjZaqEx5Do1QDifLry7dAAoWdDQxZwLVDX6y9,Bronze,1,HELIUS_METADATA_BASELINE
4skLm69c8XBbJmPxyzhMWCvXWfbAtdT19ue7cxUbxz3K,Gold,3,HELIUS_METADATA_BASELINE
4sxjLYkdBDWwq45QrUt1AijZZgYg7KndeoYyeZgM1c2Z,Arcane,4,HELIUS_METADATA_BASELINE
4szNCqcakmzZkKoDhrUFEU6BGwdxGDnPvoNS2YPemcEy,Bronze,1,HELIUS_METADATA_BASELINE
4szqwsQndBbdtUbR5mHZndHcMmFKvxTtpt1jqwrBLqfV,Arcane,4,HELIUS_METADATA_BASELINE
4t1boHLFaavsgBx6w8FjnaZeFeeeDUiyEyWLVo8NfJvM,Bronze,1,HELIUS_METADATA_BASELINE
4tBKY7aQkfj7of6uoypGEa7gscSg2Q59SebJ7ceYDsGT,Gold,3,HELIUS_METADATA_BASELINE
4tkinVdVEBHEBjYEHh43fcjhnEKfrUGPtgWKuTswoVKj,Gold,3,HELIUS_METADATA_BASELINE
4tsXs6g3Y7nuTD946a6RxEEVrhgq5SajW4MH2McCZezE,Elven,5,HELIUS_METADATA_BASELINE
4txaTu52gqVrxKpznt5Fm9pSDD1ZDE8BjfBuWgiAT9qg,Arcane,4,HELIUS_METADATA_BASELINE
4uB2iExiNPr35tA2VqNfd6PMU2utP47XtpABEDmoBF8Q,Gold,3,HELIUS_METADATA_BASELINE
4uFtpi6tpv36zNqusqubfxKEYKs5m1uj15bwqiviBYpQ,Bronze,1,HELIUS_METADATA_BASELINE
4uGYpb6xQjiV7nZPkVi8zWhBxAYdHrY1vsr317mDdXUK,Silver,2,HELIUS_METADATA_BASELINE
4uewnQTnrg7VYiGPX1dVjBnKCswNzqwoUMPArgDKaCiT,Bronze,1,HELIUS_METADATA_BASELINE
4unN3o6fcz72LqgCFuxpXV3hArA8dq6378R8sWTEATa1,Gold,3,HELIUS_METADATA_BASELINE
4uqYhPwXQuY88uKMypbkXRDCtwHmDCu4Ct3sP9jEXwEk,Bronze,1,HELIUS_METADATA_BASELINE
4v2Pzxcz6yNy7Xgw5PSYMbkE51uZBzWrKBFWTymRpyhR,Silver,2,HELIUS_METADATA_BASELINE
4v9pB2oYWJsN2nWp2XSpAdHZS7iok2BNYXJLoVcEqSep,Bronze,1,HELIUS_METADATA_BASELINE
4vBqMyYikqsrzc1AxdFbvbifh8cmtzrqLfSfHgSG3Yd2,Silver,2,HELIUS_METADATA_BASELINE
4vEwuE9FJ8hcrxWaERbkSnnzoVjtfs2oqceFZciZNRS1,Elven,5,HELIUS_METADATA_BASELINE
4vF89GVafoLmK38CbUeJyQk3DKtd8DBTXzsLjerkMKhV,Bronze,1,HELIUS_METADATA_BASELINE
4vFn9f6rqu4KdvVFGENedQMMHX5Rw6EQyjyL1LUnPhvX,Bronze,1,HELIUS_METADATA_BASELINE
4vMDVCuhenuiScaBmGBMAdTAvq3oThRrfAK8yT9J46ZZ,Bronze,1,HELIUS_METADATA_BASELINE
4vQCrStaWo1NBdQaZD4Cw42N4BE9Z5J2381xvhAb8QXm,Bronze,1,HELIUS_METADATA_BASELINE
4vT1q7rjJzHeaLAFRZe6ZFU8sweiRSut4263hAgmkesd,Bronze,1,HELIUS_METADATA_BASELINE
4vXF15PSTYo6RVphtdT14CwrziZCjGjJiUHYWutA281x,Silver,2,HELIUS_METADATA_BASELINE
4vdU28UCgfsNDxiyYhVF8ULQziDMFmHAnpUh41E3pfow,Silver,2,HELIUS_METADATA_BASELINE
4vegytgzvsqwJJDYf7oiHAbmgP2xv6UwNteECN57HGPJ,Silver,2,HELIUS_METADATA_BASELINE
4vf7L81Whvg4hV1ybQmwMqymPRF9QbQ7hHV8Y99Zi6TH,Bronze,1,HELIUS_METADATA_BASELINE
4vh5iVrZtnmuNsJ5WHCfpRGBVGPEeLKzfb3LUzM4GtUG,Silver,2,HELIUS_METADATA_BASELINE
4vm4peBwCSjSJobcMJ7patnYFGNPDCdVjBEnuTRnaQZ5,Silver,2,HELIUS_METADATA_BASELINE
4vr3UGx3vVgx4chJj5aVawJzaCbQCqUy5RXKz9qz9Rgk,Bronze,1,HELIUS_METADATA_BASELINE
4vsL64S2eF7gxooyX4eww5reWK243QoYcYub1ahmvZdt,Bronze,1,HELIUS_METADATA_BASELINE
4vuf4G2x8VxNBDBbYU6bjhVCE2y61DGxSmQcaFQWvzM4,Gold,3,HELIUS_METADATA_BASELINE
4vy42TesvbDNT8vSZEPskqiazJss4GLVhUrS2tA2c59y,Silver,2,HELIUS_METADATA_BASELINE
4wAK7VE1fyt13sYgaF3SFS4WztmbH1L9ACnzrn2KGeTP,Arcane,4,HELIUS_METADATA_BASELINE
4wK2hee7p7foXhSCaAxgAGj9WjPRqS5Uok9RbetLfsLH,Bronze,1,HELIUS_METADATA_BASELINE
4wSj3BazUccYGPuVRyZifjdGCrueDAXLCSKe7KCS1m2Z,Bronze,1,HELIUS_METADATA_BASELINE
4wTd72GZGowVf7SYWJFo2egr1BiUwV1aHAmVghtTkV2h,Bronze,1,HELIUS_METADATA_BASELINE
4wV4PQ15VRnp9ZQNTjRDJ2VFpnEB6EPGuWR9hZrjq1VH,Bronze,1,HELIUS_METADATA_BASELINE
4wWUpeSHBkjJhn1EysZdLPQhufKHYs6TwYk3LYg8zRqV,Bronze,1,HELIUS_METADATA_BASELINE
4wYSGgSAZLMppBAaChXL13AqigKSg5uRWGpAB6Zm2TkN,Bronze,1,HELIUS_METADATA_BASELINE
4whtkGfqkzxwNmyDZToXuvZeWBFQj42tVAa2vnboG15T,Silver,2,HELIUS_METADATA_BASELINE
4x57vy3xqUCMRbqxx2i8pU2ZeBSTmdTepTTdJ5C8WnaF,Silver,2,HELIUS_METADATA_BASELINE
4x9uaod8cf5swsqVLw2kEYu9FZJKkkpcRf9g1m4GHT2H,Gold,3,HELIUS_METADATA_BASELINE
4xDcbzGaapozi9wQYhiy8oUrxQKbQWrtod5fr4mpsRCf,Bronze,1,HELIUS_METADATA_BASELINE
4xEhwUUsx3cvLtV66oCZjUsEWEMdbDJkEGNBnbrAzTyx,Silver,2,HELIUS_METADATA_BASELINE
4xFdyZiMvgyncSqwqqXqtSnAgg7LmY37g6AcmYEbbou1,Silver,2,HELIUS_METADATA_BASELINE
4xSJXQwV1z4Mf9HVZ5PywNGeZ2eSUTMzzbVqzigvGvuq,Bronze,1,HELIUS_METADATA_BASELINE
4xcoDeJKL3ttrbhTCDxq29Xx7DFRXdRZwqo347c8ghfS,Bronze,1,HELIUS_METADATA_BASELINE
4xdCWpSNn1Pu9wMPhirybgECxT21rbDEFu1STvDGSa2t,Bronze,1,HELIUS_METADATA_BASELINE
4xeNZyEff9Hp5eJVKQVdiLzm5ktYeixCUM4oMMijRX4,Silver,2,HELIUS_METADATA_BASELINE
4xhSZ8uB6d1gJJqMKJgALfy93n3hex2farUzV3LvjbsQ,Arcane,4,HELIUS_METADATA_BASELINE
4xiego3t332F34n1nLiaGqnd5LLn8CjMih4uX6jF6F55,Bronze,1,HELIUS_METADATA_BASELINE
4xovgfkxXgejDsUg9d3FnK51u8pHokxd6M1bUMsEVo5s,Arcane,4,HELIUS_METADATA_BASELINE
4xqxzU7uxgzAUvD4kD6n3Nhp5uvDtaFZcVGtg6Fnj8Kc,Gold,3,HELIUS_METADATA_BASELINE
4xzLtPa29gugsL1rhDQhJb3SThVkcwRjRwjV5jxM3mbM,Bronze,1,HELIUS_METADATA_BASELINE
4y1cUgGsuefsRGqip8TcM73SV6pPkdaZbrx2P99AhUiY,Silver,2,HELIUS_METADATA_BASELINE
4y22cHtxAKe8SAqhfdA7XqwFUMct1HCyGRwLjMnYsNjb,Gold,3,HELIUS_METADATA_BASELINE
4y3y6nm1eeHe8ZtYBgwH4L7mKYJh2Pd6dNnYczp4VH2i,Bronze,1,HELIUS_METADATA_BASELINE
4yBUPPzF6yCwAuCxvDX2R2ufqwpWmoiLRCcYcsQNrJEy,Arcane,4,HELIUS_METADATA_BASELINE
4yCdhUHyTuZqPYLDKGHTnWQvkw5FVTKd6zYjspV2TXMk,Elven,5,HELIUS_METADATA_BASELINE
4yFEWW7ybD2qUQjPPyvRquc9v5otXCTjKib2ALDqrqqC,Bronze,1,HELIUS_METADATA_BASELINE
4yFst7oscj4HNTW2WmkjjqmZAauTaZM8ConMDH3c3TVn,Arcane,4,HELIUS_METADATA_BASELINE
4yQD3TgWvx9WZ292okVNnJWEiqk8upaaWAKcMXM53em1,Bronze,1,HELIUS_METADATA_BASELINE
4yco3ZjMHtZbXaLtKsRqSd1Pps9TpxXPFXy9XrSe918b,Silver,2,HELIUS_METADATA_BASELINE
4ygJr78GsBqYgDGdgR4xUKo1rUj7A1xT4PfofpgYcGNt,Bronze,1,HELIUS_METADATA_BASELINE
4yoBokC1zzthpx41U6J25mmKrPhsynoYBjcf1zwdEJa3,Silver,2,HELIUS_METADATA_BASELINE
4ywv5Q7AJ3ci5BaNApkWNbykWj8aKibG2mMKwbVSwL74,Gold,3,HELIUS_METADATA_BASELINE
4z26ihW6ds9JAoaeZDwhSzh83nEckxVBNgXBC7CmmB3M,Bronze,1,HELIUS_METADATA_BASELINE
4zCJ52siZksLu8WLYD1uWJZJ5a7BJDvxTrL1MKVnExjt,Bronze,1,HELIUS_METADATA_BASELINE
4zFpFxqNyAb2KMMER3Vrxv8PwyXxhbYaCCxUC3x1oa9h,Bronze,1,HELIUS_METADATA_BASELINE
4zUnr9DPNHkoQ3YtBHtgFRjX97UjokbrZcYQpiSBsvRv,Bronze,1,HELIUS_METADATA_BASELINE
4zb2kgXttf7Y8pBJ4pdBpeizRuhWHfqv3FyUNDUrG8dV,Bronze,1,HELIUS_METADATA_BASELINE
4zcDipXxAiJ1ur1YorxywSjKTnCcT9kejef7xXR6JfZZ,Gold,3,HELIUS_METADATA_BASELINE
4zezN1fN8tU9xouQChVYWs27UU3CqaMEU38YZPQkHViR,Bronze,1,HELIUS_METADATA_BASELINE
4zhEkm9if5th61LXjSePjCrgdhUitLRkMyeBAvDWy8wp,Bronze,1,HELIUS_METADATA_BASELINE
4zhxa3CSrgkti7Qs6ET7Zi6LaYybMQs2XoQexs4H9AVR,Elven,5,HELIUS_METADATA_BASELINE
4znL1ktEPVMpBebHwsSuwSYaxvmGqkyhSY6SBFNNzCA3,Bronze,1,HELIUS_METADATA_BASELINE
4ztKQQU1CqSiYAHsuUunc9DkcQmAW5bVV4JQFoLR2qRV,Gold,3,HELIUS_METADATA_BASELINE
4ztZy6FuAXt8HeuseCTBPuLCPBbM3L6zAJSAY6n7Vi1K,Bronze,1,HELIUS_METADATA_BASELINE
4zwt2824PSRj5KeG1fb6Z19hKuzhfvHFjBVRdmKomocD,Gold,3,HELIUS_METADATA_BASELINE
516P2uWHxhiJtLK8mTYdVWtd6NhmWQSitXhEB9EBEroE,Silver,2,HELIUS_METADATA_BASELINE
5182W4t75FguT7M7NyVST2ZsvqzRgpBkvAfsSTpxax5b,Bronze,1,HELIUS_METADATA_BASELINE
51CPojEbat5QCCWJhwY3eiEEDLggaT9bqtjrqyu7TYVr,Silver,2,HELIUS_METADATA_BASELINE
51EMHK3DGLc2kEpCpd9rhnnLpbfTL6QvZ5seq6kPyEaD,Bronze,1,HELIUS_METADATA_BASELINE
51HSqKwQSmSrBSTcLkb16d1AwsA6XiZRV1qYWRfh8jpd,Elven,5,HELIUS_METADATA_BASELINE
51KhjaDuMZUwiXmJo8sAY4rXMVjBXc6k3C1kB9jJmtBC,Arcane,4,HELIUS_METADATA_BASELINE
51U3Zfpr28T4Br9bG9ZtfDw9VXDHq3CeQToiLFiArXha,Gold,3,HELIUS_METADATA_BASELINE
51VeC3SxTymgtDm6LCVyoMpiLXTPahAEdLpGpy9drQEE,Bronze,1,HELIUS_METADATA_BASELINE
51Y6xPb2BTf1GaKyUNaHZ9YKRkxe8vZbFVYnJmKWUdA2,Gold,3,HELIUS_METADATA_BASELINE
51aSY2rvheKE5W2cqztq7FcVMATwLedv1AStJFfYVZmz,Arcane,4,HELIUS_METADATA_BASELINE
51bDwemDmFGUHLXJh6TjoV5e5QJ1WuEvhEoU7SQeHNcZ,Silver,2,HELIUS_METADATA_BASELINE
51xKbwWYu6Aa4jBuGVHp4LFWaojYKArS1xoCs5MHUcTZ,Arcane,4,HELIUS_METADATA_BASELINE
51yCCEqvS6E4uqs2t4b5ZPaU6NEVVRYttyCeUceRu6NE,Bronze,1,HELIUS_METADATA_BASELINE
51yR3XDK935sbRKd2emGGA2KKuDDG4fvkYfmFeBzyQiC,Silver,2,HELIUS_METADATA_BASELINE
527LHRp7h1rWc2tg9hbF9PbjAHWxLJsNAGz72DtamU7N,Bronze,1,HELIUS_METADATA_BASELINE
52M5F21Q9cfz1V1rnNYxcr3tNM5V8T7k2XLQTRz3JJgD,Bronze,1,HELIUS_METADATA_BASELINE
52N8EgxCWVacUSbtNz9qoQkinciCWpcai4Sn1iXjAq3u,Bronze,1,HELIUS_METADATA_BASELINE
52dUxxYZSmmvkGK6Qj7p4Htoob3KqFc7SGSZAYNdhBBJ,Silver,2,HELIUS_METADATA_BASELINE
52hVxEyN8PvJTTQWkCEexw8jjJvZ8UACGjQaLkmdCpn4,Bronze,1,HELIUS_METADATA_BASELINE
52oW6J63s2bgG8sPujsnrPCnL3nrWQ3ktNUjgi5m7qMt,Bronze,1,HELIUS_METADATA_BASELINE
531iGJsWUAwHBDt6Wci6XMZvYrDTgebsyVNkVcB2sGXx,Silver,2,HELIUS_METADATA_BASELINE
533g5wcqiBHY4Vb5efyZnFPx6KG3JJSGnpKuWUcTR89d,Arcane,4,HELIUS_METADATA_BASELINE
536J82b4pbk6zabu1etURFQzkFwokKmciTegVvH5L9Zi,Silver,2,HELIUS_METADATA_BASELINE
539RuuoLYA9pFGpCPrNMrGqD5hjDdwjW9WLiCBfT8YyU,Bronze,1,HELIUS_METADATA_BASELINE
53KnTvzeGbEStFo69BdwenjMxAhrA63AVvvw7wxfDQz9,Silver,2,HELIUS_METADATA_BASELINE
53N5PApCqpTbBSF4oQjpD19bd5LMqVdDrmjFhbkZvBkc,Bronze,1,HELIUS_METADATA_BASELINE
53QkDjWUZZ21ASwN741YNfNvLN5nTmft4EYEQWC3b4xQ,Bronze,1,HELIUS_METADATA_BASELINE
53SMXA8qGuAr6XqAWSTTyZdA6wezaPRZsxsbHphgk7fA,Bronze,1,HELIUS_METADATA_BASELINE
53gHfbaQZRq5QuK8R4142wjW2G9o6fWv2zRxZTryKhr9,Silver,2,HELIUS_METADATA_BASELINE
53n31YLwbS1pEBD7GfPVJteiVRymSmeH265tDkrGESf9,Silver,2,HELIUS_METADATA_BASELINE
541mmqYgUD4XLzhQgdJxj82X6yDDa458FEUdf8AnFvtY,Bronze,1,HELIUS_METADATA_BASELINE
5439rnbZbN7oBVsmmSGhaG4wcpN2EGhgcDv6efiVEnVt,Bronze,1,HELIUS_METADATA_BASELINE
5462b8ZTaoAmkRVWv9LFe3TSihwXYjMyv6zWFAEzwM4y,Silver,2,HELIUS_METADATA_BASELINE
547rW3RnVcoykRf3Hk78SzkdE77iQASv3oXL7nLRbM8G,Bronze,1,HELIUS_METADATA_BASELINE
548PmGDykAqas574a7e3wyoNWNUmQvx4iMKkSP5DvTRo,Bronze,1,HELIUS_METADATA_BASELINE
548i1jqC7DcwdYaCBS7oLnMVCHvSdTw9LkY2VRJof1CQ,Bronze,1,HELIUS_METADATA_BASELINE
54Jcez1DVyG3dGTkAZ4cZ8Q1wAxLqk6tqR8QF1LfL3z,Elven,5,HELIUS_METADATA_BASELINE
54MbwE5FDa3siiUiob5geCVPyMBkHwbhoXYsJC6JXzHk,Silver,2,HELIUS_METADATA_BASELINE
54QkE3sWcf3JzpyRgDUZWUNJqvfp8W6s2TvXvZ4wwBnP,Silver,2,HELIUS_METADATA_BASELINE
54VyjvQ8qBQHTXrsAibXMzCB93sR1G51sNfeKdaNC7Lw,Bronze,1,HELIUS_METADATA_BASELINE
54W3DeqZjkzxZ8RDVTCdotMEtMYFfMxJ3ANiPuXqrJih,Silver,2,HELIUS_METADATA_BASELINE
54ay6HaSfzVxm1qHqe3HxRBeAdWsLNw5mHpJBRFvKJZv,Bronze,1,HELIUS_METADATA_BASELINE
54rERpu5oGr81kaM3C582qyEy2itWhkriNHNExz4ThVS,Gold,3,HELIUS_METADATA_BASELINE
54rF15YasTHrqC3s1KpC6fWSLhEqhVuRthCMmg3kRXLY,Gold,3,HELIUS_METADATA_BASELINE
556HYBFXWgwdFX34sG6cN9BVpxhwgDvMMH798zsUa4zp,Gold,3,HELIUS_METADATA_BASELINE
55NVzwGndNbmVm64t6a4gRMRoVpiU4JtK5NBVnhBQbdy,Gold,3,HELIUS_METADATA_BASELINE
55PjaZaPWQMhpWs4Z2yLdXdkKxxMuTTA5Jueets5M9c4,Silver,2,HELIUS_METADATA_BASELINE
55VBjDDfczjhyStbLEtMz2qr1AGi2rJdVhdoKTynTDNd,Silver,2,HELIUS_METADATA_BASELINE
55VakKwD8TRt4zMqjefenLxXHsUpFBdaQ3JsMZuNXMMG,Bronze,1,HELIUS_METADATA_BASELINE
55qqWX5fKt8KmekdnrSdK3Rt8ZkKwN1LBWrwQmqne2DQ,Bronze,1,HELIUS_METADATA_BASELINE
569opMZ25TTvy5BoUEGjbVrei5VDHfScprGhutNEkn4z,Bronze,1,HELIUS_METADATA_BASELINE
56CRP9h7bkt5xFmenQDK4efNNngr71HEx6UibeCu5A93,Silver,2,HELIUS_METADATA_BASELINE
56L2Pw4UBwwYRf8SGFDVArZYpzhd6mjjLhjZ4xpC4ACe,Bronze,1,HELIUS_METADATA_BASELINE
56L6UA7tK3qg78PukWj1V84kgHVE1U6Wx29aJR2kWwJL,Bronze,1,HELIUS_METADATA_BASELINE
56RgYAmytk5EQn6XVdDbrBUq7sowMcaXRLUkFmUVUDGR,Gold,3,HELIUS_METADATA_BASELINE
56T5bXvNiYF31CDmwYEHqmP1XFWSyUpprAFDdNDk2t2H,Gold,3,HELIUS_METADATA_BASELINE
56aM1sxyK6aUXb4U11KVViWPLA5YrTzXF5D4fzkBHuzC,Silver,2,HELIUS_METADATA_BASELINE
56aoxTeU8ENQz9i2rqsPNQAfa4eLomJky3YLdoTG9qtF,Bronze,1,HELIUS_METADATA_BASELINE
56ewBNUZWQr2iYs2JP4AGuniQEXWs9t73cWfb3FR6jDW,Bronze,1,HELIUS_METADATA_BASELINE
56oSV8M3nbmDyg6m6p1GTkofa2Y1LRavi94VF9pQa29r,Bronze,1,HELIUS_METADATA_BASELINE
56oVRukeyMxr9y5zdkoCvTQEu5PWVQJ96FLQ4xDkqm9c,Bronze,1,HELIUS_METADATA_BASELINE
56omRAhcZpKZJpWsxKukytHUfpaEJk4Xs7vhmjcPi9ZL,Silver,2,HELIUS_METADATA_BASELINE
56rG9xzAJVWDS8Qc6hh6VeUJjAsaztV9cSzaNkNEP3ic,Silver,2,HELIUS_METADATA_BASELINE
573RmCR93c5kFtSdwUeT5QNKUbRUp7BHHUwM3JjUVeed,Bronze,1,HELIUS_METADATA_BASELINE
577q4Bsm3cWLyipmhpVdGnQatfRuYCFHEpDzkgcB3pfc,Bronze,1,HELIUS_METADATA_BASELINE
5791NLUaLpet5f11K12ABiz4ERbEWXjKKzAAHsCWXBEw,Silver,2,HELIUS_METADATA_BASELINE
57EQLCZ7UnrxSffXyfg3zZRTJeDatHXYcWiBKqpP8gPR,Silver,2,HELIUS_METADATA_BASELINE
57K99K148VhMAECdCoo4ZT3nCA722o92mdXDcqsj6xmC,Elven,5,HELIUS_METADATA_BASELINE
57MArp3dvoNCXfg9RiNf6WGJWmWAQVQCroAYMayq18PS,Bronze,1,HELIUS_METADATA_BASELINE
57QW36DeKK7LFbgayLkQeTYofjKGdxHubYhLzqtv6Q5n,Arcane,4,HELIUS_METADATA_BASELINE
57SaMC6JHfd3PBVbYiBc7VTJs66xUSp7TvpgCP7NYsyz,Silver,2,HELIUS_METADATA_BASELINE
57ZiJYV4v4LCJKHkLe3FjCE49D5UswxSvJGNK3oKLzcL,Arcane,4,HELIUS_METADATA_BASELINE
57cwA6VyKRwhevxoUn5qxUnTn4WLU71n3ZL4qB1Aejo6,Bronze,1,HELIUS_METADATA_BASELINE
57i7X6wzRxSmL9Cm6Xvzd8gGeLZwBa1Hq3DoV34ZVbLK,Bronze,1,HELIUS_METADATA_BASELINE
57kWQ4bhGjvNy9wmBtM68wsrWCwmZ5drm41iZapmANU9,Silver,2,HELIUS_METADATA_BASELINE
57ouvEjDUqz255gnVFerkZYi3zRavxDHYhcfK2oP3uEt,Gold,3,HELIUS_METADATA_BASELINE
57xtnezjeXas5QNhLxMCthTXydL6rXj6PxK2jLCfzsmQ,Bronze,1,HELIUS_METADATA_BASELINE
57y4kpkSvYJ4pwU9kqjBJK5siZtCxrELfyvF3N84qwrs,Bronze,1,HELIUS_METADATA_BASELINE
57zBqZxRZwV3XEyHYGEiNssoXFaCv6nXzKbsCaUtHxHw,Gold,3,HELIUS_METADATA_BASELINE
585oSAWDYeSEQ146bDBeajaFhDgaZdKApfsHikJ16JgV,Gold,3,HELIUS_METADATA_BASELINE
58En1edJVhHAEYZH8srnFHHd4YbS4QqCSVmQsdAoKqmy,Silver,2,HELIUS_METADATA_BASELINE
58FFh4CKvmWMsJBoBhkqC6D4q3BqoxotFGJpogLYbfu,Gold,3,HELIUS_METADATA_BASELINE
58JtRZuKT9yjrEFdStVhmFEpVgrgGHBm2sHkpZBtMNh3,Silver,2,HELIUS_METADATA_BASELINE
58KuZ1iHCrnRWaHvpm3eQbKZ9c1JxrvcZaz46Js3KVUm,Silver,2,HELIUS_METADATA_BASELINE
58WRha9Aa9WDk6cNKmctUT6i33PkRGioUdmn7JrLTMtM,Gold,3,HELIUS_METADATA_BASELINE
58b6coL6nFNRRhG3BhKgCX6DEaxVSjkGfVXTcBuTUZY4,Elven,5,HELIUS_METADATA_BASELINE
58gtx8SbvdMrdLDxjqkW471ag5uxdVZGPsKS9zABpdqo,Silver,2,HELIUS_METADATA_BASELINE
58wSnBqnyxUZY5y9bZGGGngYScLRE9FrXB9ztx8TcJi3,Silver,2,HELIUS_METADATA_BASELINE
58xLyhMBhhFWipnMUuf9CCs5kPGMPFBgBiWsAg1LtPHY,Silver,2,HELIUS_METADATA_BASELINE
59PcyqjfoRthybND5eYaJxHaXQxxqNCbDJVaCK8xsesN,Bronze,1,HELIUS_METADATA_BASELINE
59TPEdSSxJHrxwXJgPZviyWTAwXUaisXEfQS1EWpm3YW,Silver,2,HELIUS_METADATA_BASELINE
59WhD9Vpp3XSMrtaUCEjGHBPTbcGmuD5ZuzoaEUwnZtB,Gold,3,HELIUS_METADATA_BASELINE
59nxREKUs6FS2xfab29HncTmezpXN1ecNuruiLudeiGe,Bronze,1,HELIUS_METADATA_BASELINE
59sQXxjMkMvhiXAWGPmH51w9UQA8fnSWnFRg81WwC1qK,Silver,2,HELIUS_METADATA_BASELINE
59yQFSq3gcPJAE82KMub2otW1NgCNuT9ToJ4Gu8GEeRN,Gold,3,HELIUS_METADATA_BASELINE
59zcU686ofoWKdViCzSPJH4eZJJq2zr6BSXzddTzWivU,Silver,2,HELIUS_METADATA_BASELINE
5A6kVYvXf6KLk4mu8PgaYBzVYQ1VboXePoe9VvMuHa9J,Bronze,1,HELIUS_METADATA_BASELINE
5AED1DCe63x2dZjNcbkBzKyNdzFEdiZjPYrvMCbWV6px,Bronze,1,HELIUS_METADATA_BASELINE
5APiWqmw5uDoXbfcpJsmNmUsBULp2GuAmicUYq8A898a,Silver,2,HELIUS_METADATA_BASELINE
5AQaRekRbuzDMPar6pjfAFZpYqsm9QQ5yXZNZWxJShGE,Gold,3,HELIUS_METADATA_BASELINE
5AZAT349MmofrtbfW9U29yjBbnj8QerbYuHtHLmACk9E,Bronze,1,HELIUS_METADATA_BASELINE
5Ad5fY3zqZ28Hj5PrMzqeYZzvmESgmsA7ZuUS3KZamgm,Bronze,1,HELIUS_METADATA_BASELINE
5Ady8wiM2F7SyWkJwjs47naEScQnTT8p7u2x6bQ8MMqb,Bronze,1,HELIUS_METADATA_BASELINE
5AfAser6ZdyUuajy8s9FRKBREC9inopKLNNeFzXBJcK4,Arcane,4,HELIUS_METADATA_BASELINE
5Aw7sRURtBBP5wDhMkbteu9jmfaKDzjCAYaqn6SnkZVF,Silver,2,HELIUS_METADATA_BASELINE
5Azmjz6ivQeyrGTuNkmFhv7viMc8G1JT2GbSCGj7DsRp,Arcane,4,HELIUS_METADATA_BASELINE
5B4wFNP9wMRjG5ekdZdF7tujDoanKyevJB6xpWxrJMmk,Bronze,1,HELIUS_METADATA_BASELINE
5B5qAizQCX9dJByBueagJGQCrVsk2wF5bcKMznEmKt5N,Bronze,1,HELIUS_METADATA_BASELINE
5BAqoVuQKRpYDqwF7fpLog5UjYqugxj7KKqMRxSJ8Gf2,Bronze,1,HELIUS_METADATA_BASELINE
5BFEAoT5VVYxMs6QJfkFkDVwRw19Jm8NQ4vEG1ZEnMke,Arcane,4,HELIUS_METADATA_BASELINE
5BHU2uHFjSSQkwqRCJdUC7dv7zF72ckPN1obEK6gS9sH,Gold,3,HELIUS_METADATA_BASELINE
5BPoB7nM6GJfC5HHBMhGTY3yKV5bmZSta71XLWjLcCwE,Gold,3,HELIUS_METADATA_BASELINE
5BTCJnSxF4DXCFepEv7pSUuPrcanztAGrSXws4hAYF6r,Bronze,1,HELIUS_METADATA_BASELINE
5BUWt4zPJuF5L38UXA8D89HWJUnsoc2SUn3u21yxd9u1,Bronze,1,HELIUS_METADATA_BASELINE
5BmTxHCzTnw97TTpqrJb19k27rJKGDcVmFvE3uaHzjgf,Silver,2,HELIUS_METADATA_BASELINE
5BqHCJ6HT2a4DpDAsi6MPk18dRr7ce65T4a9pD3auRf8,Gold,3,HELIUS_METADATA_BASELINE
5Brf89JkNkF9XmNshWhL2wy2zpGUdDyFMLuX5fQ4cK6p,Bronze,1,HELIUS_METADATA_BASELINE
5BrjX2DFskYEwpVW2996q9Baj31uQDyiFF3jyGJaFbuD,Silver,2,HELIUS_METADATA_BASELINE
5BrkJLevKQKGupvcBf5A16fV4cXBBNywQGNHxhjfk7Nn,Bronze,1,HELIUS_METADATA_BASELINE
5CAnv55c7mhJJNvs9mqffGepHn8BjbBS8NWQJK9QJMMs,Gold,3,HELIUS_METADATA_BASELINE
5CPpJ1wSeE2W7N6ixN5hsGPtc9HCzt31AKqZpo7Zahip,Silver,2,HELIUS_METADATA_BASELINE
5CTUtwe2iRJL3CNfmXdKQ4TCWk84a85gVr4sgzmpVBJj,Bronze,1,HELIUS_METADATA_BASELINE
5CTde8M6NPQMSNW7ateCpEzy3Bmt1MNKNK9uAR56zdRR,Silver,2,HELIUS_METADATA_BASELINE
5CW3eksm43kzqS3qEuJ5CHYsxqzfDi6CGCnnHXiHGG23,Bronze,1,HELIUS_METADATA_BASELINE
5CYd9dvWZY7uwuS2xYa8sndTeHLGrRmMcXTHd7A5N5LX,Bronze,1,HELIUS_METADATA_BASELINE
5CbKDEFd6C3wLsxWMXMszUNk312fj5TxnFegHsKtU4Ep,Bronze,1,HELIUS_METADATA_BASELINE
5ChEqXCywSdAGHFRo4PzzywC9THBHkcpShjcDDGyZTFq,Silver,2,HELIUS_METADATA_BASELINE
5CiTRhTHPc9uSJpWkZvLGZRYBTnnv5W7Cu55jPVadV8x,Silver,2,HELIUS_METADATA_BASELINE
5Cm4uBTkqU5rgBLSbaF9JBbGQddRWRhFAudzPxfr7nsx,Bronze,1,HELIUS_METADATA_BASELINE
5CpiniNsvarB3beypQjbWjanHB1avcafbM2BVjYEcLr6,Silver,2,HELIUS_METADATA_BASELINE
5D6vUQJPfHXyPLxG9D8CowRmJgdGUpFXfuY783L1MepD,Bronze,1,HELIUS_METADATA_BASELINE
5DAWUieuPgx3ZfTbhhWVan28sbXDNTHbC911udatQvCa,Bronze,1,HELIUS_METADATA_BASELINE
5DCMEZizPincPk8CBEVqTjjKh4rMUSpAr1iYiTjuBMqF,Silver,2,HELIUS_METADATA_BASELINE
5DE2CCN8h1wMtwcQPAastjckSmcdvNrEkRxV2PoM6gwK,Bronze,1,HELIUS_METADATA_BASELINE
5DEwJTuPzqtuR1Xa1xapAx4kjjRpAR855uqBzuiT9sMg,Silver,2,HELIUS_METADATA_BASELINE
5DHhK9WyE7quTQtHpNjKnhyirUtG76v7xTS6f42YFdPh,Silver,2,HELIUS_METADATA_BASELINE
5DHyQWpGZQ3b3vYGY9NYwUHZz5J498sjXu4SXan9UdGc,Gold,3,HELIUS_METADATA_BASELINE
5DL7TZZnqaAughS2WBF2MknYdvKEMEgiiPVg5cx8LFah,Bronze,1,HELIUS_METADATA_BASELINE
5DZ4K7vLs4nDno5wRXFBugj7MuPn6SSXuRcttCUcTAwf,Silver,2,HELIUS_METADATA_BASELINE
5DmtCkBN3KTbC8yAVKvynnUW28yaX3iSn4GVTRwU7uqa,Arcane,4,HELIUS_METADATA_BASELINE
5DnmNtqSUUWdjSRFzuwucyQhzMopY91WHV42g3XGjPRZ,Arcane,4,HELIUS_METADATA_BASELINE
5Ds9G6PRqUKofYZjpsQo85NFFwZF8GJ1b8SDMjMohizp,Silver,2,HELIUS_METADATA_BASELINE
5Dy4GUQrZs8wJqLUJeZuUWuyUtKwgoGEodojUwjQn2x3,Arcane,4,HELIUS_METADATA_BASELINE
5E7S55MZNm4BFZowTJ6r9y5R3iuy6cv9QpxNn2UFcZ4t,Silver,2,HELIUS_METADATA_BASELINE
5EEJcqGicMGPDcz1gYNuh1gjERSRp2JCtCWLqF1eL3fz,Silver,2,HELIUS_METADATA_BASELINE
5EEwgoT9rE6qgKDFuzGLyShyW9Wwy8yryhCLFzUkHurz,Silver,2,HELIUS_METADATA_BASELINE
5EFS368EkF2wd4av7vVN2D9ozS7LxRdTUmtcxFxWAhfi,Bronze,1,HELIUS_METADATA_BASELINE
5EHMPw4p5uKut5QsJQkmRDNnPwS2ZiYRmDLLJ8orC5pY,Bronze,1,HELIUS_METADATA_BASELINE
5ENPJWEccWFLDAq88t6Tv71soz2dULxiEbBLVbmiJkoU,Bronze,1,HELIUS_METADATA_BASELINE
5EPrVvfvazhtVuc16uC7jE5SaACs1yTkhwSkxN4XfKNZ,Gold,3,HELIUS_METADATA_BASELINE
5EQ9UioR1JbiuCKFfbY6r8rZaE6yqNp7NfRV9CqFW4qx,Bronze,1,HELIUS_METADATA_BASELINE
5EQtD536Jebkb6KwZ6ezFrD2qSa4g2Pqxni5LcHQQR57,Bronze,1,HELIUS_METADATA_BASELINE
5ETBafRHrfRsZXfA2j4kjtViAVpHtcggm3UDGFgzwDcQ,Elven,5,HELIUS_METADATA_BASELINE
5EVYQhJf5ca67UTR3g38ZDJbmMGqKKXNXPLDMQU83rNU,Bronze,1,HELIUS_METADATA_BASELINE
5EbQXXUyT8mniW5oEgWg19VYDGvUtpVkXiq3PWid9rnn,Silver,2,HELIUS_METADATA_BASELINE
5EdS41K5NZSNTxfh33qkvNbgmqskTGYK7JQCQ2sPSpGC,Elven,5,HELIUS_METADATA_BASELINE
5EpxdHuKWsKNM3dfSseKW1srH12m1BN3EvD2NanJdVhs,Bronze,1,HELIUS_METADATA_BASELINE
5EqrzBUZkmf6Sm48Fd9QFLcSeiyayr3UD4jFZUnL1paG,Silver,2,HELIUS_METADATA_BASELINE
5Er637F1iDPTiUGSfGnXCnu8K2FtEnru2xJNKVSo9n3M,Elven,5,HELIUS_METADATA_BASELINE
5EyJ4SgdQzeJQVNKihW1vNBw2gCWCBtGs1BxAYxHdesw,Gold,3,HELIUS_METADATA_BASELINE
5F2Vp4yzpKVCqajKcB3VigGZoxWbpKA6vK4sEZZ1j9M9,Gold,3,HELIUS_METADATA_BASELINE
5F7bWok7Y6AegwKbFipYxGJph6hHP6KvRoeVUj5g5vr4,Silver,2,HELIUS_METADATA_BASELINE
5FBQCSUTRtawYu2ameifMMScWzAHp6CvedCsDWTB3vFn,Bronze,1,HELIUS_METADATA_BASELINE
5FCAKKZkxwDXMm3o1AkibTWhSJnzFcyNjP9yn96c7h1X,Bronze,1,HELIUS_METADATA_BASELINE
5FFM3yv5dWEPxv6bC9nksen5ujppLQm67vhBn3ViNQ9A,Bronze,1,HELIUS_METADATA_BASELINE
5FeFuv2meAr422P3boT42eq2dUsEe8jB5JbAW3xA5K8c,Bronze,1,HELIUS_METADATA_BASELINE
5FmuiM5YD4QXUwAasFiWDFZzw2ZX39wE4CSX8QJDq8F,Silver,2,HELIUS_METADATA_BASELINE
5FpcEscjnr687MbByBGvrpHTobyWCMcVNsgZyPpxekCP,Bronze,1,HELIUS_METADATA_BASELINE
5FrMuP7dPxCuvYRgM9LPxN4RSQUsTzMJSX4FpiNZYPyJ,Silver,2,HELIUS_METADATA_BASELINE
5Fs8eYBsMyXkjLXfgVHU1fWzf85eCo57J8qHHLyyyZyT,Bronze,1,HELIUS_METADATA_BASELINE
5FtgMjfLHhq4vZQzSq6AdUSnwzRgi2N1LNLF6aVJ62pM,Bronze,1,HELIUS_METADATA_BASELINE
5FynBYSmnuLxJhq49CV1Wvu1ZuigjaZMGqRVAz1PFnRX,Bronze,1,HELIUS_METADATA_BASELINE
5G4UrvCXa388svPyRG8gjv914WsD5voZFW6meS84S8ub,Bronze,1,HELIUS_METADATA_BASELINE
5GAv9nLTMwEZAmMzKpGLAk5nBpfbX4EjaVz7wcLnhkzj,Bronze,1,HELIUS_METADATA_BASELINE
5GBU1h1M4wTybzksHpUF4WdxFRGs31xquB9f9u2cFyRJ,Arcane,4,HELIUS_METADATA_BASELINE
5GBdDkWFqofKQJFpWgvfkHHBDtbhnb3AgkRmu6y6SzCR,Bronze,1,HELIUS_METADATA_BASELINE
5GEzD6w6Y77YYqgfobH1VFsadWzzSKs27fJQrewyqnyv,Bronze,1,HELIUS_METADATA_BASELINE
5GGb1yUWb1oCzLd4sFgMcFJuFknF2Ht6SUXH9huTqu7v,Bronze,1,HELIUS_METADATA_BASELINE
5GHRJFx9ZhzP3ftxFh88HiK9pAiwXMyejCDxCCm7hjpr,Elven,5,HELIUS_METADATA_BASELINE
5GPhLWE5PSUwyFKj19JMWvdnS8aZSzPGn5sxNw3JQDEP,Silver,2,HELIUS_METADATA_BASELINE
5GgPUSs3533i1G26eemDhJpbY9vGHkVRuJrFRotwBgDq,Gold,3,HELIUS_METADATA_BASELINE
5GhcjkurY8NW1pCbBxZ9Up1yiG7YK69zdigMQEsFdmhp,Bronze,1,HELIUS_METADATA_BASELINE
5Gi5ES7Wb9fkosfaq7wLeugvnXawWc1WPzZWmCzbrMP2,Arcane,4,HELIUS_METADATA_BASELINE
5GoAshr3dxnpnpYatYVzWDL9vHDPAb2upbxGvZh9Fi2i,Bronze,1,HELIUS_METADATA_BASELINE
5Gw2Z6G9R48WQaSf7SrYNPeTAupYKqLfk3adMXY5BLT2,Bronze,1,HELIUS_METADATA_BASELINE
5H3yQFszfmzzQRjMXB3QnyHXNecn9A7JVMMRpAr7Rq2u,Bronze,1,HELIUS_METADATA_BASELINE
5H4EDdwqtM3b1y7RvtGQ5Ww3HnEa8V2NwMDuHYbbb5dY,Bronze,1,HELIUS_METADATA_BASELINE
5H6dMUZeeBbtdNTCmGb7AZowqnYxLnZoHRPbB79jCWMt,Gold,3,HELIUS_METADATA_BASELINE
5HPzNkBxcSrxJL4Nk1CR9eHxEipQCXTdsvyAoz3U4Sn5,Silver,2,HELIUS_METADATA_BASELINE
5HY64wZVVfvDD1WNhW6qefxCcrKiQLPS61SoNTEBCYHK,Silver,2,HELIUS_METADATA_BASELINE
5HduX7XXGDuWWyXvzgZEG8UKPjoFXTuqXae4E3eqqqax,Silver,2,HELIUS_METADATA_BASELINE
5HnJBS53U34DMsM2giWukBvZgpvBM4wZWKuUv24LjFch,Bronze,1,HELIUS_METADATA_BASELINE
5Ho2sbT18SDCS9KSSg7bxWNf2U2rabrhyKSTjqNTx7HM,Arcane,4,HELIUS_METADATA_BASELINE
5HwamcQ14H7fRfxBTTJ2w8ibjBG7nMUrLp5N3Av6E4mF,Bronze,1,HELIUS_METADATA_BASELINE
5JVvD3zyx63e8HcZzxu7BNhojiGamTeVnuznohHVN5yL,Bronze,1,HELIUS_METADATA_BASELINE
5JchitUm6sFhsEWwrACqg2iXvrgMQk7VBYbMakgrKPAh,Bronze,1,HELIUS_METADATA_BASELINE
5JjyAsCCKoXUvoo6GfsvxtunpUizPz6WJCJBwXiXYU2F,Bronze,1,HELIUS_METADATA_BASELINE
5JnMXrAy62Xaqom429dmAn4PqPdLBE4Ubqao6Zgk1DkL,Elven,5,HELIUS_METADATA_BASELINE
5K36D2xC9DUjrsBLQGhSoReKqJZL7r9ZkcdU6oJt7PoJ,Bronze,1,HELIUS_METADATA_BASELINE
5K76q6NAhkJ6etVhy6YVr6S6rDQ94hv9RqFjiMEq8UYj,Silver,2,HELIUS_METADATA_BASELINE
5KoSvSqMYDEUowk3QENbfr9njdDhHdcJSbvD7JBfqpD9,Bronze,1,HELIUS_METADATA_BASELINE
5KuwVEPRJ2JECQa6nP4AXvEoCzvXDJS7K9zaVFDS9FDc,Gold,3,HELIUS_METADATA_BASELINE
5L2NZy9FUxGNziNDgzga7W3e2yapKWmWmzuYmVCbzUs1,Silver,2,HELIUS_METADATA_BASELINE
5L3JQkFzBKdf2CGXR2YW5gxtnLMureBYfhn8wdbTJ8P8,Gold,3,HELIUS_METADATA_BASELINE
5L7dVssiav8TXHH4tjh8KWsFVCUKGC3ySbG2siX27AzK,Gold,3,HELIUS_METADATA_BASELINE
5L8w63oDj75eu5in3BYmB2vzD3Nq9cK7M1uCdN5rSK1V,Bronze,1,HELIUS_METADATA_BASELINE
5LBpE59xcX53AicAdiXyRbvcECE4EVmrsLB1KtW5hEnS,Bronze,1,HELIUS_METADATA_BASELINE
5LJS34ZLtFWChvH2BP1YMgC4PfATbbJh2mqU7PdAHGQn,Silver,2,HELIUS_METADATA_BASELINE
5LLxf8Lo6NEBB7WscDuAXQBaxyBum2w7ZBHub5p9iaic,Bronze,1,HELIUS_METADATA_BASELINE
5LVAXHLbfhB8h4hdgZHBCwQk81kmDqxhRxhNwGFbAyqp,Elven,5,HELIUS_METADATA_BASELINE
5LeRaNC5k1VCMoYaYeL5VbEYoUv3YK4U3guvucT9Qk1,Bronze,1,HELIUS_METADATA_BASELINE
5LgK4XAA3BGPCqVW2hGeDMoUGSva87McsKBhcvyM2eNY,Silver,2,HELIUS_METADATA_BASELINE
5LptZQ63kLqXcSVYHZGq6637z2rJaGSzsojLse47pbuc,Silver,2,HELIUS_METADATA_BASELINE
5Lsbnfd7fwUbSN892s5fNPegFPXrqWmDqWBGN7KL5fEA,Bronze,1,HELIUS_METADATA_BASELINE
5LurPdLmMn1cAyd9ts7DNvKDZCfpioSR5VRvBZWtmh4u,Elven,5,HELIUS_METADATA_BASELINE
5LzojbAGEsykzDAZWp6ry3j79SMFv6um1SJn7RG72H67,Bronze,1,HELIUS_METADATA_BASELINE
5M5KANiQaTruLi6L5fNHm9ekG7tvU15QYxht8ecdpioW,Bronze,1,HELIUS_METADATA_BASELINE
5M6MArwTKGtEPScWWEASknBBWybyvbrAAi3N4H4WWabq,Bronze,1,HELIUS_METADATA_BASELINE
5M75s2Yxav8i8ZFABtFYATYnqvD8QZ2CejkhJTrhCVGj,Bronze,1,HELIUS_METADATA_BASELINE
5M82QFEmC12Nqzmg6mKnvykgHA69EJwQ9jzzzEq8LQwN,Arcane,4,HELIUS_METADATA_BASELINE
5MCqVW7pYvRhsbKKqb7bvj6imSEqwEyYTstXiVt6PHym,Gold,3,HELIUS_METADATA_BASELINE
5MDGE39o5sQRNBDzxxVALyNp3ThTH2qC6VW8zruoW6Ja,Bronze,1,HELIUS_METADATA_BASELINE
5MGdC9T8ujFCywqmNNLKKsiBUvEavm5FBqyNWdphmV24,Bronze,1,HELIUS_METADATA_BASELINE
5MPRmQwTB4Ljr9fgouyoM1SP57U6tCLuTusEUT6sKgTZ,Silver,2,HELIUS_METADATA_BASELINE
5MTZjcYYoXHpQ94gDcnsJEFoS85itsAYa1kmhMXotpRG,Silver,2,HELIUS_METADATA_BASELINE
5Mafxj6Fc4jsfx2zswPwK2L7YDiQH7V1aGimv66fChS,Bronze,1,HELIUS_METADATA_BASELINE
5MdtBrhHXAk6j9c7GVUMQ1mh1ktmeDWDD7zrY529U1c2,Arcane,4,HELIUS_METADATA_BASELINE
5Mfm8K3Twb9RWPoXpWoMmRcvMybhVn4GM4H2RauYi4N6,Bronze,1,HELIUS_METADATA_BASELINE
5MihS6Jme2g9T73p675QMq7gkJEiKTUV1bfwK7c64LjB,Bronze,1,HELIUS_METADATA_BASELINE
5MkJFWQENSNCNr2T1zCnbQE7m1Mk94mEJBMuUWwJqk5M,Silver,2,HELIUS_METADATA_BASELINE
5Mrdr2T8e5rvmkN8unpiKf7xmXy4FdVGy6YQWLgzyHBf,Bronze,1,HELIUS_METADATA_BASELINE
5MveD5N7Lw2MwxghSLDusw5r9SbjZfZRHRG12imo5zv8,Bronze,1,HELIUS_METADATA_BASELINE
5N3dXhpn5JquVzP1FjyMUcLbEqy5n7BKAqSN4FBQhxkQ,Gold,3,HELIUS_METADATA_BASELINE
5N7AWFMNhvYD38HWToube6EC63RcN1jknrgYF8dJ38kq,Silver,2,HELIUS_METADATA_BASELINE
5N8W4gpFEX44zZ7rp2qjnqJWDfaQNPXoVN8QmFjBLqhC,Silver,2,HELIUS_METADATA_BASELINE
5NCf7e9eLoU5aUhnbAt1pjnUaxNLc6eLcMbHF2vgmGnA,Bronze,1,HELIUS_METADATA_BASELINE
5NDGbSztV7cciRp2EGoTX3HXLwsSgiEBuscYsxaBL4wy,Bronze,1,HELIUS_METADATA_BASELINE
5NFSCqYKrnrAQ1v1Zcee7oe3sxc5AfqkoH59nNe7N87E,Arcane,4,HELIUS_METADATA_BASELINE
5NNmtLA45zLVnXTv6KaPphdGV7YFJv2Fky2WEYANxj4g,Elven,5,HELIUS_METADATA_BASELINE
5NRsfAAMsWKSNwsHMT2gEvfZt1sEkfyha9ZnmDsDuePP,Bronze,1,HELIUS_METADATA_BASELINE
5NnzJEUqYjoQXWB3f9Jts44CpFQPFpFkQwR5iQV43vH2,Silver,2,HELIUS_METADATA_BASELINE
5P1SfVDs6dehRDVpG69roFNJZbGjrdUcABdNX3VR3JcE,Silver,2,HELIUS_METADATA_BASELINE
5P2YoZ3Wzx8LxLd2vTzboCAGbXgP3bK26ZcLYjRXkuyX,Silver,2,HELIUS_METADATA_BASELINE
5PBoTFUB8Q3pHevjwwYC5aiyCCg4q3jT77aV6BJuiQX,Bronze,1,HELIUS_METADATA_BASELINE
5PGpABqaF8ptMfWZHPeSakNE8vRV8VxhKnk4mAB5Zdhi,Bronze,1,HELIUS_METADATA_BASELINE
5PVkJBKBqJBJZomu4Zd1hZxrTRSgk9xoBgWRKou8Qbyg,Silver,2,HELIUS_METADATA_BASELINE
5PY6SW7uJaGskiQqayr3QH1t6VuTTSn6r3MCWuuJDLCY,Silver,2,HELIUS_METADATA_BASELINE
5Pckiccmvdc2YbNo2dyovLFKuv2NVRh5DvgfZSEsDGtQ,Silver,2,HELIUS_METADATA_BASELINE
5PkWf6pj7N1vJiic8ajZ41TtDveWhUDipRBALezEw5vE,Gold,3,HELIUS_METADATA_BASELINE
5PmMEDXYG4SXG116z76xr7dLq3k18biLuH7XXPT8y1dy,Gold,3,HELIUS_METADATA_BASELINE
5PnBDfXRiYeNcQbgdenRXzb8h5RtofSMuinCVBYyicTM,Bronze,1,HELIUS_METADATA_BASELINE
5Poj6CvFqU2SuNumQmBLshF9pa2FDE959F7NGtsZ5mCM,Gold,3,HELIUS_METADATA_BASELINE
5Q3vS8nBTztnZZV2vj1fW3ZG2JzguXBgMn6TD48GDXRK,Bronze,1,HELIUS_METADATA_BASELINE
5Q6wupeBtWggGHzccxaYpgXh3AadAp2vyw9jZgNXra5m,Elven,5,HELIUS_METADATA_BASELINE
5QBG5hkbrBeLaPRJpwNrg3BJSmrzSxkow5C9Cj17MbdH,Arcane,4,HELIUS_METADATA_BASELINE
5QBkwqP4YnCh8zgP2DD6fhvcNeoA29CwMopQPL945JK,Bronze,1,HELIUS_METADATA_BASELINE
5QEkhNMfKGcwDDMTsqfHCaDSufMAeM36tMf38No1MpRc,Gold,3,HELIUS_METADATA_BASELINE
5QFxKKDrCX4zeysxsE43KgvxojNhAGryrzVuAEWfSLt,Bronze,1,HELIUS_METADATA_BASELINE
5QQCvzJnQNW8Y85MKV3GhVD6NptDAnfbd4Z4qSLxyq7C,Bronze,1,HELIUS_METADATA_BASELINE
5QSg23nYXr2YTZxAic872W5ETn8hUD6YpnBW7ECrr5Dt,Silver,2,HELIUS_METADATA_BASELINE
5QcS3aeLx1tyE2JjcARLr2hxVXnDD7BJpndVGxX8fZtv,Silver,2,HELIUS_METADATA_BASELINE
5QcnzzD1tzm8efQZyxcAwAtp8fhjPvAzuRoYPsdjGadN,Bronze,1,HELIUS_METADATA_BASELINE
5QjszgZneF12jMhT53g2Fv1THeU85AXW5z9aUwsQ9Nad,Silver,2,HELIUS_METADATA_BASELINE
5QrVstW6jFBEqbxoiwsLxoTDiQ9r5hPSxBecbmz6LATM,Silver,2,HELIUS_METADATA_BASELINE
5Qu2w1SZUbFAua3hR2scWyU88wZeCPKPD48gzVsGFGBX,Arcane,4,HELIUS_METADATA_BASELINE
5RDCYLtYTGMWhhPA4XWvNudw2DQmV7zmM8uBZ31miweL,Bronze,1,HELIUS_METADATA_BASELINE
5RVTcuAqbxpjqZ5CMa5nHcwCeTUWg6392nrvwcQmG4ho,Arcane,4,HELIUS_METADATA_BASELINE
5RYRdsbxBFX4jurFb3BmKMmMstHmrAaQW1MNoeZhLsHt,Bronze,1,HELIUS_METADATA_BASELINE
5RkD45KkA314mrGBUPq253inKrV6QZQZkD4mo8Kt1qgb,Arcane,4,HELIUS_METADATA_BASELINE
5RmFHVxQmXMRxWVj3S5dPESKBH5WHUNzWeS9QjzhYb57,Bronze,1,HELIUS_METADATA_BASELINE
5RmaaYkCfYkxahGqPPJwRTrozWE3Gzx4DhAMqTNV7p8n,Gold,3,HELIUS_METADATA_BASELINE
5S5dAqRkQ9kY4yRdfpyknoj1FXdMiYoM2qcGhhdLHDce,Elven,5,HELIUS_METADATA_BASELINE
5SPTjB12x5r3zt3a9hmLTkq8MLmqvH8Wbud2oQf7oMap,Bronze,1,HELIUS_METADATA_BASELINE
5STheX6iMu6CKLHUxV3WueYy6x6GJvYcUSZ3KfB7h7aH,Bronze,1,HELIUS_METADATA_BASELINE
5SU5JB16n5Q4zqnW5up2GC4T7swjcbPgFGoW4YJ5b8Rp,Silver,2,HELIUS_METADATA_BASELINE
5SXeQMiPaQq2JGDnD896nDoMNd5FhUv98yMx5A4Rm2WJ,Bronze,1,HELIUS_METADATA_BASELINE
5Sx8r4KVaa7CEtYMbqDxn7rJH4hJKwUeHYxgvDc2T8Qg,Silver,2,HELIUS_METADATA_BASELINE
5T9wsMH8FdcRRPZ2Hc3wpyAAy1JxyNtS6t25v3ydyCHq,Bronze,1,HELIUS_METADATA_BASELINE
5TCB6W8ehhjXhqan5q9XA7RCNeo3pycbyQXJhKz2k9jr,Bronze,1,HELIUS_METADATA_BASELINE
5TFYta2EeGwwxyqGy3dzUDFKEpXNmp5bQSMdy393H8XR,Silver,2,HELIUS_METADATA_BASELINE
5THaBGhf2QRNNRruPtWpU2Wcb8hYjDoccCY47PUc1TMm,Bronze,1,HELIUS_METADATA_BASELINE
5TWVmUWjTZvABxjXubftuaZAUjLdkCLux7Z5cTo4rRWh,Silver,2,HELIUS_METADATA_BASELINE
5Thpa7pnCdMFrw9NbhFjhf72cKuDzPUzMbeo8xKeM9Bw,Bronze,1,HELIUS_METADATA_BASELINE
5TmE7x5qiJb1BTcJZVVJjBxwPjZ1hgHQJsWP7hh7yNP1,Silver,2,HELIUS_METADATA_BASELINE
5TwLymEkUrg8SrqtrB5hvZSnyaW2cVGefbrgYMSmTmAU,Silver,2,HELIUS_METADATA_BASELINE
5Ty87QLkxzBZTzcc5m5A1YJoBJ3oysdcYh2gprHnDy4u,Elven,5,HELIUS_METADATA_BASELINE
5Tzb5xZCVmfYWer58HT8MAtKBWcUBFUzM9W69mKJuBhZ,Bronze,1,HELIUS_METADATA_BASELINE
5U6ZvHMHpyHaSQY8s7Cb417DxNnVqP6uCGR8KyWa6qLY,Elven,5,HELIUS_METADATA_BASELINE
5U9nJdQCBQjdM8FY3BKz5qzMBddcov1KtQRjyoWXrBX2,Bronze,1,HELIUS_METADATA_BASELINE
5UJCsQjKCTH1HfcRKbHzCLV7HfddsB29X9DPiyaeV44H,Arcane,4,HELIUS_METADATA_BASELINE
5UMrbEcU6EAVmvN8nx6XciZs7pPtY3mCXmQsw7CtxBgM,Silver,2,HELIUS_METADATA_BASELINE
5UWBsFJgmmruB4XCPPTApSb6cdsN9fpFPcoepdMDD9cN,Silver,2,HELIUS_METADATA_BASELINE
5UapyXvwa2powzRTdYmFS4K2bbJMFq8j5uLpVS8pgWoN,Bronze,1,HELIUS_METADATA_BASELINE
5UcKS3ajRjWWmjf6NYm4G4TUbZYkeHAt3QrktSWE8SkW,Silver,2,HELIUS_METADATA_BASELINE
5UfiqsHdLucMGDvpu9znud6B8ZfF5YMCpx2LwVLCFLw,Arcane,4,HELIUS_METADATA_BASELINE
5UgGsBX9Sn4HBxHPHT2DcKPzNk3r8a1Jg4468psZhcTy,Gold,3,HELIUS_METADATA_BASELINE
5UjFwDo29UxAR2BKA8hvEtsoXd3C8EBDb7HPX7D5HExJ,Arcane,4,HELIUS_METADATA_BASELINE
5UmrY615mEqagXnsKofevN1LXVt1mfMNzN3crq5FuDfK,Arcane,4,HELIUS_METADATA_BASELINE
5UqwJiVjUcT3ADA2ARmXWYZ6vmBykjNWqV8FTxef6r3T,Silver,2,HELIUS_METADATA_BASELINE
5UvBTQ6RVaA2EoqjxuQAer8QBYbWU1tuL9hXyBeECv4C,Bronze,1,HELIUS_METADATA_BASELINE
5UyJ55BPFt6TJ9Kc7P9etnpti9E5TKUc8qdxhtYKGA9V,Silver,2,HELIUS_METADATA_BASELINE
5UyyLNGnSFwNQZGUvMxWLq6V1yZb2yPUQ9WoPbLw4ijo,Silver,2,HELIUS_METADATA_BASELINE
5V637RZ3y3Y9akGSEaPVCQRPGhGBa87D9HiA7EJTfSQ2,Gold,3,HELIUS_METADATA_BASELINE
5V6SXqEeR48xmveXj8fVx5kmiQedjgSu9fBp5pZETUKB,Gold,3,HELIUS_METADATA_BASELINE
5VEimt9kHtCFihNaAzc8wgqwnHnh4bp9fixQSynShwhX,Silver,2,HELIUS_METADATA_BASELINE
5VUpedJgxuvchjZ9MQmSWeNB5HsdVBwCKbw9qdz18mAz,Silver,2,HELIUS_METADATA_BASELINE
5VWvuMaX9yrTeEeAwonbsQTK65EcMMyyPHZod89KkFkH,Bronze,1,HELIUS_METADATA_BASELINE
5VZLEYKaKb7DgWW4mhW51PSgzopKsCj5r52vzd2KFaEs,Gold,3,HELIUS_METADATA_BASELINE
5Vbgguph8bEnixgutV9teT1YpM6HxeTLGuuGtogxoCpj,Silver,2,HELIUS_METADATA_BASELINE
5VnRJ1PgTrMLdo8MSiyBaC9KkmqvEesdiws8MmVvbVkq,Bronze,1,HELIUS_METADATA_BASELINE
5Vnf7nznCJwkftyRMtfUqgPFMcQNbHo8XTGYqAUyuPkb,Elven,5,HELIUS_METADATA_BASELINE
5VrtBXMSwhcR2HTGxJnGEqGpcjkoQ1m6PtwoqA7L19Ty,Silver,2,HELIUS_METADATA_BASELINE
5VvGE8SPBRTSvLPxcic6cUhLrypeAVzEoacv39F9gacz,Gold,3,HELIUS_METADATA_BASELINE
5W49pjVe5A5D4bkNqLMSy5KsjAdTJHc6vM4F8kuJJ8KP,Silver,2,HELIUS_METADATA_BASELINE
5W5qRvExw7aTaVexgozzjdAkz8i3FZCnYUJiWjXfG7Ui,Bronze,1,HELIUS_METADATA_BASELINE
5W6Db32QP3Ct7GZUeqkvpHHuw7a1fH69198FNerYka9J,Gold,3,HELIUS_METADATA_BASELINE
5WFZxZ3rdSAf5pSo4VAgiKmVFyE9fx2o9vq2XuGhFKAh,Silver,2,HELIUS_METADATA_BASELINE
5WHxnxfuZvsqkDSb7m3hWsvqjqtzCt71NwWPrCqn2Qnz,Gold,3,HELIUS_METADATA_BASELINE
5WVUcyctdH7KKRmqaHDbJw2NFvjU9D1kh3GTLRkeVH86,Gold,3,HELIUS_METADATA_BASELINE
5WarkyQyqomiVrrcg89f36fuDH9A1n9xo3j43B8cAwA8,Bronze,1,HELIUS_METADATA_BASELINE
5Wck9NUy47AvSmYhSBbeaRbvT6AgRtVYLMLULs3igh7E,Silver,2,HELIUS_METADATA_BASELINE
5WgDcdhc9gSuC3EF5LuDeLYLVrjtrwRDrLwLsaAGvVwN,Bronze,1,HELIUS_METADATA_BASELINE
5WyyXq5wXq1EWPbFULhQYgt7bxhj3xdPuK5hBFzPBnia,Silver,2,HELIUS_METADATA_BASELINE
5X2VUjs5Lze4igA4X4k5TLxM8hGmZu1p7gYiaddHsokM,Silver,2,HELIUS_METADATA_BASELINE
5X398pbtemADi6ibkW9Cx3qCEjzfVATgwbUQCrZtpBBV,Silver,2,HELIUS_METADATA_BASELINE
5X5fgpcJYAWGHBKDhqkAXsifZwda23H4cCdzSAxCt1yk,Bronze,1,HELIUS_METADATA_BASELINE
5X6ecW6pbiriRMGntg9NjC4inecUGd9g6fpCBESMJeXm,Bronze,1,HELIUS_METADATA_BASELINE
5X72KRmsBAJPWUHjmfNNSEJciw2mjgWpGeQdinor445,Bronze,1,HELIUS_METADATA_BASELINE
5X8n3STN8dhCW175YY3Sb3pADAMM2kmsCNrZ2MqEMuna,Silver,2,HELIUS_METADATA_BASELINE
5XH7TbR8xqWyGPKvuiBi5Q7CE6iSUZ4BcwCWuSRGc2RR,Gold,3,HELIUS_METADATA_BASELINE
5XM5swVv3yrQ9U9qsYJrhY6vA15vp3cW63yj4oGorBge,Bronze,1,HELIUS_METADATA_BASELINE
5XMAHTA5VPrhAoBEssJHFTKtWSEZ3c7zoYsDUe4XUuep,Gold,3,HELIUS_METADATA_BASELINE
5XP7ytxi2EE6sithg7iHqdYg9aHsMwhMmuMxp3MaP8ZG,Bronze,1,HELIUS_METADATA_BASELINE
5XdxUcs4VPbBvSiHRyNpHBKsLu162U3XPLcsPdy7Lpzr,Gold,3,HELIUS_METADATA_BASELINE
5XprBmgiSkHigDg7NYhJH9LiWEm2yLLFcMN1vzFMKLVM,Gold,3,HELIUS_METADATA_BASELINE
5XtRxCutVewuriXArYATAJc9zDLrNaPYsSPo39TfbNBj,Arcane,4,HELIUS_METADATA_BASELINE
5XzEV6PoDSeMCCtvijiDagmCZFdQCgzxMeVmtTvb18tc,Bronze,1,HELIUS_METADATA_BASELINE
5XzG1eRQNybqwCGfqDsH9xdzVZUDc1C8P6CbLzLtjhz5,Bronze,1,HELIUS_METADATA_BASELINE
5YCLbGeCPcqwYCpzzCznTzsAAaZCcSd4Y82vPCRaVhCH,Silver,2,HELIUS_METADATA_BASELINE
5YGBrpwXWDNFBxc1NzVhA3QNane5omqAQgu83CD2GHtn,Silver,2,HELIUS_METADATA_BASELINE
5YGZcxQMy59n47JyXcsCXN34hGBpKZ9ivjvm3oEXwEhH,Bronze,1,HELIUS_METADATA_BASELINE
5YL985oX58G31L5MNqvh7KuHxEdLsyHhoT2qRLev1oAi,Arcane,4,HELIUS_METADATA_BASELINE
5YVC81H4dw9iSETxNqDCHyNMMo2owkyZB5WLssEQm61B,Gold,3,HELIUS_METADATA_BASELINE
5YegA67EPVg4mvBWe5rinK6LhSHn8f9u1HsGFKfNzw7W,Gold,3,HELIUS_METADATA_BASELINE
5Yq9xCM8FdSYShbf6FedbBACW9Zn6nNkjVJw5JjMCRPX,Bronze,1,HELIUS_METADATA_BASELINE
5YuCD1hosrwqDbp6fykvHZF2MZVifHzx4XTfgpvMZ63k,Bronze,1,HELIUS_METADATA_BASELINE
5YwJ8DBUiZRBGH1rfEENLdbuPFV4CED6MY2CToz94MQu,Bronze,1,HELIUS_METADATA_BASELINE
5YxwKxcsVTN6CvZzMWPNrhuJcfAnnPHsJgEGP5njg1bZ,Bronze,1,HELIUS_METADATA_BASELINE
5Z17uXnmMxFAkURoyVKPnWkP2pFDVWZ9d5WBn2sS3n3B,Silver,2,HELIUS_METADATA_BASELINE
5ZAMLofbKWQejEo3ehVdzidghbqmf7zAc9P15L14BvU1,Bronze,1,HELIUS_METADATA_BASELINE
5ZAdWhKA6FyQczpa9Au7Nwuzahw2m1WrRibwV97x2RHo,Bronze,1,HELIUS_METADATA_BASELINE
5ZJpjb4Uy4UAyWC4g9Y6jXH5DYBqKCP4rip6TsjQmKHN,Bronze,1,HELIUS_METADATA_BASELINE
5ZLkWKHrpD9V18yQuXPs2Xqt3Lf9Ggf8kkW4zpYg5ySF,Bronze,1,HELIUS_METADATA_BASELINE
5ZM9Sb3qLfPyVkzHi1J97UmLrdKmnwE28AGMmdaU2T52,Bronze,1,HELIUS_METADATA_BASELINE
5ZPNSP7KzueRa6NzPCNa3tjwsKsnACkPBAE5TvhNfjsW,Bronze,1,HELIUS_METADATA_BASELINE
5ZUV74eR7j81Qy7hD1CmWPJdDfUfQKiqxPwcf5W8YbXW,Silver,2,HELIUS_METADATA_BASELINE
5ZWHdHAm4HcH21bELRLG6qvYyhHUxLDpb2jviMoLGysY,Bronze,1,HELIUS_METADATA_BASELINE
5Zdporf2mhM6GAXsCURq8iGy4PiU1w9mQTu88iWzYhW7,Elven,5,HELIUS_METADATA_BASELINE
5Ze2WDgpvtxW52Aoq1GcDbqYvpvZ71SJRy3EoepTWBpn,Elven,5,HELIUS_METADATA_BASELINE
5ZfAm37gdJCpbkmF8nKKuX6P588fs9RfBMD4cs9sXzR7,Silver,2,HELIUS_METADATA_BASELINE
5ZmaEsSroMH8rcDAwgynftLjefPzE7dixemXQn7o7Kr3,Arcane,4,HELIUS_METADATA_BASELINE
5ZpxJ7Zyo4pW3GaFkmkXt14snkGwkxBd6Sa6FBZSPSJ1,Silver,2,HELIUS_METADATA_BASELINE
5ZtABJe9vasHuFtnz1akUDRFtVXRSfjrAuurazM8STFe,Silver,2,HELIUS_METADATA_BASELINE
5ZuBSiKk43McR6JF5BpoZzfRdNGMEuZDMEdv9rRdyoaW,Silver,2,HELIUS_METADATA_BASELINE
5ZwpLy75xrShbfXF7Km6Cr1DtUfu4rhghbyako8PZrdV,Gold,3,HELIUS_METADATA_BASELINE
5a1sLUayH1T7NAzBLpGfhdL3tWXArDxmDsQhSiBWnpet,Bronze,1,HELIUS_METADATA_BASELINE
5a9kU6gsuRjQhyaSbBm72qc8r6oTfTks4fHm3Js63SN9,Silver,2,HELIUS_METADATA_BASELINE
5aDkq1r6kEy8tkBuEKLMBEJFaAkfSw2sFxcLemxKcbth,Bronze,1,HELIUS_METADATA_BASELINE
5aGMbbTRCG61wgHjv7AxNQJijs3JaMgCbMLQQmzktHEZ,Silver,2,HELIUS_METADATA_BASELINE
5aHYBA2rDhT5rwcwvHDvQcDy6zh3RusYv2kcniu1xrrS,Bronze,1,HELIUS_METADATA_BASELINE
5aN1ZoTttg4E5yCkE9tBi9HgUcJEvRN57eoDVernbkmh,Bronze,1,HELIUS_METADATA_BASELINE
5aj5hj15pkQNvTG57ZxNy1y8Vr6BHRirzFsCDjRtddSW,Elven,5,HELIUS_METADATA_BASELINE
5ajAancADZdbMHYDFpWHY2BR73NatZCYjyweX7P79SLv,Bronze,1,HELIUS_METADATA_BASELINE
5avvPuRuowonYUSBwvPyvtSZ6X1wp1MJucUUTUpfPxAK,Bronze,1,HELIUS_METADATA_BASELINE
5bQFQWT7FMHnnXKM88RmcHdEHeyxBEfizGExbQkaWyDW,Bronze,1,HELIUS_METADATA_BASELINE
5bSMXncuLHkpK94Usd9wFFiVtwws4XdSdZcHPkjrWcYc,Silver,2,HELIUS_METADATA_BASELINE
5bSvwMwhs5ys3pRaPZqFF7cxn9D3ppBButmaWWkK8W4A,Silver,2,HELIUS_METADATA_BASELINE
5bTtSZEiG7NoYZBxaZ3oVgjA6uxaAZXS9KDMP9cC9KBF,Gold,3,HELIUS_METADATA_BASELINE
5bUrHHvw7nYgy31pBMSGxrQubKTS6ehugG11bbSLLENH,Gold,3,HELIUS_METADATA_BASELINE
5bjUTMtoJVeGAZyek3wLigqtLqmPP6aEW7RCouBdcgkN,Silver,2,HELIUS_METADATA_BASELINE
5bjtGEeVZgqjRk7gkE8PmMecV1UFnZyb2hwoa4UeyxGM,Bronze,1,HELIUS_METADATA_BASELINE
5bkv51mG8K8hvBXgtoR4Lh3YHubajzkAh3db2H8ZF4tt,Bronze,1,HELIUS_METADATA_BASELINE
5bnp86Rd4rW2tgQ7optPRTtdLjdVRfpKqjWjZt2HM93M,Bronze,1,HELIUS_METADATA_BASELINE
5bunxAVhSKcZi7H4tavU4aZKmXDf7v5UShSkiiDvezga,Silver,2,HELIUS_METADATA_BASELINE
5c13CLYmXUvKFbsBgxcm8pBPGHA63EJ8LUdzTFXi6EQs,Bronze,1,HELIUS_METADATA_BASELINE
5c31Vk7cFeT7umoJdQsbXqq8KCsqNsUz7wYyxM1ci8Zj,Bronze,1,HELIUS_METADATA_BASELINE
5c736eU2EzZJvYSi47Sq4fsAhdccbAoEydNnCWguF6ex,Silver,2,HELIUS_METADATA_BASELINE
5cB9sGJQQi1e7hSSSXTDPycvbUPVsnHE8HStheAx9r7o,Bronze,1,HELIUS_METADATA_BASELINE
5cD92as1weC7gfpXMAKCFYrfM5Ggvo6gEWQ8CbiCiBCR,Elven,5,HELIUS_METADATA_BASELINE
5cG2oZ8ELGRkA1f19qVnHPbgQF9GbKNmskgHPw5yogfb,Bronze,1,HELIUS_METADATA_BASELINE
5cKPRqaXGd2Nj6uJUJMiR7gxsVCByPqkbptkSrBkMnzT,Silver,2,HELIUS_METADATA_BASELINE
5cKaxVKXkWzq19AuEK1z5ftdQvZM1khREox1DZGNVaHv,Gold,3,HELIUS_METADATA_BASELINE
5cLBQ2GxZFDh462BFn5UArnEtFR8eNQMKvVXbVtJURBA,Silver,2,HELIUS_METADATA_BASELINE
5coZJrBqeYh34ZwXR2Va6NuLBZrKgrBRas1Ngmt3t5Zy,Bronze,1,HELIUS_METADATA_BASELINE
5d1qPzaPgT223CWJ9yufVTCXgwbhUMqa2oTsbn8bah1S,Arcane,4,HELIUS_METADATA_BASELINE
5dBWzdtYABpPMQohB87PMerpttkvwZmwskHfc3pxMTsm,Bronze,1,HELIUS_METADATA_BASELINE
5dBqHPjy7uJbhABHohjhfM1B4oi6QkS3EEZjH8Xiq2HH,Silver,2,HELIUS_METADATA_BASELINE
5dCcPz5FoHNr6ZCExNFVToEn8ytLDRZk4TxrzYuZMYLC,Bronze,1,HELIUS_METADATA_BASELINE
5dR8tJit9Xhxz9qSatgt2oJvnAsEHzAiKCYs6rm2m9rq,Silver,2,HELIUS_METADATA_BASELINE
5dRkBZnh2kDTCZNZMs1xRiRWT9mLXob3L1NKVQ7YAMHT,Gold,3,HELIUS_METADATA_BASELINE
5dUb1zBDF5SJbPDQsqqA7NpFTEV6a6xgXUbLB7FvvZAF,Bronze,1,HELIUS_METADATA_BASELINE
5dWKZJ6TKTJ84i8goRxhUMazuCEtDQB6eqiHF1CY6mNa,Bronze,1,HELIUS_METADATA_BASELINE
5dezuTD8yk1dpKFeSo1Dj4P8FviXi5PTr1dk9VFxGXXj,Bronze,1,HELIUS_METADATA_BASELINE
5dhKgTPM9J9SEumMDXgtYD9Gcp2e3XfraGnPyL51Ezoz,Silver,2,HELIUS_METADATA_BASELINE
5drY3F9CA6UvMd4tqLsZcyVZHMy7fFkuuPRcbRZ7xurs,Silver,2,HELIUS_METADATA_BASELINE
5drspRkUmZinTVvk1XpPQiU8Qmn7VVEvXRSLo4191ExW,Bronze,1,HELIUS_METADATA_BASELINE
5dw9XPyBLsSQxyaq4rSwXW2mGExvB6mmyxKJ1CYc7pyh,Bronze,1,HELIUS_METADATA_BASELINE
5e5PkFBUGMWAdHV1wB15Zxe3TY8V1oSu2sdtdAEEhW8a,Bronze,1,HELIUS_METADATA_BASELINE
5e5QpXNwhNHMGMSHge2bE5mn9xGVbM2VYtXP6Jo7BtZp,Bronze,1,HELIUS_METADATA_BASELINE
5eARnWwCyssFudYEU9EFq6r5N72r5t7AsDzvUstapauS,Silver,2,HELIUS_METADATA_BASELINE
5eHRmdEp41YmMg6h7Y1PqJpJrd3sTqRYpiaEhFwXzj5Z,Silver,2,HELIUS_METADATA_BASELINE
5eRiwd4dcv7GtL61wdii3D59yjkshe2nTbKA1L3ASiPq,Gold,3,HELIUS_METADATA_BASELINE
5eTrsXbZdRQaAHpL1QzeFFXQEvW7bdPS7hW8MYSRvyzN,Bronze,1,HELIUS_METADATA_BASELINE
5eYfguhsy6asNr87C9TQNZKKq6SGb5oMnKcraQrvvcxz,Bronze,1,HELIUS_METADATA_BASELINE
5eYoFNvo8hQk44MAkHWJDEL1FxkCPUMjVm92E17Pbngi,Bronze,1,HELIUS_METADATA_BASELINE
5euAKBHvVfbB2Egt3mVdFYHdtc3MXttCSetDz558oVmw,Bronze,1,HELIUS_METADATA_BASELINE
5evXx5kAjZoC1x93VVN3PWb1HmHqYhySncsew1Aoq6yf,Bronze,1,HELIUS_METADATA_BASELINE
5evvbgPRxGJwS95NkyEcm1UQ1EHr5sshYCN3PARUpXrJ,Silver,2,HELIUS_METADATA_BASELINE
5exUaFDFdZcuh2HxGTxUPoZnK1eBG3prNEUQWtqSr3h6,Silver,2,HELIUS_METADATA_BASELINE
5f1E1zCXZXQZvCHJ3ikDhwXoxN2nrCdfWAykabUtFEfk,Bronze,1,HELIUS_METADATA_BASELINE
5f9DaWNhtipzUFCsdhxy6q473CqWvh5H3C5ZdpUt6KCE,Bronze,1,HELIUS_METADATA_BASELINE
5fCCnfMAfb5NvKANxpRY28BtDFmAPkK1tFdD9K2JxTb9,Gold,3,HELIUS_METADATA_BASELINE
5fJy1GGWAEjbC3LFVXKqDQBiRbEELwxRQd95X7d2S53k,Silver,2,HELIUS_METADATA_BASELINE
5fQQhYDzTHRz5AKQeGxgnMZQrcRXoc3wvNuehMRS1Enx,Silver,2,HELIUS_METADATA_BASELINE
5fdARuMTKTqVC7MRDiorTvpQVoFNEMkhPmKEFGq76shR,Arcane,4,HELIUS_METADATA_BASELINE
5fizUTjGeAbZd9GFFNqzuieYDeXooeQFnc4vr5S3EwGn,Bronze,1,HELIUS_METADATA_BASELINE
5fqtTQuC7eWUSN1AjYpdM5r2bLD2JRzztbCEYUZuTmgT,Bronze,1,HELIUS_METADATA_BASELINE
5fusSTLHemwufCHi6BpbMRXgDkYKgkREMJkdkyj3XEH7,Bronze,1,HELIUS_METADATA_BASELINE
5fxs9Nfvx9vJgcRyCT9HFCVCi42tkQiUHKxqYsxrYgZ7,Bronze,1,HELIUS_METADATA_BASELINE
5g8DMXpuSe8fJh6b79hCFL3g7aEZZpJmF1wcWAamoWR5,Bronze,1,HELIUS_METADATA_BASELINE
5g8k8PNZvSyE1G19oGXRTbeFizCeDcSGq3DyCg3vgy98,Bronze,1,HELIUS_METADATA_BASELINE
5gBBNnAo3WdNGLhCFmEfSFt7qjNeQ4myhaCrvSkbLAzT,Bronze,1,HELIUS_METADATA_BASELINE
5gW3eMocfVe5DKrFNm1XN4Trsop3vn2yyagUQ7U8VUfK,Silver,2,HELIUS_METADATA_BASELINE
5gZJHQjMcwV9VfHoE1jEUGNMYfmZhpxszZCCuDZa723R,Bronze,1,HELIUS_METADATA_BASELINE
5gkAGFPmfT5wsiwq71PrYJxEH6JAAhjcZtCKMxdcqUay,Bronze,1,HELIUS_METADATA_BASELINE
5gqcFxUGDsEMDosnHVjNAsqXnprdu2PFoHFahyH8inkG,Silver,2,HELIUS_METADATA_BASELINE
5gykoUHrB8q1W4VBEwPxv5Ao6XKu3BfvecuFjMHNsoRf,Arcane,4,HELIUS_METADATA_BASELINE
5h6g2RsYF14Tzr6kw71fzxqqNLppNmJC4UXzeHcD6udL,Bronze,1,HELIUS_METADATA_BASELINE
5hJPcMyhyS6Ey4DEPyqy3HAzH9V3LXaiq2EXinU3S32B,Bronze,1,HELIUS_METADATA_BASELINE
5hLDAyqD7ZGhs5d3fbxKRykwfdqukdwehWZNQVBNbuU6,Silver,2,HELIUS_METADATA_BASELINE
5hMchTuGrGdJ9JzGiUrDRDAZRqDW6Bd5FMiEx5qEMfaa,Silver,2,HELIUS_METADATA_BASELINE
5hTtuBQ6jEE4GBE1NTy8685p8SZEzMi7tjzkWBFUNAFq,Gold,3,HELIUS_METADATA_BASELINE
5heFstojbPWjgEdxAR9953eQ5nHRTwzbDsigD1JWGoja,Silver,2,HELIUS_METADATA_BASELINE
5heYhfmo3hsf1s4EQ2iYQvQUNhUk3NroHAFqiiHTMBv8,Bronze,1,HELIUS_METADATA_BASELINE
5hh4uxRDXyCcMsXa2XeRE8RZJeVZPpmqgn1xtJbbhDak,Arcane,4,HELIUS_METADATA_BASELINE
5hjwKUguc1F2eghGjZ8sqgAwtCz5mgpU9U38WZm8UtmE,Bronze,1,HELIUS_METADATA_BASELINE
5hmJATR3Jf9R7tV3DEwSsRJjvMg74jzSnr2FsrEMSVqg,Arcane,4,HELIUS_METADATA_BASELINE
5hnCgb5SwyWU4g692GmjhmpUmxnVnWbzLJHEUTfWdBPB,Silver,2,HELIUS_METADATA_BASELINE
5hpLth9pGYNEbUMnsba9icr47wDugiKJEfLqtb7Bsy9s,Silver,2,HELIUS_METADATA_BASELINE
5hsTn8TDgbPYhHLFUeUwUgNDxjcMgoY9RcpRzHBkt6js,Gold,3,HELIUS_METADATA_BASELINE
5i2KxJSbJindgFAoUnt2pAYFYmxsGgMSwYkNyQ5mjZXV,Bronze,1,HELIUS_METADATA_BASELINE
5i9sG332rqayj4Yzx9YsQHEPgz5kLwHeU8hfbDZg6JbE,Bronze,1,HELIUS_METADATA_BASELINE
5iEATrvNpqf9om2Nkfw1FTNnA1pp1aYmV7zmphesfrrA,Bronze,1,HELIUS_METADATA_BASELINE
5iK8sVwvHWotpaPRWD9cpD7py7TEgrquMbCPMmswwQS5,Bronze,1,HELIUS_METADATA_BASELINE
5iP53JcreBM3verKjQ7TVH3bhi1m78EZR5hEbs9wDXwX,Bronze,1,HELIUS_METADATA_BASELINE
5iVY7W1e76kE9zKaHEzBsSAmWK8ZpHzm7Ei7naYcDZYm,Silver,2,HELIUS_METADATA_BASELINE
5iWXZb6qnb2hWTBwfo1X7zAtUv6o2Rud8GkmHjx58A3K,Arcane,4,HELIUS_METADATA_BASELINE
5idzkfjEds5kefKZBfv3AisBYtNcLNxnzQRMCnHxsax1,Silver,2,HELIUS_METADATA_BASELINE
5ifF9LM4jhXK5e5vxaNSkNqV67jaoAwoiLvLHogRGxV5,Gold,3,HELIUS_METADATA_BASELINE
5ijgScHixbq6G1pUiD2qHhdEzHpqx4kNrKj7zkq96eJi,Gold,3,HELIUS_METADATA_BASELINE
5inEshKXUbUWoyG8qANVU5gVDq66eL5svWBKPcQcTW4E,Gold,3,HELIUS_METADATA_BASELINE
5ipsCxfWnTPCeRVwZgtfC7qPRL4sqUsRo2jx9gpdvXDt,Bronze,1,HELIUS_METADATA_BASELINE
5iqz6kEAU3895JaB5Xd2mPFMKgsbimgHC43zhNS7XgJo,Bronze,1,HELIUS_METADATA_BASELINE
5jAX4b43Eo4P7R7os1o99cCmJNGDPJtrqeT9SdWsfiXn,Gold,3,HELIUS_METADATA_BASELINE
5jCYcMG8nF63enqZTjHU1yAEVMJqj9ek1CuqfzW8GLAA,Gold,3,HELIUS_METADATA_BASELINE
5jKDD1a2atCTc45dxKSVBNAheLifXotNL2Mbq78oHV2Z,Bronze,1,HELIUS_METADATA_BASELINE
5jLwgL67XRPonXEWLqnn1SPNKCAf4111Hk5bjk9egKKC,Silver,2,HELIUS_METADATA_BASELINE
5jMJbj3TTcJNixLuaVVnfP4d3TM2wNXHcZwPyvYStWfK,Bronze,1,HELIUS_METADATA_BASELINE
5jV4e4rzY4aXCMvS261yuxWz2LCNYLrShfc22VhnAa2d,Silver,2,HELIUS_METADATA_BASELINE
5jY8ZYsTWgkJ8xUw3EjRFy3NrdPnGf9QhJRfdGCix64m,Bronze,1,HELIUS_METADATA_BASELINE
5jYN2zhSmffTQ3kTqyTKqtJjHVey6rvrZt97PVtfXKaT,Bronze,1,HELIUS_METADATA_BASELINE
5jYWEkeWPdypEHk2T6MgjGpLZG9E936uSaVzbRdPGHJw,Gold,3,HELIUS_METADATA_BASELINE
5jbUa4AYbPUsRZK9K6takjmQnwteXJos6u1oAA7F1dPb,Arcane,4,HELIUS_METADATA_BASELINE
5jkH5inES6Vpi911AP5FSWM6R5nXHwFJh6FbGygFnLYm,Elven,5,HELIUS_METADATA_BASELINE
5jpq6QNL87ALLkifHAGHkjvtCPf56yudDXywcy5m7FXw,Bronze,1,HELIUS_METADATA_BASELINE
5k7kSEbzrmxLTC7rAUm8apBoQi4vMhLzhfsn1wE7iTLT,Arcane,4,HELIUS_METADATA_BASELINE
5k7wMjGRpmavHuJoBWgpN5avHKEHm9Gh44ApgxpaFkuY,Silver,2,HELIUS_METADATA_BASELINE
5k9XH2LPY6K773gvG19C543G5hM32c1MzoTFvy9R4Xed,Gold,3,HELIUS_METADATA_BASELINE
5kHVdwwtsggML77eRTM6VwyorxgBDaF5hEFTSe2PKmpu,Bronze,1,HELIUS_METADATA_BASELINE
5kMahxfFq312cWNcW9dEpyZBA5KxmEYyt5DeEdcnjgSB,Arcane,4,HELIUS_METADATA_BASELINE
5kNd8gcbD2m72bbowBmPrpcZ5SR6jyNqbfPcCnd6v6Pg,Silver,2,HELIUS_METADATA_BASELINE
5kQfQzYGmTkaiC5wSrd6hNbzjSwrPqSozq8SWMXmfhe9,Gold,3,HELIUS_METADATA_BASELINE
5kUQ2KYmLMNDawWoz6scpqF1wFwSsdrq2aNndyom2SDS,Bronze,1,HELIUS_METADATA_BASELINE
5kZygkKSLQg326AZTiG9CDnxvAEnPvuENeSEsTgg6GPh,Bronze,1,HELIUS_METADATA_BASELINE
5ke4PzfhxwtRmBeRqpGp7RcQCWHKeL1kVsaAwXwY9Am2,Bronze,1,HELIUS_METADATA_BASELINE
5kg6chTMJSU9GUZZnitdrWnVD24zGuXAuXQcJoik3N8B,Elven,5,HELIUS_METADATA_BASELINE
5kgcf5rgg3earPpXS949BNTxzpCgM8na7uutPmsq4oDd,Gold,3,HELIUS_METADATA_BASELINE
5kiXajmxyquWb49RsXD5LXsFLrg8TBP9YgBU7TFHN6QG,Arcane,4,HELIUS_METADATA_BASELINE
5kjpLHi6SazVoBM6yn6ZZPiwfoorXmUB2rd5Vj6PFhRM,Bronze,1,HELIUS_METADATA_BASELINE
5kqutKYc2Z3Ta9wvNfTpiMRpS4AfLJJkdSpPHMhabsxd,Bronze,1,HELIUS_METADATA_BASELINE
5ktTgnytcGcZzHauLmhkX5jq7pEi26JVgi5wsMXahysc,Bronze,1,HELIUS_METADATA_BASELINE
5kxqcU8cAeVqx95VgwPMJ9bn66HPbpUdMEUo7S1NS4wp,Bronze,1,HELIUS_METADATA_BASELINE
5kyXPQnrvfXhRrMZexVfKzrtGfcZgn9eFmutmrthfwoT,Bronze,1,HELIUS_METADATA_BASELINE
5m8B2pbGSjk3WE6TzKQTQCvtq5jXLg9VHCa1dsdJ5Ty8,Silver,2,HELIUS_METADATA_BASELINE
5m9zp81w8f5aNacgLWRmafYc6keU4Qe29M49MC2aqVy7,Silver,2,HELIUS_METADATA_BASELINE
5mRMyr9wp1QUm9cVt5DDPo1C1DLvBpMqXhMzWNq9rAHM,Silver,2,HELIUS_METADATA_BASELINE
5mdQoxdrdkJmoRCfrHoBXkiBcLFwaA59gL5LFCqh5S8i,Bronze,1,HELIUS_METADATA_BASELINE
5mgFKArSrDMy3t5rPcgGrN26dHHpsMXqUKbDa99FQJeT,Bronze,1,HELIUS_METADATA_BASELINE
5mhmvvdgptk17Ms6ULne85rU2scLtGdgsLstrRtuDNZE,Bronze,1,HELIUS_METADATA_BASELINE
5mqYECqp9xex2sa1DWedsaZtwZv1dAwno78S5AQkD6d9,Bronze,1,HELIUS_METADATA_BASELINE
5mrMGGjPeTi1Lne3sCNqSTB41QyZZMP7C9eAEnntSskT,Bronze,1,HELIUS_METADATA_BASELINE
5msJUKU85yu1WRyU1ViDpMAqAWVwxTRpFfn1u2Yjt5t8,Arcane,4,HELIUS_METADATA_BASELINE
5mzbQCakEGHMtLAdAxvNAVTisgRgFi5bNEsy1EMMUuoV,Bronze,1,HELIUS_METADATA_BASELINE
5n1PPAkj3q8p8NNDsVU1Lga18m8yE1DJgWxNm7XpC7tJ,Bronze,1,HELIUS_METADATA_BASELINE
5n8PF5PgApYG2FDFEYx1e72it8beBY6ejoAAr1dmT3Qz,Bronze,1,HELIUS_METADATA_BASELINE
5nQkK9Eh3ULN2QiZ8cZasLydSePitbfB4HoVqzfsSBHv,Silver,2,HELIUS_METADATA_BASELINE
5nrJuW1chq2zqrcRuBfiQxB3W82kPY8AsJd1CbGBGZGB,Bronze,1,HELIUS_METADATA_BASELINE
5nvHiZqW1QiSo9gtUUFcRw1yTyo1nQ7wXtCoiaZcfPPV,Bronze,1,HELIUS_METADATA_BASELINE
5o1hxRtCAV1nsdqx3GnQpgDv9Hqhg3VGJcQuu1u9MUG8,Bronze,1,HELIUS_METADATA_BASELINE
5oG6M9QZfyh6uEu29D8hKYDeesEL9KAhYr1wyvXzecKW,Bronze,1,HELIUS_METADATA_BASELINE
5oGADtGyShFEZ6cRFof4zqkYCDQLT9xDCh5iekYYzTsz,Bronze,1,HELIUS_METADATA_BASELINE
5oGc85WqFLVTw4WeDMDPzg6e5apTHitbxf8DFszfzg9H,Bronze,1,HELIUS_METADATA_BASELINE
5oKHEb4oVrwpzD1qpnhJp7afNxxSyNRyCxECkxJrBMgk,Silver,2,HELIUS_METADATA_BASELINE
5oMxiPtQGHvcP9vysiEAndvCdBHGqL5hAeWjtQaHVoS5,Silver,2,HELIUS_METADATA_BASELINE
5oN1C2bhZ7vPPK1HmHve1NzhcyZHj3j3nwMxarWMTMAo,Silver,2,HELIUS_METADATA_BASELINE
5oS98vsMuZpR4yorb956oiPgduEyKfoup5EX6zfCCidX,Silver,2,HELIUS_METADATA_BASELINE
5ogyaCzRzdg8y6By81dohengmqeojFdULaLE2kjfZ2pn,Arcane,4,HELIUS_METADATA_BASELINE
5omQuXTbCxU4tBYNNYBg2NqNK1mAazwnywPLiyLsdQwj,Silver,2,HELIUS_METADATA_BASELINE
5oqNZ7yEjFMXr3BjhTMxaGgFzQZUjQKPUKZnRNVV3ZAK,Silver,2,HELIUS_METADATA_BASELINE
5owHUgEqh57CyNSPYrHqno2wEK39v9DdchpodJRK9D7J,Bronze,1,HELIUS_METADATA_BASELINE
5ozhZZEZ8mFzgS9JVQaiK8MZRiZadbgpodZWSHdfj7d8,Bronze,1,HELIUS_METADATA_BASELINE
5p7oCuEfpFYRKqyw5xztbtMfqp5LwJL99PHkNWGEwzH9,Bronze,1,HELIUS_METADATA_BASELINE
5p9AAaR8wogfjXPqNcKgfCoGCrraeVzaboy8CYhmbHae,Gold,3,HELIUS_METADATA_BASELINE
5pEHLGdcxMab99A8GJTEMnEsTbrNFKNyyo8yckKrkfuo,Silver,2,HELIUS_METADATA_BASELINE
5pM7JA8wYbH4dHiqiPTkmxMF65cf5J6gDUHNJPCV3vsw,Bronze,1,HELIUS_METADATA_BASELINE
5pYXBphcr38qoCYjRH38qhrXi5HFvhekNphr4LifjDPQ,Silver,2,HELIUS_METADATA_BASELINE
5pZfbmFuyKiYwi7yZfq6StJw5Mfb8RvQDgLfR2M9HVaf,Silver,2,HELIUS_METADATA_BASELINE
5pbg122j8XjerRxC6Ufhyh6Np8xkay4u7GnsLTZU1Xs6,Silver,2,HELIUS_METADATA_BASELINE
5pcVjDD7NhpPbvUrCxstkofXNa8PcDr3kTmfouxq2jFD,Silver,2,HELIUS_METADATA_BASELINE
5peqj8JbxUoB7njmeeAvKXND2YTRtrDj1q4bhXPDsEJc,Gold,3,HELIUS_METADATA_BASELINE
5pfHvFUUV5JHgZE9rF7vRb6HPQbMW3HFNqGL7SyfRui,Silver,2,HELIUS_METADATA_BASELINE
5pieD5NarPukbD7uTcK4ZymsC2xqkmQT52GBzePGvbrf,Bronze,1,HELIUS_METADATA_BASELINE
5pkjDhM8ez3YtxSfLAwfJuVpR4hRyZFsUf8U8PaR96ha,Gold,3,HELIUS_METADATA_BASELINE
5q1ckYUBzyFitxhu4Sg3uEAAEq2UJJRLVJg2a4XprYKw,Elven,5,HELIUS_METADATA_BASELINE
5q3AFL5WkiN8NWzNbQgpaUX7ZbEdUmiuAh11XN3WwAwL,Elven,5,HELIUS_METADATA_BASELINE
5q6QvTDUbjWrmNdXfo3gdqyBh34y54ZwUvtQ2Rfxp8WZ,Silver,2,HELIUS_METADATA_BASELINE
5q6pmyNZ7hydz5rt3JW2w6h4rvuLHMRY3pAHMg9WWqK5,Bronze,1,HELIUS_METADATA_BASELINE
5qHRcQVSYwXikjzEFe3LKJybK2riXD11oBc837Sh2tV2,Silver,2,HELIUS_METADATA_BASELINE
5qRtvgDM7BS3286kb27X9Urm5MCac3tB3MEVddw7Lvs3,Gold,3,HELIUS_METADATA_BASELINE
5qcW7xmkKLZ4snKLbsrihNJVjPX1xNBYfCCeeQfS684q,Bronze,1,HELIUS_METADATA_BASELINE
5qe3MfTpeemJrn4VdHCaVwDDMeSEcSEsXPqn8i81BAnZ,Bronze,1,HELIUS_METADATA_BASELINE
5qz3QHcR6KqAtzonZfjeJa29x63q3BBFE2sJYY2DKSBs,Arcane,4,HELIUS_METADATA_BASELINE
5r7zQmiPtsC1ha3qKHiY2sQscZcnULE3Xs5BGoKvQUJ4,Silver,2,HELIUS_METADATA_BASELINE
5rJCH2gwoafGZhLq2Ls6u6454oUMbDJind5nkdvoJwcr,Silver,2,HELIUS_METADATA_BASELINE
5rML3hcu2GmPcqVGXS5G2ZJFefTNwGmBM3MecZEr2c7v,Arcane,4,HELIUS_METADATA_BASELINE
5rMcfSAqtpxeBBKU1EuuWVZoTzMZjAqUA7U855eBbJ2t,Bronze,1,HELIUS_METADATA_BASELINE
5rgrRAGz33wuLhA3ss2YnQsmDJFu7aGBADYwAxFdZL2J,Arcane,4,HELIUS_METADATA_BASELINE
5rhmzGJYQdV4GiTwtedcFxJcbb9tkZHJAgNLFqVkgrVY,Bronze,1,HELIUS_METADATA_BASELINE
5rpuGd6cKh5MD9FK6hXsVk11JZ6ejZtj9yA1iH7pSNWF,Bronze,1,HELIUS_METADATA_BASELINE
5rsqi75apE5aJorZsRs8dpqavUiFDbPD4NrXa2AymK37,Arcane,4,HELIUS_METADATA_BASELINE
5sZpLN8ozH7vZqpH2LhFJ6WBJ6rqqaxUHWCqbRkk2ENd,Bronze,1,HELIUS_METADATA_BASELINE
5sb1pVDVbSTxNbp2yrUoWtyoEgzadFzsdTNKgG8WLLLs,Bronze,1,HELIUS_METADATA_BASELINE
5sdb2Y5tRVhq1TQ8Yo164V9LGTYWpuMkXmV7GzV3hnLs,Silver,2,HELIUS_METADATA_BASELINE
5sjgisGkpni2t8eKYu6yQkcuzN1yZmenFRcAniFGicS,Silver,2,HELIUS_METADATA_BASELINE
5stvEZzasTeEeEdoPW9Q4pMfjsNxdGjAWHRUhnoZDwF8,Silver,2,HELIUS_METADATA_BASELINE
5sxDuc7dwbgJCC1mAJWNyk5YVfrXhJzPuPvBvWcKg4hc,Elven,5,HELIUS_METADATA_BASELINE
5t4fNV5YRWgXUn2C5CBtHJztejdpTXkWa7YLy79hTGC8,Gold,3,HELIUS_METADATA_BASELINE
5t7v3XQyeqth6jUdQeFmAE8DdFtFw4VB6v13VnwF39EV,Silver,2,HELIUS_METADATA_BASELINE
5tPgrN8bX3aHZCK9wtRnEqf6SgNRNjKtagktMJTJqWaY,Arcane,4,HELIUS_METADATA_BASELINE
5tX5fVjdQooSFfkhEgwj7phiusEscZnT8chWSQVhyGUz,Gold,3,HELIUS_METADATA_BASELINE
5tghoLS3oEUwsGh9dfQvuaSjXciGpSuHqN9LUQwnUF1T,Bronze,1,HELIUS_METADATA_BASELINE
5tmEPhAQofYQdcN26RZZUemd4KUH3AVRtSrvMDy24KEG,Bronze,1,HELIUS_METADATA_BASELINE
5tsrQsyxJyibJ8KxG78WPbq3sR5hDF6K2UEqBM3gJoaY,Silver,2,HELIUS_METADATA_BASELINE
5twXsFNF8Wd2cR8RAgrCiFzEcLJXN2FkqgM6VhhwtRaA,Elven,5,HELIUS_METADATA_BASELINE
5uF1imBVUyVfZVYhrumxiiHTGzyULM6PAeJqqQnBF4BJ,Silver,2,HELIUS_METADATA_BASELINE
5uNXeUAL66oBaef7K3bnGAVaQBJnyV8piLs47jnzv4JK,Gold,3,HELIUS_METADATA_BASELINE
5uW7KW7tWMBy1kCy9qNpWVvcqifWLFZFZht2RsU2Zhx9,Bronze,1,HELIUS_METADATA_BASELINE
5uXZv2LLEecuLsM5ivU7gWaMfGhTSRi91hYZx3VC7F44,Gold,3,HELIUS_METADATA_BASELINE
5ubeoeYChbaeAvNemf1HQrBJhV5H9thpVpCnY5DdAQzf,Gold,3,HELIUS_METADATA_BASELINE
5ukw2GD7Rj5SZpqp1TGS2eyzugq5YCGd6PULUavJJ8rD,Silver,2,HELIUS_METADATA_BASELINE
5uxHMapEZsZmDUMF52dH1Mh3ViVFmoN46MHA5TqfboAv,Bronze,1,HELIUS_METADATA_BASELINE
5uzPtz2xyDdftF5ZCv7pbxLRLsP5PMedcnc1qbvTLGeT,Bronze,1,HELIUS_METADATA_BASELINE
5v97HBpYJMSPaqHvk5z5Ws7avLLhL47YfcZWGWc1bjde,Bronze,1,HELIUS_METADATA_BASELINE
5vAjRWjoPZXH8nFpgnrbENAtwYmtnQanZ5VygHgP57Hy,Silver,2,HELIUS_METADATA_BASELINE
5vFaDuxfLLnHMm1fCcJsLEhj8MHD8vw4nE2ZVW6MJFtv,Gold,3,HELIUS_METADATA_BASELINE
5vMxdZKMPzPcpRri1745mHAHLUbBi3Tt37BJZA3MUN2q,Arcane,4,HELIUS_METADATA_BASELINE
5vPiybLMRvThsAprZZ9ZRuK1UgGLh9Mx9L4nngb1xxE1,Silver,2,HELIUS_METADATA_BASELINE
5vZLeaWMypqCmWKmpto54oJbT3Kd9X7au4VDyxtGWKYv,Bronze,1,HELIUS_METADATA_BASELINE
5vgjKczj8y2CrgsPW4o3V6tn95qsCCKfbAq3qr9JTSks,Bronze,1,HELIUS_METADATA_BASELINE
5vhWJyN2GBxhxjpN7SE6dSyX5KLsFzpm12XwjX98Z3vk,Elven,5,HELIUS_METADATA_BASELINE
5vjJvCbkvpeY1NRpgJPssg3ZpjzZdPmJuP8zyoDsWTR4,Gold,3,HELIUS_METADATA_BASELINE
5vp1vmN6vYsniGPU2hTWSNuyWW7ehz7rZjQR74uvSdpi,Bronze,1,HELIUS_METADATA_BASELINE
5w9WJVWsFMfqKg6HeDdFE1Aqjzx139JxAn1TN9Uq5wbN,Silver,2,HELIUS_METADATA_BASELINE
5wbAZ9Xwpy8ro2J4f2dTKsnXPTPDELDvKE4MoELCZk1i,Bronze,1,HELIUS_METADATA_BASELINE
5wjgmSNckB6UdmfymwxroNV4zyK9Y5xXWcHqL8JHVNQR,Bronze,1,HELIUS_METADATA_BASELINE
5wqsufVedSpnBhG8hZkMWWQocZJVn9KwmcauJ3ZD6qLC,Bronze,1,HELIUS_METADATA_BASELINE
5wsaTgUEMCb7TiukdWkCch64Us9P38oR5nY51fh1fEG7,Bronze,1,HELIUS_METADATA_BASELINE
5wv4UgdBU3GUTwzVgJqjKYEop9WNUrp9LessFdTzSLVR,Silver,2,HELIUS_METADATA_BASELINE
5wxgQ2kufyZGFvswVM43jJJwLbnUxyzSkdNCsqBiLA5G,Silver,2,HELIUS_METADATA_BASELINE
5xBWL13VSUaCUbuJApVj6h2iTfPg3VfYTfWGoPcrc1UV,Gold,3,HELIUS_METADATA_BASELINE
5xPTxbwYXE73Q9dEJrocG7bt56n32bRnwUTPBBhW6j9k,Bronze,1,HELIUS_METADATA_BASELINE
5xSLTZG1kZTwdm7DvztttvRFncbP7kQgMEDGKvC5uiBJ,Bronze,1,HELIUS_METADATA_BASELINE
5xTdFDv8KstX7AUQeVXqj62nHz3EqW3WvLH5U9mra5Cs,Bronze,1,HELIUS_METADATA_BASELINE
5xoWPNnCxyd9RJBj5PDt24PXx7hCvhZEmPiTE9Yb9jd1,Silver,2,HELIUS_METADATA_BASELINE
5xxKE1dvxsG5T28uEM4GwDwhpX4fF7DYgd31iCWTvvPr,Silver,2,HELIUS_METADATA_BASELINE
5y25X8Y1Zm6N75V2rswtitvSWj4w4WYVHYkYyouVLrBh,Elven,5,HELIUS_METADATA_BASELINE
5y8Px5YpCsmGa2v8MUHDn7QV2M7KWLfj25xrGXLgshq1,Gold,3,HELIUS_METADATA_BASELINE
5yBAg5TZCQ1H47jamoPh7p2z4ZrFPtvSnihkGTtfLF9z,Gold,3,HELIUS_METADATA_BASELINE
5yHeMsRqrJvkXJ9yiUekGuqgWhHw7so7nnP4NFEhtYoi,Arcane,4,HELIUS_METADATA_BASELINE
5yHmbLyR6cEoeJ4AwMEVxW6xxcYaQZmPmgQAEP7NgZCj,Gold,3,HELIUS_METADATA_BASELINE
5yJsBAUVZ6eA3XS5FoL9XkYy86TRSYYpXWwEaWf4dc9w,Bronze,1,HELIUS_METADATA_BASELINE
5ySkjxC2FogiuT92VMft7svDineZjwjVRQrUVyqJKDQd,Silver,2,HELIUS_METADATA_BASELINE
5yTSPeVWTwCMnVStjNUDZAf3SrX7DjvAtyEPftJ1ULGq,Elven,5,HELIUS_METADATA_BASELINE
5yUJEVVNQ6uZbhUbcM8vbKn3q3JJVNpicvEDZdrCc8QE,Silver,2,HELIUS_METADATA_BASELINE
5yUeXmfS9eK65AXgaG8jxvZnRYL1dfTyECyrGRkgtngL,Silver,2,HELIUS_METADATA_BASELINE
5yhcPcMfAVkcdEjoNjGzxYQXKEghD7EQtgZHipSekQ3G,Silver,2,HELIUS_METADATA_BASELINE
5yi8i2yfuT8T92AD4TaU4gGpiBHkmYDjBoeNfrke9NL4,Silver,2,HELIUS_METADATA_BASELINE
5ymzrtR96FZcen6JNbGG54JnHrK7EsvuGW4RQpdugRcQ,Silver,2,HELIUS_METADATA_BASELINE
5yr82VpEp5PdfT2dubPsxVSpVtcZU5JFWJ1czZkRe77m,Bronze,1,HELIUS_METADATA_BASELINE
5yvjWW2q6PbF4DbNQS9oKpRexKiT3cixKFmQXE3kRzdZ,Arcane,4,HELIUS_METADATA_BASELINE
5yyiD7GbCvKdhtunL1PdXH5MJqwGbvF7R1pncxcfAAed,Silver,2,HELIUS_METADATA_BASELINE
5z2jFSDJcUuqnet1A6jee7ZJJjciW7bBe7x5uTqNeomE,Bronze,1,HELIUS_METADATA_BASELINE
5z4HoPVRUDVSHQVvdyUNdnYhW2z1327bpXWD4t1qxQbQ,Silver,2,HELIUS_METADATA_BASELINE
5z9JYtmz88jd7wXnoRY34oCYmmyNUdUrEPm9QRSmktwH,Elven,5,HELIUS_METADATA_BASELINE
5zGU2QscxKUZUpBgdF9HVyM52xNfocZ21r4iFQrFFi1P,Silver,2,HELIUS_METADATA_BASELINE
5zYE3rtd3xbp3skQfWXUy1dNAMzeNJrrdKBd3rc9ihUy,Gold,3,HELIUS_METADATA_BASELINE
5zdHQbVbXHorE42acA9XPUEuukhz2pucgskSDTNMfhUK,Silver,2,HELIUS_METADATA_BASELINE
5zeWGg3Tmw9jVZPHCpKeiQhRXaZjMm7fCGnh7iUHBguZ,Bronze,1,HELIUS_METADATA_BASELINE
5zgaeBNbKuuf939n7HHXwr6gbvWdNdFykWhzMW28vZrR,Bronze,1,HELIUS_METADATA_BASELINE
5zjPCEGa5oM6erpipSr5ofXi7PKTy3SWH5ufh14oQq63,Bronze,1,HELIUS_METADATA_BASELINE
5zkDDakmEZomUXKawwezgmpN1dffZrvDYYchFWDx5MdP,Bronze,1,HELIUS_METADATA_BASELINE
5zkvVs45kfTuFaZ1ZdKHwkdk53R7JviEVNR9m86PQGzW,Gold,3,HELIUS_METADATA_BASELINE
5znHgGmzTPqvc8ZU9WkicF2VRtgPTEE27AyFZCesxHLz,Gold,3,HELIUS_METADATA_BASELINE
5zofURzhaQN1X2GDwaLhu3nsoFPaMS74kiThrntrGBWz,Gold,3,HELIUS_METADATA_BASELINE
5zpMaahnDHisNFZFV4eAgGSjq9o4FXaK8d9jAAeDLmU8,Bronze,1,HELIUS_METADATA_BASELINE
5zqcSKGabQ2qApDkR8xhfUuLxusLxkC6HNPQ7uuFcNbZ,Bronze,1,HELIUS_METADATA_BASELINE
5zr3RQzXY9D19bU2kWknwydr3fBbUnJLgXttSDKPhiXF,Bronze,1,HELIUS_METADATA_BASELINE
613zykKg9stfJnfqsYcXNYMeBEA4GNn3h6KxAQvV1fHz,Bronze,1,HELIUS_METADATA_BASELINE
616v7SwkUpQbspa54Ko4mWdfmPngjt1wKP6fn43K9MLH,Bronze,1,HELIUS_METADATA_BASELINE
61CugUboxWGcJjhd2wvz8QeNKo1ukGaZnzGhZheVv4To,Arcane,4,HELIUS_METADATA_BASELINE
61LNWMffnetv75diyJ1jAd3uKDr59fmBexzNBQUduRvu,Arcane,4,HELIUS_METADATA_BASELINE
61NN9Um9do6QijaMJtLAaAi4S4w8YSFVSiFJcEBaVPVL,Silver,2,HELIUS_METADATA_BASELINE
61ToyjAqhs2e2Axm45bR1WL1eW5gSqYNPh6GwZ9wcwa9,Gold,3,HELIUS_METADATA_BASELINE
61ZJxxhv5ysgDfvWmKQpKmeN2dcz8sdVxKqVZb6VVjyR,Silver,2,HELIUS_METADATA_BASELINE
61dQJcxWzQ8dEgjbiecay9VUNeTprFjHQWFBpfQ1uxK2,Bronze,1,HELIUS_METADATA_BASELINE
61haL39ULt9HXuWsG14RsD6youDiyRVmC5AivbDJ51fZ,Bronze,1,HELIUS_METADATA_BASELINE
627Z9fkrkjwXkqnGG95PJr9yY8Dd6J4R1x7AsgSoqcRV,Bronze,1,HELIUS_METADATA_BASELINE
628VcDk6cY2pRnrh5TyruA13qw1ano92Sh5myfrp6NqL,Silver,2,HELIUS_METADATA_BASELINE
628a9QtfYrQBLb4MDoocf32REC7GH1upcbNKtFAVP7k8,Gold,3,HELIUS_METADATA_BASELINE
62FZcNobEcMWTRLWjZnFMWXk4gYvPj8NBBZmSr77zP9w,Bronze,1,HELIUS_METADATA_BASELINE
62YDFAeVB5nNRpFtKdtzjAwVimYKYxs8eQynsbf2me6J,Bronze,1,HELIUS_METADATA_BASELINE
62YLctCRBfy9ngWaYayHmmfN3kDDRhY1cQEHV9gfS6KD,Bronze,1,HELIUS_METADATA_BASELINE
62g9AFoxP9ZzBGyUGKAMMWC7GFr8WpF2yrhdDUrMRYHX,Silver,2,HELIUS_METADATA_BASELINE
62kiMqjGoBB7THgtmXE5ZByV6Fow3jizURUycdxX9oWL,Bronze,1,HELIUS_METADATA_BASELINE
62tmhamxZVQsab92tSnJVu1LMGLLkREFjuUZiFwmHZLk,Bronze,1,HELIUS_METADATA_BASELINE
62vMsNFXYhj5LEfYakjUdZgvr1WpzDXAMNZfhP6bCe6M,Gold,3,HELIUS_METADATA_BASELINE
62vkNRfVM4vQSXd19nUiSVobm2DJKke35uhZMHrpxCqt,Silver,2,HELIUS_METADATA_BASELINE
6317rmMf1Qx9b1pDqXf72ASrRFphamvCADejYyxJ3bY2,Arcane,4,HELIUS_METADATA_BASELINE
63E58iGqvyTuXEqBP8WW1ECv9JAmapyq61684bjKc12A,Bronze,1,HELIUS_METADATA_BASELINE
63ExC2nNcu6BrFcCvUwrTTM8rQBqvNgDWy1dvo94ZL91,Elven,5,HELIUS_METADATA_BASELINE
63H7RurZhpa98qhF39Y6yCD1WSdyZRQXcssGXTzrkQF3,Silver,2,HELIUS_METADATA_BASELINE
63RN8QeQPeE18GXrfo7mQiFmVd9Qv8ZCH4CEmc2QoypL,Gold,3,HELIUS_METADATA_BASELINE
63Vk5a5gBEuFZxaE1Pk5XicsVFJtKXYCdkZxsVvqGrB5,Silver,2,HELIUS_METADATA_BASELINE
63WVMiAAfn5UdpbNWB7mrR952XH2SxciZNECDsYrPqvG,Silver,2,HELIUS_METADATA_BASELINE
63ZQNZzZu8hT1Z1d95ZB43i9tDd1MqzEgkibqP79hopn,Silver,2,HELIUS_METADATA_BASELINE
63nLj3kLRx5L8Lj72XV8JSmMDtqssbPCEQ6qycLXErUD,Bronze,1,HELIUS_METADATA_BASELINE
63yWmQueuFLXtb3oNr2tBtuYhT6qVMNSVS2iB9YtdeJG,Silver,2,HELIUS_METADATA_BASELINE
644PELDAjHdUcqfEJ3ELBzw8jqMEyxS55DYAoCiykCvm,Silver,2,HELIUS_METADATA_BASELINE
647LuhAJttfPCzZz8SfDeJDowKCRAma9e5FZt99PzcJh,Silver,2,HELIUS_METADATA_BASELINE
64H7BrhvJbHhDJY1EnJU8HtxZFE3H3GkHSPEgBwqhoGu,Silver,2,HELIUS_METADATA_BASELINE
64N9QPT2eRKRfbVgBxw59aPymeuFAnzCknQqViYEuoRb,Bronze,1,HELIUS_METADATA_BASELINE
64ZhfNBVCKcDxQTYToGi2qUxLLwQvxD9yZG3MWnmbpLb,Silver,2,HELIUS_METADATA_BASELINE
64awrJmQw5JFWnTvNfz4UKYjhyYHXjgN1NmEQnYyJyXU,Silver,2,HELIUS_METADATA_BASELINE
64cYq9QhM2uGuYvzHfJRdSyMXLZHqU5kNB5sgY7fGoHs,Bronze,1,HELIUS_METADATA_BASELINE
64hKniBt9AVzxtvvpEW1f6hxqRjLzBk1wZiDqiNNVUGw,Silver,2,HELIUS_METADATA_BASELINE
64k4moi7Kae5zgimYpKY2dPSs3uhxzqW5WCbyWJ4SDJi,Bronze,1,HELIUS_METADATA_BASELINE
64kaHmp2ff5hBcFgFHK6Bm3AZdxdyKqAau61zg9itPcn,Silver,2,HELIUS_METADATA_BASELINE
64kjtFXLNbnK1jyQffxZYhMTpb1tKhW4gQfhqaTE3tP9,Gold,3,HELIUS_METADATA_BASELINE
64vr7sAeEC9jvRxtXjFqsyRKHexmM4VGZv6H7wieGUPu,Bronze,1,HELIUS_METADATA_BASELINE
65Fa2jzixQBuv55pcshfdWV1E11ebnuXuvoPJwNMethS,Bronze,1,HELIUS_METADATA_BASELINE
65H6UfxSFk8DQdZDQAmBi3H2eNQgpYKFrXgfEteCxvCf,Bronze,1,HELIUS_METADATA_BASELINE
65PRb2gepobt39HYJxC6K9C5xP7YpcbpaK4A2hpxq5a6,Bronze,1,HELIUS_METADATA_BASELINE
65S6SHQJ6VLz32RrrrfK1P9g6L6kyvjVztBms69rX9Hc,Arcane,4,HELIUS_METADATA_BASELINE
65XJhW1ieSCagT431MbRfZ14SG5cSpPMBZXCPE1vNw6H,Silver,2,HELIUS_METADATA_BASELINE
65Zz8xs59HNtuKrjidDUyHc9Qy7rZMoJtT7ZfXz8Ukpf,Bronze,1,HELIUS_METADATA_BASELINE
65aYYwNd4h3vCkP4dFFmHG7rEpMF4Pvoo6mVevAoXHUQ,Silver,2,HELIUS_METADATA_BASELINE
65gmY2mkhVmLE3RiN7fdGxUHKdGjbH1zNMSQdqv7mMXN,Bronze,1,HELIUS_METADATA_BASELINE
65nJB9PjDJ7oxsWHXkq4sTt256L47ymeSNkRzvaD9iSt,Bronze,1,HELIUS_METADATA_BASELINE
65nvPz6BToZnh4gS9vRo2FszUea3g5Uw5CQr5PUuwD8t,Arcane,4,HELIUS_METADATA_BASELINE
65uEsn1TAybLrFuaPKN5h5EkecZzBa2zyakMR81q1XAw,Arcane,4,HELIUS_METADATA_BASELINE
65wBnLvmxuU2yj3wzYBPUgNxcAvjH5sNc3HWN3CpbQ2y,Bronze,1,HELIUS_METADATA_BASELINE
65yh7xfdJ25nTXuj6cJR8Kwgjs9UShyDanpccHrTSE5T,Silver,2,HELIUS_METADATA_BASELINE
66AbgHp8zjeCzgaF4ai7RMFZBsPFaq76aCht3jnjMjvX,Elven,5,HELIUS_METADATA_BASELINE
66GsqghoiKteErn9sEwJLMt44MLAV3uQMLGu1SJZKma5,Bronze,1,HELIUS_METADATA_BASELINE
66XQU4LnpRWVQ5xZDJv68YaFP59JtYoUDHrPPV7689Cd,Silver,2,HELIUS_METADATA_BASELINE
66Xn9HAPFhXvuu3kDYedBAicTrqh8awRWRmqFbPPP8qH,Bronze,1,HELIUS_METADATA_BASELINE
66eCrjubiBdaCGsHCE4Z7NsUQRV3TQT1CKGMdKGgJKh6,Silver,2,HELIUS_METADATA_BASELINE
66mWsU8R3WCfcyo9Ku1iFiUFBTz73z6XvtV6kiRsGGHe,Silver,2,HELIUS_METADATA_BASELINE
66oUuwmwqngDmYHfRmeX5pssrvgQkpiXgtwHWKxhzJM3,Gold,3,HELIUS_METADATA_BASELINE
66qy9jS621kNHawP9ixNM2SWd96LJG7pN3gm2DKw1oPA,Bronze,1,HELIUS_METADATA_BASELINE
66t9VuzE9gyjEphBo8So4NZyDkfznuY1LrnactBTsYXg,Bronze,1,HELIUS_METADATA_BASELINE
66tSbNdkXKdspQ3YTomtBLHxUL1xRQcARe55rJKKJ1BD,Gold,3,HELIUS_METADATA_BASELINE
66yJzqLWWoSNa6RRXRzugQLS5LJ5LCwLVJSUAft9kgFZ,Bronze,1,HELIUS_METADATA_BASELINE
66zrwL4ADKxnzRm8WUXVyjd1UMbVrAzctUza3GYWFSFp,Bronze,1,HELIUS_METADATA_BASELINE
673c5XfFT77TSscqbwCCwH6hH8LJZZQVbeGWJgnJzam6,Gold,3,HELIUS_METADATA_BASELINE
673hFjPuuSuFujwnoNS24QSVuco9yH23NtrrfpkUksNd,Arcane,4,HELIUS_METADATA_BASELINE
673jyBLS183iCcqc3jygoqhRTJobJZneg16p4ZfWRi49,Arcane,4,HELIUS_METADATA_BASELINE
673ySr4sEag576joqDgckxGMHCyayXLJ67q8QmUE3Zy8,Bronze,1,HELIUS_METADATA_BASELINE
67CPXZ3AssMwVDg4EYsw3er3G5wCeuThopESbM2KqxTf,Bronze,1,HELIUS_METADATA_BASELINE
67JhzoYe11wfndXR2PNMDCm6oiTCthm4JCooBqSpCGL8,Bronze,1,HELIUS_METADATA_BASELINE
67cLanxqFaV1rwpshnFvMpxa2SeJ8dr3yVk8SsqPV7oQ,Silver,2,HELIUS_METADATA_BASELINE
67iK6sX2i6EMvQUbPPZ7Rjr8kCvqLRXc9e8HheRHK7Ai,Silver,2,HELIUS_METADATA_BASELINE
67y4po4ZYJgae1KpaiFKBVGcT66c1Lz96jf8HJStfs3,Silver,2,HELIUS_METADATA_BASELINE
68QSJ2knzoh8rUtrR2k1SbXhJhd3p6yEohCgxKxy3gA3,Bronze,1,HELIUS_METADATA_BASELINE
68TvP6dUoz8gQV7pD9ErAv6UC6QX2GWKyhGp2Z2MtpiR,Bronze,1,HELIUS_METADATA_BASELINE
68Z1JoWqYGfczPeAcUAVzb3cd22XbmGMM8cA9NoRwcQB,Silver,2,HELIUS_METADATA_BASELINE
68gfDxuk7xdps8zy8Wv8tjfEH2PUvB9zLfSgc7Fnif5v,Silver,2,HELIUS_METADATA_BASELINE
68o5HmBMP4FYjLoCt5YXXH9agVFWpJmcBApX3YuWagh4,Bronze,1,HELIUS_METADATA_BASELINE
68q8ZZorVQCCMff55SDsLcxtgLct4hrqFaBXBZx7pU8m,Elven,5,HELIUS_METADATA_BASELINE
68rGP7c23ckZPTyskn7iBKFjxb84hnhufbhNJufM2B3i,Bronze,1,HELIUS_METADATA_BASELINE
68tbYsnyYvFSmTfqbt4qyspbJ4xrhtEe23r6ahbnPfc6,Bronze,1,HELIUS_METADATA_BASELINE
69CjP7TFBdpKfKXqUwWE6U5SMkbvWbkDkiQ8489jkPRs,Bronze,1,HELIUS_METADATA_BASELINE
69DczGRSq6cd6iD89KwvYgttg1SDPP2YqDm2zwUawCpH,Arcane,4,HELIUS_METADATA_BASELINE
69G24SYo657iMXfxDvvANF9CoC1gonC21c3SohziRYD5,Bronze,1,HELIUS_METADATA_BASELINE
69HVELxDdEu19HEQVR8KZpYtpQSFFvoPXUkY9DFocnGe,Bronze,1,HELIUS_METADATA_BASELINE
69J4RuoCefAMzLp1sdnKzMWsG3ZEgqpfonrG4ii6JY6D,Silver,2,HELIUS_METADATA_BASELINE
69Mo2oV51X7nGNiR9F4p7TjkoZeZgv2rZ8a4FXTRkpCz,Elven,5,HELIUS_METADATA_BASELINE
69QvwTLCxmRHsPKRxXsm3cdABbdKNS9wZwSqNwGaF3ZX,Bronze,1,HELIUS_METADATA_BASELINE
69ZXgLjGkyt4zw54bbnJLdgQrPQ96jhL9podzwx5Rvyt,Bronze,1,HELIUS_METADATA_BASELINE
69zMRCHgGBUqimoK8KRGQx85wW3tbpeaff7WFJsacdZR,Silver,2,HELIUS_METADATA_BASELINE
6A7iibChXATvP4z35BEyhTwRXTjVovYvCajgzErfXgZB,Gold,3,HELIUS_METADATA_BASELINE
6A7oEYssbZ291MYtSgpM4ZHb5zDn89PHeCY6Dtnf46yy,Bronze,1,HELIUS_METADATA_BASELINE
6A84LUe6kqeQZfeetD2ctJqrBdsaufCgFWmMxmZXX7i,Bronze,1,HELIUS_METADATA_BASELINE
6ANbuxPaJtSh3KmPR13dUET7YCFNbqCtznSQKh4sHQVM,Gold,3,HELIUS_METADATA_BASELINE
6AS5pyndotaTMVfGB9s9M1sxDTjQMi1jaJVqRhbQjz7W,Arcane,4,HELIUS_METADATA_BASELINE
6AdgYzuf8nRGg9Vm2ahqdMnbkY61k5FrrRXwGvaS18s5,Gold,3,HELIUS_METADATA_BASELINE
6Aopee7Fsdanb7CtsTD8H2nMimydr25KTSD4zWtf334B,Bronze,1,HELIUS_METADATA_BASELINE
6B16YqHqgmVZ5azTct3DvbNgR36deW2GWDzZP3UgZPiz,Bronze,1,HELIUS_METADATA_BASELINE
6B8fwdeeycNfA2ELszq5w155D2uCVvXKk7SKoCirkaWM,Silver,2,HELIUS_METADATA_BASELINE
6B8uSBucedp8bJkLFBHhVLvdpwNSKrpupqNBNxf3vinz,Gold,3,HELIUS_METADATA_BASELINE
6BB5Wv2h16nA5xB1K4dc2jcNBG5Aaj9JPyTKMEget63B,Bronze,1,HELIUS_METADATA_BASELINE
6BECq2tt91uQ9y4es3D4YwzUtoRuGKyREF1Nx47tNfdN,Silver,2,HELIUS_METADATA_BASELINE
6BMkZ9CpPkNeNe9DsgpaN9V29DitWgyjphvz1qTzXtB2,Bronze,1,HELIUS_METADATA_BASELINE
6BNwnfkykKSRduNozpRXjDuHMLa2qvYuRLPnD3289SQ5,Bronze,1,HELIUS_METADATA_BASELINE
6BR8skwuZuDKT8vnFv2mrs1asqCMQnMQ7Dw7gubP7Xjm,Gold,3,HELIUS_METADATA_BASELINE
6Bcp1At7S9aLdkdyxsH8vsKRbFTBK55ehJn5AEX3XgN9,Bronze,1,HELIUS_METADATA_BASELINE
6BcpoF7i5uVfYenm9C4eXEogiNCdYTMD8vQrsqSXaHFq,Silver,2,HELIUS_METADATA_BASELINE
6BezKevfnaheYz9f6Aw9jhez1hYX4EFnBLTC5GLejBjF,Gold,3,HELIUS_METADATA_BASELINE
6Bfwp9SefaPTg3X6Wc2QrbcT2EX68Dzd83Br1CuVA8Gh,Bronze,1,HELIUS_METADATA_BASELINE
6Botb9xVba6smcx7Vu4kjJU3zbdVEaZkT7dEJeNtac8J,Arcane,4,HELIUS_METADATA_BASELINE
6Bvru87Cr3KaGq7qydwYJHowAgVg7u1KQqG6xMrB3MTw,Silver,2,HELIUS_METADATA_BASELINE
6C2haFKy2D5oguoHhaMrGWYPtgXT11yzijE27coDZ1X9,Silver,2,HELIUS_METADATA_BASELINE
6C8fJ2kKZAeWK49GSbXND5uyhnKUccC6jbDjpYRNgXy8,Bronze,1,HELIUS_METADATA_BASELINE
6C8q4GuZmnBT5vBXYWqsmMRWZu1Md9Ni75VsERaUDPz6,Bronze,1,HELIUS_METADATA_BASELINE
6CNLdsjzatesyZkBcSXJKcRzoBcRkv8BQLNYgE3bmQvz,Silver,2,HELIUS_METADATA_BASELINE
6CT8sJTwQVD63eXq4s5W5kKD74PkxZkMeFqrAFatdCHC,Gold,3,HELIUS_METADATA_BASELINE
6CYWKS3g69bJ22NphXcEHuzsvh6kVpFzZQUn1oog4J25,Silver,2,HELIUS_METADATA_BASELINE
6CcpeM7TYeoZV3Dwc1531kJZTgF477rVEvMCqqNbxk6N,Silver,2,HELIUS_METADATA_BASELINE
6CnnztMkozsLC6tpenbEkdKxj7prXNkxfDYWdwGnvHVv,Gold,3,HELIUS_METADATA_BASELINE
6CwKEgWZL3FF6iehr9M673EvwanYfvLcusjMPuVW2e7w,Bronze,1,HELIUS_METADATA_BASELINE
6DEcM65CP2KEJYmdJMXQJjD3qbJ16YkdcveVJtcZf4rt,Arcane,4,HELIUS_METADATA_BASELINE
6DJyGzW9Jqb7AkGWW5QHxmQMnbvRk9kxjr3chKxJ7n8K,Gold,3,HELIUS_METADATA_BASELINE
6DcKtuHKAy4WXkAY3HGZdL6ejMRbhQEWDAjzrk1WEFjX,Silver,2,HELIUS_METADATA_BASELINE
6Dk7YMf9zsvQBcHSaeREsTtFqPmsWq2tM6VE8DpAn4g8,Bronze,1,HELIUS_METADATA_BASELINE
6DnS9sB6zSGtZ8vWragi7s66KUNmi3ejLrqLBrxqyrmy,Gold,3,HELIUS_METADATA_BASELINE
6EHGS9PmTN2v7gxN7m4ZntHkcspHbyJk3C2aKwr1dcXr,Bronze,1,HELIUS_METADATA_BASELINE
6EJXvpVg4U9tG6DAXuKkNzTZscRqXkH11386VWW8Zp1f,Gold,3,HELIUS_METADATA_BASELINE
6EJysFUHPnn15aKYVRW8Z8ZBorgrzY8GypNjYs1ffXQi,Bronze,1,HELIUS_METADATA_BASELINE
6EPM2JQWGMH2is4TNqMqFjjTxS1W7rwcwzJ7foCZHtB5,Bronze,1,HELIUS_METADATA_BASELINE
6EQuL9edNfzYEGR3cky1e2XrraTSgdepyA7Bcfa29jYD,Gold,3,HELIUS_METADATA_BASELINE
6ETm9jFsRRkFa6LnfrqxLP6umsJoxF8rJpJuspgnWAqi,Elven,5,HELIUS_METADATA_BASELINE
6EWy6xNPrLRtgRABFXRiJQa9ns5mYebGZopWiSi2kXE9,Gold,3,HELIUS_METADATA_BASELINE
6EYJPmyArzfMbFuzdcJRWgqzKUXgtz4idCTjLGtMMn9s,Bronze,1,HELIUS_METADATA_BASELINE
6EZURLWHXt8q615NAXCY8PmTSudBgFR9XKiW5b3T4pgn,Gold,3,HELIUS_METADATA_BASELINE
6EbDKq7M6Hhacbo14SBrZemezRbGyibxe2E97DLKeDoF,Bronze,1,HELIUS_METADATA_BASELINE
6EiGN3VyMmpiSjVQYFJxXqCtFqFVzHpqFGXZxzc58Dka,Silver,2,HELIUS_METADATA_BASELINE
6EkWwtbMtViKNFLRhFs8QJnSai7jiLPZYrPufL5iratR,Bronze,1,HELIUS_METADATA_BASELINE
6EzsmA4PkWpCHXEUsMoZCvYBErmLvDFsnfNj6Yg2SpgQ,Gold,3,HELIUS_METADATA_BASELINE
6FCBCGfDfpydwUhDSNB2o5PSrBZa2v3QAswwXPDmG2To,Gold,3,HELIUS_METADATA_BASELINE
6FENfxcdvrvwFe9Z7cSuNhZwTQG8SAF292k3RFu14uX8,Arcane,4,HELIUS_METADATA_BASELINE
6FFrEHykFRohF3dbGYw6taogBrmfcp7zzf2xMRj9do8M,Bronze,1,HELIUS_METADATA_BASELINE
6FXZckuzXVELmomfgCtZFLnDjQ6QLaGzosNcTy2jTSNZ,Gold,3,HELIUS_METADATA_BASELINE
6FduL2dAdssmzzfY3g4fEVLgTEuCiA1unuNYKXNZBc65,Arcane,4,HELIUS_METADATA_BASELINE
6FkjUzrvSvhbB9m1ggitJwBpoSC58ojzZTGWUTLs24nn,Bronze,1,HELIUS_METADATA_BASELINE
6Fw9dxkS5wbHiJXsoMBwh77rtu8K1azYyVY1zZVdN18p,Arcane,4,HELIUS_METADATA_BASELINE
6G1bSGLRV1ZdrUy3GQhc8ZsEgrfPcCED6ei9DvQJJqGS,Bronze,1,HELIUS_METADATA_BASELINE
6G3MZJ4M52UKPhm8BvMR6o81dm7dUT4rfyUFafypjELK,Bronze,1,HELIUS_METADATA_BASELINE
6G41T1ze3UhuMkDvizsgRZyb1VxBogcmEhj2ehUrGqyP,Bronze,1,HELIUS_METADATA_BASELINE
6GCxBLCqdgDWQCnYsTqoQEC58JC7NQrXjqPqD6E95iHf,Bronze,1,HELIUS_METADATA_BASELINE
6GFrbVJZzXjzVXKnoT8Gu14AJtorW2Ac918UMZUNwuzt,Bronze,1,HELIUS_METADATA_BASELINE
6GGKDWBDHjA4QKRWNcQLvhqGadfkNwTkgeaEKimnPVFD,Arcane,4,HELIUS_METADATA_BASELINE
6GMP17L7KT1LhVLnsTkd7WD9c6d8ot9DogmmvhUX3bMw,Arcane,4,HELIUS_METADATA_BASELINE
6GNHtDQNVcxF4iJa2HEhFitT7DBWunVFDNDKDa31HoRm,Silver,2,HELIUS_METADATA_BASELINE
6GYVaGo1HxuTTBDU61BxzWxGmYwW2XX7q6gwqmnW5P7g,Bronze,1,HELIUS_METADATA_BASELINE
6GcpHEcDrJptcNeJjvMGcNWQv2JgRuuaeosqHzBksh1R,Silver,2,HELIUS_METADATA_BASELINE
6Gf2LHnzp5LCJXrb1PTJNcHXNUqbVnsgoG9NASdVx1NA,Bronze,1,HELIUS_METADATA_BASELINE
6GjZjynZnHxeWHmU8AxpSMNCPz2ZtG1yAnazYvZc8Wd,Bronze,1,HELIUS_METADATA_BASELINE
6GkxkY5G4KjkQ6xBoFkGyXHrkY6VTQpYgauC7ixYtm88,Bronze,1,HELIUS_METADATA_BASELINE
6Gr6s4xUyvPJ8AiUfAa9zmgZdVRUeo46yoFJgvKcSDqB,Gold,3,HELIUS_METADATA_BASELINE
6H9Erz3PZi49iFpPQGyDBF69nkzCGHffg2VX5XTRb2A3,Silver,2,HELIUS_METADATA_BASELINE
6HHeDupAofVxQY77o54byD1ykeqotwAKV3HQczGVTXZr,Bronze,1,HELIUS_METADATA_BASELINE
6HK148L3KmE3XjhKkmfZhWU4v9xzoD6Fv5kWK9a2SaEj,Bronze,1,HELIUS_METADATA_BASELINE
6HQCTJk1r954sLkMuUbLZ7CHAN7UwMSRweLakd3hE1NL,Bronze,1,HELIUS_METADATA_BASELINE
6HaYi8MrUY4B8r9kqVGSxRfFeA93nTYjnye2freoStuA,Bronze,1,HELIUS_METADATA_BASELINE
6HcbhxW2y1csc13dbBgMozDM1tzgAbukjHDTFdJHieQa,Arcane,4,HELIUS_METADATA_BASELINE
6HcqRdPQ6tmGqQRAEBEbBGtpjC8swWFzjmjLBoWECivF,Gold,3,HELIUS_METADATA_BASELINE
6HexWmPKT9d6MNn29qf4PVYLxsuAHih4CTXdVnMZG1Z,Bronze,1,HELIUS_METADATA_BASELINE
6HjTwHkZkohFZFwFJ7SyLonMMWN7iCKvoM88f5btKBiq,Bronze,1,HELIUS_METADATA_BASELINE
6J88jkbSKRdaT1AXTRFREUm6vPiPtqj7Ge8st7GhvaFB,Bronze,1,HELIUS_METADATA_BASELINE
6JJ6VHsiTWtypCemQxzV4BvrgmfvAjWZdT8av7ZijFCh,Bronze,1,HELIUS_METADATA_BASELINE
6JYdgdDPRDdhe86EyDSBcqfsCaLaiwPSfVjREG66wn59,Bronze,1,HELIUS_METADATA_BASELINE
6Je2rRQ2Ptie7K5CTmRNkqEBUYsUNTWLQ7n6ciFDdKWz,Bronze,1,HELIUS_METADATA_BASELINE
6JgbTWBxqB1KJRSaaoRz5aAPc3MKJUf8J3kfT7svVLqS,Bronze,1,HELIUS_METADATA_BASELINE
6JjcAzQqnEN7cLSi5yodBP13qf4A3hNTMaPwaHPNhfr9,Bronze,1,HELIUS_METADATA_BASELINE
6KMXiGQEGyAUjJK1pZBQJrSNNv6wutWxYVFhfgaejKHU,Silver,2,HELIUS_METADATA_BASELINE
6KaVc3CpWaAzMraq6KRYyPAjmun2UJAxcLdKxR14nyyt,Bronze,1,HELIUS_METADATA_BASELINE
6KhYYoVBw11R2mC6Ph4RPomJdNz2jdZjdMdA6tzHD3tR,Silver,2,HELIUS_METADATA_BASELINE
6KnghQP2mdepmG5mffe3ZiXD4ggaGjpyPz3DzsUKKetg,Gold,3,HELIUS_METADATA_BASELINE
6Krs4Wy785y3HdByL18GfyavEawW4HTMqc6F3iZQiLc2,Silver,2,HELIUS_METADATA_BASELINE
6Ksk2fH27WKAW3MoRRJqUrXgxrNFPAJGQ9KK5XQiqdYG,Bronze,1,HELIUS_METADATA_BASELINE
6KsyeSzn6BQiJiEVTcP581MPbw1WXxEKMDRJeXTekGDv,Bronze,1,HELIUS_METADATA_BASELINE
6KtDhHCgGdzPwryTE7yfm1JRNdbQB7kGQGELbznQp74T,Bronze,1,HELIUS_METADATA_BASELINE
6L2GhRgVE9PPyUEREiGpyazFpgpJD9bNVW4nip7d1hxE,Bronze,1,HELIUS_METADATA_BASELINE
6L2HNH1rjgC8cJoindvgriDYRpCgqNG8jV3bdGyFVWLH,Bronze,1,HELIUS_METADATA_BASELINE
6LAUGZnZq4KM6xpVBKXTLWUKW1Qe5FNvmwQtcP3BuJjY,Silver,2,HELIUS_METADATA_BASELINE
6LPVgEfxXqBptMuusKkDTgFaZqUeh4GHJmTwUDK9mR3m,Bronze,1,HELIUS_METADATA_BASELINE
6LPpWXUSRhQbchL8UoepjFFsFkjDNTLyH62QhG2pegzR,Gold,3,HELIUS_METADATA_BASELINE
6Lcd7Z28osnspknrzTkvH9gK5ZSwxfgzX2Yx2opLUUfS,Bronze,1,HELIUS_METADATA_BASELINE
6Le6Nu961AGATvrTa41kYbkQ6dK5VTk7wG9fA7Z5pESS,Silver,2,HELIUS_METADATA_BASELINE
6LeJ8dtbDiKDkYpFz1V4BVorvzAHp6DBEdEAbigi7jh6,Bronze,1,HELIUS_METADATA_BASELINE
6LjJqHWyjPYJ1oerSkNo67T8jWGFsPbJsiitvKV1z7GK,Bronze,1,HELIUS_METADATA_BASELINE
6LkcwnYa7qKJQRm7YAqnRitGYR4Gh4LqA6CSz9YMyg7H,Arcane,4,HELIUS_METADATA_BASELINE
6Loo4JbHe8UKmoRqgFMx7NmzQuvtHWP7qB9pdhtELZK9,Gold,3,HELIUS_METADATA_BASELINE
6Ls1XYNAEWnKgTADzYuKug7Ev9gLLGX9wrt9KpPEWt5X,Bronze,1,HELIUS_METADATA_BASELINE
6M2DqN4uJiyc3uj8u51mYKiTUkYygzFM7xqo3HA9j2pe,Arcane,4,HELIUS_METADATA_BASELINE
6MJeVG3uRNGayuLdkxSq1VvAczKVDpRD9NTjWubzQkc6,Arcane,4,HELIUS_METADATA_BASELINE
6MLyyZ6kzi9uA9TqsaTy2Z9LCmdzT84wh8WNw7qTJtcz,Bronze,1,HELIUS_METADATA_BASELINE
6MMy2G8QNxue9TrvwpqT6VapLu3daNnDRSHCwhRM7L7,Gold,3,HELIUS_METADATA_BASELINE
6MPFn4AB1fiiQ8GK4LPkgEu1DRperCwuQxPWu1eCH4yZ,Arcane,4,HELIUS_METADATA_BASELINE
6MV91K2HNQrenxD1K5i2sBcpKwFQey2BnKie4svLzCUa,Arcane,4,HELIUS_METADATA_BASELINE
6MVFJjbBYXXZEY5DVQsvEFD4xhX1TLcZfNKA8j58jzJg,Gold,3,HELIUS_METADATA_BASELINE
6MihZyf8rGnVs8YkE5uwM3LFkw8xYGsQBLUg8K239ex7,Silver,2,HELIUS_METADATA_BASELINE
6MnqsiRDRAn3ZUG39h8DUGytgAA8VQgKYn4PMcht8Cb7,Bronze,1,HELIUS_METADATA_BASELINE
6Mrknnskt8dHNtNZKbR7toCoCRe1uJuWDWXzzCSAF4fS,Gold,3,HELIUS_METADATA_BASELINE
6MwvQV52fYqUTL3JZM3RC5xPsTbXXEmec2WD3gKTu842,Arcane,4,HELIUS_METADATA_BASELINE
6MzxCrBnoHPxfrfUF1LgSDq78EUKRuYfqEgkGdUu2At9,Bronze,1,HELIUS_METADATA_BASELINE
6N9BU7SMQd1vbq6QvGwvHhQ4jWSoy6dFbwXdQHooYzPJ,Silver,2,HELIUS_METADATA_BASELINE
6N9FMtCD6wcB8caVzr1FpGiv9eJRDzm9nQFVuHz7yJnV,Silver,2,HELIUS_METADATA_BASELINE
6N9WTbEX9zVTkiF2gXxXsmHC1tupmh2BCET9fqPk638g,Bronze,1,HELIUS_METADATA_BASELINE
6NC5AkzBD2b8spdNdM118jYhwii1WfC9guJdcyBf4io,Bronze,1,HELIUS_METADATA_BASELINE
6NQHNkaUE4YLngXkMAQc9Y5cMz5PMJhap6RqVYw8CQDT,Silver,2,HELIUS_METADATA_BASELINE
6NQiAmrUh2F14oSQrtisWEoAsQU1nfVYsgFL9yELVBRy,Gold,3,HELIUS_METADATA_BASELINE
6NRUegxNWQ4x1pWSMmey9tB3BQVFAc1Ucn4C7ePtSFqj,Gold,3,HELIUS_METADATA_BASELINE
6NULSno8Qd8vxb1chfotwSyWRSP22nJuNH5fhsXZAPMu,Silver,2,HELIUS_METADATA_BASELINE
6NXSJSBYqAbsxjoNfMiBod6F75w37iiat7GHCPCn3Y4Y,Gold,3,HELIUS_METADATA_BASELINE
6NiAJJF9VWBysbhUEKnUDHnfzVknWPaszsj6eryD4D1E,Gold,3,HELIUS_METADATA_BASELINE
6NssaWQuR5jU9mSG4TAyqXsizgQhNV3xUV93JuK3v65V,Silver,2,HELIUS_METADATA_BASELINE
6P4NBy6uuTLppYvQaNbjKxEG1wSQ2JVhFguuezSFnUw3,Silver,2,HELIUS_METADATA_BASELINE
6P9qfjYLUdELvBrTkoosBrJNMnhJGUaYHpyBG7nzd6H,Silver,2,HELIUS_METADATA_BASELINE
6PFyKkrNiN7cqWvEPdpYuavDaKjJpmNhgHqHksBYNVVs,Bronze,1,HELIUS_METADATA_BASELINE
6PM3h11HYJbw5MoH2dbs5559HrvS3qA2G2rKzWspTRz9,Bronze,1,HELIUS_METADATA_BASELINE
6PX2hSvBTZYH4DP7uXxxQJDr6dVjQYWijM5yUHUe6ntx,Gold,3,HELIUS_METADATA_BASELINE
6Pm4CAEuzt7s1ifgGFGQnT9ZrCkd8UNPxNxMvY39Njrv,Bronze,1,HELIUS_METADATA_BASELINE
6Pn966jFFyZN7eczswkmorTG1u9qGtRLixQzjgv2qX7X,Silver,2,HELIUS_METADATA_BASELINE
6PrNdojrFXkS1EAvo7WxjqByd9553D79PUXAu4mECPGZ,Silver,2,HELIUS_METADATA_BASELINE
6PsFzGkC2B8is9rjKNZqnVo7A7ddLG8BjYN4T3hgvn8J,Bronze,1,HELIUS_METADATA_BASELINE
6Q12HPX6GYfKJeXMUq6yroYqJgmZgbye1uX7PZxuXKtr,Bronze,1,HELIUS_METADATA_BASELINE
6Q6TPpPJzsLThi4WBAd79DUNDtQQZN7QcSiKxXGefZ1J,Silver,2,HELIUS_METADATA_BASELINE
6QMZLmE6aCbfUXvXJJenikkfwyt9wgbTq2JJoUR7WACG,Arcane,4,HELIUS_METADATA_BASELINE
6QQ6Nu2D4kt9EQ4AHAmJWUbyQp9Hjq9qcLn99eqUNxAv,Silver,2,HELIUS_METADATA_BASELINE
6QTA2ud9PVj6cPJSM6pPGftcmnNxjNYRBEK7pAsKTfA,Bronze,1,HELIUS_METADATA_BASELINE
6QVsPnqJF6Pw4vVhiRXKvs7RGdefpDoq55wW25SY3uhW,Gold,3,HELIUS_METADATA_BASELINE
6QYBAxojzDBDSDomJfBv6W2qq29AAMuFUVPWEKJQ1g9s,Gold,3,HELIUS_METADATA_BASELINE
6Qdv6kKmCpYSQN8zSQ6yzVgVNcKsZHjvZmHrp3yd8Fv6,Bronze,1,HELIUS_METADATA_BASELINE
6QgCqvDxN4TXHR1CgD89KpvMpJSpb3kWrRTEkqSkvLyX,Gold,3,HELIUS_METADATA_BASELINE
6QijKnrHx1vnULRpZfLNHi8BN4wZ54PdM8kr2sE5KW12,Bronze,1,HELIUS_METADATA_BASELINE
6Qk6vfwm9wc4ngpgRUo29sjxbVnBDLpfNbrJS7VdtwAH,Gold,3,HELIUS_METADATA_BASELINE
6QovWrDrhhbJ2rYjP5d6nhGqwTRXdDTG7dpQj1aEYxK7,Bronze,1,HELIUS_METADATA_BASELINE
6QqfRckdaBeA6m4gPoYJtib7YdzJwwP47VQ21NDKqs23,Arcane,4,HELIUS_METADATA_BASELINE
6R9dG6uLAx3tyKXDGwK7FHVJhDkf2RKkwxYVL8JbihrR,Bronze,1,HELIUS_METADATA_BASELINE
6RDfLQUrftDi41NtpddmyL4HPngK2FeXPu7DXYqsWAdZ,Silver,2,HELIUS_METADATA_BASELINE
6RGLZEz6ejdMxjdezLsyXBeWB1DJK5dLQYnTuy6Ys1mm,Bronze,1,HELIUS_METADATA_BASELINE
6RQDRjozhEgWZa5edTndrA5Liq2dgLBE4HfBuGgVJUb6,Silver,2,HELIUS_METADATA_BASELINE
6RWYLsaDrP28xbxWQHEeWdCip51QbhejsjtuVoZPXyXw,Bronze,1,HELIUS_METADATA_BASELINE
6RYswnMXViQT4dKCVQvFKJ5NYXDCPPeEpvtwgmAzehqC,Bronze,1,HELIUS_METADATA_BASELINE
6ReX4Pzu48m68rmGq3ZmqH2KWxLspa66bPxAe59TnJyT,Silver,2,HELIUS_METADATA_BASELINE
6RmMSnGJhQ7JSjHHZvhmT2uSwZ91h7xRvKemdHFc3Pk2,Gold,3,HELIUS_METADATA_BASELINE
6RpbJzt37rrtEWTFDvbBYcwL5NYxGVQW489Dfjhpew1U,Arcane,4,HELIUS_METADATA_BASELINE
6Rw1vysxYidmTxNFetX5mzquG1fSHqQk8d8nH5X3pYp3,Silver,2,HELIUS_METADATA_BASELINE
6SAimQnFFBi5qe36RpKX4AisUVswWVFs4pZDcHCX9nFQ,Elven,5,HELIUS_METADATA_BASELINE
6SAoEADz9T6L3afDUNqd7n5kN3KNASEJcJpTapr5YCHn,Arcane,4,HELIUS_METADATA_BASELINE
6SJeNvRpEL6Utnb1QBsdhfzFDVEzzy7B5YvvEujEAfpN,Gold,3,HELIUS_METADATA_BASELINE
6SKRPPSVV6QEk3GjtNdNex1mwLhnoHe25eB7HnNjt6ji,Bronze,1,HELIUS_METADATA_BASELINE
6SThZDPtYQqdyZiG4WP1WWWSToknMsNVDq5sX5neJgDW,Bronze,1,HELIUS_METADATA_BASELINE
6SUYCP4Rz4ZQekq2gwa2GpVmLm1CWoChhZAS2eeNpyYM,Silver,2,HELIUS_METADATA_BASELINE
6SauojjrxKTL2BwqSWL5uUazPPqYTbaP8u4G8xkA8b4M,Arcane,4,HELIUS_METADATA_BASELINE
6SfNUmVRbV5jgVkQhNUoFiLDy3RxajSefThQVXRoXQ6u,Arcane,4,HELIUS_METADATA_BASELINE
6SgcFcBqWzD1TnoZSJ3D7Uuxtqx2YiQrSeSEiGxyGojy,Silver,2,HELIUS_METADATA_BASELINE
6TCZhaku2m8k4j6JLdE7hEvtP5zTedrgbk3ZFBgtQZpT,Gold,3,HELIUS_METADATA_BASELINE
6TKrGhZHAFd5xgSJLtUpvg1p5oWxHQ5HaBT1CFMnokkE,Bronze,1,HELIUS_METADATA_BASELINE
6TTQAM1MXi782Bjz2WoV9SP74oRbvCDXn8KRDtystcWF,Bronze,1,HELIUS_METADATA_BASELINE
6TU13iRgC9Ffa1Z8N3xKyoDaZXpVQZFBvfmuM5jsvg85,Bronze,1,HELIUS_METADATA_BASELINE
6TUtaLYtLAHrYgKrVu8A3tdMd2TG78rYw3H116HemG48,Silver,2,HELIUS_METADATA_BASELINE
6TgjTqrX5oUW6NyLjXnUWhdRxzjwzRfnvXNAuutBuuQX,Bronze,1,HELIUS_METADATA_BASELINE
6ToNYy7GqHiM4zijciZyxUf8tV4dEMyY6BMqVxWZPnYJ,Silver,2,HELIUS_METADATA_BASELINE
6Tq24Mh1SZJMNrQyN7fqV6j6nGxUAU9VB7PAXVVdtSZq,Bronze,1,HELIUS_METADATA_BASELINE
6TtAghHz2ysDH7ouvBfaJvLmX1MsDYUwTwLdnkFj5V7d,Bronze,1,HELIUS_METADATA_BASELINE
6U7kpHgLEaLWXJ5yREJXAo1guu4NwQkyM2BGkS8dMDUP,Silver,2,HELIUS_METADATA_BASELINE
6UBLHfvC6QsQm9w6qVv6aZQoSLFAS3nzPKU4wb9RaA6Z,Gold,3,HELIUS_METADATA_BASELINE
6UMMuqPcVeycsur8zhaF1Sv2oQ9BKeHY14cooUWKmwqY,Arcane,4,HELIUS_METADATA_BASELINE
6UMvg7yX31wmDwNZzqxQQXkoLHU5q9QiKUih9Xd82PYx,Bronze,1,HELIUS_METADATA_BASELINE
6UTy5aeWsmbyEaAAeHrD3bLs625fXbN7NsYSChFAR6Bm,Bronze,1,HELIUS_METADATA_BASELINE
6UYxFtX4mdzCDSEhkfQ4YPhEaKiFf3utpceVwkTaKFVG,Silver,2,HELIUS_METADATA_BASELINE
6UZZEyefhLcfmB1qdEQf5rAwhrJirHm11ebE6p4UEMN4,Gold,3,HELIUS_METADATA_BASELINE
6UZdi42mGA9YD152ZZwsh8Y8aWWkgW12hrQs4CcwaJZj,Arcane,4,HELIUS_METADATA_BASELINE
6UddUXteUx2aqGuvjQeyD3ddbw1iGLgXzt9eHa7EdJ1i,Silver,2,HELIUS_METADATA_BASELINE
6UjoaLgmkdcerr3uBtJNfYqWsPYPXj38V877cT3MZ5Md,Elven,5,HELIUS_METADATA_BASELINE
6UpH27yPzgRqi3itfHieBRcCng19s2weJkUH6sbobZTh,Bronze,1,HELIUS_METADATA_BASELINE
6V1DjLQLJcUrb7S3SLcVzTsRYHNMFkC2dUGvFaPenU3W,Bronze,1,HELIUS_METADATA_BASELINE
6V1NRhmjRsuphFRAFeakroTjR6jBwEgsWRZgMv3i2hqJ,Elven,5,HELIUS_METADATA_BASELINE
6V1gCA9JPL6t8Dzh6rADgPrrdvG1dRu4TRKzG2zCsVvh,Silver,2,HELIUS_METADATA_BASELINE
6VSU3DKiaeSmtwjm8zjvWxRj6avCJq4nxPHLMqgLgzh,Silver,2,HELIUS_METADATA_BASELINE
6VWfJE4kNQwhwJW2waaxetRe4hiMnszUvhswbeC3YrC3,Bronze,1,HELIUS_METADATA_BASELINE
6VhyAuHSkUnfPxq11d3KBkA1wGwfcsRr5RhUrdeAf33H,Bronze,1,HELIUS_METADATA_BASELINE
6VpLq7aL8kEPrh84N7ECfwMsCzSa3Mgs6nkuwH83okbY,Bronze,1,HELIUS_METADATA_BASELINE
6VuBdYUK6sVwEjtA1K9rXhTafrB1AjCyJ95Baf3ARKRq,Bronze,1,HELIUS_METADATA_BASELINE
6W1c6DTh4UknwPnC2heJb9ZwcNx4dSj2A1mCDsoj8mej,Bronze,1,HELIUS_METADATA_BASELINE
6W3Qozss5ujqwT8N3Q7Keb2i5Zm4nLDfVHfkss7tgxRa,Bronze,1,HELIUS_METADATA_BASELINE
6W7J5kvDADtN2Ejk9wXwU2nHrdDAtfUVhBKfeoKfRdMR,Silver,2,HELIUS_METADATA_BASELINE
6W7MeCUmZA7vsJRhnWDFx2aZLUJqAJqRmmVFfVksRNZH,Gold,3,HELIUS_METADATA_BASELINE
6WJ8vBgNvVth4ztcmCaSWXH2AzT3iLmLd6NKNCvkbWpS,Bronze,1,HELIUS_METADATA_BASELINE
6WKJW6tfMbLFkcEVTt7tuGkyTxQGFmExHAD9Afi5UhiJ,Bronze,1,HELIUS_METADATA_BASELINE
6WKTR7KjBkxCs4125Xb88Cm4ahajcZdn2HFZn1YhtZP5,Silver,2,HELIUS_METADATA_BASELINE
6WLUhtQyYTdFSaYHNxeJaBTynwAoRk6sbwXDNBp8C4ba,Bronze,1,HELIUS_METADATA_BASELINE
6WQ7LihA4k1XxaFe6DNawhsKaskkdPCzETeDiQZ8ApRV,Silver,2,HELIUS_METADATA_BASELINE
6WYj6VFtshUr6McU7mKQQjXnbLN7PgMJXPpFvoYNdras,Bronze,1,HELIUS_METADATA_BASELINE
6Wc4upB9BuiLKFCExuUafncx9L6xwAABHPG4D4E99Mru,Bronze,1,HELIUS_METADATA_BASELINE
6WgEtEvFBWQun6zyj5TFH8M6AcnPjJLo7uy1YpT5qYGM,Elven,5,HELIUS_METADATA_BASELINE
6WpGpHyxrBq9LrnWsRFemApajpp7j7tWx7R7stYDUWZz,Bronze,1,HELIUS_METADATA_BASELINE
6WqeVZLwPR3LNtaCf6QDExpnBzQfTnLADXQSegiSPteU,Silver,2,HELIUS_METADATA_BASELINE
6X2xPNVBi6dZsrW6jitkdxpfYhPvL5yCEttSsLtY7MW2,Bronze,1,HELIUS_METADATA_BASELINE
6XBCvLMnCoBHpsi3vHk2kYJhj7TCPM5nFmyRAuVHuXRc,Bronze,1,HELIUS_METADATA_BASELINE
6XTjuttBHSz1DcxGK6NeGanTUBUhXPq6euLxbSMkP68m,Silver,2,HELIUS_METADATA_BASELINE
6XUqL6ZivR555kqsSf7PnuwJoCeojdYE3u4WktSWYdwA,Gold,3,HELIUS_METADATA_BASELINE
6XVunLCGwqgZDrEoJMcF5oD4tFDjpdCyEuWcCDFpkz1L,Bronze,1,HELIUS_METADATA_BASELINE
6XmWAyXLrpvp8fjXocWaPrkXhuEKiMHeenqTELU8MKMK,Bronze,1,HELIUS_METADATA_BASELINE
6Xnr18XMgCUp6jsnqAfoFiYStcdCet6QA89TJJGjrDhs,Arcane,4,HELIUS_METADATA_BASELINE
6Xt3DMGsewpnh7DzrCRTgRYC4zg3PrUZK7Q9kQ8x87Uc,Silver,2,HELIUS_METADATA_BASELINE
6Xw7vqSMNRYRFYYnrjpqt2k9FFQw6vLiYmqJisbeHo7V,Silver,2,HELIUS_METADATA_BASELINE
6Y22cmE4Yn6fA1UUuRBStWxBnwbRvVUWp2o9wkqiGbWF,Arcane,4,HELIUS_METADATA_BASELINE
6Y4xdwzKRTkHnXvF4ztvLf7UJD2vtjoappa4kmBhM8fy,Bronze,1,HELIUS_METADATA_BASELINE
6Y87ggoWkU9evCzGepUyXSD9UHd9NrkZuvWs3PRaeBxK,Bronze,1,HELIUS_METADATA_BASELINE
6YBxp81NxLbLz791DkBvnGgMbSa1ZZeXzwocr4FiHxwo,Silver,2,HELIUS_METADATA_BASELINE
6YMBJgToWzUD7xmT2KmJL4Y8y3uunBYKFn5u2dX75s1k,Silver,2,HELIUS_METADATA_BASELINE
6YRwBxRkb345e8R8J4Mx6Ty935nUVAGXNcCCxhkTi6eW,Bronze,1,HELIUS_METADATA_BASELINE
6YVr8gFFkqifK5VMCXicxgKm5uZEzKpRzTtQvyQwtqnj,Silver,2,HELIUS_METADATA_BASELINE
6YbdLoiVRhfj6omaB7BPaJ3jn6uHjp46Hp8XUfUUymX8,Arcane,4,HELIUS_METADATA_BASELINE
6Ydh6op6qywR7qJcegUb7hxQotk9hug3HygDQBgnK9GA,Bronze,1,HELIUS_METADATA_BASELINE
6YhSyRAGtEqJvU7gJxvP76tcCeSBvuxn6suYXn7cocj8,Bronze,1,HELIUS_METADATA_BASELINE
6YmaG5ErQQtU9VfjD5GnhUNYKgdBqt6Zaf2h6avigwff,Silver,2,HELIUS_METADATA_BASELINE
6YuruKGv67u4VSbTKa6b4rXpGjyJkyUJtYfQER8xXLVz,Bronze,1,HELIUS_METADATA_BASELINE
6Z6yjWTcRFJ4GTn5hFF9JCwXT6DdumZM2dxF5DkULdCV,Gold,3,HELIUS_METADATA_BASELINE
6ZA83UmqEoYEMDVojGhooWQkjRNru1dkH5diBjX29rDc,Silver,2,HELIUS_METADATA_BASELINE
6ZAAJAmpyWGymy17pvNAYHnWviK6yhznD997LVdEQsok,Bronze,1,HELIUS_METADATA_BASELINE
6ZCm4yyM7Si38CCKmEdwXoBdPwJL4kX723ykyVUCWrJZ,Bronze,1,HELIUS_METADATA_BASELINE
6ZFumPU2LLVa1gKboXwu3tHzGv6kLGJcWjyFoz139Bu9,Bronze,1,HELIUS_METADATA_BASELINE
6ZHGw2NaZq4vugJXVdSnkHVKwZYVc3asZotw88tzx1ti,Silver,2,HELIUS_METADATA_BASELINE
6ZMUcnpnkNigEiAALP2o4FihaYYwwW5Zru6JbAzSyXu8,Gold,3,HELIUS_METADATA_BASELINE
6ZVY4eVir91DLjdiQyYudzW5wt1P8b45PCQdrUJtkviP,Gold,3,HELIUS_METADATA_BASELINE
6Ze396xQPdB2dsYUDhBESBF9zyY1vLa16bQWHEo9ug65,Gold,3,HELIUS_METADATA_BASELINE
6Ze7SzymkKGocTHjxJV8MiyYmAT1DwM53CNW5weNv65X,Elven,5,HELIUS_METADATA_BASELINE
6Zew2pREW6Dr6U6vaaS3rFZVk9pqLrFCBuNxCTPHVFG3,Bronze,1,HELIUS_METADATA_BASELINE
6ZpCz8APBE18o9Dafn2yeKfAqvF1L7HuhNPigRgbNQw,Elven,5,HELIUS_METADATA_BASELINE
6ZpXyNgfT1Hy8BmbmRqG83NfCguUnwtvDXrqkMDFnr9X,Gold,3,HELIUS_METADATA_BASELINE
6ZuisKHPBV5iLRvgWLRnjBd2cqy2u4A6Jzwrcuf6dUrP,Bronze,1,HELIUS_METADATA_BASELINE
6ZxBjG6WDh1eQDM5jAvdvnbZ22ZCt5Ygno5eB45PqSuM,Arcane,4,HELIUS_METADATA_BASELINE
6ZypDb8eNr4hyxUJ4zZBZYecE7MswTMnS8ArLQee1Bxt,Gold,3,HELIUS_METADATA_BASELINE
6aDpvx84vzWc24QziutEHhSui7mQS5BH6ZXC2F27k3UD,Bronze,1,HELIUS_METADATA_BASELINE
6aE5H5EqhrpYCvNALkT6JJttDQGkeVNAFnH3Rx79oVyw,Bronze,1,HELIUS_METADATA_BASELINE
6aH2veB5hvGQ5bFUkaHM9cXHAqbxMuQrAcg7ZSHH24kR,Bronze,1,HELIUS_METADATA_BASELINE
6aPMAXm8Am1jKxndeeHPwkqQcpsK3MY3xwswuyjd5L2x,Bronze,1,HELIUS_METADATA_BASELINE
6aPakbR33YLNuRTpeycSiAXungvSa2deHUS8f9Uu5Nbw,Silver,2,HELIUS_METADATA_BASELINE
6aUYARhv1wXN15qPRKb9n3fyLpeDXbnG8bV6wwHLWzLz,Arcane,4,HELIUS_METADATA_BASELINE
6abiCcxjbMnoKT3iPWuLG2Mtyk5tmz9mazCq6aS6rn9Q,Silver,2,HELIUS_METADATA_BASELINE
6adtUrnrE3gZQxN9TqGq8tYZVFwYTy39L3YPVRoXoeDb,Gold,3,HELIUS_METADATA_BASELINE
6agkTJsmTiaGFL3Ca1uUDmdemZr2Na8eJkNddiTv6grv,Silver,2,HELIUS_METADATA_BASELINE
6apy5pxQHGRgu7DsZZ2QqyW2AfXzUTZ7uqnuMBjH9ZKH,Silver,2,HELIUS_METADATA_BASELINE
6b4JukVubnJVqjAhwx1wDVZyjy3S5FQvUd9HQgAFy4SR,Bronze,1,HELIUS_METADATA_BASELINE
6b8u9No1GXXUWw59vJCVYAFb99f5nPeE4HCrACo7GsP2,Gold,3,HELIUS_METADATA_BASELINE
6bGjH9Xt8TtvDEy3Wj6NgyCMLvnfFs8gUwTSqr3zM1Lp,Gold,3,HELIUS_METADATA_BASELINE
6bJN4xBCuQeQGErbfJsaKq3d9uvfZEoSvHpkRdNT1rZH,Bronze,1,HELIUS_METADATA_BASELINE
6bK5V1MryWCt78apEv615E2XXwLowBGYwNEa6wccbLK8,Bronze,1,HELIUS_METADATA_BASELINE
6bL4z9TdwKeb1JTeLn68NGNEw81Ma2uRvN3b8zJ6ksdx,Arcane,4,HELIUS_METADATA_BASELINE
6bLG1UUqKRqz7PCLcm56FGmUSYe8qzCUeFMcGqNQAiL1,Silver,2,HELIUS_METADATA_BASELINE
6bMJu2WvK9kewMxhd8ePSeeTKwmUZFro1SNamWmhXgMD,Bronze,1,HELIUS_METADATA_BASELINE
6bMYLWe8Lv9vqjHQWHMuvfzvzM2eio7dhMqvYXXpAGuz,Bronze,1,HELIUS_METADATA_BASELINE
6bYmjbY8Ht9vkYJaxGdjS42dNZNrQBQPdCc6CvQitVzK,Bronze,1,HELIUS_METADATA_BASELINE
6bbnfag5srJqvZ6AJMTx33LAqzumaZZkTmbNLTsCSqXB,Gold,3,HELIUS_METADATA_BASELINE
6bcyVE8bfDD8wunyxPrrqNB3jg9BaUQFABzEtZjzZJki,Elven,5,HELIUS_METADATA_BASELINE
6bokAAj8ewJiKErXkAMjdwyavmK7Bdjr9KrJXDJxx836,Silver,2,HELIUS_METADATA_BASELINE
6bszNmPJP9PNR6rVuAvWzTmmzqbytURU1v4cMX6VJZS3,Bronze,1,HELIUS_METADATA_BASELINE
6bvhCq1sDQv5NjP6Gb7WuJMZH63CKeAoHfPbW64yWvJF,Silver,2,HELIUS_METADATA_BASELINE
6cEsgmZx4fogmWAe85YCnHaUFBD9yVDzaGHd3JRyHZrg,Bronze,1,HELIUS_METADATA_BASELINE
6cMoJJ9hVJBgqSktzKa454PywW2NygaNRKXGz1Zb6keK,Silver,2,HELIUS_METADATA_BASELINE
6cRaQWpaaVmAp6ZhpvsS8VZuqLgxr4yXayajXXAkUAfZ,Bronze,1,HELIUS_METADATA_BASELINE
6cRc4ghVjQL6ctxhHiCBejDTbvBWfUTr3x2AWdcspyyW,Bronze,1,HELIUS_METADATA_BASELINE
6cUkrAPSaCim8LMyn3qbM2iSivEgJD6FRtzs8QeMroEi,Arcane,4,HELIUS_METADATA_BASELINE
6ckKUXv5oZDEgdfmsJJpoAi2fZ5xNKMTbwYvrh6LyERN,Gold,3,HELIUS_METADATA_BASELINE
6d22S4N8JNBwuM9ACunPD5Hf7eNnePdqrY73nSAsUKog,Gold,3,HELIUS_METADATA_BASELINE
6d3Qyf317zjbnaQUKSeKKiDfUdYU3WxqG6UhXYU9N5cR,Bronze,1,HELIUS_METADATA_BASELINE
6d9yrsD5zGUF7CP4XBtQi4LVQn8jiWsVLucjJrAThA7N,Silver,2,HELIUS_METADATA_BASELINE
6dBLdDtHRCx5UWD2Uj6ph89j3tv5DaqFnyBhobsk9Ji6,Silver,2,HELIUS_METADATA_BASELINE
6dEQBU81oUBHmeNtYUVhxUak86ANcKDAUrQqYR4tb4pp,Bronze,1,HELIUS_METADATA_BASELINE
6dHiyw2vHV7EWkx1nKcRLnQrWpNddbV8RinB2vGg6vzu,Bronze,1,HELIUS_METADATA_BASELINE
6dWgeyEWpNL3ToHn8Prt4GdHuFksHBEaizQUjiBcgUjC,Elven,5,HELIUS_METADATA_BASELINE
6djPU5qApe6VJkYdVgjbNJBAeQ6nKg5Z3a1MBhn4iC2k,Silver,2,HELIUS_METADATA_BASELINE
6ds2t2fazZy4ocbhKyy83UswxvftFauUTzm1VUb5ymCF,Elven,5,HELIUS_METADATA_BASELINE
6dydmAvKSxtNmrTMWtdGkf9P2H4vk6q7c78WxEqVncep,Silver,2,HELIUS_METADATA_BASELINE
6e1sdESkmcEnz7Mmg4y4iBAQSh2BN4w5jkAYL6FHCxXP,Bronze,1,HELIUS_METADATA_BASELINE
6e3TZDh699mVJS9ospEaSYWL3V9d6UNUncAGW9f1q1W3,Bronze,1,HELIUS_METADATA_BASELINE
6e3UpNLNSM1t2S629wFPkDsQvM4gQYUdFvu3kYDNGpDT,Bronze,1,HELIUS_METADATA_BASELINE
6eFjVhPNwhKWrTtfkPCCVVUfDRYLzk8RGUYrZhqPFCL8,Bronze,1,HELIUS_METADATA_BASELINE
6eJnGRD7jNKoXQN3Y2fng9KqTyd6MtrgCHNLQLQ8kqB,Bronze,1,HELIUS_METADATA_BASELINE
6eJxEmxB1yQ4M224hGxE1iNTDWwaHSMzpvQBT1E2KhYH,Silver,2,HELIUS_METADATA_BASELINE
6eMHAvHAPHMvC2L38QLEmsGuzfBhioxs8tQnpPX2m3Xh,Bronze,1,HELIUS_METADATA_BASELINE
6eSMqVU56EdA3NufvmELL5FEmfCVrpHBnAxtePma6Vpd,Silver,2,HELIUS_METADATA_BASELINE
6eTdX2X7aqUHMKnAkqTTV9aMasJ99QmpdKGVKjPZpv1n,Elven,5,HELIUS_METADATA_BASELINE
6eU1VGhBm4hXbGvYXbhr7tBqXLWSusS5Q8CBqvu8yZNJ,Silver,2,HELIUS_METADATA_BASELINE
6eaEcEnfG9PnYG2cvT8o6WH25PDvHzhmBh7h1oQFjXen,Bronze,1,HELIUS_METADATA_BASELINE
6egzVHmqN8LriCkCXhC2aSJ427pA9HnMaevkXEzoCBH2,Elven,5,HELIUS_METADATA_BASELINE
6ejbLmPDdZHF1jgwiDBG5Ghy1KiioFsf6JDSXGmz64vb,Bronze,1,HELIUS_METADATA_BASELINE
6emH75JV5qPGhKN8tGmMMaBTSSzbpoajLkjXhWoHo1D3,Bronze,1,HELIUS_METADATA_BASELINE
6epqFrG8vF5KuFSxWBfxFAcJpyCUxapgF9hgYa9Z9GFg,Bronze,1,HELIUS_METADATA_BASELINE
6etN2FhAGsmhtS69fbARtugfTmDXwk74vJRNwVQnKxiQ,Bronze,1,HELIUS_METADATA_BASELINE
6etuqxk4Nf78XduZMW6p6Cn82Ax5iR2tAbZWhdcTpNs6,Bronze,1,HELIUS_METADATA_BASELINE
6fEzN5RL1XcuRM2gPWNE2CMMCM8Ltse1xxpn6nonrZqD,Silver,2,HELIUS_METADATA_BASELINE
6fVQd115hxzdmYRWAyB5GyGHRSvJ4QwwMVFa2WaJ9jYf,Gold,3,HELIUS_METADATA_BASELINE
6fZChVrHCCvSWkDLwDTHXBSXHMSohh7axWg2duy7Mk63,Arcane,4,HELIUS_METADATA_BASELINE
6ffb2n17NTFzmzra6WzuVxYuM1cCkFy7CSFc4mZqmU2r,Bronze,1,HELIUS_METADATA_BASELINE
6fnFbTgYtPA8dU3peWbZnMKRfpkHwDorXFemqUXm6Mq8,Bronze,1,HELIUS_METADATA_BASELINE
6fncGRT5g81zV2Puf7jYdtFp82zDjz3DCJdEmZsuaTGY,Silver,2,HELIUS_METADATA_BASELINE
6fs42mcYyhWicDgv8Uc7bVEmw9TkExDHnNVusmkNDuet,Bronze,1,HELIUS_METADATA_BASELINE
6fuMzs2agF6tB4erESfskLNas3SYwysJKvA5ivFj6ViY,Silver,2,HELIUS_METADATA_BASELINE
6fwiKmykwayfUdyN8pyyRKQbib6EPcnrsENBQ3Eg94ec,Gold,3,HELIUS_METADATA_BASELINE
6g31mB2gAh16VXjyidinTdHmWdGDgf2xvVh3M8J3ntWF,Bronze,1,HELIUS_METADATA_BASELINE
6gATHneBCekncptWvsQvXZNft1DyCjCWmFUH7roR8b6U,Silver,2,HELIUS_METADATA_BASELINE
6gCuG2gsRoKqsi6Sn38be1cg6AhneCueAsDbynGrgeWK,Silver,2,HELIUS_METADATA_BASELINE
6gGVwcChCDxqG8CxGV3jgwN35VF3mvqnsW5Y6E5gs6jb,Silver,2,HELIUS_METADATA_BASELINE
6gGdD8iy5WExaR32tHwQp16UkqwqEuinCGGBmKKUvxcJ,Silver,2,HELIUS_METADATA_BASELINE
6gKHTrRJKmDF96PD6HEhQUCRgJmTctmaiQvWyvJxZAR7,Bronze,1,HELIUS_METADATA_BASELINE
6gSQDdLdGPCWk5wshjTFVpVgVE6WAQgJGMnv7TuVTMhM,Arcane,4,HELIUS_METADATA_BASELINE
6gYwNsJhKLLzL8nvmJFNdjA39jJ7ZuzBZQzULYDNtR4V,Bronze,1,HELIUS_METADATA_BASELINE
6gdF7KnuUHrteuyHdV69DttPbwWxTueUyEuQS4jBu2KC,Bronze,1,HELIUS_METADATA_BASELINE
6gsRhyPH2L1nsCXf6DMD9n3CQPDEQ1rCqtMPYfSo4KQD,Silver,2,HELIUS_METADATA_BASELINE
6h33ufm7zAChGwWdWirBVuX5Y6UZVrbbSVAfezq54rR5,Silver,2,HELIUS_METADATA_BASELINE
6hPjUDW1cfBGF8zRv1ZsT9A2cgr2kDm6TQ2WEJc9vRkM,Arcane,4,HELIUS_METADATA_BASELINE
6hZ4oXVDW6SD1QLX3yFyd6F59RGFbyfu48VrJqVJ8CfY,Silver,2,HELIUS_METADATA_BASELINE
6hcFS4HbkquPKWsXCtK8HcPdR2jutn1aVHkb13MW1NKK,Bronze,1,HELIUS_METADATA_BASELINE
6hercrnPqQnHPMrDBjwY8haJmkiYQZpLotxuGi7Ec7rZ,Elven,5,HELIUS_METADATA_BASELINE
6hmGU2mCi6mXiSnAyp6mnvu9dXqEtuY1r3xhiC2M714K,Arcane,4,HELIUS_METADATA_BASELINE
6hxvZKybKTddf6x5ARqzGmfWRC3hqPLFaHW3gFp3X1a2,Silver,2,HELIUS_METADATA_BASELINE
6i1fFxbJjudJe9izA3a3ATM9ZXS6HCg5QfhS2K7mjsij,Elven,5,HELIUS_METADATA_BASELINE
6i4sgwxQHqMYAq59oNJ2v9XCRr3rkzEZ6ekCnBtBsFzj,Bronze,1,HELIUS_METADATA_BASELINE
6iKJ1B88JiMjbFDnckCZcYguASoTo5o72sW59R6x7dCh,Bronze,1,HELIUS_METADATA_BASELINE
6iKPW4sbpy9uYergxEJgSD1ui1yJJs5QkAoDoejppnpg,Bronze,1,HELIUS_METADATA_BASELINE
6iKoNgG6sdwrtJGxdv3WUnwiAKhxZfLTSXuubT8vrHjs,Silver,2,HELIUS_METADATA_BASELINE
6iLceL4pNqHbhz21HpcL7WoCXGTjGQ6Q5Mfm17cPwY1D,Silver,2,HELIUS_METADATA_BASELINE
6iNRrekrpFmj2Dm6x1nrxAN37sMjFD6GGvmt2M57eJVn,Silver,2,HELIUS_METADATA_BASELINE
6iNT6aiSv2eTR3u87XLnJt1eUbtJfPcQ6r8MXptWSv5E,Arcane,4,HELIUS_METADATA_BASELINE
6iovMfizHRqwwzwg2B6128zL2nxWo1s4vnrTdL8KZkc2,Bronze,1,HELIUS_METADATA_BASELINE
6iqkQF9Tgs6fcdsb5hb8w1yPdKmiDnPBnsvprsAHCHi3,Arcane,4,HELIUS_METADATA_BASELINE
6irZQF4ZNCyNaumzK7jPNPZbBPKBNTfMHLJwSHb1Y1uZ,Bronze,1,HELIUS_METADATA_BASELINE
6ivfHXAVBuPvrX9Km8CFo7uLpDQ62zZLJTgw7xgKunjr,Silver,2,HELIUS_METADATA_BASELINE
6iyhNRFtEzYaxceEDNf2qFAaCjcbLWfPcmcG8UVMgeF3,Silver,2,HELIUS_METADATA_BASELINE
6j479UQqSVDYFng4VxJy6CyzJ572gLayzA9zEPCUfmRE,Silver,2,HELIUS_METADATA_BASELINE
6j8KEXQ6F8jaBJV6LauoQAjwCsdLCx9oRMCVMV7zSmKE,Bronze,1,HELIUS_METADATA_BASELINE
6j8ZaGLqCsGZ5VxTqzhSHWo2z7HLpxsYYtvafKCDMrFa,Gold,3,HELIUS_METADATA_BASELINE
6j9hSqyvZXAH6X6m47zSHxrSVr6z4DUheVW7UShDTR78,Bronze,1,HELIUS_METADATA_BASELINE
6jJF9ZqcZNTgV8jFR3QmyNCS8o9zE226qm5va8ch9tW,Elven,5,HELIUS_METADATA_BASELINE
6jSV1i4TrWfWrUgKWXRLDKESkmsNa4FdJwpegqED1w9V,Bronze,1,HELIUS_METADATA_BASELINE
6jTJzF2a2iDmLpSphdPf4ZbDDzCJg4Rn1fmxy5iSyXoz,Bronze,1,HELIUS_METADATA_BASELINE
6jUvCKuNATzVW3wzb6FLhKkPqwUBwe4CiLzGw2WkbrzC,Gold,3,HELIUS_METADATA_BASELINE
6jdKVVtwRUezpbMbxgCUcNRrjAAsFgkKN9UBrFah1xjJ,Bronze,1,HELIUS_METADATA_BASELINE
6jfmzrDDNbM1j2V84C1tWgnUK87Dmr7MDEBVtE68JrVf,Gold,3,HELIUS_METADATA_BASELINE
6jhaZhbxoCn22QiF21tSySbHn3qEj9RWm12ad9dQrvaC,Silver,2,HELIUS_METADATA_BASELINE
6jpbNzpPHiuCagRP8aLmNYYHW7mcdt1b9nfSsMWarLgJ,Bronze,1,HELIUS_METADATA_BASELINE
6jqtkcQ7ptMaWzEx7TVwV9rZygRaKGuBNK8RteignhdH,Bronze,1,HELIUS_METADATA_BASELINE
6jvhJXPCd6z2ikLRi9NSc8ZqJ5uXvRCVm9nyHKs4mJN9,Silver,2,HELIUS_METADATA_BASELINE
6jyaH9UA8kTWjVt21EfHopUzgYLVs6HRHe8E89KnpvdU,Bronze,1,HELIUS_METADATA_BASELINE
6k3786T5iBSFWmo4wpv883hueL1wBmeBo7aSsyjsHDeF,Bronze,1,HELIUS_METADATA_BASELINE
6k7zMqcppG4LKZg7Trd6DAwBixhzArrmCrw93Q6xvwnb,Bronze,1,HELIUS_METADATA_BASELINE
6kC8XL3PuhcWbju8GhsoY8CAmiDwDRgno222w5zTrSnX,Bronze,1,HELIUS_METADATA_BASELINE
6kTs9TgrfHTi8QNDKXEsjDhmgMxvQcVWL5VRd8uCYu5K,Silver,2,HELIUS_METADATA_BASELINE
6kVZUfxvPLjzDwzp7yoDAN9G5Jffct2BaUXDJTAoi89S,Gold,3,HELIUS_METADATA_BASELINE
6kchpRtvjeoKgeR2Yfu1eXC5BbGGPnH4a1TfpZRCEZZY,Arcane,4,HELIUS_METADATA_BASELINE
6kcpFr3u7XV8jKW1V1cQmqBgkYx2CzGM52Q4i26CnYJ6,Bronze,1,HELIUS_METADATA_BASELINE
6kdpm6VzVrfub5XB4xT5H83c8TaAoFeqpj59v4subDnz,Silver,2,HELIUS_METADATA_BASELINE
6kkJLrvgTdxgm6YZ3i1YmwJnEP5oKcjHV1DWY4i7nBo,Bronze,1,HELIUS_METADATA_BASELINE
6kniWAh26am49qHWuMNeE1iLQ4GYXE1iM8HVBhkKjH9T,Silver,2,HELIUS_METADATA_BASELINE
6ko7dyRu65JQjvGeRA5ApZHWnzsyfZUmrk7H7f36EsrS,Silver,2,HELIUS_METADATA_BASELINE
6m3ua1Efh4WRQ5F5FwgHrst9Dp4UqdYAxHiXw93s8WDu,Bronze,1,HELIUS_METADATA_BASELINE
6m8GFcsPurzzMJowzLuUXt4cqY94JSxZrLA9JDbqNC13,Silver,2,HELIUS_METADATA_BASELINE
6mGn9XAZR1TBRVmuqci6TsQRR6Y65XYtUvafkytLYjfc,Silver,2,HELIUS_METADATA_BASELINE
6mHMYLwcs8nqnz6as5kS7Eys3WPDap1pvtbmGgGd1DQB,Arcane,4,HELIUS_METADATA_BASELINE
6mHsx3xn2Lc6CQARiGaxTk6Bp31frkTQAZazQYx2itRx,Bronze,1,HELIUS_METADATA_BASELINE
6mKv1NbScdtbm1jtTZ4rm9JJ2NcBoSR4Rr1arf9jNxGx,Bronze,1,HELIUS_METADATA_BASELINE
6mMnUHVurZX1pKT4Tba6krarQ1zk3Famy9vyUyQUNiLA,Silver,2,HELIUS_METADATA_BASELINE
6mMuMRnPUrLcRtjfXPnzJdoLQbPQWqRpY1n9aHuMFrTA,Gold,3,HELIUS_METADATA_BASELINE
6mNk92v9V2CcKhSTwC2kgk7sutf2igersQF2bQBi2VnM,Bronze,1,HELIUS_METADATA_BASELINE
6mR8Tp4jhCfNxuSjpQJp3zrvTCe5G4JyQrKZuuPcNX5U,Gold,3,HELIUS_METADATA_BASELINE
6mgpdM7rf57AWGJxdCvUVj1gcZnsxy24K7kCx9HPnFEN,Bronze,1,HELIUS_METADATA_BASELINE
6mmwGCibRkDYVRbKeKMjNPy2urRKWhgKWLSEBRsbNdxo,Bronze,1,HELIUS_METADATA_BASELINE
6myHNvGua5eRxTRSWDXC3mGn3QVmS9zCY5TD98YGZkew,Gold,3,HELIUS_METADATA_BASELINE
6nBZ1woyF7jeZprxhUgGVsg5sF1V236GSdSeZy3xzSRb,Elven,5,HELIUS_METADATA_BASELINE
6nDTaRdmM7218RWeacZmx5BqyuZWpzGWqBmEcsaSCL7Y,Elven,5,HELIUS_METADATA_BASELINE
6nM492uMEq48C4Te2du7VmknDgWm9zGjh4hCpEEm4WSd,Silver,2,HELIUS_METADATA_BASELINE
6nR38y8z5n9Weec4vpSNTD4SZaanVnkwuCK8C83mdEF4,Bronze,1,HELIUS_METADATA_BASELINE
6nRfSxwWXinfJwom5HoZVbVr9c9DiqRudy1YVfEGQ6hU,Bronze,1,HELIUS_METADATA_BASELINE
6nT9nuwcxmickpi3SzJHXqfqMYHPEQZmYT6my23e4WUq,Silver,2,HELIUS_METADATA_BASELINE
6nZHvAHu6F8h8rnnuRanWMDs5oCDbH7xwZgumBzASyAc,Elven,5,HELIUS_METADATA_BASELINE
6nrpe3VJRtXmShBujuDMSyRM75cBxwcFpejv82bEraU3,Arcane,4,HELIUS_METADATA_BASELINE
6nzpQs6XMqRYvB1WkbbyU4fmbzQKMsB4ea1PVGwg7dQS,Bronze,1,HELIUS_METADATA_BASELINE
6o6G6eKiVBLpnskuccKWjb4mV9csD4y52zhnwQmjgSEj,Elven,5,HELIUS_METADATA_BASELINE
6o7SMgR7D1iRP4akGv2m1Vnbk1adFL7xgkSCvM7K8eLm,Bronze,1,HELIUS_METADATA_BASELINE
6o7gYffm9uyoCBR4wfzP2PueTdQx3rnUeWzJPZddqLib,Silver,2,HELIUS_METADATA_BASELINE
6oFcBnoT78suNLpkHoSPPYWatDCi4y21BsBvpgBzoMQJ,Silver,2,HELIUS_METADATA_BASELINE
6oHcdVsNPzNxtY74dYFAJBa6diNDvig4HaRAVJBr87aW,Bronze,1,HELIUS_METADATA_BASELINE
6oNRWRxr8rrwfayPZLHLfRsL9bZdrPqk7tKQtHiUPASe,Bronze,1,HELIUS_METADATA_BASELINE
6oR7CWssdEW8dLR76VQjZGkz79BgQTmezWQWdGhUCRck,Bronze,1,HELIUS_METADATA_BASELINE
6oaeka8tZEZ88kfVKtMqiMDuMPUNeZrd8AEQEXKrWjp3,Bronze,1,HELIUS_METADATA_BASELINE
6oyTu7VQRybZN8h8MHi9dAGt6arKo6TkiR9zFJUnqsEk,Bronze,1,HELIUS_METADATA_BASELINE
6p7ctaoapS7H9PMXRbnWMLMJh1VkMA94RhFr3oQj8YLW,Silver,2,HELIUS_METADATA_BASELINE
6p8N7C9zDpEx4A7UKfLZ8nZtxZ7yjnVU2xMqxQ1zNHG9,Silver,2,HELIUS_METADATA_BASELINE
6p9J9n2KCCnZtfsysXRU67jRpBSQ36FaG7HdZrgAFm3N,Silver,2,HELIUS_METADATA_BASELINE
6pEmcx1WRTxZ1JHYFyqXa7raAw2cYMS4FJH7J2N4KQma,Bronze,1,HELIUS_METADATA_BASELINE
6pFiVjigXRrjixSsZEanphKtk6chLPYcCdKXj5xdaGM8,Gold,3,HELIUS_METADATA_BASELINE
6pJdUBHixrssaNEBJ812cTkjxkEHLLgRJhsoiRnid8MC,Silver,2,HELIUS_METADATA_BASELINE
6pP22ZDUQRJZEAw1rdavRQzRxkD441BdqN4Vw66SBRY3,Gold,3,HELIUS_METADATA_BASELINE
6pTn7sRh28G6FVwMmFPvBEnpkcT6sAfpDsUhbGurUqet,Bronze,1,HELIUS_METADATA_BASELINE
6pdisThqQxS17sPGkrDsKfwrHCwpdtK5ex63XPaQLhxB,Arcane,4,HELIUS_METADATA_BASELINE
6pgpWk2T87bERczniUsiV4FR3hDDaUALUuJ8c7D99YQR,Silver,2,HELIUS_METADATA_BASELINE
6pht3FBhw2Kn9yQhG8E1Gydy3Z7ThTyrQyT2PX16yEBK,Silver,2,HELIUS_METADATA_BASELINE
6pkNZfduuot5QwMAXqDyMd5iRPtkHtmy62yHPpPTacaA,Silver,2,HELIUS_METADATA_BASELINE
6pmXW7vGRy21NgN8DS6upu1bgFWRns9q5TeJ8xXAAdXC,Gold,3,HELIUS_METADATA_BASELINE
6po5mztPD1RRGCpdjWvthjxo19dCz5bLvna3z9JMyj5v,Gold,3,HELIUS_METADATA_BASELINE
6pxb69kbijaJkNMAcWyMrQ87xVmzt4CB4uBBU9hNqzKY,Bronze,1,HELIUS_METADATA_BASELINE
6q8zXAX3kmCjC4V3ro7mwT64SN5WDynmwrZkyBnfQjyR,Gold,3,HELIUS_METADATA_BASELINE
6qFPojkgJGYQhaScm4hnhXgC4JUUzD9JBcUmskTGPeVu,Silver,2,HELIUS_METADATA_BASELINE
6qLfF5vg42exDLgoAMERC8ywr7htSjT79i8Cnut344HX,Bronze,1,HELIUS_METADATA_BASELINE
6qV4NxsnsfqLQ6a3wHgwx3UxvbVoXxAkay6tMvA3w3Rw,Bronze,1,HELIUS_METADATA_BASELINE
6qgSn53vFpGGsq3Jf5ic6coBmHkDC9wVA5NGWAtgHtYF,Arcane,4,HELIUS_METADATA_BASELINE
6qggKhtV7j83AvdBbX1nwfMUGVNiwXKV4gPbtcAgsP4S,Silver,2,HELIUS_METADATA_BASELINE
6qkmLLk6Mp9binsX3kyMs88VB4vh3u8ze3GH5Zi9hFms,Silver,2,HELIUS_METADATA_BASELINE
6r882VsPWRAf3DvteXyXk5JMytdnve7bqdAbbbsSv19k,Bronze,1,HELIUS_METADATA_BASELINE
6rK2FgwAHkmnid1NzBVsRofVuZSQafvbdRkAYxyLUrBs,Arcane,4,HELIUS_METADATA_BASELINE
6rMoJifEMtKAN3vtiqzXHbH9yXP85a3khKVhwrhwZVhy,Gold,3,HELIUS_METADATA_BASELINE
6rR3QAAeyBoaLcw4E1CqtdGosCvP4Ae2BGQiMQdoqdtk,Bronze,1,HELIUS_METADATA_BASELINE
6rVK17G6aK4hM5DdgvQWBjezS14DULz9DC8YR9JKF48F,Silver,2,HELIUS_METADATA_BASELINE
6rXPr9a9FA7388fsmFZBUemE6m6efx7uFMczBNmQGwcw,Bronze,1,HELIUS_METADATA_BASELINE
6ra39s9y9UsppzM2Vnvhf6i1q7P7Tg2DhdnUsqiHMhg3,Bronze,1,HELIUS_METADATA_BASELINE
6ratZPDRBZXzrKqDLhsXmExcM8fh37uh8HjXnz8AZKAA,Gold,3,HELIUS_METADATA_BASELINE
6refFEQ1tnvHmTG8h9xw9MxDN7UfyRj73kD88QTykFwm,Arcane,4,HELIUS_METADATA_BASELINE
6rfDzucxbuuQ1GzfMsRXdAfXppiqSYBiEwwgxfPJR64N,Bronze,1,HELIUS_METADATA_BASELINE
6rmCWBU9vD4C363YE1LDsxc8bnLLsVT8tRbhGuPtxjuk,Arcane,4,HELIUS_METADATA_BASELINE
6rup2LcZNSpjX4hJhaex8PMvwExo91rn2AikTbMUtB4W,Elven,5,HELIUS_METADATA_BASELINE
6s5xtgUEFHmtpufSwoXYz7xpyryjFnGGWoYujevS73FQ,Silver,2,HELIUS_METADATA_BASELINE
6sA8zHqCNSYAZNS2GNYgCqBXzf6mdXZThNUVwGR7gQBP,Gold,3,HELIUS_METADATA_BASELINE
6sAfCPu7JEapesQ63fzmUw5T65gvmRVQoBruegpuDSXo,Bronze,1,HELIUS_METADATA_BASELINE
6sMfMvdeQbBHUABA2pQbzbyr1tZb5478Q2YsJHCrh8ZC,Bronze,1,HELIUS_METADATA_BASELINE
6sRP19m4frqEkiBKm5oyQJMfZjw1ZWLW3499iDGPvBLK,Gold,3,HELIUS_METADATA_BASELINE
6sUvataFjMkmEJDvbXLi11gVr88bkj6qkyaeSnptFjTf,Gold,3,HELIUS_METADATA_BASELINE
6smSF1sZeUtPu3LvYMwXkWsQP7KufwJAS5y97nSdM7Y2,Gold,3,HELIUS_METADATA_BASELINE
6suSzAmu6fKVaiodExsfJe38usStc8oDPvoRyp6RfzFZ,Bronze,1,HELIUS_METADATA_BASELINE
6sxHp3N92fn4zyQLDLWvdqUSQjkkBfnVeTWjDtMAYY3C,Arcane,4,HELIUS_METADATA_BASELINE
6tAchcZHCCtzYp4NrpPNZTRnSJXrdAWgGBLGeKJrPks2,Bronze,1,HELIUS_METADATA_BASELINE
6tM6SNRfdPZR8okQiBqMo53U1QaaT1CQ5yaaEwF3wyaT,Elven,5,HELIUS_METADATA_BASELINE
6tPCzNSvsAfpGdZWj4ZHZRuyxFHP6k4v2PATcqr7oPTZ,Arcane,4,HELIUS_METADATA_BASELINE
6tRxdFr6MVkgX2feGZLgQYCG9qFSvjNdSH8yvLVeP1HQ,Silver,2,HELIUS_METADATA_BASELINE
6tddv4T5q6s5yNqgbE7hvNrA99nP2nfPdTcFgYZ6tCq2,Gold,3,HELIUS_METADATA_BASELINE
6thB1qD56oqG5HJ1gQgDweUEhnzdAQaHARNG5tvxm62b,Silver,2,HELIUS_METADATA_BASELINE
6toVKrK6vBDRewHT68QrAhLfSjRuZR9thVWm8NJcKJS8,Silver,2,HELIUS_METADATA_BASELINE
6trsikyCQvpPbRGMT8mu8pLu4an32iWNcLFA6KLC4QiP,Silver,2,HELIUS_METADATA_BASELINE
6u3dbR6A9iNkbv9f9aamAq45d32iuzbGSdAvE7bqzEtb,Gold,3,HELIUS_METADATA_BASELINE
6u5X34BsPDHYbiPSKX5pF75P6QvGZJChxWPJcPXzZR8L,Silver,2,HELIUS_METADATA_BASELINE
6u7zsBgskvsHsv77oGfTEfCA47yqfRj7WQ1iPzw4qufK,Silver,2,HELIUS_METADATA_BASELINE
6uCzXfUiKYHgXtq96fLn2t2V1HMsgwpNSAVpHVYvZW7Q,Bronze,1,HELIUS_METADATA_BASELINE
6uUHNBxzcXVcg3JM2c237SVW3YZfB4bmnsEPFJBk4ag7,Bronze,1,HELIUS_METADATA_BASELINE
6uikr6n4ZMC6r2hrTGiDqSknjXD27xQbtQp1wAyvf1Ad,Bronze,1,HELIUS_METADATA_BASELINE
6uopY5pbF9VzN2hGthMwpXs4yJdCVMDhbaLUTvG9ysPe,Bronze,1,HELIUS_METADATA_BASELINE
6uu7Yu8ymRdrHzn8e3vppzLjpVLG793T6hZivp34Y4Er,Bronze,1,HELIUS_METADATA_BASELINE
6uuwHpnXpX1V9dtxUwNu2dPopb1ySGMU8zb84pPUHTmv,Gold,3,HELIUS_METADATA_BASELINE
6uvnRPuBfeHZKNNxmTQS3qGdq3XmeLSmJgQjBaGrLqrh,Bronze,1,HELIUS_METADATA_BASELINE
6uxLWWULdaTbCixG29FcUtuxjjXKUpH5wPM6boY8Uh9K,Silver,2,HELIUS_METADATA_BASELINE
6vAzBkpWMGtWTTWgmDVwrXRrBUVLn8GoNJwbnP8idAs6,Silver,2,HELIUS_METADATA_BASELINE
6vDCc4BwwirioNXZ4ArjfvoXfu7PTVdUdH3SmhziUhDj,Bronze,1,HELIUS_METADATA_BASELINE
6vQkuMtzzjcSnaAvHqJZKnGfs3Qb6emr4WqTSxU44QTR,Gold,3,HELIUS_METADATA_BASELINE
6vR5RW5bcUQKsBMdcWWpi6H1CvyR64pao7NR5j3qhcLD,Bronze,1,HELIUS_METADATA_BASELINE
6vZtrbiyvVJmH2VmJbqM34M9wEakisbDh7oKTbS8f3Ae,Gold,3,HELIUS_METADATA_BASELINE
6vjUfNkftGWjYTMyVCw1aLKTUzQ4QT5unAiqb41dcsSA,Arcane,4,HELIUS_METADATA_BASELINE
6voKJKb3tMNq9FLcBmgUY8j9vVDg7CAz917yzB9VgBoN,Bronze,1,HELIUS_METADATA_BASELINE
6vsQebo3dS7igE4VYs1477zuqGehSSVBB51uzGs2s7Ae,Silver,2,HELIUS_METADATA_BASELINE
6vuJFgEpyg8jz4WCKDMcXKA15qd7ZfRemdijPGcw4PCR,Bronze,1,HELIUS_METADATA_BASELINE
6w6PBXEU6FfkDEhATajczGcypukKLcF9kBF1R1SYCosf,Bronze,1,HELIUS_METADATA_BASELINE
6wMjujADwJAQdkQB7MDJVPK7TpNNdZsEV3X4bhGf7yri,Silver,2,HELIUS_METADATA_BASELINE
6wpnXvZdBqy9vg2u6xYand9YK6LdtyDhSPhQzbrddrv4,Bronze,1,HELIUS_METADATA_BASELINE
6x9iAuPNyZ9AkB31GxmpasSKEuSxecELRiQpS1LMZK5o,Arcane,4,HELIUS_METADATA_BASELINE
6xUbZyrBxEebxkZFbdECr9MoV3upG2nr9gjt8evv6Jef,Gold,3,HELIUS_METADATA_BASELINE
6xVRpwQwNENZjMLhhk4YJcFrhNuawmVKCfkYA7fQie39,Gold,3,HELIUS_METADATA_BASELINE
6xVXxcar3ZZX2ppEmAt4FFHa3zHAUSwWci2Lpxq6VYJq,Bronze,1,HELIUS_METADATA_BASELINE
6xapaTQof2ti8JSMS3fJGPCQHpFYYf695vEA9eAK1UWF,Bronze,1,HELIUS_METADATA_BASELINE
6xquFBZUa9Kx2gmA75Qd39SbCU6stJPVPAEweGXDTtJy,Silver,2,HELIUS_METADATA_BASELINE
6yKS7mQpGbpuo6dXt3L3UPUacyW2Fet72pbWHeUz11Jw,Gold,3,HELIUS_METADATA_BASELINE
6yWucweLAu4fWt59VFrZWz8Aeq72oNYxDsnMmC9AMpLs,Bronze,1,HELIUS_METADATA_BASELINE
6yYC9XvU9xr7qrVqRpYUDx6zKS3VVAobxeJfdG8LUr2k,Bronze,1,HELIUS_METADATA_BASELINE
6yfGH3uRG5HfoYGdNFRRbr7k8xx5UbJhfCHozUfHaez3,Bronze,1,HELIUS_METADATA_BASELINE
6yitzwhZ5vGEA8usRhTyxj4fvse1KUbBf2CL7xNLvHTe,Silver,2,HELIUS_METADATA_BASELINE
6ykYjmmtsguHTnnbCSiAAikSbKJFmmvAXWJBZmFhMP2H,Silver,2,HELIUS_METADATA_BASELINE
6ymSf4PQpQ4od5Pr9ejZzkhiQ6bqHPFRb96RZhjsKGaq,Bronze,1,HELIUS_METADATA_BASELINE
6yxKUsaPSbWySEJ5vLfrN3NPC89FXwvTkCjBxUk66sKh,Silver,2,HELIUS_METADATA_BASELINE
6zBeTP3EZHux4onZQKdUYGXCkC5JdCqzi8cpVNy49Hsz,Silver,2,HELIUS_METADATA_BASELINE
6zNpCz391mBvqN3PQSys1p1hrFPE9cNqmoor6ARbvg8N,Bronze,1,HELIUS_METADATA_BASELINE
6zRTsosiUB3LNrotxLuL2Z3Wh6EGHRMwEcpGr5diBfqC,Silver,2,HELIUS_METADATA_BASELINE
6zUQk2iSNn4TPFesGeo8ARC7YQPyPhipkswfHTTUxC38,Silver,2,HELIUS_METADATA_BASELINE
6zVUmVUPWH4BdhgHtmhbCC83QzztWGHpF9t1yKiCjsxF,Silver,2,HELIUS_METADATA_BASELINE
6zeJBQP1c7i5AXzBHiEDFMRwYdm2UyW2ZpTSiRL5wCJu,Bronze,1,HELIUS_METADATA_BASELINE
6zfD9gTTn1CCDZz2XCxXEWwqfepnW5hpVyWPW3gbCuRS,Arcane,4,HELIUS_METADATA_BASELINE
6zfiq4us64vmY4dPmAUtaxM44beDUMBUKXrty9fovrew,Bronze,1,HELIUS_METADATA_BASELINE
6zjDwWotFvHPxcAP6stHaDUxknRtaNTUEkQKvaC5JDz9,Bronze,1,HELIUS_METADATA_BASELINE
6zmJWdVUvwkEtxsAVVbCZKd9ncCE7CXTqKBupWztnXKL,Gold,3,HELIUS_METADATA_BASELINE
6zsQMgPrB9t3fa1wfy12xhKmfXnw9BSwnUv4bgL2rKvg,Arcane,4,HELIUS_METADATA_BASELINE
6zwXz8ZSFcRhKG9GJiZUtDdfAvC5rWUeFciy75opTyyC,Gold,3,HELIUS_METADATA_BASELINE
716mYuaeQ8UZX4mfpedUvzD3KVmWqH8riELQTtUhfmGc,Gold,3,HELIUS_METADATA_BASELINE
716nGFDfx2wm7W9qEyjNFg3fqJmeswVE838PVigKz3oY,Bronze,1,HELIUS_METADATA_BASELINE
71J2p4jnoj1jYPhvpHwvsedBu6Nyk6f6N1BEGJzpbNSD,Arcane,4,HELIUS_METADATA_BASELINE
71N5mnFdF7bR5BeVbmtNZNGpzRBKq7MV4wTNy2PQ5EAi,Gold,3,HELIUS_METADATA_BASELINE
71NkKjks1uQwPe5SNVsLxBPhmfQsMEW841iF2hR9VUG6,Bronze,1,HELIUS_METADATA_BASELINE
71pkMxwDbfL6874Y5hbqAqaptLLdUCaec6ovn1wnpzQe,Gold,3,HELIUS_METADATA_BASELINE
71z5BdmLdqXykiWYxtCU4B1NpJgDuaPahp3xVfMS7Zxg,Bronze,1,HELIUS_METADATA_BASELINE
725qLuLYfbSsgu8eh7egcCJCb2e3dkCG5nKm3svFyZ7T,Gold,3,HELIUS_METADATA_BASELINE
726qJEKmg626sE9wPU4LaQuGA3BuLLWmnAURQgHkRCjk,Silver,2,HELIUS_METADATA_BASELINE
72HC1YXKnSkSbnVhWNr31R8sb1D5ng6amf3dBxJgVibD,Gold,3,HELIUS_METADATA_BASELINE
72NDBy3TEGsoBtvo9tMmK8nY38j7tiUHcQbqqspVsYNC,Elven,5,HELIUS_METADATA_BASELINE
72UniFrk82cD74om8i7qhpSZB1gumhjBiWSREwfGVnug,Arcane,4,HELIUS_METADATA_BASELINE
72VJQgVkjpfEAhEFoob93n2JFwFsq3qBp8rSDF3FCWcc,Gold,3,HELIUS_METADATA_BASELINE
72ZAWitFULB8Fnf1gdiD5Ku9hHTYWNLUL3jbqqsKZ29B,Gold,3,HELIUS_METADATA_BASELINE
72Zkr3jZHBQ3k3cy5VX5kUoEumGpjGioE61H8dyJNu7V,Gold,3,HELIUS_METADATA_BASELINE
72dWBTUfoftMrZqAKYTEhFkJ8Q67fV4iUzbAHf7fVEKt,Bronze,1,HELIUS_METADATA_BASELINE
72fueNjzsZp1L9TJgenqPcHzw8KRbcwCuT5k7hYwRZLU,Bronze,1,HELIUS_METADATA_BASELINE
72izonmjN8EUXDSUSdXoYvwqvWBtBFMRqiqzTCMmSbM4,Bronze,1,HELIUS_METADATA_BASELINE
72mFVbw7YHzsYS6EMCDVxcWvSN7UTqGFyFMg4be6D8Ap,Silver,2,HELIUS_METADATA_BASELINE
72pWmZtZ8FUsSgd9treLXQ4o2hkfVYawgdu9izZmbwBR,Bronze,1,HELIUS_METADATA_BASELINE
72rCXciaboVRxa19AjrRYZe5N727nD7M8nVg9zxpYPBY,Bronze,1,HELIUS_METADATA_BASELINE
72w2c3fXCSscyB1MybNnuNBmWHYxtNs4tnbZ87crvRzY,Gold,3,HELIUS_METADATA_BASELINE
736bYEztwarF52DLSA3aUiJNW92oyhK8YRZf2P7Fttd9,Silver,2,HELIUS_METADATA_BASELINE
737CeEEevotJchFonrEenRQKQochtWUFp82jH2UVsMmU,Bronze,1,HELIUS_METADATA_BASELINE
73DCc4WpcNRVaWhH6FbNfdH3s8cHFFYTiWiZFH9Ym9q4,Bronze,1,HELIUS_METADATA_BASELINE
73QUtKNQVdcPQyF7VxJ2Gy4SbqSBPwyBf5YhjqAe6my7,Bronze,1,HELIUS_METADATA_BASELINE
73UHaFQxud1HVyKzyQL9rgm8eNu1t8oGnzRPX6HTpbf8,Gold,3,HELIUS_METADATA_BASELINE
73dLXT5FygBnc9LwQgkfgCVJgLnE4iyXTyNwFpJnJUfd,Silver,2,HELIUS_METADATA_BASELINE
73jWAo5FTvWHKHoUDaMR729Frd4BUD2jYSHSnyw2Ru9H,Silver,2,HELIUS_METADATA_BASELINE
749J72t3a9qK35S7xK5Pb6cFyzVVZAzPTVbKqsZuz2QZ,Bronze,1,HELIUS_METADATA_BASELINE
74EwPST3CcZUNcVSDbySiBSbGHYLJCMpswDgqEMPMm2g,Bronze,1,HELIUS_METADATA_BASELINE
74G3xDsDeAjvHJkZ8neEWVTgPk9ApUAZY4Yekiqjx6kQ,Arcane,4,HELIUS_METADATA_BASELINE
74M7r9naxhStxGmTkgyYXcsoagL41r2yQBJf3D2U9P5S,Bronze,1,HELIUS_METADATA_BASELINE
74R9CEpoEbQffRQfu8rwd8RAmaCoyxFe7yzULyk5hHnT,Bronze,1,HELIUS_METADATA_BASELINE
74Viz6UE3NxQNhyGBFtFdRvAWy1j9PMsuU6CJur5dZ7Y,Bronze,1,HELIUS_METADATA_BASELINE
74WseQL4TAh1NGngZRWCFcmAQFUiVHVrWuGZbxiq3Jhi,Bronze,1,HELIUS_METADATA_BASELINE
74YFMFSVN8kceesovWb9ViiKg78hPiyA9UQcrRuYgGRC,Silver,2,HELIUS_METADATA_BASELINE
74YKZ5oGR8jmD4FPH9T1vHo7R6gB5kZPs7oebmZVnmFC,Bronze,1,HELIUS_METADATA_BASELINE
74dpnvkjMQsk9LpwLBNrk8Wf4d6TamfXivTFZ2ZeUM19,Silver,2,HELIUS_METADATA_BASELINE
74kHv3nPGEskzXF7QGJurPihdsmLr9NuPtFNbmgDLavu,Bronze,1,HELIUS_METADATA_BASELINE
752a3LX3irpEFQJjZArEkm1ZWk7Anufg5jQYjYr2XfGj,Silver,2,HELIUS_METADATA_BASELINE
75M4vW2DtX6qzq7JzJ1YSYUy8Kqy2HbzsQF6BE9wdwJo,Bronze,1,HELIUS_METADATA_BASELINE
75V94NiTS6rByx19688MUT1fi7Q7GN8XdZmnuPJWsQ4M,Silver,2,HELIUS_METADATA_BASELINE
75jAxyqPXMCtXNnGs1hMP4FqnRvNoC1KWzGNnWrCuTeG,Elven,5,HELIUS_METADATA_BASELINE
75jUeaYFhw291rBL6Vq8xFGw8cLJViN9R5osKDhus7Js,Bronze,1,HELIUS_METADATA_BASELINE
75nrJC8LF4kcBSs2G2mTs7wxFsHbct6CcZzoWNL2Y49S,Bronze,1,HELIUS_METADATA_BASELINE
75wukfMPtYXzet7enrU2nWqRcUiduFomrLzgqjCxPxEd,Bronze,1,HELIUS_METADATA_BASELINE
765F3kdA8AwTqPqxAw72gwX1CC7tbjUVoq7wQHSJwxWt,Bronze,1,HELIUS_METADATA_BASELINE
766aLJLYXLzrq9KKs2Qqmap9zAJU8s7CJDr1uNREYm6f,Silver,2,HELIUS_METADATA_BASELINE
767Vxuwi5mKJsyJkEdpR4EUY9UAuG8VPiRtokaQa2G4q,Gold,3,HELIUS_METADATA_BASELINE
76GLvj4H3MaKAKhiwe7ZiLWfw4m3KaEh4wdaKZ6VciCF,Bronze,1,HELIUS_METADATA_BASELINE
76Jrcxr17EBcJWoxmq8SQCmDjyLi9TJEWj7QYCKXb1k2,Silver,2,HELIUS_METADATA_BASELINE
76LZ94beZXhFoZqP9vJDipNv2AdNQcP914xWRCCRbere,Bronze,1,HELIUS_METADATA_BASELINE
76PxackDbWg2aBzzZbpkcJqJwzh11r67JhhVb2n8YLNo,Silver,2,HELIUS_METADATA_BASELINE
76Q6k6b3F9z9icb5NGwP5kBSDCiJKyVL4h3m1QcAfF3f,Bronze,1,HELIUS_METADATA_BASELINE
76bbEt9Po2ea1j7iRTKkfaVQXHiZM8ezAqE7BZ8t4PYy,Bronze,1,HELIUS_METADATA_BASELINE
76uY1RNJbsD2tQTAzvm5sPZ3sh8rrdzX6Rqz8LstS1kB,Bronze,1,HELIUS_METADATA_BASELINE
77CzwrY1aF2yB1jBmn9iNXm49hemE8aFXE8zAGJDxFJM,Silver,2,HELIUS_METADATA_BASELINE
77EvQMGNkytgT5ztFaLYphmRmdBB4ScsTAPLN86AuwGJ,Bronze,1,HELIUS_METADATA_BASELINE
77LidhDwZ4Te5U6fmg7SdiiAWgK2BC2yfcR2NytE9Y53,Bronze,1,HELIUS_METADATA_BASELINE
77WxwtPYk5NeAUzqpSzvKep6J86tPbnGKKhQC9A71zkK,Bronze,1,HELIUS_METADATA_BASELINE
77ZZWEA8PW65YDt1Xj9qAduQxdPCMWAHG8JvXcmJK19o,Silver,2,HELIUS_METADATA_BASELINE
77d3qSTceR5WJUuMHW5ByriSFG4sJMHpXN37sunAGzUW,Silver,2,HELIUS_METADATA_BASELINE
77e1k5nJwiaoCyrspnTvWzdDXePNy3hthb6uUZGGGD3N,Gold,3,HELIUS_METADATA_BASELINE
77hQfRxNwpeiH9jUHuF37LArN2b16cypBLpMi9GbEFei,Arcane,4,HELIUS_METADATA_BASELINE
77oE7MV3BNfuRUQVVsZzBS7vP2V3i9sNmAdTvcZxVA7Z,Bronze,1,HELIUS_METADATA_BASELINE
77pjGtKiW2hZLi7ygKCAXpQ8s1vykDNZLXygT7k53Eyw,Silver,2,HELIUS_METADATA_BASELINE
77sVBghM6f6fceR6NxaRAgEcpErZdxDkjnjRhzayxKoa,Bronze,1,HELIUS_METADATA_BASELINE
77znCbKZUMkkvzz6nomnSLdauLTmZwmvG8tWweiGZ3m8,Bronze,1,HELIUS_METADATA_BASELINE
7838zyctKNf5Q2xroBa49gUpoDeyumxq65VPGKwSbyyQ,Bronze,1,HELIUS_METADATA_BASELINE
7871J6FhVK6hqxnRKNAKMyn9UJUNCXuNGLzQDRZ8XXo,Silver,2,HELIUS_METADATA_BASELINE
78DkLRXd2ikjzKGmm16GUuH6WaiCsYMnWWixaS76STa7,Silver,2,HELIUS_METADATA_BASELINE
78EdTR4D4oj1CzimXLwF1793JhFZTmZuXzTrtx4qr7Jb,Bronze,1,HELIUS_METADATA_BASELINE
78JfxP5b3N5aNtiexxfc1KCx35N65ZxVrPx41Pwk4ukT,Bronze,1,HELIUS_METADATA_BASELINE
78W1L8u6P6kKcGYL6LYM7dyU69wLgW51cv2Ui7kS7XM6,Bronze,1,HELIUS_METADATA_BASELINE
78ehzCijhDAJhFcQh59xCsSh7ukQfDtWtn4QFR4j7PFE,Bronze,1,HELIUS_METADATA_BASELINE
78feaakn7HtrhuBioPD2sNQi46zF75v5pWXz1o84C99W,Bronze,1,HELIUS_METADATA_BASELINE
79FwrDW2Z9tKAu4NvYHVpDnHDnn3FXH9834q1h5XkZki,Gold,3,HELIUS_METADATA_BASELINE
79Rnp7Gcv4bSSYmrz6etNcfJvpByfvsRbdwqDB2beWnX,Elven,5,HELIUS_METADATA_BASELINE
79SYcRrw1L4v9kZtRnbE1x69ENkVTWn1kcYqXfbhXYbX,Silver,2,HELIUS_METADATA_BASELINE
79ZEo9F3egHwxUm6tMGB5AdNELm8cQLRuuE5wGrJaUoS,Bronze,1,HELIUS_METADATA_BASELINE
79b8kDQFNjP7vqzNfgpP9WUQCfPM1rXHXxqK3icaBgLq,Silver,2,HELIUS_METADATA_BASELINE
79gVieyNSk8q76YjaZnjiVcn9jeYUVerb7bZAQerk8Ct,Arcane,4,HELIUS_METADATA_BASELINE
79kY8GEjWLSA1av2EXBq1oWcJn9cZiKwAhhmpcayp8c6,Bronze,1,HELIUS_METADATA_BASELINE
79wkPCSaqgtXye2x4aj5CYwmnVjH9nzdFpAqMzt1P3q2,Elven,5,HELIUS_METADATA_BASELINE
79wmoojHxYay67cN5tEka89foGeLv5g5aA3LSETSrkss,Bronze,1,HELIUS_METADATA_BASELINE
79yKk3hH1EYaB7rDiiSP8wBnT8ctanp72qdidWJtHUqS,Silver,2,HELIUS_METADATA_BASELINE
7A4y5YY9fgWVDdonghVLfsLZ6157ceBjYq8YYYCRmfo6,Bronze,1,HELIUS_METADATA_BASELINE
7A5vcYkgoAFHirrFLFnfSeyZfU1ee76jdumypUVZGuph,Bronze,1,HELIUS_METADATA_BASELINE
7A6YjmYLD1zfsqhyGHhSWaWGnmKMph2raNnAejPUM9qQ,Bronze,1,HELIUS_METADATA_BASELINE
7A8sePXXC4jXFbbpcUPHwPQ4aQF3M2QUyC5MS7cL3233,Bronze,1,HELIUS_METADATA_BASELINE
7ABLsD57zGbP7NCT4vjtd1eMYojzRnAgjcTRLGYDQwVj,Bronze,1,HELIUS_METADATA_BASELINE
7AFMyM1kNyyafWJTKMPunmE5rZbJ37DqiZEQV3unTksT,Arcane,4,HELIUS_METADATA_BASELINE
7AKjgHDN4fgEyMoMwFMA3aPHkc5UFxjQBN6tBiPgoBfy,Bronze,1,HELIUS_METADATA_BASELINE
7AKzSZ1r8AXKKrPqH1SqzPyuBWutd1gnrD6B6MrAuaqs,Bronze,1,HELIUS_METADATA_BASELINE
7AR46ezzvGaGdoXnQWE9w5z7S5X47SwgKg8ZDnD26Rft,Bronze,1,HELIUS_METADATA_BASELINE
7AUAnHFmUJtUYoPD4sHxYWkxjy2mzZKeqPHHyAPFF7NP,Arcane,4,HELIUS_METADATA_BASELINE
7AY7DkV9X2d2vnrTLcRmVJLQhQKojxGravwYk8YBkGem,Gold,3,HELIUS_METADATA_BASELINE
7Abhedir7gPvyyuYBj31AMNU1LgwRYNvXNBjEkUk59Vg,Gold,3,HELIUS_METADATA_BASELINE
7AhXznm2peV1MKDRLE2JNQZXuftHZLJw8EDzXqiTVf3w,Gold,3,HELIUS_METADATA_BASELINE
7Aho8xHzTF9eaWvojFvBEMzzX1kr8vZnGNDRf6CuoujT,Silver,2,HELIUS_METADATA_BASELINE
7AoXR3uEmoSzjqUQ53HtmjB5JZ7hwZqcTc6LibLaQNu6,Bronze,1,HELIUS_METADATA_BASELINE
7Awq1teAf5nLTZo4YjthEk2WMkjSnm3UVeBLPWm77k2U,Silver,2,HELIUS_METADATA_BASELINE
7BUAhfjQFciSmA4nbZZJmDewEBSFD5DRfkoe3GhYP6b9,Bronze,1,HELIUS_METADATA_BASELINE
7BmJpeXdiBzQj1dhw8jZb6hDjw9os9hMDvLgTUxHbK96,Bronze,1,HELIUS_METADATA_BASELINE
7BtrGRCRZPGVnvrFmkQPPPkJKbcoufktg6NSFCZcCGy8,Bronze,1,HELIUS_METADATA_BASELINE
7BwEDZX9iL1wertXstuxhmix1WcJr8QrbNoo8P6oh4aF,Bronze,1,HELIUS_METADATA_BASELINE
7Bzv4KXnpoydcaRqHBEkbPkaHVGVGq2QhBF9BSNaeVp2,Bronze,1,HELIUS_METADATA_BASELINE
7C4MKpXTbPAn7JR3ACZx5DiF7pJQRfvUTMgJArU1eKFZ,Gold,3,HELIUS_METADATA_BASELINE
7C9bv8cWLbELPcnGGGUkE7pCP3z12BAgXYFmekZ6FzyR,Arcane,4,HELIUS_METADATA_BASELINE
7CM8uUea4K6U8o5Jjeus61CkVn7UpszJsEitJ8iYtiH2,Elven,5,HELIUS_METADATA_BASELINE
7CQY2auje9hm8xMtVGEAFQ2jRezBj6Z1cMLX8a9KX6uP,Bronze,1,HELIUS_METADATA_BASELINE
7CfpzcpzziFWHRzVm1wthakbVAnqPnKWBLcwomMvVbEY,Bronze,1,HELIUS_METADATA_BASELINE
7CkYVtfRmKsUJdzKXrzX6go1FWPwhDB3CJ5AHFpARXSg,Bronze,1,HELIUS_METADATA_BASELINE
7CqfBxiB29AbkgsZGCEESe1jdiJXbTfDhLGB6bH5hBqu,Silver,2,HELIUS_METADATA_BASELINE
7CtjNqTvVaQyaMz36To73zjXxeWc8xVRwjypCFr5Ai6L,Gold,3,HELIUS_METADATA_BASELINE
7CyEiMi3TkSruU1W7SNMi38a4PJd84U33TqmBX9cGAaJ,Bronze,1,HELIUS_METADATA_BASELINE
7CyN7JpxZ9SMpHTCdFyndNZBeRu81tAPRijumi9eL9b3,Elven,5,HELIUS_METADATA_BASELINE
7D1BuWuJncrjv4CsoMWPF1XcCZ15WmPE2cmrxMF4rYsi,Bronze,1,HELIUS_METADATA_BASELINE
7DBxYAXC87hNaafBwsdK9MxMoQj5ZEh2sMUFHL1njJRm,Silver,2,HELIUS_METADATA_BASELINE
7DFYY2VhWsF5e8DiC4cgTfe2vXZgMkdX7rULqKULzmFA,Arcane,4,HELIUS_METADATA_BASELINE
7DLmtStQGNuPguTWdRCTKaPtn3QNdB55nSNkzECxMvQk,Silver,2,HELIUS_METADATA_BASELINE
7DMJfq7vXxa65S6HLs1sibskEgETPttKqRAySTAuCULH,Bronze,1,HELIUS_METADATA_BASELINE
7DNA5JNKKotnhJDhUXduFsbsMMFQWxmxVTfm8ZxjoiL2,Silver,2,HELIUS_METADATA_BASELINE
7DR9Q1S9Vjf24VDdBrubx1FQ1H8XtZtTQVXHoeafsKFh,Silver,2,HELIUS_METADATA_BASELINE
7DRzQ8VrrVRBK8LS4UcrDEwAvBtQbpHDJQb3MDUnGA73,Bronze,1,HELIUS_METADATA_BASELINE
7DUwZXLZJHSjMNXbv3PiAJY4HLWQDur6FdsLohUKnKmJ,Bronze,1,HELIUS_METADATA_BASELINE
7DbMVDVe7jcfFviZtNfSeaic7Pj1VhNTS7JRZkyGjHFw,Bronze,1,HELIUS_METADATA_BASELINE
7DcG9FBWoKepFo3NXFX5rv9zgJB1yrqCnSMHBvjbTSjx,Gold,3,HELIUS_METADATA_BASELINE
7Do9QfWRrsg8CguEK4nMawMkkQvJ8LM8gEcj9PXLqoeb,Bronze,1,HELIUS_METADATA_BASELINE
7DsfkJtQifhZqTajgmaWB3ZN2uQcxFwGbSzPQrVzxTtZ,Bronze,1,HELIUS_METADATA_BASELINE
7DuckcxrCQ4YKff5XemZp9iC6DyqjGvV3obvrdGefhnt,Bronze,1,HELIUS_METADATA_BASELINE
7E7mrg2dmuiYu3w2Y1Uq1UL6jXMDkzkUo361zuUbVTYq,Bronze,1,HELIUS_METADATA_BASELINE
7EVC5WbfTjnR3MspsXGduxXrV3RjWN9Xg7h7g9jr3qz5,Silver,2,HELIUS_METADATA_BASELINE
7EiCoVqR6F9jUosanRTpYVzKQe6gJR7QmckVo8GW3JAw,Bronze,1,HELIUS_METADATA_BASELINE
7Eio3PXC3CKnSXtJP5HXUvj5UQhtmncXXWhcqbgBQwKS,Bronze,1,HELIUS_METADATA_BASELINE
7Enghwae469BqVGt9DxGyRrpzUhYhmdHdVcc4Mti3MWM,Arcane,4,HELIUS_METADATA_BASELINE
7EuPNq2HUPfHJ512pHrfFyfaa6dnZVygxgwrY9845YKZ,Gold,3,HELIUS_METADATA_BASELINE
7EvEYn4GSAkb43ftbdkgKVYTf8nPqD2MRuMvUyuUXwXW,Bronze,1,HELIUS_METADATA_BASELINE
7F1QszVpQN1bp9TP8BRU4yhYSJrvy6oVPrQRvPrP3RVv,Bronze,1,HELIUS_METADATA_BASELINE
7F7apdpmWhe1jsdu3fyeoksGsMUUKU2ATSHznknY1nq3,Bronze,1,HELIUS_METADATA_BASELINE
7FJ2ddjNGaBbbFf7DcYmHhNJjbrkNVsmyju92YWXhcP6,Arcane,4,HELIUS_METADATA_BASELINE
7FVMSDxCUQENq8vqZEy7ypTgNHtecxw7J1tusEMuTfAs,Bronze,1,HELIUS_METADATA_BASELINE
7FYNQwhdFkgwWygwSattgam12RAX1LmQQb2ng83cej9G,Gold,3,HELIUS_METADATA_BASELINE
7FeSKzFcKRJAeb5giCcyAP6ENjEAtWb2aXEgxLx4qZWu,Bronze,1,HELIUS_METADATA_BASELINE
7Fr5YKi4YvmXVc6NY5uw5mMogQaFTTomjysf8Q4hcB7f,Gold,3,HELIUS_METADATA_BASELINE
7FuZmFuQnLJtwVpFNvi6xaqjquVN6oCwPXwBP3diojsz,Bronze,1,HELIUS_METADATA_BASELINE
7Fyv3GLfduMCFGesbCEy7PnmJLdKcYsz9qxyW7t8H8TS,Silver,2,HELIUS_METADATA_BASELINE
7GBRUvWpy8oSJWYcs1rkQPgR6TT8fpuzDCYSxebtsdvq,Silver,2,HELIUS_METADATA_BASELINE
7GMfZNaLQhRCodFNeGwUkRo9DkUhUvVvinmB9q7UuEDT,Bronze,1,HELIUS_METADATA_BASELINE
7GNp3MyoxRUveG6md8UiHiGnZMQcZYLQNNrfLzbUELaZ,Silver,2,HELIUS_METADATA_BASELINE
7GcWuMxGubkodTUzhp17NGBfzjWza7Qzo2obKG1Ns4Ct,Silver,2,HELIUS_METADATA_BASELINE
7GfN77ZQBRjZwA2hy26amLgG21Jx4y1FuAjCQN1Dyjb,Arcane,4,HELIUS_METADATA_BASELINE
7GmhHXr35ordyBu33AhZpxqi5rA6BkasJdCVF4vbb7ac,Bronze,1,HELIUS_METADATA_BASELINE
7GswPcQSBkixGzR2EV56Lq1oEbWuMNGqNw2r52XCGNvx,Bronze,1,HELIUS_METADATA_BASELINE
7H2wZBp3LA8zAZSKrc6B4tfCaJuL5SeDH3qxHbj7pdCF,Silver,2,HELIUS_METADATA_BASELINE
7H3Pc5uLip9HTugvWiMnPrBqRGhixdScUjq911uNCFD3,Bronze,1,HELIUS_METADATA_BASELINE
7HBRkMmZQ5UE8wX4V92Ww6vWHPT9icx7M6gYYciwKDje,Gold,3,HELIUS_METADATA_BASELINE
7HCbaewHFne6SgR29fTuv6jtjAbSYDof18YDhFyK7xmN,Silver,2,HELIUS_METADATA_BASELINE
7HEDa3vxUQ7uo88yKi1EfZRwF2c9JU1kKvSdVBmUTZ5y,Gold,3,HELIUS_METADATA_BASELINE
7HJFDBLcdFMXoFB7Q5L9zaZe8gg6edgKBEaHKZnS291W,Gold,3,HELIUS_METADATA_BASELINE
7HRLUEHFVGcJx7bH7Ca4inpAFutFy28i6RRgduscSma8,Silver,2,HELIUS_METADATA_BASELINE
7Hmtx4R61SuY6mbds1pKsNWNfCJb9GjYrPcErQfb9ETH,Bronze,1,HELIUS_METADATA_BASELINE
7Ht7KNuQJAqwzkTvUhZfXy56RAqMf9NLk9WXNYhVi2WE,Arcane,4,HELIUS_METADATA_BASELINE
7Hyes1QgaGuwecZnzoAdsx2ZoJLPjcwtABqbHWK6bhpQ,Bronze,1,HELIUS_METADATA_BASELINE
7HzGPcxEABm8sMUpEo3YnbYRB9wEFHtQZWDjV5mqJFBM,Bronze,1,HELIUS_METADATA_BASELINE
7HzryPkAY38yby8mJjnrveeu4KDuN74LtoXvx4V5XJb3,Bronze,1,HELIUS_METADATA_BASELINE
7JFg16KsskTUPwC3GHjnc6qgY45BVpKVi2RD1Uj6VKPn,Silver,2,HELIUS_METADATA_BASELINE
7JFhmwyo19MkpSfBd7rdW48Mxa7ffk2MvERuwnoiB7Sg,Gold,3,HELIUS_METADATA_BASELINE
7JKYTg3mQtwCGDU1sFrXrGuFMdhN6RqispZggFPno8q,Arcane,4,HELIUS_METADATA_BASELINE
7JSgQ74oNJa5UXi9zHnBmiPTE6yBk4KqdW1vSaM3wHCp,Arcane,4,HELIUS_METADATA_BASELINE
7JaqQz4wZJLPLKpEsbk7XvCNpc9nSQmZL5rdZt9FvCrw,Gold,3,HELIUS_METADATA_BASELINE
7JeWzCd3jSh3aXJhjTgGU8FpaqSQgeGJmFeaTDpmrfLr,Bronze,1,HELIUS_METADATA_BASELINE
7JfqBTft7VJ6zL31qnLmMML18pcXK43EEjU5catd1s6Z,Silver,2,HELIUS_METADATA_BASELINE
7JnARUr9LeeDFdhsQASB5kJt234waKgiCLdSEq7XzCDb,Silver,2,HELIUS_METADATA_BASELINE
7JqStow9zqoxHGwkTdZ8mQyvvi9H2BzyXAPnejwLNgAk,Silver,2,HELIUS_METADATA_BASELINE
7JtrSVEftuAT7WpYzwkautVMXjv8CXzZJogMTxfcUYSr,Arcane,4,HELIUS_METADATA_BASELINE
7JuWM9kRYCEHb9SJNhbQCMvaiyEoVcvA9MeaSFfchgQj,Bronze,1,HELIUS_METADATA_BASELINE
7K2MhzCPvrkSG3dSgNfhZr2NwvKYkyqKmeCVXBj3SFuy,Elven,5,HELIUS_METADATA_BASELINE
7K6GRe5NBk8z5Arq9N8NsX31bQegDv1Eqbgr2xTUeGnm,Silver,2,HELIUS_METADATA_BASELINE
7KNVrgxCuVZRuv6WL8Lt4EcsJiKMRFh2QFFEjp6niXTn,Silver,2,HELIUS_METADATA_BASELINE
7KQrK9bzw67aysAX1RzVYYndkGNDKkc5EckTi56EYdYq,Silver,2,HELIUS_METADATA_BASELINE
7KR9W99rAc9UBJ1RdiGdbgcoMaDQNdANMJBQjmfzdyX3,Bronze,1,HELIUS_METADATA_BASELINE
7Kb1kx7roBrymqiurq3E4ynHEkW4TxTd2gHPLGSkoW1Q,Silver,2,HELIUS_METADATA_BASELINE
7Kdw2d4daBwDt8Tw5Kjx9cqa9fzsjXfit6ga9e6yhVF8,Gold,3,HELIUS_METADATA_BASELINE
7KgevgsqqARR4emdkWugBgRn5S5KLmkXgAb7UXPfP7Qf,Bronze,1,HELIUS_METADATA_BASELINE
7KjHeVSEPeF6Tg8Uv5UcfGZh1SYDpu376yYNNQyfV2Jy,Gold,3,HELIUS_METADATA_BASELINE
7KnJNf9aXmgPz2N57i6D8K7NraYZ8brVqBcfRLpPXTim,Silver,2,HELIUS_METADATA_BASELINE
7L3J1SH8Pz39FU22Ruj3RctY7Em4hsrPSDKv99BzuRMP,Silver,2,HELIUS_METADATA_BASELINE
7L5tYCpdfc7X1AMiDyzx4nb3YzFUrHuL4n7yp4HZEKWt,Bronze,1,HELIUS_METADATA_BASELINE
7LQfN1gkgVgkx6uau3SV1Ws3AHj24MgUGLmmSUPmB2cp,Bronze,1,HELIUS_METADATA_BASELINE
7LRechNQj4YKxzTpahTvU4SFWHSfqo7pP9tx5FW5JLFH,Elven,5,HELIUS_METADATA_BASELINE
7Lp1Cnkssj7hRbvTnGgQzbBfpNSsFKep1btYEzPxqD2t,Bronze,1,HELIUS_METADATA_BASELINE
7LrR3gSuaUdPUrY517SR1SskF6tJdeGrgQzDY9X39QC3,Gold,3,HELIUS_METADATA_BASELINE
7Lt7x5nMsH6tj3BmFXPGH4DsCctvkoxQ95iXkq9BZEpb,Bronze,1,HELIUS_METADATA_BASELINE
7LuV6CwnnoQcqtJYtCWjfUMMSXeRF172JaZFBc6P2v8Q,Gold,3,HELIUS_METADATA_BASELINE
7LuheigKArrb6yjfqDQMwGvBXw6w58kXWcR8YfSEkMEE,Bronze,1,HELIUS_METADATA_BASELINE
7M4s8sxaCzweeraQxsvcmNX4zYeAjoQ7udiiELYrsa3c,Bronze,1,HELIUS_METADATA_BASELINE
7M4ycWcwQbrFF35B4aHq1xybGUCFckHtHYV5hiGTaewC,Bronze,1,HELIUS_METADATA_BASELINE
7M69FzeNwW5apspqRTCynLdzY6tmVENGZP4CLhWW7tdM,Bronze,1,HELIUS_METADATA_BASELINE
7MCvPCA1y7N7PB9JdzKWCJdmjRmAWkewAEjA6qo5a6M3,Silver,2,HELIUS_METADATA_BASELINE
7MFtDhr1Poteakod2HYZNppF8VQzJQcxFsVRApKDcEXF,Arcane,4,HELIUS_METADATA_BASELINE
7MQyS6y7p6H3a1z6A12rCajF5doRWBt4vWTNQwX92vuw,Bronze,1,HELIUS_METADATA_BASELINE
7MTZnAMoxDQDSDU6LbPVEAocf2BWVaBn5CjPTA1zUBSH,Bronze,1,HELIUS_METADATA_BASELINE
7MXMsD6596KNEDNTjydMyZBPv82WXvCYgGpeVGkh79jY,Bronze,1,HELIUS_METADATA_BASELINE
7MakQ6S2xnhaxddjAZ77SSsM71xH11x66P229QViMZv6,Silver,2,HELIUS_METADATA_BASELINE
7MwnxnReFRnqPhDvBffjr2mRWCSdGtp8gu1tgw16UD1K,Arcane,4,HELIUS_METADATA_BASELINE
7ND1JagvRLKa1ZQRjiXkoirYFZcVw4Sj8HiECGmxAQZW,Arcane,4,HELIUS_METADATA_BASELINE
7NFo4HTBzvmrYkBujMZWJR3Xih224FLEZWtyB5dcUXcN,Arcane,4,HELIUS_METADATA_BASELINE
7NLGoMysT6p7aeXAbgV27soNctvggeDjSNDrEJ6gPXiz,Gold,3,HELIUS_METADATA_BASELINE
7NTo9Zq5uv24XWQcBWURSDQ7KeaQgSRjX4HFeXwrsGeS,Arcane,4,HELIUS_METADATA_BASELINE
7NYKf1ES5Su1tFwYPw9k2xLFjwLQ6HkowkWikv4LL8Dy,Silver,2,HELIUS_METADATA_BASELINE
7NcchHbGajszPQejF559bFUtSwSywnfaPAKQbgd1fe2H,Bronze,1,HELIUS_METADATA_BASELINE
7NpfDvwMFidBz73XV4WJRP32D1EQo1RNFj2oDZfdXykd,Bronze,1,HELIUS_METADATA_BASELINE
7Ny33DJefrkcRhSobkrgrpv4Hj2vAiMemgLJdq2cXqiR,Silver,2,HELIUS_METADATA_BASELINE
7PG3a6c7b9q83XBywofXRcaVmrh7oug5yGeeNnCoYgwX,Bronze,1,HELIUS_METADATA_BASELINE
7PLYeANUuCehFxZJnxpe6cNdH8epdQkWBRfMkaGnTxCq,Silver,2,HELIUS_METADATA_BASELINE
7PQd7pSXUMAfQWqboHavQWPNGgDKXi9HMHRncvVMFRdi,Arcane,4,HELIUS_METADATA_BASELINE
7PT56mbKw4GcUTXGJ4Y64soV1z8GhCApq7rUtckvfuUT,Bronze,1,HELIUS_METADATA_BASELINE
7PTssroBggWXB8V6NsKyPr6Zg8MWkd9woB3jbRcWj2jt,Gold,3,HELIUS_METADATA_BASELINE
7PUXkM5omvK3mf8kKsaVVayzWvWUo8fGDj32L7mRNd5d,Arcane,4,HELIUS_METADATA_BASELINE
7PmpVQeGasKBM7Pb37M83GEX5Mq8BZpgokBeuzPSHPa,Silver,2,HELIUS_METADATA_BASELINE
7PqAWDvZ7bw5nTZXfaK9zbkEgKYNf4yS6PaXoK6tEKpC,Gold,3,HELIUS_METADATA_BASELINE
7PtbeeXbCerhsdH5e9dSi2HQxcdDamgRi3g7s1ASpudS,Silver,2,HELIUS_METADATA_BASELINE
7Px6rp5H1iqM9Z6EaUkwoR3cVxsFUm5W5TSiLFzfDPGK,Gold,3,HELIUS_METADATA_BASELINE
7Q4cgTaK72gVLvVUqQu7rxaWWupJaUCwmjn2p2VFii4S,Bronze,1,HELIUS_METADATA_BASELINE
7QCvGDBsZX3MRwREbwSXzQJepJWDv34yA4v1tNqAdqji,Bronze,1,HELIUS_METADATA_BASELINE
7QD28QhC6x3Y4HtbYun9yqExqSewEPKRWRr9rYrf1aRu,Bronze,1,HELIUS_METADATA_BASELINE
7QGofrqkchbJGixTGyHUYvMMTiMHELAuYLNh4zvTB6i,Bronze,1,HELIUS_METADATA_BASELINE
7QbqzFinjfes2TFRGuNNNtydQuUrKuF5LRu7W3RRiKSV,Bronze,1,HELIUS_METADATA_BASELINE
7QfqKxNBKNTb2wiiLSSqnVWqWpQ87ruCsgNmYRCUNBzc,Silver,2,HELIUS_METADATA_BASELINE
7Qq8R3BJ1vVRgcMDfgYB8JibPx9DBmsYUPsGzSFqU2xA,Elven,5,HELIUS_METADATA_BASELINE
7R1Tav8qB1NZg989uPPYbpMTVgg3UgwvwX7BKaxc1Syt,Silver,2,HELIUS_METADATA_BASELINE
7R5N7sNQjpz9Deu5x8dDFH4tHt64qxWtb3SY5fK6wLUN,Bronze,1,HELIUS_METADATA_BASELINE
7RHgcwP7d8yhxLhe4np9Mhv5ZRrcRwuQvN2vTiV36PBr,Bronze,1,HELIUS_METADATA_BASELINE
7RTmN786Bg5ovP8DDktLtuWvrXnEEo2SsYTxNBg2Az3P,Gold,3,HELIUS_METADATA_BASELINE
7RfXeTi2LcRjVTfwVobPouvUgBLSNJrEADPxZE3PjbxP,Arcane,4,HELIUS_METADATA_BASELINE
7RrLLwesMkjj6LqJVaydpvRdRUZzjB31mXJdGAdT81sd,Bronze,1,HELIUS_METADATA_BASELINE
7RxNM6qBx6qminMMgHxQajc1c44Nrooe1A3UG36Fxa2v,Gold,3,HELIUS_METADATA_BASELINE
7S4sxPxeqQDBx4X4bCiR73NjLfxdoZNR3Xz5GZ8m49dL,Bronze,1,HELIUS_METADATA_BASELINE
7S8fcgZyXE5gFge3zaSXrAh1JytA7cfBSW6StQJwwGtq,Silver,2,HELIUS_METADATA_BASELINE
7S95YuSHQgcs5rwJjJMoJn5U2EWVPmL34ShoPfiDEzXr,Bronze,1,HELIUS_METADATA_BASELINE
7SQ9Rdh1GbUBtgPkJN5wgtj2wECppfBGn76JecpaNVNs,Bronze,1,HELIUS_METADATA_BASELINE
7SZBGQ1yBuQJnEPKvHiFjNhqSZBj97NwgnhvCH7wP2wN,Bronze,1,HELIUS_METADATA_BASELINE
7SbD8b8EgzBT4Sbx4Q2iaZsovqn92fDaWp6wsxjeVnEC,Silver,2,HELIUS_METADATA_BASELINE
7SbhD4J13KmXVPM35kqvsr5eerGnXev32WphcwSpKqkE,Bronze,1,HELIUS_METADATA_BASELINE
7Sn2u779opr86gFVfZ5FZCTVKFEvDF3k7tWbwysMShPy,Gold,3,HELIUS_METADATA_BASELINE
7Sr5q2WQjoJGerVGLQBBpTgifCYgXLd5HNaWBihENWyY,Bronze,1,HELIUS_METADATA_BASELINE
7SsNib7YqQMrrj1NmCZdZtK6CEDBt8QVnNHh6t8prYYP,Arcane,4,HELIUS_METADATA_BASELINE
7SyGmxM3t4RrS2zA2GeY6ihJgAKDsy5ngih3ZyBJ7XwQ,Elven,5,HELIUS_METADATA_BASELINE
7T41DLwLi8bSHUxRBDY3K7kLiNwt84mtmiQJPSoQVH6f,Bronze,1,HELIUS_METADATA_BASELINE
7T4BNYxuS2pnLywzawL5JRFjrx996X5FBzFtftGdgo8k,Gold,3,HELIUS_METADATA_BASELINE
7T5T7ri4PsnsjrL5xXm1KnWpibiD5D3KoBSv6HY1pDFg,Elven,5,HELIUS_METADATA_BASELINE
7T7ayNaxGDNQJwHPo1A4VVgLw8oSwJyqDeDxAReHRbr6,Elven,5,HELIUS_METADATA_BASELINE
7TSPELEQ3ZdaXTU51qGfJ4b1SUeDJx2ak3gPPri8b7Kj,Bronze,1,HELIUS_METADATA_BASELINE
7TX8z318VCVuKYHj9EiXoYmRtGZJ1gbT8iKmaM7Wyeuf,Bronze,1,HELIUS_METADATA_BASELINE
7TaViPC5sw5ruFf8MT2mvZw21kPNucumeYi9BFyoptR3,Silver,2,HELIUS_METADATA_BASELINE
7TbHHCBLNTTWeyprUQSgbqVq9UwyZJpdVDeGFmTNuU6U,Silver,2,HELIUS_METADATA_BASELINE
7TcgBMYqprq8GFyn6HxBo3Wy6GVaRbXRQpMG1vztBMBN,Bronze,1,HELIUS_METADATA_BASELINE
7TiwqM4TTAfJh6GCdny7xPk4WxeovwG1uoqabNE7178G,Bronze,1,HELIUS_METADATA_BASELINE
7Ts245kaPEU5G7cCPtnEnwt5x4zJ4Qc6GAqH837XfHMd,Elven,5,HELIUS_METADATA_BASELINE
7TsVJzEiXhXLPT99pxmPNqadsauRx2DmU6EfQZxiUPMR,Silver,2,HELIUS_METADATA_BASELINE
7U3hAYi52qMTTZG2ytjCtwVkfq6t2MDHhs764KhV2tGf,Silver,2,HELIUS_METADATA_BASELINE
7UA3ZLQDU5dSiYJL6uRd3hx3FwLrnfLP9Hk4iTiEm3kw,Silver,2,HELIUS_METADATA_BASELINE
7UHeNnM1xq5fsfmyZKgmvB8uEqUiTWQF27xBP6hqgAB8,Bronze,1,HELIUS_METADATA_BASELINE
7UKoyp7h4bXp5jxVb8JjMP7jURtNNh1nEYb7bXMNpocR,Bronze,1,HELIUS_METADATA_BASELINE
7URtvvKFChVKijXrbswB9hdu97W4mmasPG3mGE3xEFjB,Elven,5,HELIUS_METADATA_BASELINE
7UTCewcGL8iLahiwEnm3P6xG9XsAoMhk4Kv5hvpbXFDc,Bronze,1,HELIUS_METADATA_BASELINE
7UgArvz7m4dgoTTmhBVXuH3dSVHtTWyG9mShsF5c6a3v,Bronze,1,HELIUS_METADATA_BASELINE
7Uht9pjc7ddi5FwuH7LygqwKuvs5PFFkddNaXWXqoLP9,Bronze,1,HELIUS_METADATA_BASELINE
7UtBk3Gq2nRjjJ147g1qtuPuxnpgxxs2vLcjTK5U1UA2,Bronze,1,HELIUS_METADATA_BASELINE
7Uw58xRdYwMky9hEKYKkaXX3nUdfM9VGD2nf8JGDDDg8,Bronze,1,HELIUS_METADATA_BASELINE
7V4ikpV2cA2Kp9SqKGrH3sc7t9EvUY54mFBgtQcaNDVg,Silver,2,HELIUS_METADATA_BASELINE
7V4oEabXd9jWpFC34BZnie7SoqHTD6Kpn3vNLjtaa7L8,Arcane,4,HELIUS_METADATA_BASELINE
7V7NRQ58J7mW7oxsLDptDSCRD5NXHKnh4PQYpmkgmcHm,Bronze,1,HELIUS_METADATA_BASELINE
7V8uFqHR7AkyDdHQMNLfe14ZZNyUepZUiEgZzKnPHpzY,Bronze,1,HELIUS_METADATA_BASELINE
7VJTzmpzmxK39L6ENdWBEoVjrp52vFKzwPmewfeUaNPd,Bronze,1,HELIUS_METADATA_BASELINE
7VgWPV7oLZfd7Hp5SaWBobJwVxvJeV9T4HfrVzbnQzcf,Arcane,4,HELIUS_METADATA_BASELINE
7VxeFr13ym7TJ3kiiymRK5JfYqxVUdgxm7rWdv2zvMJ1,Elven,5,HELIUS_METADATA_BASELINE
7VzB1RoUJ9Q4ei6xnxZfyCeZisNK9EHmbbbVXGpwSwhi,Gold,3,HELIUS_METADATA_BASELINE
7W4L3sXyBiiGcuk98jw3Rx8K6LfMC7HdQ5onWbwhEWnA,Bronze,1,HELIUS_METADATA_BASELINE
7WD8iXMRpBsygWexL91fSKxtXHMW8hoayLkXgS6998Zb,Bronze,1,HELIUS_METADATA_BASELINE
7WEW6wpoQK1ZvXBiZJXR7ydDFMw349aoBJRQVAuWnbrC,Gold,3,HELIUS_METADATA_BASELINE
7WKqGU6pXM6bn5ehacY5AMGXcqQVPAeVisnadKw8q7iE,Gold,3,HELIUS_METADATA_BASELINE
7WLL8Kh9KPaxMXTqRzuypUQoBr8LnG3741uJuScNrfV5,Silver,2,HELIUS_METADATA_BASELINE
7WPdMQyXehfajMTYNCHRYe5df1WrHScYDGNvyV759fg3,Gold,3,HELIUS_METADATA_BASELINE
7WQ2w1achPnNy6vTfAkx1U6MwBYVtfwcK9GMRvvkZKvg,Gold,3,HELIUS_METADATA_BASELINE
7WTDULof7QyN7k9gVbZZJBwjvta2QkC9o3d9VT5EB2DC,Bronze,1,HELIUS_METADATA_BASELINE
7WUTUo7tPotzDzr23ruKYXhLDYicAmojEfcQEAdHTEeU,Bronze,1,HELIUS_METADATA_BASELINE
7WUcKd8RvJ7LqYbU9dWUDfma3h9hsoHPETh7Swbgx9jf,Silver,2,HELIUS_METADATA_BASELINE
7WWgvkYSEw1zkjnf7SgGG74uDiV5gJLcznt37S7nRE9v,Silver,2,HELIUS_METADATA_BASELINE
7WgEvfBZUhVR449ifrWh3EsBkXWgWH55PS2ZGTVmoh8i,Arcane,4,HELIUS_METADATA_BASELINE
7Wiv793S7my1W6zZQwnxwjS7zvukzQnP34Ty5aJXHE8o,Bronze,1,HELIUS_METADATA_BASELINE
7WrLiZrBgdPGHkNaGhhQaXmNvHwaXMkHv7fErp2dprMH,Bronze,1,HELIUS_METADATA_BASELINE
7WxH9xRhYD8JsVvHGvPzaqE7GgAqE2SS9FRaWAzFi12w,Bronze,1,HELIUS_METADATA_BASELINE
7X3WW6uPpSFuuqxoxKaapFLhSD3Wx8LqJBnTLhxKjBY,Bronze,1,HELIUS_METADATA_BASELINE
7X66GQa1LAepCNkMmyeRAHdyRzETHyxCRWm9G1pBpLkQ,Silver,2,HELIUS_METADATA_BASELINE
7X7iC4EDMxenDPGBRsm6ScQ3UeC3Bzhm6VmDNkELQfgc,Bronze,1,HELIUS_METADATA_BASELINE
7XLaTQ6Yqy1pjKzH2NJ4HQPK16niRn8d2Ba41x34yt5A,Bronze,1,HELIUS_METADATA_BASELINE
7XQv3hZocy3yYttByWZsuzteTwyeixfArBi28SYsEoQ7,Bronze,1,HELIUS_METADATA_BASELINE
7XUc5QRiUkzyQgy2eegHUfw4Qj5QCu83VEjV8Siqei2c,Bronze,1,HELIUS_METADATA_BASELINE
7XakXv6TB5nBghtVTVht6qkuisrWSGNbefpPNUhd86y6,Bronze,1,HELIUS_METADATA_BASELINE
7XhhWD6GVBnaSsLg3JBbxZnBsKfmQcD2wPpoBnvMXu8y,Bronze,1,HELIUS_METADATA_BASELINE
7Xixq8pxAjQfNKqJWUZR1p7CBUGW8YzWzfuu1fGFggNy,Arcane,4,HELIUS_METADATA_BASELINE
7Xkm3dUaMiceK3hTDk9u2XNrNDoqSKjtB73dgrUjYC1c,Gold,3,HELIUS_METADATA_BASELINE
7Xohhn3eR6CoGAE183LyV3jdmeMZtc8hpfJd1rKqKNcf,Bronze,1,HELIUS_METADATA_BASELINE
7XtyMwR831M6e3dK9sCZHo4S3AyPTL5GQCaDCEzJkixA,Bronze,1,HELIUS_METADATA_BASELINE
7Y2tRBHA8Ep3MBr9jz1djH6dG4xtjcm1ax6Uz1UmH1Eu,Silver,2,HELIUS_METADATA_BASELINE
7Y7f5rU7LmJPVUCHxy3iUqQGu2WW9PgNYpHuooLMpoGt,Gold,3,HELIUS_METADATA_BASELINE
7Y8HrGP3iuJFXaq2d8FfpvfjGB66ZGHoeg6YTbGGA4YK,Gold,3,HELIUS_METADATA_BASELINE
7YF1qRdufm4nadbEnGyCkBWiUP2R2T8UAGYHgoJrqkbQ,Gold,3,HELIUS_METADATA_BASELINE
7YKcSQzaMd7oGWQLn7YkoBUzEigLXAaH6iFwsmpxuagC,Silver,2,HELIUS_METADATA_BASELINE
7YLD3g8uPQJnw9epeU69ukX2QNvsebLi7rjJDx28JbNP,Silver,2,HELIUS_METADATA_BASELINE
7YMPjw6ZtUXxrsQWFRJ4JGGiRFyjyN6jXJkRvbavcqAd,Bronze,1,HELIUS_METADATA_BASELINE
7YWKRqkvo5hHpPwCpCyr4ErygNktK5rRhMsKJv5Q6bU8,Bronze,1,HELIUS_METADATA_BASELINE
7Yf3cyZmKK4EMJuThbLuYBjeRtwhgDwgMeL4SVqVw5xm,Arcane,4,HELIUS_METADATA_BASELINE
7YiGiiKsqDRU6hFbwYN3oJVxgAPZ2X1wNccbEMxSdFts,Gold,3,HELIUS_METADATA_BASELINE
7YjUCZDshGFHF2cAWe3AAvtf6sCQkX4jxQprRJJyvhT1,Bronze,1,HELIUS_METADATA_BASELINE
7YoBWJsFoT8TN8CraCMbmkQj1oiuCXRUsZ2y1GDfYAXd,Bronze,1,HELIUS_METADATA_BASELINE
7YtPdnp5mNKwAG3QeqZF8XCNXp7h64noQ8N3wnnLdq4E,Bronze,1,HELIUS_METADATA_BASELINE
7YtSB6GzHJyUd7ZamResHzaC1HB5zBDx4eatQSnVpnx5,Gold,3,HELIUS_METADATA_BASELINE
7YwBdLeFv6XYA4dDg821FTMEueJEGJegvLCw9UJxkxuy,Silver,2,HELIUS_METADATA_BASELINE
7ZCqbH6zwYpyFRHN2jVcKNpmJ5XhKGdVzx8oey9ik7r2,Bronze,1,HELIUS_METADATA_BASELINE
7ZFtQeazfhrzjoEy69ocVEbsCnAQa6RvvahH1M1YXED6,Gold,3,HELIUS_METADATA_BASELINE
7ZcMP519ube9WpzXkAsXVPqpSJ3VjYKBp8WPM46myMfA,Bronze,1,HELIUS_METADATA_BASELINE
7ZuDe6zpNA19qATiS1akesFt9W7UWVoFEUwLjq4yrytc,Silver,2,HELIUS_METADATA_BASELINE
7ZwEATkFFGE1K3owbtMvxWFJLsQTu6K2vqshd4LeSE9f,Bronze,1,HELIUS_METADATA_BASELINE
7Zxwu69ELDDKURKCp6iL9wk9XePPzR5G5gXFCN4F6dSs,Silver,2,HELIUS_METADATA_BASELINE
7a1duH5LvaTJxKzrnmqMZhqXxCXvKdJuG94XfvcTfszk,Gold,3,HELIUS_METADATA_BASELINE
7a4groDGWkj4eBsPQb7AL3LrR7Xt5boJWsshCNtHo5rA,Bronze,1,HELIUS_METADATA_BASELINE
7aKwaMqXY2QN18zbuMGvEpoUgE3DDmgPEPSvnJiHnQJ4,Silver,2,HELIUS_METADATA_BASELINE
7aTNSpoBm1vgxaYnxm9mLsFp2ZtToPLk6nDTd2oAkHm9,Bronze,1,HELIUS_METADATA_BASELINE
7ansbYs8mP8HBibM9zqLB61n6GNveD2Tiqtubroru3i1,Gold,3,HELIUS_METADATA_BASELINE
7b2RvSNd8MUoxHvpSM7B5tPsT21Kh5WqzseShHvSZBYU,Bronze,1,HELIUS_METADATA_BASELINE
7b613uWpDC4dc6psK3HqH7x7Wp1zTMm9eMG7ZWwamDn9,Bronze,1,HELIUS_METADATA_BASELINE
7bCnsPGqR8cvxdkd9ShfndyWME2RCAhijKeaoSxrQ3xT,Bronze,1,HELIUS_METADATA_BASELINE
7bRqxvBKgjLRKH7dfUrFRYZ9iYGPVzZHwdxdo1H95dXf,Arcane,4,HELIUS_METADATA_BASELINE
7bSiW7rFDFRFYj5WdKVP5bV27jdgHB2iSeYAK5MBZSx6,Bronze,1,HELIUS_METADATA_BASELINE
7bWgV6XFc2P7Q63JPuFWwugjuRjpb7g8zpjJvKneNYfJ,Bronze,1,HELIUS_METADATA_BASELINE
7beqxXqsiDuVAmN9L5FwAib9ee2fisRV5bk47Lp4krWp,Bronze,1,HELIUS_METADATA_BASELINE
7beus938WRJfwuNk1VShFfnNNHaeFDsBJ6fqkGNZWYgZ,Arcane,4,HELIUS_METADATA_BASELINE
7bh1g2sZTMt9KVfdWaVLieBdb759dEJTfn3N6do3yiFU,Bronze,1,HELIUS_METADATA_BASELINE
7bmhy2sCy7Jv9yYbXTLsQFGvSHHthSGT9KqhU7EhcVVQ,Arcane,4,HELIUS_METADATA_BASELINE
7bspfX7o9dYVLHxifecTSLqBNZ628qAyCec7bd9SyUy7,Bronze,1,HELIUS_METADATA_BASELINE
7btPEb2cWxoL8rd5jWwMT3vtNKDWKkNc748hZ9JD8qXa,Gold,3,HELIUS_METADATA_BASELINE
7bzfrLws6ezFdeUhS31gUdXeKHkzmFwbMZYjusFnUsKk,Silver,2,HELIUS_METADATA_BASELINE
7cDfjk4CzK9jJUGQzKPPxrXHL4q7NHjuVKjZVPzbz4f7,Silver,2,HELIUS_METADATA_BASELINE
7cJfRzayDhLAdXUPCiUNRDfndoEd7C4L4q9hdEikU5H9,Bronze,1,HELIUS_METADATA_BASELINE
7cR4DZeYtf5jTBiLGmh8WzDsyBFKwPMGLgoAyQtPyvEj,Bronze,1,HELIUS_METADATA_BASELINE
7cSKvu417JP5RZHizZnZ5ZggHtoeEu3zvtJZ4fnsUrZW,Bronze,1,HELIUS_METADATA_BASELINE
7cSVnukE8rLArJmRvAEs4WuEeNXsW8xKjRkLbK3fAhRL,Silver,2,HELIUS_METADATA_BASELINE
7cap96VWNFabVKh3rRDR9VimRZMQE3zLedK2XgLpsgLM,Silver,2,HELIUS_METADATA_BASELINE
7cdTimabCEjzbDshdUEqE6Xrmp9zqf6riEz78K2Pwg1V,Silver,2,HELIUS_METADATA_BASELINE
7cemdfLozFUXxXcMYxkDDcMWzepedHHm11v1fqFpNzne,Bronze,1,HELIUS_METADATA_BASELINE
7cgjfqxDavQtGGvX8Qw9DXnLWqaKF1HCWg1dBxDAfstQ,Gold,3,HELIUS_METADATA_BASELINE
7cgsoJAR6iaehdA5Cfa3AsfV6PK5G2eSTY8eMyqeQSqt,Silver,2,HELIUS_METADATA_BASELINE
7cmZ8MBJFxfthWLwW6sjMHVZeXGqHwrchD2jWDLp3NPP,Gold,3,HELIUS_METADATA_BASELINE
7cynonWkpBdabcC7BTqDSvQBdZuQcVkLSZWR213uAncu,Silver,2,HELIUS_METADATA_BASELINE
7cz5AanctfMXZwu2UTDXu4MMoAEonzkyKL1eDauRM7ks,Silver,2,HELIUS_METADATA_BASELINE
7dAghQKEhAJ699z7sygrbQe8WPjV6Fk9HwDHqxiEgZVC,Gold,3,HELIUS_METADATA_BASELINE
7dDRou8wpcvTD2KgVW8qDtoQh4VrnwUkpHNT2SAxXdiT,Gold,3,HELIUS_METADATA_BASELINE
7dLwKatrJt8nqyUEoBjcnheDvazewF1HnZNyyfxjy3Aq,Gold,3,HELIUS_METADATA_BASELINE
7dcHihhXLQcdHH5W7W44rFYgRvw4PMJaqMwEZ3MJBJ8r,Gold,3,HELIUS_METADATA_BASELINE
7dxHuBGW26J6rKQVgHNtdFjqqi6pzt1U1L2Jyq4S6dEp,Silver,2,HELIUS_METADATA_BASELINE
7eLgB78vcrGfMRPdMoMxow8TWS5RXVo5ty6HmASbVivx,Gold,3,HELIUS_METADATA_BASELINE
7ePg2dHKCowSfYdHtDsoZZDEHNR7KaaQRYALCu6QBdaw,Arcane,4,HELIUS_METADATA_BASELINE
7ePuieZb43EsxoA62iTJ9mcezSLdxxkHx8v7LGBUsTCL,Silver,2,HELIUS_METADATA_BASELINE
7eTSob5AT2qAw6mRpbpHdb8m6aALrg6AV9aiiDvySzgy,Silver,2,HELIUS_METADATA_BASELINE
7eeAtuZ7BQgcTEm7BusGNgZ1yjkAZvRm5ysrJGVtQHpB,Silver,2,HELIUS_METADATA_BASELINE
7ekD5uqngwH7VEdbUrKKGCv2SHCQx9g871LY3toqqVsH,Silver,2,HELIUS_METADATA_BASELINE
7epTmp7tXFLnNenGSvPoEsc1ZkVsuLFKydQ2gQhtaq6L,Silver,2,HELIUS_METADATA_BASELINE
7erXBAUhJxie8vTvWywBJoXamZeKyCgThie8D18aXqau,Silver,2,HELIUS_METADATA_BASELINE
7ex4ghYKchsmaEjKaxN3e53UNZs8ZdTJwUHkAtREGQmG,Bronze,1,HELIUS_METADATA_BASELINE
7eySjdZqJdcuEyKfqYSzUW1yWydRwyzEWfeE97SbAKzc,Bronze,1,HELIUS_METADATA_BASELINE
7ezDyr8EfGiM6WwDwN5sJqhm3r8J4f3aAp5vDG3sQez6,Bronze,1,HELIUS_METADATA_BASELINE
7f2YdU9AdjpeYZDfnopdzZWgQcTwLcFhgh85gLER4PKX,Bronze,1,HELIUS_METADATA_BASELINE
7f6RVyFuAzSnP7ezueXx5HyNzBbjGLEGcMVbvSQia9TM,Arcane,4,HELIUS_METADATA_BASELINE
7f9r8mSinMUgVWN9NnZ9au8XWfXQA6Wc5tEd1mGzkfX8,Elven,5,HELIUS_METADATA_BASELINE
7fNr2H3J3HcnwHqnnZ3LRm4rrsD46AJpWg7BMHmBPLfJ,Bronze,1,HELIUS_METADATA_BASELINE
7fQtaH1Wmgw8vaCPhf9uqQ9bYD3b5CJByWuAJL6tsnna,Silver,2,HELIUS_METADATA_BASELINE
7fSA6M6kpjG1ZkZViEcTnUX9YvLWRwhfhVGxL7wsBEfa,Bronze,1,HELIUS_METADATA_BASELINE
7fidor376T575DLS4YKBFicKCXM2pUQickM2RU3v3QUx,Bronze,1,HELIUS_METADATA_BASELINE
7fsEd6pThdMjJTTzY45QN2GbahiUiVYdMySZEus8jBUX,Silver,2,HELIUS_METADATA_BASELINE
7gevN7zKHdu4stprJXr7ioHqnsTbA71xXsAKVygdvKGT,Silver,2,HELIUS_METADATA_BASELINE
7gsannbmxMDEfKrVwBxoWv3b4oBPL3hqeNk4HXt1F4qy,Bronze,1,HELIUS_METADATA_BASELINE
7guNfGRzcWGNtuZsNYM8nfNQHzyxy3AGzQM8HsazjEaR,Arcane,4,HELIUS_METADATA_BASELINE
7gxrWHj2SqbfD2PScaUrCv5vumVSViq3kL3Kyns5S8tz,Bronze,1,HELIUS_METADATA_BASELINE
7h2yz2DKy36EYCF5g7eVYLf8KfRRd32JqMCN5uD64sZp,Silver,2,HELIUS_METADATA_BASELINE
7h4RNrkfUeWJceAhAEptnMGMMexKozcVoocmCCfYx62U,Elven,5,HELIUS_METADATA_BASELINE
7h6ayfbH1474vgU2AecYpzRdLWpZodK3TEmihqMC2Xrc,Silver,2,HELIUS_METADATA_BASELINE
7hANntepX5YqKZxMv6Qp4dgR8ypEm379DJvi6Hc8ouDP,Gold,3,HELIUS_METADATA_BASELINE
7hAfZaVYuWbzRYzhMi1LunPFNgeEe3J5Mp1AW7m9dyM8,Bronze,1,HELIUS_METADATA_BASELINE
7hLqnuBa34i17Qx1dEX8Gt3Tundg2MbTBCHqRVGmYRA8,Bronze,1,HELIUS_METADATA_BASELINE
7hNgsuyHXMiPvLnK49QHX1HRsVaZHKaeGonVzrsPqtQx,Silver,2,HELIUS_METADATA_BASELINE
7hVX2HPVKKLoyRxiaSHCogu5BWrN8izu31RKhy7o58hi,Silver,2,HELIUS_METADATA_BASELINE
7hh4GoQqwK8xfRDyFwPxx68YnmnwzsNTuSB7Myxjr8AS,Gold,3,HELIUS_METADATA_BASELINE
7hhAJ1F9taQVWM65noeCQ3mvtzSEYVAm8Xww3QyXkfZY,Bronze,1,HELIUS_METADATA_BASELINE
7hqvvkH64QuWnjWbGe5HgFBpFag7HtVPKfjNhfu5Uezp,Bronze,1,HELIUS_METADATA_BASELINE
7hrUy95mCTU4GPpoTpppHPicvmZFofvsjrhkCUNkSVBf,Silver,2,HELIUS_METADATA_BASELINE
7hzhNi76pS74fpqwq212x4UDi585cr5iq5N6Uc3ET8dw,Silver,2,HELIUS_METADATA_BASELINE
7i2AtGtLoUe8bM6A3Jp7KEGUi9UEzhs4oJkGze449Aaf,Bronze,1,HELIUS_METADATA_BASELINE
7iMakog61a1Eg225DbqMVvDE2vjhRwnUykyHnii8uZs9,Bronze,1,HELIUS_METADATA_BASELINE
7iWhhQ9NfoaPCggm3ARsJfreJthVyiFKHwtjSAtRjBZM,Silver,2,HELIUS_METADATA_BASELINE
7ieEgiWQ8Viuqm44XxiN2hMp6EgPZR5ePc2p2d4Pavpw,Arcane,4,HELIUS_METADATA_BASELINE
7if1B7kSVondj9LEVUrsLmKGevSV6Yfdub7bsGRpqbRc,Silver,2,HELIUS_METADATA_BASELINE
7ipsLKqG2GyWzdLCfNF6Wj8DgJjttxBoJtKJ4JgYrnCC,Silver,2,HELIUS_METADATA_BASELINE
7iqz5p5aw6372kc23r4r1BxSiJeHEPwMV1eL5W2oR876,Silver,2,HELIUS_METADATA_BASELINE
7itt5u7XGY6VQr1S15GdzhMmSusk6mchVVDQVGwiqUpv,Bronze,1,HELIUS_METADATA_BASELINE
7j2F1raMroNzg5N7QZYSWwuhdimAnViaBnQcifxpuwd2,Gold,3,HELIUS_METADATA_BASELINE
7j3Y4LosxDwwFNth3Dv8Q54cGc6wCiUU9abByCC29uRX,Bronze,1,HELIUS_METADATA_BASELINE
7jC4Az4TUTVj7TRopDmvT8F8dwb1AQrLjDSGA4hzSzxz,Bronze,1,HELIUS_METADATA_BASELINE
7jDtxY5hYyP5LfG5yAuK7ueqx6NpgH6TZNZJ48xjqtQv,Bronze,1,HELIUS_METADATA_BASELINE
7jN5qgPkBdhL5u2LzDks2kADPnfM2gBHNAa7cV6govfg,Gold,3,HELIUS_METADATA_BASELINE
7jNKSHmqY1AXU6Exm4sXSVMv5PSo5y38v11Lx3eqbH6z,Gold,3,HELIUS_METADATA_BASELINE
7jPd2V8fcrPj5ShrFLeCv4edmJWnwxoTdbwgocVn9FBo,Silver,2,HELIUS_METADATA_BASELINE
7jQZR27iLXpLTuZehwnVeHvvjguXviTrg6MHNFhwaFXf,Gold,3,HELIUS_METADATA_BASELINE
7jR5kZGXaUrX7gGWJv2Wj4brBrknieRGvZSEAVcAMyW,Gold,3,HELIUS_METADATA_BASELINE
7jSfGgzmmifsnL8BLVKS8ZTwk5qMgVukHAbB1Ef2rmGq,Bronze,1,HELIUS_METADATA_BASELINE
7jTYxM1CyMQTNCXTDVCiAZiYWJNfBHAdyyHndx2LJ5Gu,Silver,2,HELIUS_METADATA_BASELINE
7jTZgX6pcDgDK8Qb9srmxBwUnFNSJDjQzLGkmLYzHaA1,Bronze,1,HELIUS_METADATA_BASELINE
7jUdyWfSkBQ6KMCT3kMbsgcYvBzYT6229DCE5qHhQczu,Silver,2,HELIUS_METADATA_BASELINE
7jY7wSibCx9pYzB7WgHuvzKcoJ24ZfnjM2VMajagxYGC,Gold,3,HELIUS_METADATA_BASELINE
7jkecwaFSDFVNfV4s5wtZw9BPmXn1zMyzca9CS8K9mNM,Gold,3,HELIUS_METADATA_BASELINE
7jr2ed8jCwhreSJzUZoVPa4G2jxzUNwWaDZdNRWyRKUY,Gold,3,HELIUS_METADATA_BASELINE
7juX4RgQrmSTRpZQgnXbbKifRSUqHNcFyY1xbFVjgkSp,Bronze,1,HELIUS_METADATA_BASELINE
7jvAnf9btr3QczKaKSgBVDkfECjvWtDzazNJQbzutycL,Bronze,1,HELIUS_METADATA_BASELINE
7jzn6apfQrcYFyYdc2VMEEDQXdMgdkbqV2ZuH6YE7PKD,Silver,2,HELIUS_METADATA_BASELINE
7k7A3vU6WTND7fgd6Jft121XPVwMDtrNtarJ2k9x7Wxe,Gold,3,HELIUS_METADATA_BASELINE
7kC6eMLY4BH8X1LuoFc9iFCK9hY25c7fuHVETzEEXH48,Bronze,1,HELIUS_METADATA_BASELINE
7kHbKojcxpEzJKZnFf8WCW4397azNFL5D1vRQkc7cTxK,Bronze,1,HELIUS_METADATA_BASELINE
7kJ3StAZimRZbTyain8HvBi5ZWnVNr7aL8RPz8h21F4g,Bronze,1,HELIUS_METADATA_BASELINE
7kJeQSLYGZDWtDkntQ9kscjWdKEzLgHpSPvtuHf2vV6o,Elven,5,HELIUS_METADATA_BASELINE
7kKAWUCvNHKDW2Xn4xpGCkxP2R7egfTpjr42FmPe2NVs,Silver,2,HELIUS_METADATA_BASELINE
7kM4Yndgf7m2fiZdUPhUsvjNqUVJshzRTb17YharVece,Silver,2,HELIUS_METADATA_BASELINE
7kP1Henf1fSa2p2Y57gZDxWoKX4iiEdZv65UELkqR9op,Bronze,1,HELIUS_METADATA_BASELINE
7kQ8uPfrjnZTCD41pTb4veBqzXcFvMZbjuEvsYPVWKCi,Bronze,1,HELIUS_METADATA_BASELINE
7kQAPcJgpZ3eEDKeuUjgg9uvVij3urQwVGB8pexaR8Ti,Bronze,1,HELIUS_METADATA_BASELINE
7kfmdnKWm1jGtJcYz6ucWYFuAnYc55Cy4B5NoufwBQ5z,Elven,5,HELIUS_METADATA_BASELINE
7ku6qy5dbUeAGViUdzs98FdQEnJkvBF3mMiQnxn7zjLc,Bronze,1,HELIUS_METADATA_BASELINE
7kwbAJt9kbZbvr36ardS8CusZKP6DwbK77uB4zQFb1DV,Bronze,1,HELIUS_METADATA_BASELINE
7m3orvvd31jUdUw36FmeRXxNEUi69s2Sq5ri6eRhNfUB,Gold,3,HELIUS_METADATA_BASELINE
7m4KsPXVcw4Vn8zv7YhMsWMgCFso6WnJjM9ikq6rvDNb,Silver,2,HELIUS_METADATA_BASELINE
7m5JQirnRU5DPjbAqnvSkbpf1wZU5xa3nxBzL3g89LLY,Bronze,1,HELIUS_METADATA_BASELINE
7mFUA6naR9uv2L6HVtFnDXHvD6mPYFrHbZd2JNdvq6cC,Gold,3,HELIUS_METADATA_BASELINE
7mG9wntQgckUsM9zzTYGAhNtanqYMvWHaVsVxdRcFYFT,Arcane,4,HELIUS_METADATA_BASELINE
7mNidZxfkpg8P444aAZPjSchyKtbrTzkdAbGKvcNRZjr,Gold,3,HELIUS_METADATA_BASELINE
7meQcxJYrkfk5BLaeVwAmqpufiEfSHqE8WYYD9x84Uyi,Arcane,4,HELIUS_METADATA_BASELINE
7mgkFpNv8n29KWgtatLQtqtJoggBfutaqcr7wauAVYpr,Bronze,1,HELIUS_METADATA_BASELINE
7mjw5xXTi8V3A3w2VUxi9bgJcVmthTvxa7SwkZZiS1BS,Bronze,1,HELIUS_METADATA_BASELINE
7mqG5x7fJYTqjmoy6N3uPUiWQGdV2DH8i4w5ioSGN3xg,Bronze,1,HELIUS_METADATA_BASELINE
7mtHRs2ccuw5jwQAYQWc4gNUCZRiDjNEJvtfVieAhQrS,Bronze,1,HELIUS_METADATA_BASELINE
7mwwz2WdC3co58T374kaGPNJoyHKVpBYaYtVCaCH6fgy,Bronze,1,HELIUS_METADATA_BASELINE
7mzkV6fM2E9bu9WzpuVtNWntfT4W2qC9cJRCkz2W1WA4,Arcane,4,HELIUS_METADATA_BASELINE
7nGcZGuiPXWTNYPhWCPppr2JVocSRBen564JWUJmVdtE,Arcane,4,HELIUS_METADATA_BASELINE
7nJ6jJ1k2E1e4zQPZMhccsUbc6RQPTT6UWoUPr6RZXuH,Bronze,1,HELIUS_METADATA_BASELINE
7nUUU6LhCdw9x7GYVeUdUzBMaRJ1SGQByqbd1iRUyBvS,Bronze,1,HELIUS_METADATA_BASELINE
7nVZBzXNFmzJDKqD7HJzYkaMtPSF7DbSTXnfiPUT3wEf,Silver,2,HELIUS_METADATA_BASELINE
7nXTSQNjKZLz4q1HB9yCRpDYToJ1RRCAWAQruUm1YYJg,Bronze,1,HELIUS_METADATA_BASELINE
7ngRGPhMnQ5MhATm91821sAAHWNNrUpzhzYwx9GE9DLo,Gold,3,HELIUS_METADATA_BASELINE
7npATLESUWKULhv18kG9SRWHq2XyWo6v1zjjaSeyu1cR,Bronze,1,HELIUS_METADATA_BASELINE
7nr33GsAKPAfTvkviGzNj8uwhgEV3J639NJ42LdSPGGd,Bronze,1,HELIUS_METADATA_BASELINE
7nyR6eekTp9qKcS8AtKDWjxs7PB1JX92qb8RbexV7AKs,Bronze,1,HELIUS_METADATA_BASELINE
7nybA6YM4rB1ibV5C2RDCSiofTaCPKWDdpjHpNRG5XfQ,Silver,2,HELIUS_METADATA_BASELINE
7o3UQHFRSRNcm3ERYW5Ly6fNKv1n5cGv2VkCVCGpohYV,Bronze,1,HELIUS_METADATA_BASELINE
7o4WZRAcGWZCBRuZRyBLmergELR525veJqRxVhhRmDY6,Gold,3,HELIUS_METADATA_BASELINE
7oD92pD2oZ2vsn6kBuwMkwtHyNGhAL74TrfFo6CCgJbn,Silver,2,HELIUS_METADATA_BASELINE
7oEzmK9kkS7x3ohKpjv3dQvZ8dCvtvKq2darUhaixr4i,Bronze,1,HELIUS_METADATA_BASELINE
7oLzpUVsdnfJYKk7TnkoWP9EQPJKst6d5CToDYozHMz3,Silver,2,HELIUS_METADATA_BASELINE
7oT82Eb7c8z8XGGD7KhqDmKJX5TPdHpKn4ZVgL2jFKye,Silver,2,HELIUS_METADATA_BASELINE
7oUVQsUTRgVdfZQ84v8yWHtfyqkDZK8GouGvCjzJAWGJ,Bronze,1,HELIUS_METADATA_BASELINE
7oaJ5WF1BHTMFWMCvaew1miqD2Ft6YVHi9iuGj8gLers,Silver,2,HELIUS_METADATA_BASELINE
7ohkDGPMeivdJpk78oPkay3v8uccQa1dkoUx38sf1j8r,Bronze,1,HELIUS_METADATA_BASELINE
7oo6qd7Ys3mdLJAnaPffGW6YxL1aDd7otqzVr7WE2yQP,Silver,2,HELIUS_METADATA_BASELINE
7or6xpjVW7mYst5tAh5haKvesMnWNfiNiG5uBoDBpnqN,Gold,3,HELIUS_METADATA_BASELINE
7p3o5a8Xi1C4J69wqHiPB26AZ9LWpoHY3zKZPuhjobLg,Bronze,1,HELIUS_METADATA_BASELINE
7p4XXZ6riq8gv4Ai1sb4NNPgSUcaBkxqstEAQWsLeJAw,Silver,2,HELIUS_METADATA_BASELINE
7p6VTY6EZbNRX2Enkofa85EYZVQP5VUYr2QDd8CSR4zu,Arcane,4,HELIUS_METADATA_BASELINE
7p7XM6kzDRM4KwmazTpaXLsvsniS8NygZqMXeWaJqEuX,Bronze,1,HELIUS_METADATA_BASELINE
7p9Yf58pSDexLf3RKirGyqT72ewYz2yk5J4eZstP85W1,Bronze,1,HELIUS_METADATA_BASELINE
7pMttL5uv55bHuoTugSpg56pTxjVi1ZBMZDLZQxzqD5m,Silver,2,HELIUS_METADATA_BASELINE
7pRfJWEKqxiCQkstzf6NRtZ3qxqsLyD2jozSp7fjbwdD,Gold,3,HELIUS_METADATA_BASELINE
7pSg2SozLegaJ8v3J3BPXLyivkedKWQZEmG2SL3q739i,Bronze,1,HELIUS_METADATA_BASELINE
7pbGDC9kqq6JerXcVVjj6jv9PfcMBR88RfTAiAvMv4An,Bronze,1,HELIUS_METADATA_BASELINE
7pbbsLHLrn5CZ3fiaDd9HS1nemYfxGM9ZNTjTaqPK8gy,Silver,2,HELIUS_METADATA_BASELINE
7pfVY9dga5scLdT1uAfGgb6ty6FRboM9atBimN1jSfQr,Gold,3,HELIUS_METADATA_BASELINE
7pogrv6pEQ9XhnWWR6MXCbLjn7HujyWanRCHWhXqxNCc,Gold,3,HELIUS_METADATA_BASELINE
7puS9FuBAUjC6BMuDLpvXbUb5neUrEyTK27aahNbVWJc,Bronze,1,HELIUS_METADATA_BASELINE
7pyZW2CnHQWFFMsS847gppp2wZLNJsqBeDEfoFu2wVap,Elven,5,HELIUS_METADATA_BASELINE
7pyiSf9cdK2LoEmV53KBhHKoeVDwt99MxdvB8iUHhqNq,Arcane,4,HELIUS_METADATA_BASELINE
7q443MRoc2XeASVpK2ugAd1Syk4w9gd6AkYwx6CV7LC,Elven,5,HELIUS_METADATA_BASELINE
7qFv6E92hWpM39cM8wxHjgcFvsv4EXo9JAoNaVC6gTcQ,Bronze,1,HELIUS_METADATA_BASELINE
7qLnhiNqDnzfqrYEntSC37eG1hcLobETtGCjRRSdNUMv,Arcane,4,HELIUS_METADATA_BASELINE
7qY4ZHvRqvgdqq8CJxr4zpwPtc6jp239UAH7uWpV8oo5,Bronze,1,HELIUS_METADATA_BASELINE
7quVp6jFVCcqcTbaXqTXcqr7UwMohApoWjEx6u2Tr8Z9,Silver,2,HELIUS_METADATA_BASELINE
7qyKAcoA3nvMp63Kw95LsUx62pXE2tuu2p778gq9H8ZQ,Gold,3,HELIUS_METADATA_BASELINE
7r3Lwc2u4eHJf8u78xz3rk9sd46awPSHfbM7EVp2S6Be,Bronze,1,HELIUS_METADATA_BASELINE
7r4UvYStiEHDCqRi6jfqs23NrazevHmKKZHkKVgT4mPR,Bronze,1,HELIUS_METADATA_BASELINE
7r4eVUx9zExpyxQCcqYGRehSYDPSQSMHo4xAB3TR4w1B,Silver,2,HELIUS_METADATA_BASELINE
7rFTMv4qjtSaiU2bi1PJvj4mZ4kKdrLvJvomcX7ZX2re,Bronze,1,HELIUS_METADATA_BASELINE
7rcQe51YUr1puEzJeEhwgCJPAAEdDHAgcv4rpmv8to2q,Silver,2,HELIUS_METADATA_BASELINE
7rse5LT8BNEf43j3VuPVXvzG7mjd13ksYeVki9DiuYhn,Bronze,1,HELIUS_METADATA_BASELINE
7rzEfkp2rMGbbLwB99hBK7Yp1h8ifKbUEe76pDLSMhz7,Silver,2,HELIUS_METADATA_BASELINE
7s5M4NRmPsjfqq2VtqsLoMSSAyvkY7maqZYJtf818mun,Arcane,4,HELIUS_METADATA_BASELINE
7sQewjndfnawngquCx6sDE9xUforrGZCuJA4GMxx8riK,Bronze,1,HELIUS_METADATA_BASELINE
7sUP7VCemTorzMWcjJuR5XvXV5zDD186R7E1vYXwPMFN,Bronze,1,HELIUS_METADATA_BASELINE
7sYNKtZHrBUdvkmKcrQY5naQBk6aQ7s3EgYrc7Z1av8n,Bronze,1,HELIUS_METADATA_BASELINE
7scPd19pXSp38vbts8SSKeiCxtxrsN1LCca43Ukz2e5B,Silver,2,HELIUS_METADATA_BASELINE
7soT3jp2xENrRDofSZ3TX1a5eUSCfEDpuTXYDNf9pbuP,Bronze,1,HELIUS_METADATA_BASELINE
7sr4gJSM2B98FG8JMLNoppksFwmQkugR8Mc5Wh8LcHoE,Gold,3,HELIUS_METADATA_BASELINE
7sy89EDCmeBBWngVnaj4D5y5E9qBghQc5BdprpZGFwsb,Bronze,1,HELIUS_METADATA_BASELINE
7szmxVu9NT33p1AX63XEq3aWGeexF6RzPmir77n1KbKu,Silver,2,HELIUS_METADATA_BASELINE
7t3NDtWDk2zeDa1faLc1VsEor2WbtjjphKz5b7YYBrxy,Silver,2,HELIUS_METADATA_BASELINE
7t4cccVHjyTqzLDw7wdg9iD9wfihh4gM7VQnYuf7ZUFi,Bronze,1,HELIUS_METADATA_BASELINE
7tC7QmUvmLg23GAqQ8jtZfgwuaJSuYYuBiVL8vR4wfZP,Bronze,1,HELIUS_METADATA_BASELINE
7tF2Bd3qCCsQFZFuSEP6h5VQsszjNhTVvYF4xYyyBZ55,Bronze,1,HELIUS_METADATA_BASELINE
7tGtXuUggYKe9zFaHUxXCLnZ5th884P6Wb6GdCCdf8dC,Gold,3,HELIUS_METADATA_BASELINE
7tUYBgb8cB4XaCzzzEvZnVWT89WyqEvnBqyvFyAhgZjU,Bronze,1,HELIUS_METADATA_BASELINE
7tZAkLkULQ9K51dWHRMMqi3skgemGXG1PVz6yBLf2g5V,Bronze,1,HELIUS_METADATA_BASELINE
7tdqVd4TGcJePL4tV55oHKB8J59raHdE8AsTQVYoz6Cy,Bronze,1,HELIUS_METADATA_BASELINE
7toVYP3GTVaLgsNhdWrUfkFhRAEHn2bgizPaiMS9fuhz,Bronze,1,HELIUS_METADATA_BASELINE
7tyZDn8VrtL78sVEAwwFKnxy1yV1tHYbgPr5oH12gtk1,Silver,2,HELIUS_METADATA_BASELINE
7u6snZJ8L9vG7s6uRPaMy6HpQ7Bm2GovdB5gL56zFXYs,Silver,2,HELIUS_METADATA_BASELINE
7uEw8cbkRZd24zLmTPoJPGeV1kbVh6Ro3KKhXE6Afpnd,Arcane,4,HELIUS_METADATA_BASELINE
7uMiLQhXVj3zjGamP9Y637xP2rHsswZe4FDzCtPuBTaw,Bronze,1,HELIUS_METADATA_BASELINE
7uXeex7NX3qzxK1GoYzVxgBAzUXxfJXCwAqe4ttJiLN8,Silver,2,HELIUS_METADATA_BASELINE
7ubctdQv8ywR333TZPj9g1eU8bXgERXQ87tHHQxRpPCp,Silver,2,HELIUS_METADATA_BASELINE
7uhM6gHxwnhNTPPNoCTnJ3UT2XCBnK9EhvvQiF4jMsqw,Arcane,4,HELIUS_METADATA_BASELINE
7uiYB2WyQyEtzMgeRX8LPGCMKN4nw76aWvsZo8572rvU,Silver,2,HELIUS_METADATA_BASELINE
7umRjgnn5ff5Hik8Yvg5jNm61y7ousKDMg9K86J48Cz,Bronze,1,HELIUS_METADATA_BASELINE
7uuCrMFs1kiRFvrL7xxh1T9itGyNXsgrRoaEd5kVv3GT,Silver,2,HELIUS_METADATA_BASELINE
7uuKAdupZJaW92xE3T7QUK168jNHr9JvGXpwZbxu2mr7,Bronze,1,HELIUS_METADATA_BASELINE
7v3b9C6b7fdyjqdPdxQmheVsoRCGLL1LhjGYSyZKTseF,Silver,2,HELIUS_METADATA_BASELINE
7vPAr6LnXGFSt8XrYy99QMhyuzZuc3i9PusJsFCrqqiC,Gold,3,HELIUS_METADATA_BASELINE
7vQsKgyojucm6yg3kSnnqdRdabJ7yWXS2rkrJrKvoSeu,Bronze,1,HELIUS_METADATA_BASELINE
7vURTbcEYcMWo77mko1yoasvKqbWYZBfjsoLjysogxvU,Bronze,1,HELIUS_METADATA_BASELINE
7vUURziLtf7GLzBtCs8wxGfXdVzjk3rT63XCFUxUWRhC,Elven,5,HELIUS_METADATA_BASELINE
7vYNyKpUVPLC8dDAjv5iqSRuhXFDiBVarePG2WHDKGwo,Bronze,1,HELIUS_METADATA_BASELINE
7vw9ZzCe6erwoD4251RvH8sv2FCHYqHKj7vTJQDNFefQ,Gold,3,HELIUS_METADATA_BASELINE
7vwHMyj5AxdDzwtnMace3VYnSud3muiQcjaETSR21qj6,Bronze,1,HELIUS_METADATA_BASELINE
7vwwfvZ65TQhBPJRdMp7t5ZZHKECwEP7TAzQgLcb6Y2r,Silver,2,HELIUS_METADATA_BASELINE
7w1nwvwM5Ceewprp48W4rrS5fZzfK14MF1UdKvhECJWz,Gold,3,HELIUS_METADATA_BASELINE
7wFze9ezKZWfroCrtpTMSkn1JWZufgZfxCpRdHAt7tNY,Gold,3,HELIUS_METADATA_BASELINE
7wShZ4Bb4E6MsaBuzC6247qf9M5rvQHiot3Bg5BMtyPn,Silver,2,HELIUS_METADATA_BASELINE
7wWib7JKrGpLfQ8GK1yS2hrjGSGNqn3UWCsaJtsKSkpF,Bronze,1,HELIUS_METADATA_BASELINE
7wWw6BhmTcDkiixAcezKQMTPWQoYWyA3NeN9mXW3w6mi,Bronze,1,HELIUS_METADATA_BASELINE
7wXptXbUjj5vfXKot6vspJscMzyWw1rM4rjrbPjfwoka,Silver,2,HELIUS_METADATA_BASELINE
7wcMXZX5ToAfwWZSCnYqkQ4jBpLLMn3QxW1bCxBQj1jY,Bronze,1,HELIUS_METADATA_BASELINE
7wg4Gw3Hczjw5Din3hGd9VbnCVZsSiHtthX89QPpDyQ6,Arcane,4,HELIUS_METADATA_BASELINE
7wpHRoBzh4mGFXzF1WncUMrJBZpKBimo9qGifVdnNbWE,Bronze,1,HELIUS_METADATA_BASELINE
7wyw7v5LvkvWFF2ygqb8GUfDGdRmqD8WF9ovtKvSpUik,Bronze,1,HELIUS_METADATA_BASELINE
7xFNWJxhhSVFJXdS8hXM7dvhZ2Ry4wj1ykZhb7UrEoHk,Bronze,1,HELIUS_METADATA_BASELINE
7xHMm2ckXzUrDHU2k4YVUwyNfQfRph4oGMot6kpJNgrD,Bronze,1,HELIUS_METADATA_BASELINE
7xKvDExZSTKLAaVgypdiL3V9BFBokVsCcciMeU3wjVHH,Bronze,1,HELIUS_METADATA_BASELINE
7xTwKUkPVe5eB5nPs7dxipq5iK5Ea8Gjuh2GAKvMXKzh,Silver,2,HELIUS_METADATA_BASELINE
7xUfo9GieQM44UDjkD1ohB74jLEFV19nCMbeehUYLSiU,Silver,2,HELIUS_METADATA_BASELINE
7xVYqzMoypFcWnew3eBtwBXk7xDtc9AasSycMrejjLyq,Bronze,1,HELIUS_METADATA_BASELINE
7xbrcJuxQKom5B5XaUCPys18Tczhb3ADisd4qBU7rFsS,Bronze,1,HELIUS_METADATA_BASELINE
7xc56AacsXQ98ZiJnfLdv6yJ8vG8YpdVZGPC9kiy477B,Gold,3,HELIUS_METADATA_BASELINE
7xhcDHTHvpkypZFpj7Ju2ERB2MKc8ZR3xXMBXzwwDGkX,Gold,3,HELIUS_METADATA_BASELINE
7xiQFpwc18FVpHaAMufH7YLVVe5yyd9Ashphxv89C5up,Gold,3,HELIUS_METADATA_BASELINE
7xn9pA4V4CT7qXnfW16KB4P8oHj5EQNCeU4YRGqJjFZ2,Bronze,1,HELIUS_METADATA_BASELINE
7xqcq45mg9eE7CbDoA1re2f2bbhid9fSDFREZPvXSqT6,Silver,2,HELIUS_METADATA_BASELINE
7xv7r3Afz77FmTGZqotJr9uecpisSiXW8TsFVe42KMZ,Bronze,1,HELIUS_METADATA_BASELINE
7yDQyLUqPhkYuDfRnonHjExv116T1yG6a9FbJE6UtAt4,Silver,2,HELIUS_METADATA_BASELINE
7yWr3BHjjr4CAX2h1ML5RU2hsv8tqxuc6KEUg4reujPJ,Gold,3,HELIUS_METADATA_BASELINE
7yYHmYidxSeC3As8gZqRfADz6L1ntfSM3ePKvNpk8UMb,Silver,2,HELIUS_METADATA_BASELINE
7yaS8rLBWNDEYSqCS74NpHgpzW5M34mwPw8BfoWfCysH,Bronze,1,HELIUS_METADATA_BASELINE
7ycfCJiQ2R3VSezC9a97p3P1HL92WJCekjb1nHig2rgS,Bronze,1,HELIUS_METADATA_BASELINE
7yjwZaLekJJmmnEnFGS2T4z9hwYmDoPZyBAMjhfVhygR,Bronze,1,HELIUS_METADATA_BASELINE
7ynq6Hs8GFrSzcXnATQ9RDrm9TLAKQojWbnDH5FcGHmy,Gold,3,HELIUS_METADATA_BASELINE
7yz5hoYf99XCBYnAt2RgX8T368BitsF7HLZF7jT7d3Ro,Gold,3,HELIUS_METADATA_BASELINE
7z9Bhp4ASoQ9sgPkWbjmAJwtXCQaQgVcaVQzF6zKhqTM,Bronze,1,HELIUS_METADATA_BASELINE
7zDpQYv4saDuV8KLECAojt8nqcFK8wUdcf9x4vyRfbhv,Arcane,4,HELIUS_METADATA_BASELINE
7zKrMn9y4LNE5ZDPDUsAJYLa5c8aw46Pipgrn55HFxxR,Gold,3,HELIUS_METADATA_BASELINE
7zPjHt7tNAXo3XRwwbTajR39Pf5fFG8S4sF3rmBpwjBZ,Elven,5,HELIUS_METADATA_BASELINE
7zR9ezN2us5Y9pahcwx8dr9idJFvaWShrrpmVDsJdBRW,Gold,3,HELIUS_METADATA_BASELINE
7zUgobTJQhjeMrk1iCLYx5KkUhwj5bGoQ3qsNC5kSFrF,Elven,5,HELIUS_METADATA_BASELINE
7zmJ7eeMNAhYv7tmSLYgqKsPjvR2CD8kWhFUvdmnWSf6,Arcane,4,HELIUS_METADATA_BASELINE
7zwVsKoWPtTjkhiujWghPY354k67CwqfTLCb3xs66epD,Bronze,1,HELIUS_METADATA_BASELINE
7zyzYRYrp5iJ4q6BR9HB2ygWenWEKV27oA6LhTygzeyS,Arcane,4,HELIUS_METADATA_BASELINE
819xTW6E2Hxjc6r7aQXESj1mg3P9UfPbdEvd6kafAHSi,Bronze,1,HELIUS_METADATA_BASELINE
81FKqQhuP9Ukp8j1zzHmR89CXDECBVudYJcrVbPAUjpW,Bronze,1,HELIUS_METADATA_BASELINE
81SKCFDs4jdzCrMqAS5AW4ASMbmzVeC7BAmcZfH2n478,Silver,2,HELIUS_METADATA_BASELINE
81SkYQgDACUb2akw8BBQqTLuP94aToFq6b5nVDpaPPQD,Elven,5,HELIUS_METADATA_BASELINE
81TUiyXBNMMGcXAo1m6VSmzXYxACWFdhpoKWhphreff5,Gold,3,HELIUS_METADATA_BASELINE
81WQiYvFHmEjfPJEQ8DzE1CoZnmRKyj7hrcWav7NDNQy,Bronze,1,HELIUS_METADATA_BASELINE
81YUNPjcv5q4zMMG7YpyGbfx4bVd7pTP5SVRVhkzr19m,Bronze,1,HELIUS_METADATA_BASELINE
81cPwu2TMBuQx47rmJQdPoHu6QHoy2p8MAG9gDy1wc2o,Silver,2,HELIUS_METADATA_BASELINE
81dt1tN2uDdw1VnU7pkeHG1585fbaQsBWZ398q5L4eVS,Elven,5,HELIUS_METADATA_BASELINE
821Kjwqkoh8kFPc1yDYzMjXfDXfuVf5aemq6c3bkCZnX,Bronze,1,HELIUS_METADATA_BASELINE
82Hvw64NykwT4m8sejYUw9GodMDQBnfHXpgyKN4yW8jm,Gold,3,HELIUS_METADATA_BASELINE
82Qu4QJQepezbKyaakGxittMHoeWpewtcHaERnUXXNDm,Bronze,1,HELIUS_METADATA_BASELINE
82X3JuZjXw1Z6Qk2ci1XYAttuTBeZ3PdJYSKKSjjJPVs,Bronze,1,HELIUS_METADATA_BASELINE
82Y2QmhgrSNxiDqi5LjrtnT11VFjcfDru8FDJxttexDX,Gold,3,HELIUS_METADATA_BASELINE
82c6AYfUr73pSKWgZE2j2JX5sMxiscg4qF3d1An9fw6A,Arcane,4,HELIUS_METADATA_BASELINE
82oHK8Egqdb4MF4rZrekU7tCZwkvDpYFjAHfjkZemHex,Gold,3,HELIUS_METADATA_BASELINE
82rUCmwPQxKjQsWSmaTCcpqKPtEZU9M4AHPQ5vnXaivC,Bronze,1,HELIUS_METADATA_BASELINE
82tfKRd3M4N6jGQGc9o7EntSrgL6xZBjykw5XGcsceXw,Bronze,1,HELIUS_METADATA_BASELINE
82yNigpweQFjhyaeZgyAWMu8fYmKP8tDFgVG15m4NP37,Bronze,1,HELIUS_METADATA_BASELINE
831ifk5Ph2yDuRD7yNRgTZyuXqSzbyogFHJET2UqBehC,Bronze,1,HELIUS_METADATA_BASELINE
834N8LWFiQvjFkUqqnN58M16a5dov1xz8v2irTtwwm2Q,Gold,3,HELIUS_METADATA_BASELINE
838inVTj6bTTpFoA7Dv95qtvShghQZqw4zMExhE4nXwQ,Elven,5,HELIUS_METADATA_BASELINE
83DjgDBm4b8Zwbfswv1yudq4CkUff7nuc8LGgs1P3txP,Bronze,1,HELIUS_METADATA_BASELINE
83Fd6eUJyCw2i4meUsFLcDrbfejfGb6ND8GiKwDkQ31t,Elven,5,HELIUS_METADATA_BASELINE
83MLKUDXjQSbCeW2pHDG2LDkfgMPncBvSbXTmsQkvUwi,Bronze,1,HELIUS_METADATA_BASELINE
83MYxSUwgLTx8p33YCJFA5wckKswUGcFpEEF8if53UE1,Gold,3,HELIUS_METADATA_BASELINE
83QpEeMS1GDcMTtoRhbEZwSv9aYqS1FQvtWmwbhshy4G,Silver,2,HELIUS_METADATA_BASELINE
83UzM6vSJ88Y9aLovPUCDZzHR1dLmPsE9K4mgmcCxT1e,Gold,3,HELIUS_METADATA_BASELINE
83bBLBvmWLrEPYt6H6Hpxoy72CyhAgoeMdQ5kuUrUfE2,Elven,5,HELIUS_METADATA_BASELINE
83eKZkk5FckeoH5xuhsZxixPd5nyMfXDpe2Am2oceisW,Bronze,1,HELIUS_METADATA_BASELINE
83iWSwwvaELL4sAL2giBBX1yMpLjodUUTMti2gWCKPVy,Silver,2,HELIUS_METADATA_BASELINE
83pXNebJipPFiAgDZufj16cTF8YNvRgJLLxcwZRNaTVm,Arcane,4,HELIUS_METADATA_BASELINE
83y8Ev5jmyYLK6NqKJafj1Y4aHmx66AQxzDf4Awbx2tb,Bronze,1,HELIUS_METADATA_BASELINE
843L3Jmh4V4Aq8hnvhJAE9jReS6cRSi1kmTBsDiFecTi,Bronze,1,HELIUS_METADATA_BASELINE
844kvaJvjJ53yyHQkzmXdpf2xS23g5pvPJgJDr2XXxre,Silver,2,HELIUS_METADATA_BASELINE
846jdoxFXkyoscBEyYadPKohkaUo2vMxDWScnn1i2Vsc,Bronze,1,HELIUS_METADATA_BASELINE
84LzoGJihez1J2PApbW3ESjraHdHYM1y8357jX7b3Cd2,Bronze,1,HELIUS_METADATA_BASELINE
84dfjzDK3U5UjB56EZzPtSU7dfbim629VHaAZ8XUt2bX,Silver,2,HELIUS_METADATA_BASELINE
84dqjNCcGYf3sKwF37APU9if5gmngzTEXL9KimgmRX54,Bronze,1,HELIUS_METADATA_BASELINE
84i4FF4pi7kAgvH3y5hRaodNUjrBh8F5D8C8B1FdSXG2,Gold,3,HELIUS_METADATA_BASELINE
84qqBohuMu5W39GGcxHzSW5vJ57CFxh7HrZu1xLQdqcw,Gold,3,HELIUS_METADATA_BASELINE
84r2YJR5H7nxgxTjavevWTCvei61TkG4gWm8y4N9meht,Bronze,1,HELIUS_METADATA_BASELINE
84r35c7sXXQTfG1vTLZ7JW3m9kYWhoDrd6cDzDkS5K9T,Bronze,1,HELIUS_METADATA_BASELINE
84zD9SzwvG4jycAQjLhEFuDxWbC7W4J66E1EKyLexUch,Silver,2,HELIUS_METADATA_BASELINE
858hZCL4nwDngWCdV8UbAyWYg3BQfJJgH6TnCDjCTUQv,Bronze,1,HELIUS_METADATA_BASELINE
85Fd3ejtwkBoW9YoesHwdmoYqqqonetJFiiTQFu6B1Cp,Silver,2,HELIUS_METADATA_BASELINE
85FdQYGfhpvSjHw4pcMQM74b1GuHnsQrj5oYeWvrp3WB,Silver,2,HELIUS_METADATA_BASELINE
85HhHv1CQgrTArjf5EjbKUSKwFTUinhrFHyxaoNw8mH3,Bronze,1,HELIUS_METADATA_BASELINE
85Q3gP5crW9nuJxxbeu3cwnNK3dgHQdrn87fiUxvhX8B,Bronze,1,HELIUS_METADATA_BASELINE
85QhdrCkhyV8dL3MwSmNrNwv6orDCwoDPKuG74fHxNr3,Arcane,4,HELIUS_METADATA_BASELINE
85TXJJFnDD3a57cHyoyxhgYRn31MCqSkbR9h6nQYZZvz,Bronze,1,HELIUS_METADATA_BASELINE
85e5SiAjeLti4o7c8Ek9zx2FqWEtwtmzbkBp6zojyGyc,Silver,2,HELIUS_METADATA_BASELINE
85eVcCG8AuEQvVV5wKG7B9K4un9Jt7nJuYd57ArduZCn,Bronze,1,HELIUS_METADATA_BASELINE
85q5TNv12jeYcc4mrgMiNCa9fjdtQ986my9FoGkMYgfq,Gold,3,HELIUS_METADATA_BASELINE
85tGNLA8Tjac7HHPMGR2H23uFppnYBU8ijrs384ZBtSC,Arcane,4,HELIUS_METADATA_BASELINE
866KLXMbZ3GFaLzJJdZG9P4JgbugbcxcFVW2mTB3r3v6,Silver,2,HELIUS_METADATA_BASELINE
866oRuKf5jgZ7xwr2gxdkFfKqaYgb9x9tM9Z358MRU7o,Gold,3,HELIUS_METADATA_BASELINE
867Xe2L8FNWoKRF247ayr7R5diV5UqaDhheGt9jcBXr6,Gold,3,HELIUS_METADATA_BASELINE
86FAXYR7M9rquZj5hk7n7iBhrb58p6jtoS54jVAxYzKy,Silver,2,HELIUS_METADATA_BASELINE
86LwPSbjioDFdudXHkKuSGPdGkiopATeroKrxz4zZHG7,Bronze,1,HELIUS_METADATA_BASELINE
86WvUCFoFBuZHkYRfLLpE2qQ54jCX8wstv4VpHPNCtkf,Silver,2,HELIUS_METADATA_BASELINE
86uihSWwFCFi9XpB9uVigvSjXzRTm1SGK76ivyLUorV9,Elven,5,HELIUS_METADATA_BASELINE
873X9duYWVgtMwTGNqB8uaCh5JVxYHgCquHAM6Az22kX,Bronze,1,HELIUS_METADATA_BASELINE
87Bdr73YN4RZiHG6bDfUdhFJnrM62ZEc9H8v6eHrHeEF,Bronze,1,HELIUS_METADATA_BASELINE
87TrDwgE6LryRCK442y2LJ5AmxXPi6SNUHA2ttYE2XbZ,Bronze,1,HELIUS_METADATA_BASELINE
87rz8WbEvLGr2J12ThsKDA4RoATFfezmR82V2Unhe2UV,Bronze,1,HELIUS_METADATA_BASELINE
87y7aoqBWny2MaoNhM1PcQCKuASQFeDEycgB4FK1R7oY,Gold,3,HELIUS_METADATA_BASELINE
87ytGZN8MqPk8qEacrjtBaF9nyWdYzxv1RNEk2cJkJFU,Gold,3,HELIUS_METADATA_BASELINE
888rgQaeRoUsDwefhnC335Rv9zmC5MtEJKNyF9kv4ezy,Bronze,1,HELIUS_METADATA_BASELINE
88AZtgRNZ89JAaW2ZnNUNt1RRJXz4r3ZbhYasek9qiyr,Bronze,1,HELIUS_METADATA_BASELINE
88FSLFZwMPrqR4sYGDHnGm4L3YZzatQEQWbJKaJcAuNN,Bronze,1,HELIUS_METADATA_BASELINE
88FcqPZ4h7ffvGqLLbQ8vKYLjfffWJGH3VANRF7ky26R,Bronze,1,HELIUS_METADATA_BASELINE
88K1g6Kok2yURCW25eraxDCj5pEeS5RBpeWn1UsUCMZc,Silver,2,HELIUS_METADATA_BASELINE
88MV8vxk4LbUCco5ttdpVKxYqCd5RMzMt7SqPxFiNR9N,Elven,5,HELIUS_METADATA_BASELINE
88Nvh7bYdSBAAU8Y6TP6XLwq8hds2z7UvwDTZULDQVVq,Bronze,1,HELIUS_METADATA_BASELINE
88WMp93cKXadgnMtsAHUWMYnoZEoWfNqb8j4jWYJp7NP,Bronze,1,HELIUS_METADATA_BASELINE
88XTNYmwex2wHcTe7jggWujxBnsdzEkm81ekZZaKuNzN,Bronze,1,HELIUS_METADATA_BASELINE
88fDFor8QYhU4CrsDyxxrNef29eyGU4JYk2vw8uCjkk6,Silver,2,HELIUS_METADATA_BASELINE
88mznQMUKUUzFKUzwErM5xmQ4ha26eE8xureUk9bX7Zd,Silver,2,HELIUS_METADATA_BASELINE
8967uGwttsbWM4ymRmM8k8nt9r8JsxdDgFfYakNwxuAT,Bronze,1,HELIUS_METADATA_BASELINE
89K86acsFT7SwwRVrbWmDJXCXHPpczZv92NSa5NXdeJd,Silver,2,HELIUS_METADATA_BASELINE
89SPJY4iEXytKtbfFbCETyX1azBMV6DoYeq3tzDM1TJz,Bronze,1,HELIUS_METADATA_BASELINE
89VWmixhY23irs58cNF2TaUYUfNSqAAYKwynqD1AKKhR,Bronze,1,HELIUS_METADATA_BASELINE
89WBm7RonFvMbP54Gu1UamkmnVHxFrZbyLGKwTbjqE4D,Gold,3,HELIUS_METADATA_BASELINE
89ZbyFkuvnSpQqhBn3RAyH1PJMNHAEhgubpBHzaiaAU4,Silver,2,HELIUS_METADATA_BASELINE
89bKgPu3hFAdthyxDPrACSjMmAoxJ5Ptm7RidhtwwTQb,Gold,3,HELIUS_METADATA_BASELINE
89eQPk7b7UmsWYV5mLEZWUjqRSd5K1syLWJYxkUYjQ67,Silver,2,HELIUS_METADATA_BASELINE
89gKGVcKe3hQUpswgbPdcqLTRMBKRtp6FAWUTwGKfB5F,Elven,5,HELIUS_METADATA_BASELINE
89kzbxnu8shmWH7fDVtDwNMBU24xxTLG7yw1A1afMbeY,Bronze,1,HELIUS_METADATA_BASELINE
89mFKmwRwtCisxGnTe2miLhkK7dpgNjANmKTWwttzUwn,Bronze,1,HELIUS_METADATA_BASELINE
89nxNmDG1jNrkrxGd96wzhAtixtKRmp9qjELngvT64SF,Bronze,1,HELIUS_METADATA_BASELINE
89pvnNkScDWVv8UA3LqdunUJ2pvLYMQok4niujqyfUsx,Silver,2,HELIUS_METADATA_BASELINE
89u1WCdDVbGiUSyBZiDY1XGG3vJJA5ZVFZVkmqK3dWSr,Arcane,4,HELIUS_METADATA_BASELINE
89vB2MiSQHMx57Gg2Ya8fHFgEiPuKLENJH3rnf7DDS8B,Bronze,1,HELIUS_METADATA_BASELINE
8A273SA7bP9ViTBfnnM3YN2bBtxwDKf9bDixnQZyeF5v,Bronze,1,HELIUS_METADATA_BASELINE
8AP3mUzfhyS4sWpHYKB8Hz3uo4qHd4XuAwd7GZq6NHGx,Silver,2,HELIUS_METADATA_BASELINE
8APajcvpDcggvXeW5nRUcSpzbVnWupZRHUk6g2nwrdyF,Silver,2,HELIUS_METADATA_BASELINE
8AVS4KUCUQpSna3JNYBx1nuwnJisJB8VFbgyNLo6cQCA,Gold,3,HELIUS_METADATA_BASELINE
8AVSzWEZYAFCjYGUAFpV7k6T4n2shMmTMPD4h5sWKHAi,Bronze,1,HELIUS_METADATA_BASELINE
8AVqWJyjd7jeVCrcLXfuM29ATaJe2M9z8deviVw4aRMq,Silver,2,HELIUS_METADATA_BASELINE
8AW3Y6WZKhEMjF5dFDoYoGsv3kgpAfsbFKTMRrxFQc1Y,Bronze,1,HELIUS_METADATA_BASELINE
8AZj6YEPZVybmWaiofqNGqEvhYgdZQ5kSZFQMcfiqqE,Silver,2,HELIUS_METADATA_BASELINE
8ApxYAzNG5jS5NXkSGpCbQeVGXYuyUuxohHUEsq42zH3,Bronze,1,HELIUS_METADATA_BASELINE
8AyGdzGroRJu9EQcFvqwXVuZ38mFTCLqq3yMVcoCCEte,Bronze,1,HELIUS_METADATA_BASELINE
8AzXr6TGR4Nt1AHAaFQApdpzKS1WD9d47NDKrhewsYQV,Arcane,4,HELIUS_METADATA_BASELINE
8B1wYCfoQr85vfQRV9q7TBe9qJmRPCGyUcoysqjniDk2,Arcane,4,HELIUS_METADATA_BASELINE
8B5NryF27JeA5wZ8XNrduZWNvtJRgAAA4E9BgUkDWAym,Arcane,4,HELIUS_METADATA_BASELINE
8BAk84og354CEkdZXfbzCJvYceV9UXKafwQijPjfpP2y,Bronze,1,HELIUS_METADATA_BASELINE
8BBxfSNnTriy5J2LaRveo5T4XZ3ozS9UdDWZvDVyvPvP,Bronze,1,HELIUS_METADATA_BASELINE
8BMWVctZLcbEBxno4fiChXWNPxEW4KgBsfrtZE3WKzxJ,Silver,2,HELIUS_METADATA_BASELINE
8BQHwgZdoLcdB6JEu1GG6E7hju9bLKPPYFxS2qyqx9Ci,Silver,2,HELIUS_METADATA_BASELINE
8BiJf7ayRwim8Z1VtLVy42uEatEhqugynfzdnub6r1W9,Bronze,1,HELIUS_METADATA_BASELINE
8BkLZNYQFbGaDKcbAEDFZm9s5CHhHVeH7ayA6unwJ51w,Arcane,4,HELIUS_METADATA_BASELINE
8BwWeukViRYRhjum61jWtjsXKnDwRV53SwLfUEgVkaix,Silver,2,HELIUS_METADATA_BASELINE
8Bxng1HWQBkWpaZtjnUc7CQpCVsrUBvwACpfpxRawNQB,Silver,2,HELIUS_METADATA_BASELINE
8C2ZJm1n9zu6gRXNsjDvGxA6t52pW82Z2xhmg736WSp3,Silver,2,HELIUS_METADATA_BASELINE
8C39eCaPHMWBYRLZZZtvB3ujbUxPfFCciP3MFdFtV7nf,Bronze,1,HELIUS_METADATA_BASELINE
8C9wgCSkp2QB7M1d95eYC6EkHXcThLC6uKNgaBUSb36o,Bronze,1,HELIUS_METADATA_BASELINE
8CAdAfMpD4qwy8TqB48BBGLVg1XXJnkPs73dx5wiGpEu,Bronze,1,HELIUS_METADATA_BASELINE
8CDk4CS1wLEvQzSWG4YhPg6hsVCGJV61fDBgnFxmCV6y,Silver,2,HELIUS_METADATA_BASELINE
8CEhJTFLQ1trhPpCjTedQQsAhKcU6KYVo9QdrNaJgiUv,Arcane,4,HELIUS_METADATA_BASELINE
8CZRY7ue2csmFeiRWe1BXttZ5rWpDeiQpygZaigtH4vz,Arcane,4,HELIUS_METADATA_BASELINE
8CrJRhsSwirHBiHXnoHEwi34vqLDrXf3KRreDQEKSEfL,Bronze,1,HELIUS_METADATA_BASELINE
8CvDB3A5NR2y3Ym1NqqP6VXH7bh9soNaozMG6rgXztu2,Silver,2,HELIUS_METADATA_BASELINE
8Cx2RvVvxgexBGsQHt3Le6BFTfVovLXqkpSzi2YeAi4E,Silver,2,HELIUS_METADATA_BASELINE
8CxTcBEZWmg8yoU4yHghw8oto8xduGLZafSwgp5CTDx2,Bronze,1,HELIUS_METADATA_BASELINE
8D2LS9kpGbjF7yN4WqzxuZRL1nPJ3WtCbTgW8eetUKnd,Bronze,1,HELIUS_METADATA_BASELINE
8D3qbsx5J6njfF8C7xZaMk9i64y1yjDuAZB2GSayDDpe,Gold,3,HELIUS_METADATA_BASELINE
8D7gQGk1UeEj6GSgr2Y7S4GkUU4o92d5Ak58VvhZrJpN,Bronze,1,HELIUS_METADATA_BASELINE
8DKh99EVfy6ZZqGUKJykZNdKgieVovWA9CwWrknUWoHT,Silver,2,HELIUS_METADATA_BASELINE
8DPfA4hMdbWVNu32K3a1asZKRvc41ScESynmCALoxvn4,Arcane,4,HELIUS_METADATA_BASELINE
8DXaxeg5Ujh93MmpGezprXcyz6APQra3Yf1hrZaiAJwT,Bronze,1,HELIUS_METADATA_BASELINE
8Dxm5GDdKHTTGN8kUNJNpGHUnGiMps99hHJfGXHPLPtZ,Silver,2,HELIUS_METADATA_BASELINE
8E5bWQYp7zcdFM2mRHaDbcW1YU5xysBvtZBjqM5YMjhz,Gold,3,HELIUS_METADATA_BASELINE
8EA1T5Dmd77zJQqQs9e4gMmeb7u2jAZECFg9FLwP9i6f,Bronze,1,HELIUS_METADATA_BASELINE
8EC5wnf7rJKRJt7QuMuCHna837ehDxXkht7xphmq2Q7d,Gold,3,HELIUS_METADATA_BASELINE
8EL4uoDAQJFXmnjiRFqFqRDGYiYWRzVxi3uPtUMC2ZU,Bronze,1,HELIUS_METADATA_BASELINE
8EQc2BA85wh4uoGXxyQePEBBBkZYrhBPCNNFedRnBK1N,Gold,3,HELIUS_METADATA_BASELINE
8EXVYZuaHaoYtD7PKsmVAeZ6DuXUifsanpkAY1j1wbaz,Silver,2,HELIUS_METADATA_BASELINE
8EY9L4tw7om8szvBwaFeCBt4S8hUw25NivoKuENVML8j,Gold,3,HELIUS_METADATA_BASELINE
8Ec9yMwT4xaHEvvGGQG3UUWfE5o15zqZb5mK6PfJwh5J,Silver,2,HELIUS_METADATA_BASELINE
8EgCNr1zR89oB2JuaSgRfXvfPHqzuXfFB6T49ZnEewxs,Silver,2,HELIUS_METADATA_BASELINE
8Egm5y8hQ1FSmYiRWGgtUy17EXimsEvyxMA3wqE5ohfr,Arcane,4,HELIUS_METADATA_BASELINE
8Ek45gD9TuqgS1kZmxXsgD2UBxPeFyLaGehBgpPKJTaz,Bronze,1,HELIUS_METADATA_BASELINE
8EprSWK4fPfSjrmwpbYWoWKjdLrpWMHMcrwB6ixDvtPn,Silver,2,HELIUS_METADATA_BASELINE
8F1VvfkGbYt7c51dTcnPB2iCuyELVTzaLjHig939QT2v,Gold,3,HELIUS_METADATA_BASELINE
8F8faXvdMCrbLUQ7khdKh1X2qPtSA4j6895naJ8uXjW4,Silver,2,HELIUS_METADATA_BASELINE
8FEmmfpj4a9K47TtzY7vpdFzbuXV3eu4Pz9LMT62UBuN,Silver,2,HELIUS_METADATA_BASELINE
8FJt6HaS5fVnrjKRS4FoGC9i4MAYgyYhcecZX3d6cVoG,Bronze,1,HELIUS_METADATA_BASELINE
8FUuif5ZqFcbUF68zJznNaRdVA74fMLXyaQyvSFmZiDw,Bronze,1,HELIUS_METADATA_BASELINE
8FY2iuKqYwpRz34rEvTewKw9jXGG7XKQa76URo5r6htn,Bronze,1,HELIUS_METADATA_BASELINE
8FYnML3xvs6NVvabYv9fj18LFCGvNZTJEYjP3eDNuAG2,Bronze,1,HELIUS_METADATA_BASELINE
8Fdkkp48jeZfaTG35EDALhWXAPdi9RLPBfiEF9hk7ox4,Silver,2,HELIUS_METADATA_BASELINE
8FgcP4ZzZnpfZTycJDZv5yCCLQm8CmrwMhtUoknQfX2j,Bronze,1,HELIUS_METADATA_BASELINE
8FgfKQUQBRXC8QHjPEvQ3c1izFXTpbyfCiWXNj2UJdj5,Gold,3,HELIUS_METADATA_BASELINE
8FhhkSuGsBfcDg3rzG1b5nbonAhjSkTW6RUfVkijM5tc,Silver,2,HELIUS_METADATA_BASELINE
8Fueay31fJVMUf1uFMQtTVvcUPkGCX3tZDn1agHNiH9n,Bronze,1,HELIUS_METADATA_BASELINE
8G1XNuCY2WRonYLo49TqV6ZcEM8fssYvKmc4dXQvgqRd,Arcane,4,HELIUS_METADATA_BASELINE
8G1YdP9ieUtypjVzUHvvBmuh6a5x6viW4CAESESoAG7S,Arcane,4,HELIUS_METADATA_BASELINE
8GGUbPE29kFv4bmTaULh7xRqVf5vsJ7YTovdRCPLQ8Ht,Elven,5,HELIUS_METADATA_BASELINE
8GgEgPKtEUeviDrT9Q2A6ajin94KiCG6Eyu6q6uZEsBA,Bronze,1,HELIUS_METADATA_BASELINE
8GjndjvZiVHkQSWWYn4wGxyZ1pBSHrMwPjJTz8BTeuav,Bronze,1,HELIUS_METADATA_BASELINE
8GoFH5kUBDLjZgSC7aqm9NccX4VDNkLxjUF3MxWNH1ox,Bronze,1,HELIUS_METADATA_BASELINE
8GoSaNqGMqvVfeFhjUTghr8dwXwCum381ZWLok3vSsnF,Silver,2,HELIUS_METADATA_BASELINE
8Gtc5ao7Ex97NUPmiovYhf97h5kKP2NwGAsBJgg6dXBo,Bronze,1,HELIUS_METADATA_BASELINE
8H1Un7DxyEZWgPd5Vp6p232aS2YYsE9YSFLD1UyaNXFQ,Silver,2,HELIUS_METADATA_BASELINE
8H8VjwcbZWwkspVVN14TnN8z1cb4LUmPVjYxD5XrviAx,Silver,2,HELIUS_METADATA_BASELINE
8HEDocSJDwJEWgGkQDqLWqa9JV5h4YwLp4MSPFkFErdC,Bronze,1,HELIUS_METADATA_BASELINE
8HRCWNz9eKjKszLcZefHxXz5k6t3joaFdfvhVEfdcG3f,Bronze,1,HELIUS_METADATA_BASELINE
8Hcf2XLRkgicQ8mCLFHqiiDBsnH826Znzn7ivEjnqXaw,Silver,2,HELIUS_METADATA_BASELINE
8HoiHC8e7grMkFcRXoZBnx8yrf33EJLEgGz86eX3pSqk,Bronze,1,HELIUS_METADATA_BASELINE
8HtEyikymDKPRwK7mQABjm2Ra6kspzYbgSaY4HFwBcg4,Gold,3,HELIUS_METADATA_BASELINE
8HuBYD2qJMpBmBb2VHp76ELcWaWmh1MowgpHzquaDkie,Elven,5,HELIUS_METADATA_BASELINE
8J9RAHhdA2tkFbFp98yCaJvEc1CeqYCYYf2rN8JwLcpz,Bronze,1,HELIUS_METADATA_BASELINE
8JG4CmzHBKHykSBiuYvcBajSewYDGWNpNWsLNeyGQCBQ,Arcane,4,HELIUS_METADATA_BASELINE
8JLT2NAbhFCrToeUEg1CJKcVaMxuzFW3v8gPQUvEot2K,Bronze,1,HELIUS_METADATA_BASELINE
8JTKa2eQQcJN52Jd6a3Cqr61p36LFSxGqPcKgSykEB7R,Gold,3,HELIUS_METADATA_BASELINE
8JTwZiTCAZz4nw7c7Vo3LN8vM6DpnciH6TFHznCZ5Pwm,Gold,3,HELIUS_METADATA_BASELINE
8Jh1sSgc9BgSXwoR4D4x4kTuy4DcAqZDsPhzevNMwtW7,Bronze,1,HELIUS_METADATA_BASELINE
8JkWm2om2ZQnbJMADvxxUP81PxiJqNYxz9cA9ZPRZ9jk,Silver,2,RECOVERED_MINT_IDENTITY_CANONICAL_METADATA
8JuzJGExBi3qPfrfKTQbvrvxnj7Z1UpbF3GG4ccJJye,Arcane,4,HELIUS_METADATA_BASELINE
8Jw39KYd3tkk1AbEjXjPMKJvXLjumxYp8Z5NTLjvvNci,Silver,2,HELIUS_METADATA_BASELINE
8K5nQ8pr4Jrrr9q1En8TEMb96wB4txZrBWQBxHbDMErf,Bronze,1,HELIUS_METADATA_BASELINE
8KHds6wJCfE4WvdesK6YeL8atDrNRy1K9ZrV8RnsEb9z,Silver,2,HELIUS_METADATA_BASELINE
8KNAuJqisi3AWkp6LoYCr4ddVnVGYGfCAVjYEc4zue7e,Silver,2,HELIUS_METADATA_BASELINE
8Ka1rHdVVrukgurWAkvd9UJMyCdJHkHtyRHbpbrWeTBF,Bronze,1,HELIUS_METADATA_BASELINE
8KbGsErYB3uYriEwTnkvYDSrShXVq4gKCt2NHhpidckM,Bronze,1,HELIUS_METADATA_BASELINE
8Ke3f8QUBYN3cWt6gjoQYNByNxtngvpB4RxiC7YJzMXU,Bronze,1,HELIUS_METADATA_BASELINE
8Ki12J8jHKYDJN4DYRrbcaJQt92GmG7yFYywnG93P6WA,Bronze,1,HELIUS_METADATA_BASELINE
8KqJ5HFaLrmDvKmxRyQo6tMLeSDcbgrmqUYjN1gRyiwS,Bronze,1,HELIUS_METADATA_BASELINE
8LBLPBUDJKC4aqZuJUoBUupU6pKrvPV6cswj7863MEBi,Silver,2,HELIUS_METADATA_BASELINE
8LBVBnJphpkgMqzMPMkDatCbWJrULxE2nwtbQWJdjjh5,Bronze,1,HELIUS_METADATA_BASELINE
8LHMUQZfCcL5PQSEmEDUgCmfMPUNPiD1CKZt5omx8k4,Bronze,1,HELIUS_METADATA_BASELINE
8LHUxC5CB9VveL27zUTfLUQsG98X6p11wwXXq8i9AZS5,Bronze,1,HELIUS_METADATA_BASELINE
8LLf9U3ndyW6hnGgtX5BV5y5vB9tf5LKTqGSiwPTUmCH,Arcane,4,HELIUS_METADATA_BASELINE
8LLjFUiGuocBbpe36AgJJ9DWBAaCZ3Nz2fX6vmbYegQP,Silver,2,HELIUS_METADATA_BASELINE
8LRWDfrGJsW4dUDHnZRYdvXHhWhjYvJafBMkcBqgqtw8,Silver,2,HELIUS_METADATA_BASELINE
8LRiRKWB9KfsG3edm7FHSfPxNssv4bAQxYrrVUxKciF1,Arcane,4,HELIUS_METADATA_BASELINE
8LYRKVePtJRwUXrdWoDGaQrBZwTohXWimR2k9aEYNQQ3,Silver,2,HELIUS_METADATA_BASELINE
8LcWCn35Mrtid7QmnNU6bq7WWxPXdES9AaAwk6iUjAHk,Silver,2,HELIUS_METADATA_BASELINE
8LduBmFxvkDr19bzA8oX3Z49rmt1eJoqVY33ujNx2AjY,Bronze,1,HELIUS_METADATA_BASELINE
8LfujLvMG54nHdomBrfgu34fwb3kKSRuqBscTpjBvGLG,Silver,2,HELIUS_METADATA_BASELINE
8Lo7jtirarxfynxcNL7tfaxgJPvJokwZebdyYWesopcj,Silver,2,HELIUS_METADATA_BASELINE
8Lokp4EirSPXwXr3VRG9GyVfQJiWJmn8XpEfMcxftXEC,Silver,2,HELIUS_METADATA_BASELINE
8LpcidAvexR7XjGiFhEyAo99eEcFm8hT7RAFuDPD8qfa,Arcane,4,HELIUS_METADATA_BASELINE
8LrnN4pSTq7qs6dU29FVHq8i9zpkAkJqEJT3kJUgcdjf,Bronze,1,HELIUS_METADATA_BASELINE
8LsSgmXDzeazdGj63mN2ohE4jcc7V2khqN6KMitKnfAh,Bronze,1,HELIUS_METADATA_BASELINE
8Lu2HQrUebDHiFKaQ7xXUXgMaoi8QiuynWiMKt6VUYiU,Arcane,4,HELIUS_METADATA_BASELINE
8LwBrVFxyPE1Wyccqg6RAR8kQnkXmd8Frmm7Ze7Lb35e,Silver,2,HELIUS_METADATA_BASELINE
8M3MpaQ6zcDyqbg4vZRW3sSKdepZZDVUeVrPG5Af7QLo,Elven,5,HELIUS_METADATA_BASELINE
8MAjjU1yjFyEbC6n63hkxZjexYayZKaryrw7CEJSRbMu,Silver,2,HELIUS_METADATA_BASELINE
8MCjSD8qp5SM8JYhyuzq3477nMCfTA67P8gxmg835ySo,Bronze,1,HELIUS_METADATA_BASELINE
8MCr3YpZtK5thUxbqpWJDYitgNbiRCkiefF9Y5Z7RXep,Bronze,1,HELIUS_METADATA_BASELINE
8MGpATfs3ZxLTcDsYrjtkkxudum7rdsyVHRMP1gL9v4y,Gold,3,HELIUS_METADATA_BASELINE
8MNLNj8g3dkkHVbsEfHzbdxeb9T6Bmx2JfW4qRsZ5eRn,Elven,5,HELIUS_METADATA_BASELINE
8MNa24GU4ExwUhPwj2shCSPKwTVZFfzFanNW5YmkydfP,Bronze,1,HELIUS_METADATA_BASELINE
8MUCpt7v5Mvb6oYQeVdo74w48tn2WvY5VXZxrs9JmeWi,Arcane,4,HELIUS_METADATA_BASELINE
8Maj7ASNuZgyGqig8AY7UyZRgMqNE7eEDnF1KkPyFhVJ,Bronze,1,HELIUS_METADATA_BASELINE
8MbPkmQowVUfdHLKsrUdqPWiUyS3JJdUiUdaokmrxNum,Gold,3,HELIUS_METADATA_BASELINE
8McMoqYnMXb5uvjFnaczryumd4Kbhfas6etmFbDAWKAA,Bronze,1,HELIUS_METADATA_BASELINE
8MwztXYEioYV96VgVDBMyB62R3hpGJxSTXENJREUm7Ue,Bronze,1,HELIUS_METADATA_BASELINE
8Mz4XhYGktRBDTLznGF5dMnty9iuhATuF1TADWg5oixa,Arcane,4,HELIUS_METADATA_BASELINE
8NH2AhTBr23RGeC6VEY89AxZd5JEvidntwCsuZhGK2NA,Silver,2,HELIUS_METADATA_BASELINE
8NNVRbjsckK8hypDFMktxTMPgsNpuScm7C5q3tmgQybE,Bronze,1,HELIUS_METADATA_BASELINE
8NQHc4p47UfUjhoGfDRiyEzbmzB5yWueZD8b29fwtNpT,Arcane,4,HELIUS_METADATA_BASELINE
8NR9xaECxVSvGbiTqBtwMsGP32GMgJLoM4s25iYD2u9,Bronze,1,HELIUS_METADATA_BASELINE
8NT4N82CJWCFxVrNg5BGBE2ZDZfGMDVYBJYywqfqzUG4,Gold,3,HELIUS_METADATA_BASELINE
8NjFZqT5Tvp2B7PSYGUvjHtTL2nCr7oGYGYhHxZD54YJ,Bronze,1,HELIUS_METADATA_BASELINE
8NrKQNKp9axsXM8YoKMgciKpChPJs9TVeRbxPbUFdujc,Silver,2,HELIUS_METADATA_BASELINE
8NtAq1hnACnVGtmkBqdrH1sGb9n4ZYhTnhhMKrVxaHBX,Bronze,1,HELIUS_METADATA_BASELINE
8Nthtt5TxXmXBExZo2ZCibHujNnxooTeMMZYmgvUakqe,Bronze,1,HELIUS_METADATA_BASELINE
8Nwcrm3oKAJEt62VTtWgJF6HRtFP1teY7XrxPgVTVEFi,Bronze,1,HELIUS_METADATA_BASELINE
8NxG5iDq4QX8EwdU1wacZVwPkN1ktpd2vQT1kmmTbtym,Silver,2,HELIUS_METADATA_BASELINE
8P2Kzqay7Z25bEN3cb3n6rcw1rgHvo26e8V1FogSs5uF,Bronze,1,HELIUS_METADATA_BASELINE
8P4SeopcQNYEgcDG4Sqoaeexksc2FSK5p4nDKy9ir7hA,Bronze,1,HELIUS_METADATA_BASELINE
8P9aMF8M6uCAJ3XDt3E2EbnAXgy7VrsZa7PbUTE5b3rY,Arcane,4,HELIUS_METADATA_BASELINE
8PEdaNmkhgHhYwu3imkdF3BAH9iRFYhGY6hWhrUsB8Sn,Bronze,1,HELIUS_METADATA_BASELINE
8PXoA3qbqmncVwG27egthQkYkKMkyxotnmXEoG12p2Cb,Silver,2,HELIUS_METADATA_BASELINE
8PYmFnNDUtNzXzaxdYyeAFTCzrYcsoESwTxPZh1h3K9p,Bronze,1,HELIUS_METADATA_BASELINE
8PiEigU65VM2tm51oZfPDSPzh1E8zEuc2DqdgjpBQjZo,Bronze,1,HELIUS_METADATA_BASELINE
8PkgfD97yp62UUw1BvoVSB9H9T9pA92rkk7zQXdJ3BLE,Bronze,1,HELIUS_METADATA_BASELINE
8PkxkGtj2KU8huKNKCSvDfzbbxyWXi9SqTsvCaft9cyN,Bronze,1,HELIUS_METADATA_BASELINE
8Pnrnkv9Wus3trudAZp8oBcejHt8G861xp58hRbwwsuB,Silver,2,HELIUS_METADATA_BASELINE
8Pv2bRnJjiPjwBsSE4S3SGpXZLtBeoeRLUgHz4VDUMv4,Arcane,4,HELIUS_METADATA_BASELINE
8PyU677ZJhk6i3pEL9cn926s1uvEZd7xULv6LEbbU1Yc,Silver,2,HELIUS_METADATA_BASELINE
8Q3eLZfo16V1WkuknjkMFYNKyovdHXzboWRZBsFn3QM1,Bronze,1,HELIUS_METADATA_BASELINE
8Q4Z9SVkp39jjiWzg8twoytAWDye53nu5nk9b7Aojnrp,Bronze,1,HELIUS_METADATA_BASELINE
8Q7ypYHdasDHGewDjZJ7Ve3nE7PwSbN73n9yZLRnQb5z,Bronze,1,HELIUS_METADATA_BASELINE
8QCJZZmrvVV7HMwg6KVYQwWuycLNkBSjVFNnS9e45V5A,Bronze,1,HELIUS_METADATA_BASELINE
8QScaT279WFziVYgJ7oHWP43Y98UV86DPSJaoSMrmMhy,Bronze,1,HELIUS_METADATA_BASELINE
8QWQFtZ69X7vb8oa2fXJcvzjcei94nJv9wqheDNbjhqJ,Silver,2,HELIUS_METADATA_BASELINE
8QX6PWg7papZLCaQZHzSyq347MYD2AfWHx5mUc5m3kWE,Bronze,1,HELIUS_METADATA_BASELINE
8QXmjGshFnEsUyRcyqQ3ifLFjWwDv4UbWPN6aKhtCvnN,Silver,2,HELIUS_METADATA_BASELINE
8QYJuX8CjQAZm1bfnaZCm1HdwtZEqwDtoLnE5jAQ7SKR,Bronze,1,HELIUS_METADATA_BASELINE
8QbfXkyeGAP98ZjvPwQUJfeZfKTdKRuxh39FsU7YL653,Bronze,1,HELIUS_METADATA_BASELINE
8QeioeYPsdmh5qyEnvpe2ScY1h2q8yV6boQuz9kpBSHn,Bronze,1,HELIUS_METADATA_BASELINE
8Qj6BFxZDehwYbjn8im3UALnxezSgUWr8WJK3cgZRuCw,Silver,2,HELIUS_METADATA_BASELINE
8QpHHzj3fvM8sUQCJTEZHE11FdNz6uDubJ3UJkzXv2S5,Silver,2,HELIUS_METADATA_BASELINE
8QtXVv4aU1gBxD4mFxFqHHN3VBjPRAFUNtSznPszcY9s,Silver,2,HELIUS_METADATA_BASELINE
8R1qQFuhiq7PF7HXcENZSu7n1NRHGBWMhRcC3LkRMSy4,Gold,3,HELIUS_METADATA_BASELINE
8RKEfYsNc13bqhWDKbYHmSa1FVVhZgvaFNMzHEx1S9FZ,Bronze,1,HELIUS_METADATA_BASELINE
8RPK5xLuAehco8nM4bUqXbAFmxCGJE3qnSDHDGaVhEGw,Silver,2,HELIUS_METADATA_BASELINE
8RYHyMMfqSgCntWhfPMeQ9VbckUFLMQ58CadwvwPm42J,Arcane,4,HELIUS_METADATA_BASELINE
8S3DcRoLnmb8tQ9eXwjVYB5TBu9jwq1XLggrZc2j4ZUR,Bronze,1,HELIUS_METADATA_BASELINE
8SAa1kJoLAijeeCuLfRLdsnu9eKfbcYLeYBRtdFEvEJp,Bronze,1,HELIUS_METADATA_BASELINE
8SLpPDPiXaHyLJxrpAEXu9UwQx9N5hBFYmjr3cpsTJeS,Silver,2,HELIUS_METADATA_BASELINE
8SX45R6FVC6PQR6gYcsbzyJasYwsLaCJG5hEuwV7Dhy2,Gold,3,HELIUS_METADATA_BASELINE
8SchfoytAuvV4hgaAFksGDw7JRQDVvg1kEDynvpnecGD,Bronze,1,HELIUS_METADATA_BASELINE
8SgWdxa7ykzmNyZnzGkH7VkqHAQLd9yRJowj8u81QW2F,Bronze,1,HELIUS_METADATA_BASELINE
8SmGxaGb4Vp4UjhTVdy2WDwZkpzyUfpkx4uj5hw9HKr7,Bronze,1,HELIUS_METADATA_BASELINE
8T2WqJ8CXZQRhrGASShxdXh5vazuQG7QevT9LqCkGKmU,Silver,2,HELIUS_METADATA_BASELINE
8TBJuiLCzBqwt2DXkzGbF9rwcYaszqKXsTxrRAVgsKZ9,Gold,3,HELIUS_METADATA_BASELINE
8TBYUodyBQY83p8Mt8z4LZWdkkkGRAGfjXSyrdy78RGg,Silver,2,HELIUS_METADATA_BASELINE
8TCPwEVNKomBmGjjCp6pm4wBQv2AMGpxFo4phHvZsxYu,Elven,5,HELIUS_METADATA_BASELINE
8TPDVAjvzosEbNvZm3iQF7WA9Fx12Bm3u26phamxN3Dp,Bronze,1,HELIUS_METADATA_BASELINE
8TZwHtkXnJ3SwWUoGWZhNJnyXuJiNQLboGXuuPvDYZdn,Bronze,1,HELIUS_METADATA_BASELINE
8TagCAjJoJ2AD4DuvGjCEwf1wzsi4ihJ4dxrZPSSEMro,Silver,2,HELIUS_METADATA_BASELINE
8TgzvKe8p3Zn8f9uGwtEcFZirUf2GwWu6gnedeyubzB6,Arcane,4,HELIUS_METADATA_BASELINE
8U35ndHeHFEormZsHC8kEE6kaQfgR4eSrUSdeNCwiPqC,Silver,2,HELIUS_METADATA_BASELINE
8U3noU2KKVmyX1S7nT5DcT65Nu9jFnbxELBzTPVwCWiA,Gold,3,HELIUS_METADATA_BASELINE
8UQWL4TWQSDU1wKwe5qCZ2mUQqTKryXu3RMmCUh4CBSq,Silver,2,HELIUS_METADATA_BASELINE
8UWN3HWaysjVZ3Tuan6ukM6ALseMugwaEab5ZTQQNmjV,Bronze,1,HELIUS_METADATA_BASELINE
8Ui7caBVv33Qgrp4uY4TpUQZosJ5UkUZ5HUE5PjYhf6F,Gold,3,HELIUS_METADATA_BASELINE
8UnqYNWkykZDgRWCV7f6jVz5DCAKKu4Aw2uavRDrmzVf,Silver,2,HELIUS_METADATA_BASELINE
8UnwCp8me4ybTLg9YnUvVAm6CCzP7yru42vrsMGTBToB,Silver,2,HELIUS_METADATA_BASELINE
8VAGcqDL4mjpjrpS9ASfjDVxfNmVd4kNE2Pg4WreKsxf,Silver,2,HELIUS_METADATA_BASELINE
8VFXLyXT3GZKCEGxL3gNE9bwPNYg63G4q8V9fvmbejyi,Bronze,1,HELIUS_METADATA_BASELINE
8VH6ys3xxp3RQik7VWZdaSXkgxsihozgwmE7t8AB7SM3,Bronze,1,HELIUS_METADATA_BASELINE
8VLxeSM9kdaJknfj1pwmVUSCxJwKYBixND6UB1rVZEdy,Silver,2,HELIUS_METADATA_BASELINE
8VUjMExkuZJwdRyhUo4T3UN1yz3SjuVG5SWj9uQhbTnK,Bronze,1,HELIUS_METADATA_BASELINE
8VWgTdv3myDxpqxZZFeY5xg5zwY7sDwKWzT3TdUnR1RQ,Gold,3,HELIUS_METADATA_BASELINE
8VdTMFdsViJSzM5CnUdPXbTsMhGW9naK1baAXgRxSyrs,Arcane,4,HELIUS_METADATA_BASELINE
8VeYs4VaJDmdBxwi1vjoH4wmtUxy8M9kuK2av4qAizM4,Silver,2,HELIUS_METADATA_BASELINE
8W1rrU9Aj1n3MBs8Yqk7Csfa8Hk6aLr3V6tLFCfvsftz,Gold,3,HELIUS_METADATA_BASELINE
8WR6HgswFsEbJyBKDuJz1BgsJYpu7d2SR7yTrGk7SMb5,Silver,2,HELIUS_METADATA_BASELINE
8WYLvLPrTHehjXhntXTqAnkP9zWuzMByyHBixMHJ2ndZ,Silver,2,HELIUS_METADATA_BASELINE
8WZ9B8fBzmF8rPkxBi3KdFonhZHQSL8W88PM6y9CzYUT,Bronze,1,HELIUS_METADATA_BASELINE
8WZz46XzkxbwUAbk9ncUZuuZ276SEeonajseKfK9MgLN,Elven,5,HELIUS_METADATA_BASELINE
8WeRakVSK1P8sKkzK3YMXippKCVxDpLufiwGtjvTWixd,Bronze,1,HELIUS_METADATA_BASELINE
8Wfh2EoX3vmSLJdP5i9N57XEuQzvWHYFb7AZ4vyAgqaW,Bronze,1,RECOVERED_MINT_IDENTITY_CANONICAL_METADATA
8WiNJ7Z63RRLVeKoPD4rSMSwhwrgzKK6eqeZHwaN7qKx,Bronze,1,HELIUS_METADATA_BASELINE
8WrHPpQP7SGdkiU1FsD4qvx3XnvM93noD771JMzDMh2t,Bronze,1,HELIUS_METADATA_BASELINE
8WuuDooVVehHVRTCjyCUAezzmBsSq7ZdTkJZt5ewYvyJ,Bronze,1,HELIUS_METADATA_BASELINE
8X4KFbV4zw4mezfriY96k3BiE4WvHQaei67QQs9zAcnV,Silver,2,HELIUS_METADATA_BASELINE
8X6CNcDmpoxP4ERZEKJNeTqt9hnJaf4EqByDzVgfQfeR,Bronze,1,HELIUS_METADATA_BASELINE
8X7hBp9kQnqKNjQ6YRCfYsQdUPWLFe8AZokeMPgR7aYC,Silver,2,HELIUS_METADATA_BASELINE
8X7yC1zzv6LBHt6AK7WpTPEq6MC98X9HwUAFtjinSoj9,Bronze,1,HELIUS_METADATA_BASELINE
8X9zFkZAMfaKD2ogoK2xy3BYxKqdN35EBjsDxNJPrUin,Bronze,1,HELIUS_METADATA_BASELINE
8XCCFG5GFtrUAyDvzj8pDDKrgZhmMDeWB7hK2apUQhvV,Silver,2,HELIUS_METADATA_BASELINE
8XH8hNfiPDqVw6Vopt62fe7zqSBup1e97o5213iCG8hK,Silver,2,HELIUS_METADATA_BASELINE
8XVqd1n3Ad6Ge3tYu23BBZGgFw5o9cm5rTsf2HcyCqmb,Bronze,1,HELIUS_METADATA_BASELINE
8XWvn53cRQcX7WiptXqKJCFfTn91CxjhzJZeJfKjysP5,Gold,3,HELIUS_METADATA_BASELINE
8XZrXSain7UuK6hcq8hB7msg7vYFBbysG5uDZ2MPzSR5,Bronze,1,HELIUS_METADATA_BASELINE
8Xj1pJ45wGBQUg4CnKdKGZeL8FGdysFqqDEbp7s1FKs8,Bronze,1,HELIUS_METADATA_BASELINE
8XontNrXPpy9JZYRtkWcLGaFn4BhJvf9d8EkqwhTwwgG,Arcane,4,HELIUS_METADATA_BASELINE
8Y5uBT95TWqZzQTJ67pigyGaptHm637bpai1L2NG6ThJ,Bronze,1,HELIUS_METADATA_BASELINE
8Y7u8aeEmDoF3GrJjcWz83GjmsfhiWdcE6izB7Ffa1XN,Bronze,1,HELIUS_METADATA_BASELINE
8Y9aVbXejUPYYZws4dZoy3aiw3JQwyXVQAxz4EgxGvbs,Bronze,1,HELIUS_METADATA_BASELINE
8YGeUPx4XTuZwyFuQqqX2SKgz5L2AoePc9bvkgKAFDfP,Bronze,1,HELIUS_METADATA_BASELINE
8YJQSbbfg6YPb5TcJ2Qevmg7gjS7nCvznPg5T4orgRM7,Silver,2,HELIUS_METADATA_BASELINE
8YK4gyJC3TtPdPE36bPgcpW1gPYDFDVtt7StpvMzW5qk,Silver,2,HELIUS_METADATA_BASELINE
8YPPWBTPhkVKSGcfoUe8Mz8uJm3G1DAKuSn4kifWhYZ2,Bronze,1,HELIUS_METADATA_BASELINE
8YQpkWwV8VPtioSFp47e1UqSGzccDjWsk9hR1TA7CaCW,Bronze,1,HELIUS_METADATA_BASELINE
8YYcBV5B8aeQc49VjL1fMu2fPKyw6e364oen36jtDNpN,Elven,5,HELIUS_METADATA_BASELINE
8Z3zYQvDFSBivoZGRbBejt1wamkwQkkxU7EWqqmMiELf,Arcane,4,HELIUS_METADATA_BASELINE
8Z49zzJTZuMBsDaPAmyWS9sapSkAa2saxCcMuUvKqyg3,Silver,2,HELIUS_METADATA_BASELINE
8ZG2J1d7W1qKVWcUC4yN8rMwbKBiwhhoM3riaLrE8qV,Arcane,4,HELIUS_METADATA_BASELINE
8ZLtqTEQcgJAZ1Kv5CKXjVUe8Ly9dtmHgZNQGrmvXyrd,Bronze,1,HELIUS_METADATA_BASELINE
8ZN5kvYiaVrwAV5j62aypDpwdbXpJL3mc3rUorMgoRqh,Bronze,1,HELIUS_METADATA_BASELINE
8ZaFt5UqhgVx7SazKx5GYfBbY9SHD9BfWBmCrNYhongG,Bronze,1,HELIUS_METADATA_BASELINE
8ZfYzW3yKDWPybnBVGDNDAyVwxF9JCTEW5FLbXZiyVJS,Gold,3,HELIUS_METADATA_BASELINE
8Zgf7GLBF2reXpk5CmXH7A9etsSdTuPr8Z9eUNu6ujkU,Bronze,1,HELIUS_METADATA_BASELINE
8Zhcjq6J5H1SkXj5ayvuHHHjeEfWrbRrSXVMuQDTJ7cC,Silver,2,HELIUS_METADATA_BASELINE
8ZpuLaWyduNy7nWS5cq7cvQ68RV33VxtGR5R84RY1chn,Bronze,1,HELIUS_METADATA_BASELINE
8a3FjbbteKGAPnwrWbN9YNUaTWQwKUpEfKpsEB3Qc3BC,Silver,2,HELIUS_METADATA_BASELINE
8a9H2zaybwLBWS4tsnvrUX9uA4yUJihdTZPgCxB393eA,Silver,2,HELIUS_METADATA_BASELINE
8aCEdhBnXR4qsbQ49Dve8g6ycUc6fxLASMRn34k6ZbMe,Silver,2,HELIUS_METADATA_BASELINE
8aEF1nnU7oLx77kdNveCpFWFLa72vj5oEHzYyJShxJ6X,Silver,2,HELIUS_METADATA_BASELINE
8aGCJhsqyrrYn4yMopu6q6DKP3Q6QqULiUGZ83pXmYNB,Bronze,1,HELIUS_METADATA_BASELINE
8aVaF1ipGVq5TCJqeNnZLYhEBfXFMc2HZCQiKq1XvXS2,Bronze,1,HELIUS_METADATA_BASELINE
8agnjBB2q66rfKt2RTeU7o5Q9yZDDbxHgwHuUeWSofdM,Bronze,1,HELIUS_METADATA_BASELINE
8aiNyZQTRk2vPZyHmWrUDK6YsyP2t1mdL4FqHdotSfdN,Bronze,1,HELIUS_METADATA_BASELINE
8ajZFG1HnUFnrxzeyNXHevgw8krHLhmhffuD1SjLVb9B,Bronze,1,HELIUS_METADATA_BASELINE
8amtTuGFpCA7VpjCBwgGGp6D78hDcHvCsa4rSBnenTfZ,Bronze,1,HELIUS_METADATA_BASELINE
8aprAt8wumnnjNMi3JD8fwDMHj3wnT8QJfJrVXxh1LE9,Silver,2,HELIUS_METADATA_BASELINE
8aspQoMRicNMSQ7buQqSVGPCETc1P7GEciqRA8GRSuTP,Bronze,1,HELIUS_METADATA_BASELINE
8auTkWhNBoXsVuokcZfgVLrMRKh8NS7rBq6dTFebHsPd,Silver,2,HELIUS_METADATA_BASELINE
8ayTWzi2GWhVGJo9RekgNzXE15n38QtnhdWqogSYg8en,Bronze,1,HELIUS_METADATA_BASELINE
8b86W8MUCBgEYmSfbQfx4BQKk4oYjFbQqNHNe6PUscM5,Gold,3,HELIUS_METADATA_BASELINE
8be2M8gJD9ESiV9ZBDxwp4RgpFdB4EgCo4GzbAiS2siN,Silver,2,HELIUS_METADATA_BASELINE
8bqKeu1dpHcDE7cfrieLQ2tQ2hqYtJPtZHXzW7mFiuaw,Bronze,1,HELIUS_METADATA_BASELINE
8bsgGqXbkDWdBB7ZjQmDSXcTb5BSTpLWyq8RevkdquBy,Bronze,1,HELIUS_METADATA_BASELINE
8c34q6c19Dfe5gpyQCus27yJ4Ew1NQvJ1gWU78GCpcZa,Bronze,1,HELIUS_METADATA_BASELINE
8c6jYGLwb6UrDyBPhUfp4D7QzYbWvKQfdi4YuY35MKvP,Gold,3,HELIUS_METADATA_BASELINE
8c9SXbV9PwQNZFi7dTpMs3PE34WBb9MYCp5AhgkKEnw5,Bronze,1,HELIUS_METADATA_BASELINE
8cHjVKdGcXJhx2QSK5mLuoPt6TD48HNgTD969vu769N9,Bronze,1,HELIUS_METADATA_BASELINE
8cK2VaYEAKAyvwjWhcf9LEMRReZuo57aNEL8c1R1G82U,Gold,3,HELIUS_METADATA_BASELINE
8cU5y6y2nbA3gxxLHKkxk5PAM3ytrzXcBhMMw83re2Uf,Bronze,1,HELIUS_METADATA_BASELINE
8cXvGdEnaWWt6NTWQJjmhtdUGefxTFE9jMQXfELmtQcF,Bronze,1,HELIUS_METADATA_BASELINE
8czorKsKqdmZ55j4EkEhCwPEg4T5AKKpEjG4cckxaCKR,Bronze,1,HELIUS_METADATA_BASELINE
8d3KEF9duYZWzFSSiX8sxfVoxTWW1LV5WtQqNpZrHTeT,Gold,3,HELIUS_METADATA_BASELINE
8d7eteRa2GogFiMVqLqPGd6FcL1Xr4DF1TjYP5Nioukq,Silver,2,HELIUS_METADATA_BASELINE
8dA6ahh1s86gpteae2N1omCZGuYsvCteuRwv4HbB44sM,Arcane,4,HELIUS_METADATA_BASELINE
8dDkLUBgycwSQrxQNnormUcMBY3a6n3kJxn6jySs8uaa,Silver,2,HELIUS_METADATA_BASELINE
8dFReNkbiUf1RUUYfJ4eLrAc8m2vTKEhoCDUq7SPyx88,Bronze,1,HELIUS_METADATA_BASELINE
8dLBNPr7XKi1LtUQiWtuNv4fvUbHfRzHCs4EEQXMXum4,Bronze,1,HELIUS_METADATA_BASELINE
8dUM2jchrgpip9UtbERxDkMzcyK373KmfvZzUpAcdbbZ,Silver,2,HELIUS_METADATA_BASELINE
8dWdx2oq8k3usCn6bdkMm8HyvnBqrzJERbJpQCdXXv36,Bronze,1,HELIUS_METADATA_BASELINE
8db2WajGc47bDp3vwRAtgRcDJgN2NypRBMuYQygSndbZ,Silver,2,HELIUS_METADATA_BASELINE
8dsCbp73cu8ywrJCFPrPrfZasjVoW9vwvQzkCajxggU,Silver,2,HELIUS_METADATA_BASELINE
8dtYpFYY1hD1UVpYtYTZXTuaWwsdRha5zEL4k1bLwxwe,Bronze,1,HELIUS_METADATA_BASELINE
8dvzDQbTg6hfYxo4ZLKTKpxNNwRpjvxa3ZfiKWQuE3BD,Bronze,1,HELIUS_METADATA_BASELINE
8e7WYMuVLNpAHbB7wJoBPzGz4P6DtoG7U5rXrpHzTDUo,Bronze,1,HELIUS_METADATA_BASELINE
8eAb6oNypwjqN7DBivhc4GYjjq1jsi3UALUmsX9gKMtS,Gold,3,HELIUS_METADATA_BASELINE
8eKu76M9oU2rFCBDLMenx6f9v1q7VnEHkeRuYy7aB8th,Silver,2,HELIUS_METADATA_BASELINE
8eQDbbKfB7By3B164TkapiQUPtC43fy3k7y61A9nLStK,Silver,2,HELIUS_METADATA_BASELINE
8eTaUba2wrDBfspM6zdow1X715eZiDUFuGPzdyJ3J7Rs,Elven,5,HELIUS_METADATA_BASELINE
8ej3pZVBr6VJFtnQAkdR4vhiPsq2rto1WZV5NZ8JacVF,Arcane,4,HELIUS_METADATA_BASELINE
8enZ6FeiWZkQKfiicVBj1Lm6mjm4ZrCtEQCGdV3oMZxs,Bronze,1,HELIUS_METADATA_BASELINE
8erSkJM4aQLArWENiJrKV3tx4zzwfvqZenVoQ2aQ8wtP,Gold,3,HELIUS_METADATA_BASELINE
8fKZCxA3zjnYAGLgeDmDCf7yY1n67Z1RaSY8JSudMhqD,Arcane,4,HELIUS_METADATA_BASELINE
8fW1xRSHdE7qwar1v2VGS8tGeiTQpgvWW1VQo7RCT9xA,Arcane,4,HELIUS_METADATA_BASELINE
8fqNgvS2vk1xH2LNAVyfut4Xu7NTijtpyfnkQ7fbbzN8,Silver,2,HELIUS_METADATA_BASELINE
8fw5eCa96wNpVBLauTZ9CVU6VK2z7ZhivBBNJE6miTvL,Gold,3,HELIUS_METADATA_BASELINE
8fzcMLntgpMHfY7abs73AZNEiVjsVcFZRnCuo6BrYe9N,Bronze,1,HELIUS_METADATA_BASELINE
8g4kGpLFtZ3PwWoaRyqc46kg9QTTUXN2KdN4nApi1HB2,Silver,2,HELIUS_METADATA_BASELINE
8gGtii9cH5yK4cwJqX3vUo66LpDV4wiKQiaWxRbu7mmm,Bronze,1,HELIUS_METADATA_BASELINE
8gZdnrpcXB4zpALaekryg74g5pURaCYt3X3qEYEkavCQ,Bronze,1,HELIUS_METADATA_BASELINE
8gb7h25Vfag2v8QucrF3p4LsuQn5zbWLPEY1dqfGiCzE,Silver,2,HELIUS_METADATA_BASELINE
8gfbpFQMMDjnu4dY64XB3ixuxMBD3eqcUgWtHskyKhjp,Gold,3,HELIUS_METADATA_BASELINE
8gspBBdZftuneLbqkyRAJaPN35R6kdPohP1BGZmfSC5t,Bronze,1,HELIUS_METADATA_BASELINE
8gu6iLq1o369AS3EKZPpR1rVFKSCmjSBGF2fr6vuLKb,Bronze,1,HELIUS_METADATA_BASELINE
8h6nbYqVBqnXS13SM7KbACzHoy5fYR3s7SM2YgHxWLMR,Bronze,1,HELIUS_METADATA_BASELINE
8h7vXAtk1nAmF2iwNNoUzWcKuXdwTnFE9upWx2F6ECUD,Bronze,1,HELIUS_METADATA_BASELINE
8hQ8mC4zJwBDNchpQuCyn6BLVP4diUv3q2kZLojbbz4B,Bronze,1,HELIUS_METADATA_BASELINE
8hVR9czdxtPmyqKG4L4AhF4BZZUWou4KxTjMzKbgCiaB,Gold,3,HELIUS_METADATA_BASELINE
8hZiHp4t2hWdPYuXvnzXWmhRYWVf1PefFirghgqjzLnP,Bronze,1,HELIUS_METADATA_BASELINE
8haaySDwoWQHjSPSwcK5AB65wyjB3SUGwwhW1qibAQxT,Gold,3,HELIUS_METADATA_BASELINE
8hfBQZkVTLYT5ByVueXZxGxyXpCEDXBq83nSfwX82fne,Bronze,1,HELIUS_METADATA_BASELINE
8hkEHRVrNuoFyNTvpTDFrwbj2LgG6dSWoDRGGr9EhiEG,Silver,2,HELIUS_METADATA_BASELINE
8hmFESqyPPn8pLhHbFujZveQo9hsQWVqaDRXGGdoCinD,Silver,2,HELIUS_METADATA_BASELINE
8hrGC7mphy8GXn7VzG5aN61jRptWSHQuZSRvUqjURsHd,Bronze,1,HELIUS_METADATA_BASELINE
8htuGx9HQSNefFdTqF6PvFSPxp1NCiJ23wbRpRKyhewb,Gold,3,HELIUS_METADATA_BASELINE
8i5UYcaTTmPAxuePS2LVT21QGucJbPpwgQPXa7N3BK1n,Bronze,1,HELIUS_METADATA_BASELINE
8iUtRUtHiaKVJAPtG5Ha8P5MMAsNRxLoqD8V4np6Zusw,Bronze,1,HELIUS_METADATA_BASELINE
8iVNxt4rWDiDHTSExdXYKg4eZuZExeu9geMz1q5xLBvW,Silver,2,HELIUS_METADATA_BASELINE
8idcQihMpqsymoPvihECi4sDYC6bZb54cVdi2ty9Fddm,Silver,2,HELIUS_METADATA_BASELINE
8ih4KEGdmo3bSXWgakhyPNqA7YUP4AL9eELNcUVCwfEx,Bronze,1,HELIUS_METADATA_BASELINE
8ikRxXcg51VRG31mqkTJTgh3YuMKRbANWdMKBMxCWG65,Bronze,1,HELIUS_METADATA_BASELINE
8ivFhTXX9scC6ASivfR1zLUSfQ1mm5S2mhk79BU5F2rs,Bronze,1,HELIUS_METADATA_BASELINE
8j5yfKSgx8qB12Fod76kyXukDAyo6nKYdyzsimfNG5ig,Gold,3,HELIUS_METADATA_BASELINE
8j8axJnDWEZ1BDY6zoa7h5BKBs4kmryQEBaJ7om9KgZL,Bronze,1,HELIUS_METADATA_BASELINE
8jSAX5PS1w2gkbuM49V9MGogw13oRb65uotr5MBuqTK1,Silver,2,HELIUS_METADATA_BASELINE
8jaBbjBR4y7FhEczDV9wekk7qpiok9Af26TJWSVzDK6P,Arcane,4,HELIUS_METADATA_BASELINE
8jjNHQQ9jqQ5utxphKnjfabyQk69Fhtv6q3QPHkUjbVN,Gold,3,HELIUS_METADATA_BASELINE
8jzaGHtdmMqjXUBogmac8d5NzNjD9pL4gmtEr48R4yeY,Bronze,1,HELIUS_METADATA_BASELINE
8kAG3hc4f1ih7QBfw6epA1iwVjDvadSq5BysDMaCcXm9,Silver,2,HELIUS_METADATA_BASELINE
8kDUYsqfYR8hcz7RCCPB5FythzrhRFDH5h2v9Cu5bCzN,Bronze,1,HELIUS_METADATA_BASELINE
8kJ6TVSyU9fAwQQbjJqnay5ozN1xDgLSPa9sw1MWEWif,Bronze,1,HELIUS_METADATA_BASELINE
8kVgFmDF99M7uMavk9C1sktGADseYoNJH3CiciNbCHiD,Gold,3,HELIUS_METADATA_BASELINE
8knZ48oeuhNijP47NfLSDxong4otBDXg9dr9M7Tvk1cA,Bronze,1,HELIUS_METADATA_BASELINE
8m1kictXL3YsWfSnV8FtE7MGdmG14NJGH8eJjSKWtg34,Arcane,4,HELIUS_METADATA_BASELINE
8mGVVwWct249UhYzFNm8YvTCHDeb7ThFmzdurVEArqKq,Bronze,1,HELIUS_METADATA_BASELINE
8mGgnbgGjQcbSHMRFUyYDJ6kYbSYot2P6sMUnqeGQnaL,Silver,2,HELIUS_METADATA_BASELINE
8mLZeB1aHUZaTgpw2ic6oqpHmA85eTNy9Rgi9ZKcFGkb,Elven,5,HELIUS_METADATA_BASELINE
8mMTtqWphPzYfkpPyB4DjPbgsShS4ezhjhsbv28LP3kK,Gold,3,HELIUS_METADATA_BASELINE
8mMVcHN4nhGF7e5goJHYfYZQghdW4FvUmEZhY1KPn6mP,Bronze,1,HELIUS_METADATA_BASELINE
8mQckpYM6tg7S9cLEywYf59CnCgyY5A76iPb52AV6pxf,Bronze,1,HELIUS_METADATA_BASELINE
8mWtjQkN6gHYuxN3S542KBWL9TzEdVsYHRfDuB99u5S1,Silver,2,HELIUS_METADATA_BASELINE
8mXoSmDPuKZ6dGEZfyNLsqHjePAo74rEaw4a5xD7D1vw,Bronze,1,HELIUS_METADATA_BASELINE
8mmpq8ZgS4nGDwSsVzs6DZGAmdgJE5GuvLUGdAV4ivWn,Bronze,1,HELIUS_METADATA_BASELINE
8mpmeK4ns5qPkpwaN5aUEw9tXyvDk25ZKbRUim7GrWhT,Arcane,4,HELIUS_METADATA_BASELINE
8mwUqy3L4hXsa6kbf7D8uANgXwUkh5jGjBWTmgEk5puF,Bronze,1,HELIUS_METADATA_BASELINE
8mzRgEVPnHZr5deeWe1Km8JKz4wUcFWAJ3HGhJ27wrAg,Bronze,1,HELIUS_METADATA_BASELINE
8n3di3p1ubuLe5JRnkMokG6hWDNj5y5LwvrJivFrcXs3,Silver,2,HELIUS_METADATA_BASELINE
8n4kqRg87a8W8NZgnz7LwQRSQUgy9apMpcK2spvF8G57,Bronze,1,HELIUS_METADATA_BASELINE
8nG83jJKafRQPqNzMN1WS8hK6FMFyvG1dkRgNuFM8Yxt,Silver,2,HELIUS_METADATA_BASELINE
8nGKSkjbSstRbghnEGPhCZKHsbPp8oit6o7p19hVG9K2,Silver,2,HELIUS_METADATA_BASELINE
8nSPpmXUfVqjLVryqy1pVNWiWiS2xTLzzsdjZTz1QBMa,Silver,2,HELIUS_METADATA_BASELINE
8nkMTW6WYv2WPbmpTZ1dMUcTAaZFMyReLH3mbKUH6Bhd,Bronze,1,HELIUS_METADATA_BASELINE
8nnNgcEFGdtCyKDZNzfuzbmYFLXTw945wRgnsHpq2Xdr,Bronze,1,HELIUS_METADATA_BASELINE
8o1tL2UdpTcLg2BQiVEfrH2QtZH38L26vLr1Q9uReHSm,Gold,3,HELIUS_METADATA_BASELINE
8o7ZKmAgu9vKuy6yG4KxjszNxsZ9ex8xWwGbSQQBH3SA,Silver,2,HELIUS_METADATA_BASELINE
8oEXC4T7XMyAYTEUtYVGFbacXspx4acVjqghQR3WwTiL,Bronze,1,HELIUS_METADATA_BASELINE
8oGiaE1UWbC4P6arkviwVSbYAzxzefMANxMpyofwYce4,Bronze,1,HELIUS_METADATA_BASELINE
8oPHtfS1yZHuKs7gibCsJvnY84FGwjSMQwp8juwRGDnk,Gold,3,HELIUS_METADATA_BASELINE
8oQcEPy9SDvamG8DEtmYbafpevQnomBMvhkBxSRfSyqa,Bronze,1,HELIUS_METADATA_BASELINE
8oRwq4nHMpBwDL7QDdMS1wQsB7wt3tDQbugf6kKqNXoj,Silver,2,HELIUS_METADATA_BASELINE
8oXv6Thh9WMc4Wb2yoUxrpkK47BE2DrQsoGekyJmtBU4,Gold,3,HELIUS_METADATA_BASELINE
8odvgDZCjGMVhC5xQA6hw4rtfmvz4y5PUReyL6XuBFgB,Bronze,1,HELIUS_METADATA_BASELINE
8oshKaWsMxY5xdVxFgMPWW1GpqeiJymozacQZ8d6pgHF,Silver,2,HELIUS_METADATA_BASELINE
8oyVL66n813zR5nxZ65jiKCq5maxvLpMsi42tzt3V8ZU,Bronze,1,HELIUS_METADATA_BASELINE
8p465nbdzAYL6f9qcL29REiPkKfrQhBJYUSJudPrWW8i,Silver,2,HELIUS_METADATA_BASELINE
8p71BtRUsGwvH4rhqTJyF7gMAo8jCJpWvNaKEuAs7gh5,Bronze,1,HELIUS_METADATA_BASELINE
8pi4Mce1KT6QYrDnn3z1F975NiiNGn7zeKePoa8dBdFA,Silver,2,HELIUS_METADATA_BASELINE
8pqsbBdp8hnUDsmMTqoCAoCCdfwsj4pssMn6M6nGekMq,Bronze,1,HELIUS_METADATA_BASELINE
8prStrWZqeeso2MePUYWQ2mZ3stntszTnTciBEqpJLVe,Silver,2,HELIUS_METADATA_BASELINE
8pzuHV7g83DxE3f89ZDx75qyiByF4gmpVafTeSYsEEay,Bronze,1,HELIUS_METADATA_BASELINE
8qMVtRhS7vpdy4bWFNsSy4Zx9b8BqNWNLabeRjBKRAn,Bronze,1,HELIUS_METADATA_BASELINE
8qVHj4kCFGeWVgCRseBC9J7AJbpDraDMgwu4UywuMNxV,Bronze,1,HELIUS_METADATA_BASELINE
8qhdQC6pS7GjvAMA2xWV4EPsQkHPuDeei2UWPJSZ4CYD,Bronze,1,HELIUS_METADATA_BASELINE
8qoR8pR3TuyKxJjUTBUwSC3CDPqdNAJvJsgJCV4KiNgG,Silver,2,HELIUS_METADATA_BASELINE
8quG21NsnrBMY34kwnhZMr1nswYwAJPKRPqHAyf462rC,Silver,2,HELIUS_METADATA_BASELINE
8qugWLNooJFTtZqJwcK7YbVqzCdFg3ttrJEKyzrRmP5Q,Silver,2,HELIUS_METADATA_BASELINE
8qwspRWBeou1oWU76uUba6AxDsDE5SeE6FcjZAYFbJ6j,Bronze,1,HELIUS_METADATA_BASELINE
8qxfPQ561Ls8bRNwbqZmEAvbSGKNXUwFmenpSqJtzKXF,Silver,2,HELIUS_METADATA_BASELINE
8r3BronpfdJ6iRoQpaPUdXhCZ1hqgv6re8ADVumok6Yu,Bronze,1,HELIUS_METADATA_BASELINE
8rEBQNZS3MCeGC1eU7AYNDNbQ5XSsDUmRtKm13FAXwhs,Bronze,1,HELIUS_METADATA_BASELINE
8rU1F9hJdwpqfpfXnPhsZR7iJdUVRtCiaWbeQUADh3EC,Elven,5,HELIUS_METADATA_BASELINE
8rUr7C6hWhZhY8fDreZpCfLbdtGYLHV21sR7jFrqyZV9,Bronze,1,HELIUS_METADATA_BASELINE
8rxNfDkmoVEQp6CHhy5f1z28KFWfyXcEVg2jZ7VUdTGL,Silver,2,HELIUS_METADATA_BASELINE
8s5TkaHtt5fGzoi8RfAWFnt6hCMus2yykduKS6uPXYF1,Silver,2,HELIUS_METADATA_BASELINE
8sD9ixvZNgdqXyuAHrJG23T2MC6S4gLyEscdtHCs5oHf,Bronze,1,HELIUS_METADATA_BASELINE
8sUsWzNuNha8VmMLivjnN2TqS4FRhhNNSB7FpEptUUTv,Silver,2,HELIUS_METADATA_BASELINE
8sXwDBhSuUNgc9uaFmB9KG4Fj9SbJ81yp1VhBP7dDyzp,Elven,5,HELIUS_METADATA_BASELINE
8sYWXHfGbARH1QzTxQorR9G8fcyQzS3U3cGeN6G8e9hm,Silver,2,HELIUS_METADATA_BASELINE
8sZ7dDuyTc25opiYUPR31ioaZB3LNCxaNMBtvDCnPYtL,Silver,2,HELIUS_METADATA_BASELINE
8sfSqmZeLuLyhaExxgtZ91HvEMnApr4ZT7zALyge3Q8U,Bronze,1,HELIUS_METADATA_BASELINE
8srzpYVUKm8TPxF7WYgB3TBJzd1BM4Uu5ZaiiRf6unPa,Bronze,1,HELIUS_METADATA_BASELINE
8ssTf3S5F64rRDWrogK3SKSfXCEKZb1munRZu9tKveFs,Bronze,1,HELIUS_METADATA_BASELINE
8syzjWjCFxgWhNJyA49iBJXGaZ6VpQmGESLEgsCexPQ7,Silver,2,HELIUS_METADATA_BASELINE
8t68MDm1jRQf8YVpwj7yiTPCAzyXojtJvuwEGf6uLkzP,Gold,3,HELIUS_METADATA_BASELINE
8t9GP28mvh2saHJkikpM4ksLc1wakgWfYBn3QMGSVHDx,Bronze,1,HELIUS_METADATA_BASELINE
8tDXtKTM6yGvzjY27RZMhHWSntpm49UFKECG3fKV6znz,Gold,3,HELIUS_METADATA_BASELINE
8tFXXq93jJEDYEZVj5bTzbzFXDbK2YNQoxU93Yxie3nE,Bronze,1,HELIUS_METADATA_BASELINE
8tQtM5TXTt1NPwAaKQ9ivmTSSRybGB7yhxrbvaik9t5B,Bronze,1,HELIUS_METADATA_BASELINE
8tRLkRAyDMrHzZVDXsMCW9sSYkm4Ews37e1HRNCStwQ8,Silver,2,HELIUS_METADATA_BASELINE
8tT4X7BptdiSt1VwAm5dsTxENkxa11AQkcVUig59ZE1b,Silver,2,HELIUS_METADATA_BASELINE
8tXLot7LbeAfokRqN8DCYsxNeUtTKyDtT1G7JxkZxTXD,Silver,2,HELIUS_METADATA_BASELINE
8tYRWUqV9xVEXjHc5uCfdAdWEmWcK2KLVbtLwcCGLckF,Bronze,1,HELIUS_METADATA_BASELINE
8twWP7DHmDqjQB51SDLaQf8MbPW6rJHssgfryFGnrJx,Bronze,1,HELIUS_METADATA_BASELINE
8tz9DzxoVLiqNCnDf4tq5wvwTEiS6NTvEg6nJ2CjaGzG,Bronze,1,HELIUS_METADATA_BASELINE
8tzYU31VtLLghY9gSNy3TfZgHc94Ngf22jJPZzLuFuJP,Silver,2,HELIUS_METADATA_BASELINE
8u5DXQ5s6ENtTTDt8ZQZZ3fKtU7SW4fjfjAnzJ5tVsp7,Bronze,1,HELIUS_METADATA_BASELINE
8uGKEWjB3L9qdMVUkMZw1mwyt1XBvgWf4k5mt1gso3WX,Bronze,1,HELIUS_METADATA_BASELINE
8uSBWfRTA6ZbrKM96n5RPoyTWim3Aksq7eJ7MRXCggDH,Bronze,1,HELIUS_METADATA_BASELINE
8uXWavz6AzuQiU2EnyfAUW5Uz8ibXy3gqarqoLi4eTib,Arcane,4,HELIUS_METADATA_BASELINE
8uc83pf2mHHvQ1zte1RYLCn6C2sj444c6caZALdo3FXK,Gold,3,HELIUS_METADATA_BASELINE
8umuWPLSjfZrdhXhPcJptsa6TNnoWfo4eo4HLj2AUgHu,Elven,5,HELIUS_METADATA_BASELINE
8uyaZK45UwXdor3XZmpBUQreHEfve5jhXcdPsbi7ohuf,Elven,5,HELIUS_METADATA_BASELINE
8vAQYHKgTg1BzmeHMW8GYm6aQpYCHVBTCVeg6mnUrSeS,Bronze,1,HELIUS_METADATA_BASELINE
8vCQvZE6xA71gxEnLNasguX6SPDFf6vQPXEqxKZLTcD8,Bronze,1,HELIUS_METADATA_BASELINE
8vGYVcBAjq5rdMzvYrKSzdf6FMaK97iAmocCwbnn3kdE,Bronze,1,HELIUS_METADATA_BASELINE
8vbWuXgNRmF4kZBbQkjVwn535fuQYzC7J5zXsANSyJhn,Bronze,1,HELIUS_METADATA_BASELINE
8vhTSTT8TqEF2pXRRd2dzqn7y8gFAjy7JranbDz4eEoi,Silver,2,HELIUS_METADATA_BASELINE
8viNfJLcLYcnwPACecrrSziAkCSS71FD6BBh8WQk24M7,Bronze,1,HELIUS_METADATA_BASELINE
8vkahoM5KwB4vokGmYY88EotmyKPWzm5F1bmYt2K3quc,Bronze,1,HELIUS_METADATA_BASELINE
8vny9KKt5exXucjn1Ws1spY3S5pcdFYHGR7zm5kCrwwm,Silver,2,HELIUS_METADATA_BASELINE
8vrvE5cT7DPSdmEgW56vo1GcVA4GRMqvK6xadWvTuuxf,Elven,5,HELIUS_METADATA_BASELINE
8vtAef1CQF63YsfYBMUDKfwS6EZUKUQsQBg25EozpEvR,Bronze,1,HELIUS_METADATA_BASELINE
8w3CMkKq5p6XUEvRi68MvYQbJaTVrX5dwfwpEtkTKVw7,Bronze,1,HELIUS_METADATA_BASELINE
8w9wpGXugYhpotVkiVjhTUcmKDpcQXNMUueR1FJPvu4K,Bronze,1,HELIUS_METADATA_BASELINE
8wAtdaTCWquS7HwXGJooCr2YAtTdRHJc58F3mQTru2H,Gold,3,HELIUS_METADATA_BASELINE
8wAtxPcSKXYwKBKvW24TxJHU3zJnV4t9NE8GPFmUfVP7,Bronze,1,HELIUS_METADATA_BASELINE
8wcbNc1BibnjAm6dtyQBgJ11KsUSMBvjaHaE2EznWCGd,Elven,5,HELIUS_METADATA_BASELINE
8wdB9zoLeEABBhkJ196VKVCo4f474edG629v4ygmLE4q,Silver,2,HELIUS_METADATA_BASELINE
8wdHTDcLLjJKjJioVB2e59oZ2aid1Q1wY3prTPbWcJ5U,Silver,2,HELIUS_METADATA_BASELINE
8wdRBSjC8EfmUiifwxoPEKfUCoKJ7oqTXtRnVEZbi6d3,Silver,2,HELIUS_METADATA_BASELINE
8wt6P4jWTMPV93ENnM4BbbUEUXAHX5Eyk4nbjB5uuMXe,Silver,2,HELIUS_METADATA_BASELINE
8wvvzAVqhuFge5cAMbnJwNn2taTfuwFZc258q12zoqWJ,Bronze,1,HELIUS_METADATA_BASELINE
8x7HT9dhJXcqk1kVL9QgFtXWX2PRTUT65TU3kxZaoQyg,Silver,2,HELIUS_METADATA_BASELINE
8xM6Phvr2JbsGZxki8t7zVdZUNFydkydQRU6QYBw2RCa,Bronze,1,HELIUS_METADATA_BASELINE
8xYjR7rvqTU3siG5zTs2uULzxvzro1SbBKRMxN7gUinQ,Gold,3,HELIUS_METADATA_BASELINE
8xZvzLFErc9YDNWo7iNXHVzhRNQU3RGyLe7J5FuJ8ofk,Bronze,1,HELIUS_METADATA_BASELINE
8xbQuNmU6MJXRSYLoneBjgKtxVHNcER4hn5G49dkKfoE,Bronze,1,HELIUS_METADATA_BASELINE
8xg4uAg4jEh5PD7HUkwzYKsiKD1wdNE2W6ooVgc4kFZA,Silver,2,HELIUS_METADATA_BASELINE
8xhKQG7GXURa8d8Wm1LB7m6QW8FYjWtf1GkkCDPwraY3,Silver,2,HELIUS_METADATA_BASELINE
8xuP6gQwy6qaWoRGKC4MprwYw2943buxkKZRcJ1egKf1,Bronze,1,HELIUS_METADATA_BASELINE
8y3aMBiMJTBkZG3AejaGZVQfmtnyKi6Fs79vnafYqvXX,Bronze,1,HELIUS_METADATA_BASELINE
8yGmdSn6gYkdFJUxVmnjjbXQMezKPHRT1CDin7uxEyPS,Bronze,1,HELIUS_METADATA_BASELINE
8yMcfBV3pssvHqb9NvfMQiCTz2JBdFcFyvZvrEPuVCkT,Bronze,1,HELIUS_METADATA_BASELINE
8ySFg4k5NQgN51watYJCGx5M5BBUVRVmg6urXktf7xq,Gold,3,HELIUS_METADATA_BASELINE
8yY4p9phuYxfXPH5z9Nrqgdfp3RozZWLQRUkPk8McEBB,Bronze,1,HELIUS_METADATA_BASELINE
8ybw5NrFtKNjh3y3tLWZM1kNcA1rThSRvQL8mifpsUr3,Silver,2,HELIUS_METADATA_BASELINE
8ycAia4CbMYYBNJQCX3RvbGndfiVypQdmpRLhYAGZUYh,Arcane,4,HELIUS_METADATA_BASELINE
8yquX7ZuvCYuhgBHB5mQR4a15MDq5MEywzoawjHiUe35,Bronze,1,HELIUS_METADATA_BASELINE
8ytXgMBcshrPwtNMoyx8VAkYe1Tzw2zkajUAACwq8b8g,Bronze,1,HELIUS_METADATA_BASELINE
8yw76jVukNNipktJ7YFgR3cmHwbscAugWf1KrahjTrWu,Gold,3,HELIUS_METADATA_BASELINE
8z1Nv5coyoa737Bwu4kapJfRT7QtcMcTtsaunSEM7wk5,Bronze,1,HELIUS_METADATA_BASELINE
8z5eLdoGDThaqxK7tow9WwPz8BomnZHLEsxtpuUu5Rbw,Gold,3,HELIUS_METADATA_BASELINE
8z6Q2GTrRL7rnG2zHqoLUBufETJWymLbufwGXyaEPMU5,Bronze,1,HELIUS_METADATA_BASELINE
8zAL6y4C39VcnE83NnFNhwckBcrdBrjn6ATDkMKbi5nF,Bronze,1,HELIUS_METADATA_BASELINE
8zB247sWbp2TQGP9pd3jxF5iwjjkFQviecEwXgVH28un,Gold,3,HELIUS_METADATA_BASELINE
8zFGbahpozKBGN8ttXLdYnRLrQvMnEgaBdUivvThSihf,Bronze,1,HELIUS_METADATA_BASELINE
8zLoEPPsRWUNuf9ZoNMgWYtGNLRbZBBiButNxp1Arqjd,Silver,2,HELIUS_METADATA_BASELINE
8zSGqEVELMLQTMhX61ntbWzsNY3PyZJSqwRdqvsoNKtJ,Bronze,1,HELIUS_METADATA_BASELINE
8zdebwu9275pSNot9Dp4rCB5AFMu1M8NZgC8rXcbj1MG,Silver,2,HELIUS_METADATA_BASELINE
8zhcaygS1L9Goz9FDK8KGAEfB2xkg1EZpiZNz1BFdx8m,Bronze,1,HELIUS_METADATA_BASELINE
8zuRYowvZ6SNVfhSyk4N97cb9VdmWspQQMgbFJShJ6XF,Silver,2,HELIUS_METADATA_BASELINE
91GV2onnZRg3WCJyPxSRtiAxqm4EeUkvHdhL5VTir5cX,Silver,2,HELIUS_METADATA_BASELINE
91QTDBLXGUwnXzjju8ugE5mjaCWa7X58raMPoZiErPzz,Bronze,1,HELIUS_METADATA_BASELINE
91QYFQLAK7rcFTuKRzimZt13JoHkpXSgYMDfu2q3CkmA,Arcane,4,HELIUS_METADATA_BASELINE
91RcP3ScGcw8YzA562tB8XydYfJ5arEJuL39525thpY1,Silver,2,HELIUS_METADATA_BASELINE
91W5ommDEzXVUycsqHBdjmckeKd7bGHJNGP98kbHQSo9,Gold,3,HELIUS_METADATA_BASELINE
91nDY8aTSPKHEL4GHjccyts21tfx1ibuRbSyqj5qPUXV,Bronze,1,HELIUS_METADATA_BASELINE
91sBgwhC3uRrCDjoyH42SK4HYvUKbkC4GGATMcxHvoW3,Silver,2,HELIUS_METADATA_BASELINE
91zq121LZNgDjXnEf45RC3JLKZxWxEMNiVWhThRdzP8c,Gold,3,HELIUS_METADATA_BASELINE
921zEK6hHttsEjfCVNkjvhXUmJRp4s8DG4scTUWyzutB,Bronze,1,HELIUS_METADATA_BASELINE
923oiWU6wx1dTShssS3FViGugF6JuoQUx4dGT6KxKPdg,Bronze,1,HELIUS_METADATA_BASELINE
92KwSAzNdX5eELcXE3iAPJApyeXpJrho55Rr9LG5qFQG,Bronze,1,HELIUS_METADATA_BASELINE
92R9ogJ3CMWVE9SWmjcLwpCvUGRSyy7RqV77Ei3hjMVE,Bronze,1,HELIUS_METADATA_BASELINE
92VKeDFB1KA9assptmZARcfEJLQ2EAfLqcjuFhzZDsh,Bronze,1,HELIUS_METADATA_BASELINE
92fZ9bbTsBuhXD4tW2g9GbNR4MZWpfXvsscBbm3ZA7J9,Silver,2,HELIUS_METADATA_BASELINE
92fv9aV24x5VnG4EDbZkg1iB1s79aNvqknFWcAZhBpdm,Arcane,4,HELIUS_METADATA_BASELINE
92hmnKEPtUCqdyGZBKLKNMdQPBXgFHPeq2VYMkHHhnBf,Silver,2,HELIUS_METADATA_BASELINE
92mFRSahFDwjQreVxtXnjKqJVEbnQtkmwqRMwJuATbhi,Bronze,1,HELIUS_METADATA_BASELINE
92pjTHFaLG1Cp6ziFFjK8LiZ5osGgFUmeEdvFinSEnm8,Bronze,1,HELIUS_METADATA_BASELINE
92rZgu9ScEpECzFw1r3CyxbXeC24DzfQf9UGGbnxJUqx,Bronze,1,HELIUS_METADATA_BASELINE
92tt4Mu9eDsRfmWCUysiYaFxiZmgGtFC3RNr4MWtZmQ,Silver,2,HELIUS_METADATA_BASELINE
92yEotvomoM9mG92YGn8K9zU7xcqhA1to8CPC7r9soEC,Gold,3,HELIUS_METADATA_BASELINE
933jhLSfiYxyZ9XWBWWcbw2kyPxa3uUHH9SQa3XhcfSx,Gold,3,HELIUS_METADATA_BASELINE
935rL6zz11ZtwdnUqDj7xyG3mn1TTMd4ubsng7vhBL5W,Silver,2,HELIUS_METADATA_BASELINE
936HuYHoaXsd6aJ5ctJeza3ozK7WscF2Uu4qUjPLXLBt,Bronze,1,HELIUS_METADATA_BASELINE
938Pdb5KaWsnr4qbEeuLRG6BsWPdLLh17qtRMq6STnJg,Silver,2,HELIUS_METADATA_BASELINE
93KZbpqR4aD7qth8dGu2svYmW3ejHXF1fcuHtqnsEuHv,Silver,2,HELIUS_METADATA_BASELINE
93Xpv8gG2PEX4P1KTBKcqgEoA4ZTXa91CPrrexJLzRw,Bronze,1,HELIUS_METADATA_BASELINE
93YHTLWb4kksJLGuqL6Cj5iQPfYupgJjJAYsuynWqquG,Bronze,1,HELIUS_METADATA_BASELINE
93qygYdjCXZ8bg3vkbhLm3y8WuUwP32NMYZBiEY9gSr5,Silver,2,HELIUS_METADATA_BASELINE
941BttagGmSanNCxWdV9YKosW2bdQwdf2oxN7BZRafCU,Bronze,1,HELIUS_METADATA_BASELINE
94456FCQfQ3iyjsmxwp6bzLeuv5rjRT5Gx1cX2URFvD8,Bronze,1,HELIUS_METADATA_BASELINE
94AJhJ1oeifEJGbC52zqzPaSxUZJkuzPFEVNHkP7Jdk4,Bronze,1,HELIUS_METADATA_BASELINE
94C1kWP7pnXj8b5cjKjEKwGnUEj3gyFF6Q3tM6recVTF,Elven,5,HELIUS_METADATA_BASELINE
94PfRjttuGg27KgdqsDrSM9g7LGdat1or2fRATUGTkR2,Bronze,1,HELIUS_METADATA_BASELINE
94UvAJTQisNvwGvpPqmoCEK5kVsCYDP3yCtgjrouN9ZX,Gold,3,HELIUS_METADATA_BASELINE
94Yb6bVrbqKyNrmUWedZ98pYHFNSqfj1TBkrc8jRMF7j,Bronze,1,HELIUS_METADATA_BASELINE
94kftogAq9f5uw62sLndpCZTAcBzgNjXvp6V7pAdhdcE,Bronze,1,HELIUS_METADATA_BASELINE
94mJDVzhQKdGe43e9kCzx1uCzKpcWHgdG4dKmGWdcPM6,Bronze,1,HELIUS_METADATA_BASELINE
94miF9W4HxsrgFfmi9k3jWKXqYozMRHcisodQKpkBSkh,Gold,3,HELIUS_METADATA_BASELINE
956DjspF8MizHMDCzPHt7RQJ7V2i9BVgiCXyBpkmwFx2,Elven,5,HELIUS_METADATA_BASELINE
95CQ1Kwk5mi2KUgmwmMbHZGuMQHbhDnbb6fa9uw9jr1T,Silver,2,HELIUS_METADATA_BASELINE
95DMNhRGMbeCpJ3VHJHYmRNFWAqkmFKWRbiE1P9YvboZ,Silver,2,HELIUS_METADATA_BASELINE
95Ewo77WRJAUoNsnAhnNNuKveBRr6J2Pe5oJjdzRNdEi,Elven,5,HELIUS_METADATA_BASELINE
95Mhsajcq5bxJ2w4T5bmWJQQHFud8pqE3SjM5dU3vBcb,Bronze,1,HELIUS_METADATA_BASELINE
95NjJdDeAGB9aK8GcPbhB83bWM21i7KYV57QtVEf8rnj,Arcane,4,HELIUS_METADATA_BASELINE
95VanWrPa9xcK9eyN6M4guhhAVX4ej22pi6CTfuWrYff,Silver,2,HELIUS_METADATA_BASELINE
95eJpbxURCrMMKjsJeA7D8WHBbA1rm9YjT2waX4fssHd,Gold,3,HELIUS_METADATA_BASELINE
95fpeABdQDMPrSBb6yNpFgeqL4k7o2XBke2S3SsGutaj,Bronze,1,HELIUS_METADATA_BASELINE
95hDjrTLF79n3pFwEZxzAyjyAz3bmJZzZYucTQvSUxus,Gold,3,HELIUS_METADATA_BASELINE
95ruzM72rmjQZpxSdM5u9wNHscLC64USY5T2GmN8VtUF,Silver,2,HELIUS_METADATA_BASELINE
95uFcqT1UfbFoJAQkxJzFrmqsnxiUMAYb4C9CTArphBK,Silver,2,HELIUS_METADATA_BASELINE
95wgqZir6Js6tmeDEgboh6yta36mFP5cG7HVeMWg3NRb,Bronze,1,HELIUS_METADATA_BASELINE
964rAUiUq1Z3EKyqFvsPQ1k1USrQuSCS98zXJqEG8krx,Bronze,1,HELIUS_METADATA_BASELINE
96D9e7Ki2sxeEDgKSeu4jvnPn2aHL13pXzxT5WyQuo9p,Silver,2,HELIUS_METADATA_BASELINE
96GCdXbAZVLRjqMNzK6a3qRUWvw2EMgyjxBt8jyYj4Lw,Silver,2,HELIUS_METADATA_BASELINE
96GEqTi9M63Swrknq8sfbnJ55LARNNuaJ7X2GD1Rx5Q8,Bronze,1,HELIUS_METADATA_BASELINE
96V1j6bpWetVqP8ifFGr325NbYmWJHgs59tqmBmaUQwV,Silver,2,HELIUS_METADATA_BASELINE
96YnE14Wf9vS2w4NoMUxZ9hwZTDk1zAawyeCGPm9fR65,Silver,2,HELIUS_METADATA_BASELINE
96hZkibpWCU8cKLZsRfBCWMPzog5zMsgvbeJcoxUCbux,Silver,2,HELIUS_METADATA_BASELINE
96mmfTEk8KzTMshRthMdPcahg3QJiB6YagpFs23W1WNi,Silver,2,HELIUS_METADATA_BASELINE
96vR1c4ciJNi6FmsVp7rhEJuF3AbByrxXNXEmp7Kwow1,Silver,2,HELIUS_METADATA_BASELINE
96vnDKUQuQpZNvp2up7gf612ucLxtnUrAuUzz4UPUwAu,Bronze,1,HELIUS_METADATA_BASELINE
96xtT9mkReZjfw8qmNYTWewNZt7QmVJW8DRDxgF21vFm,Silver,2,HELIUS_METADATA_BASELINE
971831zK2GrspH1pAGLpzCzvRLWaZzq8BySAHPf9JTSa,Bronze,1,HELIUS_METADATA_BASELINE
971Rne4KGGdpoCt8sF4viGW7iWxZPB3S6raW7Jehfthc,Bronze,1,HELIUS_METADATA_BASELINE
97CXq2HXoLHuw7tucAR1JgBSrUXEk9qFuLbwEXSjcuDx,Gold,3,HELIUS_METADATA_BASELINE
97CsewKraZmGAavxg186BdH8eLhFR3BvQSESELd3DB8Z,Gold,3,HELIUS_METADATA_BASELINE
97GUSYzhvepbwkZTD2TstBKWPcgmdiA7o1HYcoTBGLy6,Bronze,1,HELIUS_METADATA_BASELINE
97jpgn6QdA4FgWv5bV5NHswn9cQ2DwN3Zg3YcVJgRL5B,Gold,3,HELIUS_METADATA_BASELINE
97ztZCLtHeYBhVeqy3FGWq6ZfjMdpL2p4V5eJAwnDNTi,Elven,5,HELIUS_METADATA_BASELINE
985ccApPXsgGdQSQhwvW21qfzDJQP5NjyfqbyuUDyo5B,Silver,2,HELIUS_METADATA_BASELINE
987f4Dt83XNB9d1bK8szvFXeKqwCySpgbF5q2KmTm1hB,Gold,3,HELIUS_METADATA_BASELINE
98Axhzya9gVFcU46TLwuXKEppKVthKAT1sJuD4V36SsV,Bronze,1,HELIUS_METADATA_BASELINE
98FUeRMLVycQHnx7uVSTpbaEXrJwVbbd7pxKYwLqZbHT,Elven,5,HELIUS_METADATA_BASELINE
98HKuLpJ3KWbDzTXKEgrgZcJH7xEETmq6RA51h3aXSJ6,Bronze,1,HELIUS_METADATA_BASELINE
98JxpCu3K9m4NmWDCDDXnqYm1qiDTAyZfBhz3DtnivF9,Arcane,4,HELIUS_METADATA_BASELINE
98YQd9W2Wa5rTY8kw7FVpmbkRdGWDmjKgQrTUPfrZ3yS,Bronze,1,HELIUS_METADATA_BASELINE
98dJ4PqwjKSUhbCvZekqL2TZUkQYwFeKhqCtxJcJ3XLi,Silver,2,HELIUS_METADATA_BASELINE
98mzNeU9iZALe9nZYQ8NhLNMrSwyvxA127WWkD5xpavr,Bronze,1,HELIUS_METADATA_BASELINE
98suokAfJzHw7H11MuP3GqRP3mRYQMRjhadErDeQhAV7,Silver,2,HELIUS_METADATA_BASELINE
98wTVpjCcTUT27Cy8MBxXJpGdnRvweaGcJ3vXU4ZEWQ1,Silver,2,HELIUS_METADATA_BASELINE
98xEi8uLjrKDYNpgJTgg3CiNbC9qYD4QKCMZgRVKNN23,Bronze,1,HELIUS_METADATA_BASELINE
98yKHSARxrzt2jHCxF95y9z1CpjWZJdgTZe55CWSb7Ut,Silver,2,HELIUS_METADATA_BASELINE
99AaEbzk7M9xBzBoRmMVkcAup7j3xBpW9LNEiVxeTzoS,Bronze,1,HELIUS_METADATA_BASELINE
99CFjZEz75ZA6HTC6srmKPhWJG25B6eiLvbwqkWvZ5RU,Bronze,1,HELIUS_METADATA_BASELINE
99DSrkMbikkXV4Wy29GBfMVHARCEUmL9p4heM9msH6MP,Bronze,1,HELIUS_METADATA_BASELINE
99XJJemaW5eNUoutTyyTqo1VzChoqteFTq9SCpQgK16Z,Silver,2,HELIUS_METADATA_BASELINE
99ag1SCW3JS2bkwcT1yyhvvWn438WTyQkgLsrQscd9i3,Silver,2,HELIUS_METADATA_BASELINE
99c5uybKXG7oGMzG14gB6mQtk7XGrCdx5mRTYarHPQ1B,Bronze,1,HELIUS_METADATA_BASELINE
99eUp5sLJmiHZD6FLEfwF8WYrwbjLGEo9xJS2PVAMu3G,Silver,2,HELIUS_METADATA_BASELINE
99qNzWGWivjLZ1CPSybm2BEVWr2a6NbNH3EyyEP84jC9,Bronze,1,HELIUS_METADATA_BASELINE
99rDEkot2hMHkXiuZZvz6dVVn792VU2jXxxmMdzvBszR,Silver,2,HELIUS_METADATA_BASELINE
99rJrXYVa9Bykf6DFVyXA4x7BCNckEhnZL3CqVDjiS9G,Gold,3,HELIUS_METADATA_BASELINE
99xC4bTFg5aHTxuLerJc2QLA3ZWE8b2kRbGpKB451cbF,Silver,2,HELIUS_METADATA_BASELINE
9ATcarCziZYopEbDfDDrtW2jVKfZ6ryqaD42Kt9jbZDQ,Bronze,1,HELIUS_METADATA_BASELINE
9AXkeSJKyvprFGETd1q9AF6FKbMPZitpbRYs7noh2efe,Arcane,4,HELIUS_METADATA_BASELINE
9Akp8L1RkpwKnCbDTUFLRinaovzqcofKL6FpVvvymJL9,Bronze,1,HELIUS_METADATA_BASELINE
9AnmZmcYF7zHg1f3eUneY9eNDpicEvbQKgTwW45zHmp2,Bronze,1,HELIUS_METADATA_BASELINE
9AsaGwdoNtWJm8mVwKuEEqx5WDEMYFiPfpF2CNFtEt2V,Bronze,1,HELIUS_METADATA_BASELINE
9AtHMiiQNxvE3sXjoP6hZuQDTvuHbbcKZoNZxfnCeZje,Gold,3,HELIUS_METADATA_BASELINE
9B2ncB7emUiowaAXrdUmKWVtCia5qfxFULPmfgLBEnan,Silver,2,HELIUS_METADATA_BASELINE
9B4PeKNP2a5d4K4Ds2R4uNNNCXKEmNU7yXkvPSiqUPQn,Silver,2,HELIUS_METADATA_BASELINE
9BAcKLs3vwVB4gui3k4HRxjwSTPfK8pMynJGf3HmZszM,Gold,3,HELIUS_METADATA_BASELINE
9BCeA6ZxgAp1pGwztFswEmHQPfi39zC555cPpRUdiRLf,Silver,2,HELIUS_METADATA_BASELINE
9BLXyJKQRAqjAojLMqiZLXiQeAKHNgvpgmVxZipAmEk4,Bronze,1,HELIUS_METADATA_BASELINE
9BMQjCpAdEtZD7MvLfkor2c2XEqK5D9EfpCrtptz1uMN,Bronze,1,HELIUS_METADATA_BASELINE
9BPHtMAxVyUowE1WyJNKGvw3WvUsCv9i4od45mszfpRR,Arcane,4,HELIUS_METADATA_BASELINE
9BX2deWk87FZPKkuXxv4MuyKuvoKWAMQ3unRYGpoxU5x,Bronze,1,HELIUS_METADATA_BASELINE
9BtyxbbrAr9kkb5dwRjhvtDV45usWukiqjWFaWFXFSMF,Bronze,1,HELIUS_METADATA_BASELINE
9C1cNzCmFxqh2XwQx4CsoVAJiQneaq1yrFR5M2QfBPUS,Silver,2,HELIUS_METADATA_BASELINE
9C3vNEiXt46rWGitkcuXimpbTU3PgeQotNCi7vXBC5GB,Elven,5,HELIUS_METADATA_BASELINE
9C6Sh4mp7tVT5DanVSxjQqax7pdR4Pu4eSuRxU6tW6sy,Silver,2,HELIUS_METADATA_BASELINE
9CJ8Trh9FVXVuJvJJYiY9pibkJjva4odAQhdYoj8WKXj,Gold,3,HELIUS_METADATA_BASELINE
9CUMESskjapLER4Aw4SxxB3UYUjfzXUjLuUJcfyUnTkg,Gold,3,HELIUS_METADATA_BASELINE
9CYqRBMYKvn71zNvYXEah9brRZcs36vmnGmvaHzSaB6K,Elven,5,HELIUS_METADATA_BASELINE
9Cb1dGea79Bx3KoCyaHLCdt5uRzE2Wy2bh7JR8R3Jrqx,Silver,2,HELIUS_METADATA_BASELINE
9CbvqvZy3mQVgXZNxbTemeRL34PP6qSbGnK4P7UFxc2X,Gold,3,HELIUS_METADATA_BASELINE
9CdGWWxCrPQcrYd1xMxFx1d9CboHtgGaTdZuuApXhb5K,Bronze,1,HELIUS_METADATA_BASELINE
9CfNp5zYESNFip2w2rQQuLDXRXNtEUWBo9195y8FgPaN,Bronze,1,HELIUS_METADATA_BASELINE
9CmTot1Bna7aFDkU4uHno5LWxrG3NAEDYJ4qnGeJHvLw,Bronze,1,HELIUS_METADATA_BASELINE
9Cqk8tqn1dEx1dXQAQqSyX9uDDcexwYgzZWZ7XRPTC4f,Bronze,1,HELIUS_METADATA_BASELINE
9CtrTnBe88GPa1rnqVQUc3XVTeQuwy1p6ht4Fmp3c33Q,Gold,3,HELIUS_METADATA_BASELINE
9CuBkxTKrXEGnnuhfNNV7Vv6xo9GjzsXErHPks7QR5Ag,Gold,3,HELIUS_METADATA_BASELINE
9CuRYf7SA5D6rvt94VovEkka23PcnRZ7vWp71WQC4dkj,Bronze,1,HELIUS_METADATA_BASELINE
9DCcNvV4Sihg27n6yUPKTUx5geRo5eKgqmBT5A6kdodH,Gold,3,HELIUS_METADATA_BASELINE
9DJKG1nMH56KDq6GvYGicGQfBGWcDGFbZnf9XpNV3Aqt,Silver,2,HELIUS_METADATA_BASELINE
9DKBLpXxMrM4T98Fe2pE9d1sADsGF3Wqy9K77rbLkwd1,Silver,2,HELIUS_METADATA_BASELINE
9DM9nx9uv5Dqt9dweP8gsDyX7FKSD4ji9ShmBVBQQoK5,Elven,5,HELIUS_METADATA_BASELINE
9DMCvCwZh4ekCRNpCcTmfWSzVjysibS6p2Fr8RhVu65E,Bronze,1,HELIUS_METADATA_BASELINE
9DMNH4fcuAdZQuKmghyktMwSzpSgrHXvLMHRmRbBvXm7,Gold,3,HELIUS_METADATA_BASELINE
9DSAUXACEtyiAgW4aegdbnYjeyFCsKrEbfAR1y1gYd2G,Bronze,1,HELIUS_METADATA_BASELINE
9Dgizsu94RUXs3R4gDecTJfwNDFG58Ng7wJYaT2Phfxf,Elven,5,HELIUS_METADATA_BASELINE
9DmvDDm32JxNRqHSrr52PhwNKFJ3dcpMiYAd6VDq7pND,Gold,3,HELIUS_METADATA_BASELINE
9DoLTujDSRrGbu8hWdWLVT4zpizVAQpfDw5wwfrj4ekh,Silver,2,HELIUS_METADATA_BASELINE
9DvTv5uFw7eu5Pv1LCQFiMsXRXtWNfU9j9wJhrTCpNh2,Silver,2,HELIUS_METADATA_BASELINE
9Dxs3otVQ74UkjrsmSoJnxdjmhVaojb41eJ9t3wMUzZ9,Elven,5,HELIUS_METADATA_BASELINE
9DyoXS8Cte1nwcMPvhEQTRUabgo91W6mvWaTHMBd9qUm,Bronze,1,HELIUS_METADATA_BASELINE
9E4CfCDZ2zUzZGjP5PkouRUmCH4RdrccJbHhtCoKbaD1,Gold,3,HELIUS_METADATA_BASELINE
9E63sBtcXBVuu5X2FZ6TnsJLQHU7NpqHdjnfkmtmtjiu,Silver,2,HELIUS_METADATA_BASELINE
9EDWYJ1CSoygGCVAozR4PwNh8RXmeKhnpvJFRcdqwKqj,Gold,3,HELIUS_METADATA_BASELINE
9EKSe5vpZZu4cB8nVxcqMWt6QmvGZ54Cno3ANuygqN9p,Bronze,1,HELIUS_METADATA_BASELINE
9EQiNxR1BZTnN9b4eErmkNWE9rDcfC2tT2wbpYocvdqh,Bronze,1,HELIUS_METADATA_BASELINE
9ESs6b6RphCxZ8K95roqVg9i1bXNRPrSp8XJg1E9xTtH,Bronze,1,HELIUS_METADATA_BASELINE
9ESwsiGpdCPB51xfC4U7LXFY2idiJhGapedimfyNkcoP,Bronze,1,HELIUS_METADATA_BASELINE
9EpzVDVaEfcFd9KbYgVeXQ1rd6wYivrnvVxqm2H2xT3u,Arcane,4,HELIUS_METADATA_BASELINE
9EqcFr16hdHMDnHgtcY2nXf3GrELC7Z8VEaFuVqUkQYm,Bronze,1,HELIUS_METADATA_BASELINE
9EwEeptLodQMhhfCsSamSHXvaiSZhWhjZMyrHNxsdcdt,Arcane,4,HELIUS_METADATA_BASELINE
9F2bMAULvgxKLqpaoReEAXJcfeEc1oTKZ4hrReofp7NN,Bronze,1,HELIUS_METADATA_BASELINE
9F3JEQfGszRTrsBtmefWWe7np4c1RF2rmqnND9XbkSxb,Silver,2,HELIUS_METADATA_BASELINE
9F5oFSAA8gfT7tisVErxuS9m2spsu4y4VNUbNNwZAybF,Elven,5,HELIUS_METADATA_BASELINE
9FVBdoG5p5E4qkbQMdMLZVdn21V3gtZ3mbb2TVW2sScR,Bronze,1,HELIUS_METADATA_BASELINE
9Fi28gCvdKQfKTft5cTAaf1WoMdjHVRpmvLKWE6fujVA,Gold,3,HELIUS_METADATA_BASELINE
9FjCUYPjfXLqFoSnsZewc6RktYTj6BykhVtCz5RoUh9k,Bronze,1,HELIUS_METADATA_BASELINE
9FjTd51yBqHp1uSjPt83oAonT5qczq8h5197Xpy7MXJN,Bronze,1,HELIUS_METADATA_BASELINE
9FmNhggkXddsxWerNkmxP9yrKqey5fbgFzJb4EgJPRgR,Gold,3,HELIUS_METADATA_BASELINE
9FmQJqZGBaC55dKdcBwGpe9uH8HrhXtB8fwhVsk3WaWS,Gold,3,HELIUS_METADATA_BASELINE
9FmnCpz5v4piQBSnEXvmCrALPT1mPiCr6BYU4rzs1QH5,Silver,2,HELIUS_METADATA_BASELINE
9G7uARqhk4UQ8EoUr1ABSh94g4Uc2u2yhZYSTZraepnm,Gold,3,HELIUS_METADATA_BASELINE
9GJc8snKCi6eF8Z28Mob1YVYZZdzRcYijNroCGhUEvjK,Arcane,4,HELIUS_METADATA_BASELINE
9GQnQ2avb2nM3GKVFUCB7wyt779mpXztmEF7JV1jPvC8,Gold,3,HELIUS_METADATA_BASELINE
9GVzxwu9LpSQSKVRkzVcwvohzw8Mswt63vTWxt8VnLVr,Arcane,4,HELIUS_METADATA_BASELINE
9GWdavPeUinr7FzsQsczd6PNJQBP278yGfDcWbrEDSiN,Bronze,1,HELIUS_METADATA_BASELINE
9GXoudw5vaSSzhrXWZzeWsADvNdWZoUbWwq71Ywhkqjj,Gold,3,HELIUS_METADATA_BASELINE
9GYBPKsDc9XAqqZLYuHrpjxc34t1BxapcgFwpnbhspfP,Gold,3,HELIUS_METADATA_BASELINE
9GZnU7fTna2YXx2yvnTJYM8W4HcfomfHcZFdM1MLTSF7,Silver,2,HELIUS_METADATA_BASELINE
9GaXyEimDPqaAvVsBT8Uv6C4Uh4KwEk5TH3Fqm9rEMf4,Silver,2,HELIUS_METADATA_BASELINE
9Gi2Y2XHYnzK71Ykzi7EBiRCFuQbqeSgEd1fkFhEy1nb,Gold,3,HELIUS_METADATA_BASELINE
9GoF4VytJ4LFbc63d9kwLvUb8vtBvG7avqq7RMqFLZWi,Silver,2,HELIUS_METADATA_BASELINE
9GrDgpfa8rcjdEuWChQ3TzdsczdbFRiDPf1wV5WZXbnr,Bronze,1,HELIUS_METADATA_BASELINE
9GrR8yA2LYcpuf77sQeEk2yXEoUrvKdHskFpPenCzgW9,Silver,2,HELIUS_METADATA_BASELINE
9H1H23dUrDYVAYLYvH2bFFcsQmQvH6g4rBS9cSXzqtPi,Silver,2,HELIUS_METADATA_BASELINE
9H6VqQ5FgS3U81YRbTdHLRwPqCAhWe6VshJ9TnYEUrgC,Bronze,1,HELIUS_METADATA_BASELINE
9H9iNoWd5F3RPnm3qkthh51XUmyCSqg9RfvZm2WRmW46,Gold,3,HELIUS_METADATA_BASELINE
9HCNHY9cpiYDJSgZ1cERZbH9aaKUnuKRCMvfYG7GXERp,Silver,2,HELIUS_METADATA_BASELINE
9HJc3r9gCDXXP2DQeAB52futRDSjfTRzrdigqYAvLU3J,Silver,2,HELIUS_METADATA_BASELINE
9HRKxLYP4kna7ghMP6EAPwizSCmcWQTmQj4Lo16QrJK,Bronze,1,HELIUS_METADATA_BASELINE
9HW3jXwVE6KLLcPtYkYt4uZco423xvjjgcGJVLPJGGWc,Silver,2,HELIUS_METADATA_BASELINE
9HbGCTHDjNKf8RQDFrNapSBhbGMSFHcMGCTCG2MkMoB3,Silver,2,HELIUS_METADATA_BASELINE
9HjupoNo92BEkeBui9i9F9gfJ2fTBrB9j41TwfCZ3z9b,Bronze,1,HELIUS_METADATA_BASELINE
9HudQMWbxyni79Sk2CMcHxzCftxhTAuYVMzfGeAH9QGE,Bronze,1,HELIUS_METADATA_BASELINE
9HvvBhr8a9ggGTWn8euQqLJBe1AFRUxMw6Qx21dsJVfU,Gold,3,HELIUS_METADATA_BASELINE
9HxSRg8qv65M9E7z2Axswjra34BZGvfZuMSEErpES9eY,Bronze,1,HELIUS_METADATA_BASELINE
9J6bXCMv3wKFUZcoad1kzZys862FivqN5Gq6Wrispn5S,Gold,3,HELIUS_METADATA_BASELINE
9J8jVkq51VK93hkz11JT69brggnjxKRHe7HQVBwE9yB6,Bronze,1,HELIUS_METADATA_BASELINE
9J8zJ4BUkNhEZn4xKF9rndsuD7eGVsXvYNSD3yF3EDwF,Bronze,1,HELIUS_METADATA_BASELINE
9JBeEk4UDbHABgopQTU2gFFvMdc6ffJRcNfZULhozNCx,Elven,5,HELIUS_METADATA_BASELINE
9JBx6uf1JatjvcJEpjuh5kyirbQuoYCn9DfFedzhNazX,Arcane,4,HELIUS_METADATA_BASELINE
9JV3XUUSuDik7iKN5Lox7ipDzmHbjQciyHcWmyDxSnbL,Bronze,1,HELIUS_METADATA_BASELINE
9JecfLitM6yPAse6xTNcjotKtEjEkTu3aY7w8eazCNiw,Gold,3,HELIUS_METADATA_BASELINE
9JhAbJoTni9f8wHz1KCoVefrLm9k3uD3WkvZSBEeacgs,Elven,5,HELIUS_METADATA_BASELINE
9JkzSSyDemJmLxH9mQhKkif9BnBdDUdZphnH9AfWPRCx,Bronze,1,HELIUS_METADATA_BASELINE
9JmRLo9ZCH2cmMRJsC5TzREHvqG9jQBgQiwbULykx4FG,Silver,2,HELIUS_METADATA_BASELINE
9Js3C3HE3dAdn2Rw3qm3GMbREvUpmRtCYN8qhb23NVYF,Bronze,1,HELIUS_METADATA_BASELINE
9K2sjZ7hrYBZr7BeeB8snt9QxV2ZET2gSdkseB9cT8nW,Gold,3,HELIUS_METADATA_BASELINE
9K34QRQ72FGUBUguE9DsAgkU5Ch679J2d1e6dCHxspXG,Elven,5,HELIUS_METADATA_BASELINE
9KMdErihwySdRkvdnZh15N7341HCvSRchmQoNurP55G6,Elven,5,HELIUS_METADATA_BASELINE
9KMveUj9jeRFhD3VyLJozTUYRpcXnuP1NMxsdp6sj5dx,Silver,2,HELIUS_METADATA_BASELINE
9KPdwFxV1bMxTrPYm1mzcZpjZidu69jzBf9HNphvimcf,Bronze,1,HELIUS_METADATA_BASELINE
9KUDjbR31EpE3ZazYYhAZv5CjWAHHGT8y83RCgFLSYEp,Bronze,1,HELIUS_METADATA_BASELINE
9KUbiypP8nUBSwfxocYy7QbA6CdcRxozQgKvbhuk9mwo,Bronze,1,HELIUS_METADATA_BASELINE
9KnJJRbM8hEj79ZocFm9AM7URS3i6MriCDgE2wF3jCvx,Silver,2,HELIUS_METADATA_BASELINE
9KndThv1jtHdHaAPRMPRr8QXqGCDs2gzL2PwaKKfD6qL,Bronze,1,HELIUS_METADATA_BASELINE
9L11TJoYmyRY7jsCe9DkggtJTc7Pc7kC1p9mogBXpTWn,Arcane,4,HELIUS_METADATA_BASELINE
9L82fpzGLMWwRTFCuCS2fEKy5ZAbyhpcMoe93VY94VpT,Bronze,1,HELIUS_METADATA_BASELINE
9LAq5ujB3ubCgfoJCEPHBnswMCkLWhRRjoPyxqnvjCdn,Bronze,1,HELIUS_METADATA_BASELINE
9LFzmFgj44Pby7ww1azq9uqL8XE1t97spGY5XnMQQLVt,Silver,2,HELIUS_METADATA_BASELINE
9LKFspacxjDHi8rrtsZ8kjhNuX5E6teZvYxMgvtA8NAA,Bronze,1,HELIUS_METADATA_BASELINE
9LLCUZT3g1WZs6Zv1GRochsABfN9mh67VA2QWueqd8kY,Silver,2,HELIUS_METADATA_BASELINE
9LYaGj1HqHJ9HPUJ876UmwbGJY8CZZRkJ6RF4kAZHiKc,Elven,5,HELIUS_METADATA_BASELINE
9LdQb9VeCVVUJbBW7DjhQCGxYhaMdWuaJ5U3KhZSn7FL,Bronze,1,HELIUS_METADATA_BASELINE
9M1SYGqMwGP3E1tdSZqCucgZ8wzUsMaiTyVUPw1ybgq3,Bronze,1,HELIUS_METADATA_BASELINE
9M7Nj7xGi7eEdX5QJmNhE1gjtGcpH8qaDnpGLUivRGt,Silver,2,HELIUS_METADATA_BASELINE
9MP6ykZf2t9LzEgoEJZhHhU5t5qbeAGpMrJmFeEW1F19,Bronze,1,HELIUS_METADATA_BASELINE
9MPU9oBA65BqNuYTMWsWrMubiAHUxFqxignahkLrrC76,Silver,2,HELIUS_METADATA_BASELINE
9MRRDGYcH7sbixyLtSFVpCtoet4XeJWjhuPEkDgmGJUa,Bronze,1,HELIUS_METADATA_BASELINE
9MZT8CmtyuQhD3GduKULSdeSGxfFSw1jxHJ123zA5McV,Silver,2,HELIUS_METADATA_BASELINE
9Mdg7Cc6a7BRXijNkqzWPmhyZWL8bWFPHAx9DLjq721n,Bronze,1,HELIUS_METADATA_BASELINE
9MmFcvzQsb1sJGWoACRHaUfUXRgBFsgLGVRoTg72FxfZ,Gold,3,HELIUS_METADATA_BASELINE
9MnTggXtFnAQiqYsCSw1hFjEbGf4V3ovkYakqra5LCLH,Gold,3,HELIUS_METADATA_BASELINE
9MpjK2y6GBejbvFeL6ffVe1UgXEwYVutPT8t5y7n5taw,Silver,2,HELIUS_METADATA_BASELINE
9Mrp9ZBcxswDpaXajxAbfD1PZaxs6q6fEWooZCNeaVVV,Elven,5,HELIUS_METADATA_BASELINE
9MwGqckfu3WsVxLP4hvNDoXrmnoSAMBQVrNmBBi8m2py,Gold,3,HELIUS_METADATA_BASELINE
9N26ZYuWrXwnePsip3NtbM7kitSLusPwk9gEaMSQs39M,Bronze,1,HELIUS_METADATA_BASELINE
9N2jzYbRdwwHhRSmjWA7xV2ymUWF1ZEFvYNofFaXRGCT,Gold,3,HELIUS_METADATA_BASELINE
9NSxgSooMGjb9SExwuLQr18eVhEGF8DYVc9XowrL5eK7,Bronze,1,HELIUS_METADATA_BASELINE
9NVpKLCutEtDv2S5uEsiRkikS1rjf2BJT3DETBpVv6f9,Bronze,1,HELIUS_METADATA_BASELINE
9NWzo2s2SuqqAk1dUhB5wyUjWazev555CX51BjHakHaP,Silver,2,HELIUS_METADATA_BASELINE
9Nen1TwXNay44MGdcQ8rZWKeZmbT7X92sXrMJwoP3oqk,Gold,3,HELIUS_METADATA_BASELINE
9Nmgd4HQG7chh6pAQABHC266Uq3FQ1Y9yNfTLyjKfhZy,Bronze,1,HELIUS_METADATA_BASELINE
9P9SzWSZvYbcxTeoWwWZfSVRSEvwX3P8iF8bX8BNaAmL,Arcane,4,HELIUS_METADATA_BASELINE
9PArBmt7KNpKzRw8CeYnQ7rpLaEjoo3T6gUqBVFDyK2k,Bronze,1,HELIUS_METADATA_BASELINE
9PLFEGS6BQJSWS6e5DbP21g1rMNpG5WH5PUkU8X9wbUq,Bronze,1,HELIUS_METADATA_BASELINE
9PM6ikQSpTa61LWaosQrTTM3Z5ynuvq8XVxnMdTKMomk,Silver,2,HELIUS_METADATA_BASELINE
9PVfAgpg4vuPDa6P3FUTKdCz8sDZsb54cweAt6ey13jt,Bronze,1,HELIUS_METADATA_BASELINE
9PbZ4ctbEjmemQv4xvv9EkvxFVGYUE3mUkULKiD5prPV,Bronze,1,HELIUS_METADATA_BASELINE
9Pd4R4ZYEbXCpY6u5xGVisoipj4EPUqv2Nt8tjMu1Fuj,Gold,3,HELIUS_METADATA_BASELINE
9PdtgkJr4zECQoJpJwARjJ9Qjo4rBnFtZYx9ip7Uh4Qd,Bronze,1,HELIUS_METADATA_BASELINE
9PyutTokyZ4p8sLF1rKbGMhxRX2VwGFBjLjVAbiYCdoi,Silver,2,HELIUS_METADATA_BASELINE
9PzhPPTrYQ5VSPbN4LV5vBfdXbbCu6QUGY3cMZzN2i6t,Bronze,1,HELIUS_METADATA_BASELINE
9QDrqHB5LNEeAhW8DfzBkagcup9r64XFF6WhPZhwRDFf,Bronze,1,HELIUS_METADATA_BASELINE
9QJc1ZnpkCGyW1gyWpjfaqfSuZUNE6Jk5Z3r8LWPRqmx,Gold,3,HELIUS_METADATA_BASELINE
9QceMZz2ZsvRcRWzcxLWezYsb7xGPAg7Ph5N2N73qjmy,Gold,3,HELIUS_METADATA_BASELINE
9Qf6C848DUtxGprgCjiWwzuPFQFhNw6XutTBekLRJiQm,Silver,2,HELIUS_METADATA_BASELINE
9QkcQ8RNWHzVtPkzoB4cToobMDdPAiKyTJSgzEH591NW,Elven,5,HELIUS_METADATA_BASELINE
9QqmamFiGkSpYWAGvZryYFt3FfDBapRJ7LzzDFuZqhLy,Bronze,1,HELIUS_METADATA_BASELINE
9Qs4Tb4kcLNvEPiHgxFzqQrSaWsLA8x9zxzruBFe3vyq,Arcane,4,HELIUS_METADATA_BASELINE
9QyDDbrQu9s8KcyjvyHZ1ASTyKHmMxcVrCeYxjfrSLAb,Arcane,4,HELIUS_METADATA_BASELINE
9QyX64e7ZJ61M1zBJyhd8LkXDjWV3rjd5QRs3mZRP8qe,Bronze,1,HELIUS_METADATA_BASELINE
9QyeskW3xV3bo5CiiEfAiBLLmLsr5B2kD5K2eXVgXb1b,Gold,3,HELIUS_METADATA_BASELINE
9R86oQsvKCjws3ACbnwYtLQYUX1WwRVQwspHAdHJkdX2,Silver,2,HELIUS_METADATA_BASELINE
9RKP3YSmb18XHphEjEifXnjnT4Ze6u5F98dxph4ub9wE,Gold,3,HELIUS_METADATA_BASELINE
9RMLuwhbJSuFobfiuU51RHfYDWwzS6m2h4uSGiqWfCCz,Silver,2,HELIUS_METADATA_BASELINE
9RN3cxHypRRncQPSMqfAyPDWRuDYAZS2fB1HNEy3jPF4,Bronze,1,HELIUS_METADATA_BASELINE
9RaqaTJpfbMMTAr3yuSPwj8Ke4NrvfbzUzg27yE6CuY,Silver,2,HELIUS_METADATA_BASELINE
9RduRu6NNDPVtiRXhAscEiTKeKq71iBKEApWxJYWovZz,Bronze,1,HELIUS_METADATA_BASELINE
9ReXmzKXzA3vS4PiCXyXzyNc8Yda6REAdVyDjtKY89C1,Gold,3,HELIUS_METADATA_BASELINE
9RkgPRGYzNCyt6uXC1gU9Hf6UXV9uYLK97utZgznJFP8,Arcane,4,HELIUS_METADATA_BASELINE
9RwC5k9P6FrNQd5EhwKsWT88W1QPjiu15Y3MeRSghzXj,Bronze,1,HELIUS_METADATA_BASELINE
9S5pVtokommW566hZe7RJsgjbtdNcsCmjgfi2nVAfmxD,Silver,2,HELIUS_METADATA_BASELINE
9SABpnFGvL2ARGe13JvYk1Aqux3R28tAm6f6XpBTWAUn,Silver,2,HELIUS_METADATA_BASELINE
9SGXurqsM45wZLQ3TpCSiuLuJMX299tXe5oeTSaPJzKh,Silver,2,HELIUS_METADATA_BASELINE
9SZHs9j177KgDyDYZFtm5p86By1Y1qcL9ypbSP1zhHXS,Silver,2,HELIUS_METADATA_BASELINE
9SaCP8xSwcKmzHJb74KLyE6bKt7av7sP5cCPUfyZjs8U,Silver,2,HELIUS_METADATA_BASELINE
9SbcHbsicfx9Rgz9arCFBxbfqFgi2W7rhtgUpkqKy8oy,Gold,3,HELIUS_METADATA_BASELINE
9ShrgVcAWQZ16Ff4n3hEsH3FRjB7qAYwC6ZRWHDJU39t,Bronze,1,HELIUS_METADATA_BASELINE
9SiipJBaXGcq4psWJgsrLjL6MDo8qUcGJXpVtShQbmuJ,Gold,3,HELIUS_METADATA_BASELINE
9Sjc2rc7sBSjS6J9NHCvoMtp2rGvYWtTrPxsMN8XUxnp,Silver,2,HELIUS_METADATA_BASELINE
9StzYAinRr4oG6SU8M9B9qNcAVNZJYgt21qaXvgyxDV1,Silver,2,HELIUS_METADATA_BASELINE
9T5KkmGaA1nnRZ9dXKmZnP9Z5kySsWAYbJWBmGTCYVzF,Bronze,1,HELIUS_METADATA_BASELINE
9TAU8SffRgP8o5Q2XFFFD4tvfG31aPnWaYNFvPV5xGLN,Silver,2,HELIUS_METADATA_BASELINE
9TB4UT85nVj17k82rjV5qn8W7rAJeWRDuXizVFR6w7K3,Bronze,1,HELIUS_METADATA_BASELINE
9TFF9bYRfCoPhM1HkoJBN7xxwM4BT2jY9u74AZXzfPV5,Gold,3,HELIUS_METADATA_BASELINE
9TSHoJrML7ctjQsP4Zz7URonU1TWATkLW2cUDggavD9q,Bronze,1,HELIUS_METADATA_BASELINE
9TU1TAb8NsqswJtXfzSy3Tk3E9jG7aXKjxnusj2iqssf,Bronze,1,HELIUS_METADATA_BASELINE
9TfAHoJaP1HfjDhVfzTEyFhkYeN7eB9kuGoCtGtRHjRj,Bronze,1,HELIUS_METADATA_BASELINE
9TgZwTxXiP8ZEtYV2ZaFsuktjWDDdbv6fWA8tSi9gP5F,Gold,3,HELIUS_METADATA_BASELINE
9TnqryLE8GuJkWCKmrJvFiV54sTB6jozuZAngRCcV1ka,Bronze,1,HELIUS_METADATA_BASELINE
9UDBixCLhJ15ZhxAU1p5BhuNvmXoaZ24rF1xY9b51KrV,Bronze,1,HELIUS_METADATA_BASELINE
9UDaqyd24LBtgAieTXojV4KgDECnpxLhALCXPV68tews,Bronze,1,HELIUS_METADATA_BASELINE
9UEERCi2XRm8sJyVMeNGDyv1b2vZtFedyTYj5ezLwZNv,Gold,3,HELIUS_METADATA_BASELINE
9UFsELjRheqGV4xWnPo7xXaby91E74nfVbRvG5WJ5xd3,Silver,2,HELIUS_METADATA_BASELINE
9UKoNjFBb6m2eXEvX4fFFNo8DMxw2rUk86uJeSLGmRwu,Gold,3,HELIUS_METADATA_BASELINE
9UNqn5ppaTCpDgo5ZCgGNMKxE6otFsvXktAHM69Astb,Elven,5,HELIUS_METADATA_BASELINE
9UQ4hwZPte39uy5kFW3jretarweY8YP4e81cPd7ra7Kt,Gold,3,HELIUS_METADATA_BASELINE
9USQzKpkJBhRg5qMYqswJp6NXfqZ9HmmqredJA66aXd7,Gold,3,HELIUS_METADATA_BASELINE
9UT2KTBEVEreFFHbpLbQiBfqVwc269pe8zXNphV2Qjep,Gold,3,HELIUS_METADATA_BASELINE
9UVUjNxacNJCp1yGgfbM4i94QC5eGC4SaU6kuKEng3t8,Silver,2,HELIUS_METADATA_BASELINE
9Uay5Ltn6JJmTjiqDQRKk2nTRtzQhqt8urF6hcdrMsTT,Bronze,1,HELIUS_METADATA_BASELINE
9UetzgtBh8qPP938vjN6d9AvhBSYmvauXTWzopzkjeiq,Silver,2,HELIUS_METADATA_BASELINE
9UwLonEsvW8mtMooEgemGj19ywHj63TWfJjVAyae4hcu,Bronze,1,HELIUS_METADATA_BASELINE
9V4aGiW5pCre197vEGsS3tUsLwPaa8t6YXQLap3P2rtY,Arcane,4,HELIUS_METADATA_BASELINE
9V5RTntANhoQbCzW8v8Uwedi81Zpx1jvaHy2ruKibUrE,Elven,5,HELIUS_METADATA_BASELINE
9V8LjMjSEjH6qzRoLR8rAb47trjj1dDituq2K8pymAWt,Bronze,1,HELIUS_METADATA_BASELINE
9VEs94G95uxM64EAuq9Nf16Wo21TJx11XhxLyhCQJ9x4,Silver,2,HELIUS_METADATA_BASELINE
9VGW8AuA27Bor6FpCXoWbrzEySSUk1mktmm3WPxAWSpi,Arcane,4,HELIUS_METADATA_BASELINE
9Vb7vtvtWNCHtkpa9mxFriRvsxGtDTYDbtBjHsRzM92x,Bronze,1,HELIUS_METADATA_BASELINE
9VhCXuPSFJTHmYM2NyV3wBm3kBMbUc3zLcGfzhTRqjma,Silver,2,HELIUS_METADATA_BASELINE
9VvmpYhGrouR12aww3Wkunv3Ago1vLMFBoRdoKjLc2pT,Arcane,4,HELIUS_METADATA_BASELINE
9VwMpGWXbUw7saiALVDSn7yJkaYPYwTnKJRz2yschXnj,Bronze,1,HELIUS_METADATA_BASELINE
9W4fTFVcn7t2Q4qfniLFcHXXHeUZXUdufUWwiZSyjpgE,Bronze,1,HELIUS_METADATA_BASELINE
9WEDi1mhuMYDn5TTjCpKwXmcHaLFWVoXoutzaLcZuFgH,Bronze,1,HELIUS_METADATA_BASELINE
9WTLhTGcTp7AoKWeawHUbQgCjYMWAvRg1yPuNCkg8Kz1,Silver,2,HELIUS_METADATA_BASELINE
9WajxjRK6Wj1L6HRWf4WugBySq5fL3mUHDL7p9Uww2A9,Bronze,1,HELIUS_METADATA_BASELINE
9WanwWcDPyiibsTGd1ScmdHpVKUkegW1iHCEwGzc94ee,Silver,2,HELIUS_METADATA_BASELINE
9WbSTi2ME85PJ6Wj3hACvJBeNN1q72yrfaroetN9Kmq8,Silver,2,HELIUS_METADATA_BASELINE
9WcJbZFzUkpuyfvqSDRAnsHvvxfBR2NusEHwXbagkp15,Bronze,1,HELIUS_METADATA_BASELINE
9Wj9L7dMA8WVim4t2gTFanpX2fGKtRNNieXdo4JHih89,Bronze,1,HELIUS_METADATA_BASELINE
9WmWXSJwxsor4jT3rF4YSoiFnJ7MnjNA5f2aeg7aR643,Silver,2,HELIUS_METADATA_BASELINE
9WqGqMqEJhnX6uwifqDKNhxzR9zaWKEq9ot3nCpjQxfq,Silver,2,HELIUS_METADATA_BASELINE
9Wr4b9H6Ggk38ZRwpUXy24dwVYkfCn2pA1FSqvpK5m1e,Silver,2,HELIUS_METADATA_BASELINE
9WtNGzUpkiMk8NvfHErA8LLvNfiqm7K6UbEbixS2ZeGP,Gold,3,HELIUS_METADATA_BASELINE
9Wx8YR7UjYcm5vwi1Gzu8UxARkaXSCyurBtjbTEouXUb,Bronze,1,HELIUS_METADATA_BASELINE
9X1KvSNo8SaVMVf1daXm5hvkhoNAG8eHH9eevjTj8yKQ,Gold,3,HELIUS_METADATA_BASELINE
9XDrpCVoCe1QrMoAAxopYu2BwBsuZCwxH9tj3ovgeaZF,Bronze,1,HELIUS_METADATA_BASELINE
9XFBer98fdMjT3aswnUngcXCpQ1gtsB7G7NWRy1SF85y,Bronze,1,HELIUS_METADATA_BASELINE
9XHPsKnKQDsVossWxMTC17YF4BmfvPW9ZuJeGcp45Xuy,Silver,2,HELIUS_METADATA_BASELINE
9XPQ97YzKJbZUz14NAaRde1iHEK4V5HyTEpaVB7fCth5,Bronze,1,HELIUS_METADATA_BASELINE
9XTUTDHmqvKyMCAwFHQ8jM75FxAYgtFoee37aYKs4hYL,Gold,3,HELIUS_METADATA_BASELINE
9XevWnriG33kZGL6g9zNUAYFonLcBuThfXr6EnVaUxbE,Bronze,1,HELIUS_METADATA_BASELINE
9XnP9Ywse9Zehrh2FtkX8qgjQAqeVCa9zgfS3rHaiKji,Silver,2,HELIUS_METADATA_BASELINE
9XqACr7Xg63EjVzAP7X6jjTK86i2YJveo8c61tbao2WY,Bronze,1,HELIUS_METADATA_BASELINE
9XsVWAPn97WDEC1tGPwK4kRgYA65KXw3p3WCQXkETbcn,Silver,2,HELIUS_METADATA_BASELINE
9YRJvHK6epW37HSwqN2QtxqDTSQGgJCFRMEdSrxNvQUK,Elven,5,HELIUS_METADATA_BASELINE
9YZP5twvi2jR5guaDnjcbTNeA4ALrDiqD9sC59dUBfEq,Bronze,1,HELIUS_METADATA_BASELINE
9YaYiQeKnZhsNS9jgZDMhDd9xwFJQ3oj97R7Wn4KUsSr,Gold,3,HELIUS_METADATA_BASELINE
9YbGQrc4VRSYjDSV72kAzMhaBUir7fPogHSx5WR3ESif,Bronze,1,HELIUS_METADATA_BASELINE
9Yf7MGc9tbHcYB8g3StgRCSv3mf176K2Vd3x8wNBzceY,Silver,2,HELIUS_METADATA_BASELINE
9YpaQpnnQXGyrFdgaizGQj5akcRKmeaKUgWxf6DaM97E,Bronze,1,HELIUS_METADATA_BASELINE
9YtUZVnjvJZZj15845zycNwGnxBgbDgg7WNDhBNvJwGx,Bronze,1,HELIUS_METADATA_BASELINE
9Z3fFtfibo6tJ7fgwVea666DSdjLFu5WQPz97N9NHLhV,Bronze,1,HELIUS_METADATA_BASELINE
9Z5RXsRGxyzR6d6jUxVYF9ScVQyJqrh9jPBZ89eA4gaG,Silver,2,HELIUS_METADATA_BASELINE
9Z5dcRtiasTxRdJmcTyMKFhkkNTPYbrieK638surxERv,Bronze,1,HELIUS_METADATA_BASELINE
9ZCmcNpxVt98Yb52HcEbJRgVdsDZQy5U7UXE2q9dKMkT,Silver,2,HELIUS_METADATA_BASELINE
9ZM5iuTjqdoFG2n6NTTSV7Ni9hvHNHhJPSAmMhpbBoxK,Bronze,1,HELIUS_METADATA_BASELINE
9ZYVgrk3wqwaWE5vGTD2zndVQPTdK5nS1qU7i3p1u68r,Elven,5,HELIUS_METADATA_BASELINE
9ZbwbzVkYtLR2RzuuSbn156tMfJfWQpRmrrLkKfbsbnP,Silver,2,HELIUS_METADATA_BASELINE
9Zp68DMt6D38GQwtrWP4YSwsvH92vLgP35Ce9LyBwvCN,Bronze,1,HELIUS_METADATA_BASELINE
9Zw4TLC26QtdjRBFJCcpSE287PDzLCUz2xiyDGfysLXM,Bronze,1,HELIUS_METADATA_BASELINE
9a6hHAcDE2xjqhU3kd9E27zwtt67U8GhPbssps7SHCdz,Gold,3,HELIUS_METADATA_BASELINE
9aPY3HYHJBdXxSRvQ47m9DbT1kD7K7CuiLQaoDBShapP,Arcane,4,HELIUS_METADATA_BASELINE
9aSncA6GQkwy1feDssbuTvyg17fxuKwt9WPmDDiDMk5g,Bronze,1,HELIUS_METADATA_BASELINE
9aakp8pewMggarwqaoPQYgCQ7EQwc8BJYU6cNfG1eVEe,Silver,2,HELIUS_METADATA_BASELINE
9aeo4GTefp6xjgjwGjc6oy5TGhFWTSDwwJ34LiRbfyDE,Bronze,1,HELIUS_METADATA_BASELINE
9akyF1kUH9DxumNgZpaU96v2mqBFtru2amsw1DsHVQSS,Silver,2,HELIUS_METADATA_BASELINE
9ardBCKXxAxj6UPuNV6mAwnz6hUnef6XsTeKeZ2jKtM8,Silver,2,HELIUS_METADATA_BASELINE
9ax94Sq9g6z4aCzfoRLCqpnvMVUhuGR5J5xk82ahHgPi,Gold,3,HELIUS_METADATA_BASELINE
9axVM8B2NXYbq5btLiD2f16i2E8CSbSkG1uYVz18Jp3E,Bronze,1,HELIUS_METADATA_BASELINE
9b8gG2DSFq2U5WMyFSPXQ1AhzJBW1kJ3MR9TzzNmueJ5,Silver,2,HELIUS_METADATA_BASELINE
9bBKPEtqysLcYrAiumu9HRBdSVyRAAaMifXe9ofTtqsv,Arcane,4,HELIUS_METADATA_BASELINE
9bCCZNaN2Lb8hUod9iD24R1HBaKTV4k1TFZEn7L8E23q,Bronze,1,HELIUS_METADATA_BASELINE
9bDyB4v86xYYrLoM9Qa6VieASnabnZ8FDzUcjyUhdmux,Silver,2,HELIUS_METADATA_BASELINE
9bHEii8wk4cJt2ZoLgNtEbNSAKe58ehWaeEBcrZAY7iQ,Elven,5,HELIUS_METADATA_BASELINE
9bJjCSPuy8SxHmFUyNdEGxA1ZmApXLFG4D4zbiEaL3k3,Bronze,1,HELIUS_METADATA_BASELINE
9bNaSoc73VssR1Ecnvi4tbSCZtTJuUKcmq8AheJjrDbp,Bronze,1,HELIUS_METADATA_BASELINE
9bXgxyyWNg3paXco9QHCGSzT24ozXxfXg5z6orBiY5pw,Elven,5,HELIUS_METADATA_BASELINE
9bYshURCChAkvS3fhMVZ1nsxR5jnoo7wNmrrf9f6f27L,Bronze,1,HELIUS_METADATA_BASELINE
9bexR1wBvguEhG81NbWAEBBE3grfd5VLJfH6DAAH6kWX,Silver,2,HELIUS_METADATA_BASELINE
9bfsiyiQa7kdq6gD4WsEg4Va5i8xinJCEEM6Vy794Gii,Bronze,1,HELIUS_METADATA_BASELINE
9bkf9X6Lb1u7wfGzpLFFAACh9d19F5aAH7WBeTesnFCq,Bronze,1,HELIUS_METADATA_BASELINE
9bmfhibH6imC4LeAsEguQ4k1udTuKiapJXLHgW6raffr,Gold,3,HELIUS_METADATA_BASELINE
9bqHRoKebB4hWwoVLNw8j2asE6bnHGbLbsj5rfwPiuU5,Bronze,1,HELIUS_METADATA_BASELINE
9brG8dbRr6HL2ZePUegRJyP5FT74bu9TwhLEEoLmCmgb,Bronze,1,HELIUS_METADATA_BASELINE
9bsG99UCxfHvMYMTCTJmUr2MuCQKzWVyp6LueiFKmk8S,Bronze,1,HELIUS_METADATA_BASELINE
9bsWSAYmYZtCm5Lm9B6wcqhPXo25JTW8sYtSYfxEDdm5,Bronze,1,HELIUS_METADATA_BASELINE
9bsgDJBSbGEGFJBgL9ft2AccypaKPmnymhVqEsHc3ZTr,Arcane,4,HELIUS_METADATA_BASELINE
9bx2gaatdoeaNgAevs4jJVYnBP6EDS9khixd9wAMKLY4,Bronze,1,HELIUS_METADATA_BASELINE
9byTb9a21pkiCqcbK5RwxoMLRQw4yRnacMJgwqodTetC,Arcane,4,HELIUS_METADATA_BASELINE
9c4tqmaxE24XrXQng3e4DCCSRqRf6HByerk5aNdrNSN4,Bronze,1,HELIUS_METADATA_BASELINE
9c6pWb3J2QPNWxApeW2ae4MwvuV75RHVdMgchnvFgGvt,Bronze,1,HELIUS_METADATA_BASELINE
9c85CkTyu8yimGJ77gUWydrNjYjKh2Wj2gP8C6eFKU74,Silver,2,HELIUS_METADATA_BASELINE
9cH1vpNcKvmnubffdfbQVfEpeXa6amczGUJnVGY8ozsR,Gold,3,HELIUS_METADATA_BASELINE
9cQNiJyug5hnqe3k1sqiDUXpQPPPEjHUmv5xunxVnCmy,Bronze,1,HELIUS_METADATA_BASELINE
9cVjQepHWmhaRyParioL3CRYpWz6Has4hjKBZosdt5a5,Arcane,4,HELIUS_METADATA_BASELINE
9cVqjH6ktXDzJz7ov9BrEdZNej6dY1cD7uEHZh89Cht4,Silver,2,HELIUS_METADATA_BASELINE
9cnMJuBHo48LtA31A1FYC56Di72wgsySNGAwWGNAUiZG,Silver,2,HELIUS_METADATA_BASELINE
9cnhXpUmJWyquLBMimK1PetnNMdm5Vj6ePx7cn9WNEVo,Silver,2,HELIUS_METADATA_BASELINE
9d2WEYQCqu4FmvKyqqwJQxJRxKRPs8mku4hUtDd8CBvj,Bronze,1,HELIUS_METADATA_BASELINE
9d5kaewbcyPrDNEhDSoD1VK3uBjpJD8jghvAQ1kQHU6a,Silver,2,HELIUS_METADATA_BASELINE
9dBRx2un244pxuG1StZdRs7PWkeAFLh2cL8SrdEgVuQA,Elven,5,HELIUS_METADATA_BASELINE
9dCYQdvjhQPpSVDq33P8CSsbzEe6tusQYyz4CxyYHoGR,Silver,2,HELIUS_METADATA_BASELINE
9dKhgTRUjv5mNdtPapsPi8anGaMMsba3vjVCQ847drqa,Silver,2,HELIUS_METADATA_BASELINE
9dWZXooF8Pt4m6FWXJbUqXkwvFc35Ym816vFtDjv8Q4f,Silver,2,HELIUS_METADATA_BASELINE
9diHo7hEqYcTUyRBBd3YmfkRdrUPqqCkmcciuPB1248u,Bronze,1,HELIUS_METADATA_BASELINE
9djQghJyxRDTXRnyw8eYLyBB8evPmzJMFg6gu1K7XKLb,Bronze,1,HELIUS_METADATA_BASELINE
9dpae29E41tz9eDFjiD97ngJXDkw2uuWLzGngcaTcsYw,Bronze,1,HELIUS_METADATA_BASELINE
9dw2STfwfExBynDk8pSBR9aaqdySeMhxgd6zt4CvEp9U,Bronze,1,HELIUS_METADATA_BASELINE
9dyAJzbFDju7kByFvopeGwm3x5ugUx9hgQ8rxUYEKpkS,Bronze,1,HELIUS_METADATA_BASELINE
9eU1J8hF6CFu9akTFdfThzJR1qGNaTXTBHXYwCEN1QYU,Bronze,1,HELIUS_METADATA_BASELINE
9eYQT7WWneS8yfu81C4dYy92JVvTm7YtWKDyjfmSmpM1,Silver,2,HELIUS_METADATA_BASELINE
9eZQSCh7hTvXy232XM2fT5CsYpNkaYvCwt6tDesGVuLo,Bronze,1,HELIUS_METADATA_BASELINE
9eqyuPSMnSuEcUa5NFLNwoZCkFqH2qprLG7cfNVyskcH,Silver,2,HELIUS_METADATA_BASELINE
9evn8dJMs7rrZChJnoE23Nz96Lzi68yHFQLNDY7wbiPo,Silver,2,HELIUS_METADATA_BASELINE
9ezu66dL3egEcvqZb8GirodXmxZHbCGML4bRzR3cMXUr,Silver,2,HELIUS_METADATA_BASELINE
9f7AKhm5mXDGVs5CZF8UZpi9RLgAy9thDN6q5YN2Rajh,Silver,2,HELIUS_METADATA_BASELINE
9fMcrJS1b7zWFZp8KBd4B9nAg1pntLYEqfakEej1WFN,Arcane,4,HELIUS_METADATA_BASELINE
9fSok9zKDuLtZ6Btb9ZebQgWDyYcA9wwbNK4AZVxJNj,Silver,2,HELIUS_METADATA_BASELINE
9fUuoTz2DyRT5rc1nJ3AjoKphWrjRbo9DXA1u3t8ZeS,Bronze,1,HELIUS_METADATA_BASELINE
9fcgbbfXYAoyiEEJySwEEjfqiK7GKSCoFqzhYjCsMGb4,Bronze,1,HELIUS_METADATA_BASELINE
9fg1odPJZNSRjkcDyxi9UhjxDWxchZYAwEVszGMCGwpQ,Bronze,1,HELIUS_METADATA_BASELINE
9g4Nh9AAHS26ZoAraSbojYgPvFAxkeWD7aqK8mV9xCjZ,Silver,2,HELIUS_METADATA_BASELINE
9g574JiDhYb2z3G6cfCNPt8qrBT997ggUaHpyYp9NJis,Silver,2,HELIUS_METADATA_BASELINE
9gFzZyBs8VT4ZwRaFY1dPPWGmm52PeKMTmYWYE3u7nLA,Arcane,4,HELIUS_METADATA_BASELINE
9gRdg6oNG62iejsMPZJRCrsLfM49b1DEXgPDSfA3tvqr,Bronze,1,HELIUS_METADATA_BASELINE
9gkgPmxKpfFkqpprKmApaAi9Pga3BVVcTHnABJeyBzei,Elven,5,HELIUS_METADATA_BASELINE
9gwyLxHV6YPWFPBxePZEM1da9UQ3XHQHpKzCnqnrVwS8,Arcane,4,HELIUS_METADATA_BASELINE
9h5kJwcCBcqanJUnU9ro3nGRv9sYRn1jqNu4kDAvHqzv,Bronze,1,HELIUS_METADATA_BASELINE
9h6sXPdtComC2FRubGrKjoppXpi7Vq47HZLekSmAbaz5,Silver,2,HELIUS_METADATA_BASELINE
9hE2oebYYG2DNeUg6XKkMknhDQC1pGEZKAjM5xRRjCHo,Bronze,1,HELIUS_METADATA_BASELINE
9hH7tssQ7LWj4TUa6YigspCAsNVkqdw4UNoQTtWZJvK1,Elven,5,HELIUS_METADATA_BASELINE
9hX1MjjPmtnoN6MjcRha3DMFApnNqV6b1fVAJ1wxv4G9,Elven,5,HELIUS_METADATA_BASELINE
9hYqXY2J3XHFMQmv27dMiCKYMZ5VuTQJCv7g5HMobaDn,Arcane,4,HELIUS_METADATA_BASELINE
9hibYpP2H9sVT8WSdhNBVSeBsVxQpLPceL8RMRva1BR1,Elven,5,HELIUS_METADATA_BASELINE
9hkYfSPepAzaBicpUeuNyBDD2DcD1Jhg8eTaxqHy4zwE,Elven,5,HELIUS_METADATA_BASELINE
9hpLhriFniJ6F75dJCA2zYpecNyZeHoEyv3pmPk4cdMt,Gold,3,HELIUS_METADATA_BASELINE
9hrvi6mvUKpKg8RnWUc14LRbb1okah9sw9sQzzkNGoyU,Silver,2,HELIUS_METADATA_BASELINE
9hsi6Ytc2gkjABdnT7FcuAzpraAv88mn7T4psayh5eL1,Arcane,4,HELIUS_METADATA_BASELINE
9ht9WsMXwbKxMo4JPdRBJFyutBtoZJs3Tquz8WXisK7G,Bronze,1,HELIUS_METADATA_BASELINE
9iC9jkLACRWjE4Mo4KMUN2QjaLBNxYMfUV12yL77RVSX,Silver,2,HELIUS_METADATA_BASELINE
9iFkArjNcNE51UwbZLcXkme6JWkTUsNMneVLpWLvDPLa,Bronze,1,HELIUS_METADATA_BASELINE
9iLhMKG7Xhix8S9GGpybaPm3wfo3xNbKtYyUryuhTUmz,Gold,3,HELIUS_METADATA_BASELINE
9iRrwtvK8DXEqqzuGdcz9QMuPubNBjKeodU4csYvKZUZ,Gold,3,HELIUS_METADATA_BASELINE
9iYXzA4bAnALGiLnh6yNyaw9dByXFXzRiVVhTke7eEFw,Silver,2,HELIUS_METADATA_BASELINE
9ih5mM5ucrCrRsGBMHsBPxVsQfG8SFafNWexbmMwfwe7,Arcane,4,HELIUS_METADATA_BASELINE
9ihPFrDzAdqkeH8JR16g79KwXvQ6xxNRPjfG42vnCixK,Arcane,4,HELIUS_METADATA_BASELINE
9ivpprwGXXxk7nSiRfrbCXKjb3fN8zGagAngs4rAANxD,Bronze,1,HELIUS_METADATA_BASELINE
9iyXoMT9HUghLYEfH5Lf3HuLBjEiGc3Ep9funhkU1LUA,Arcane,4,HELIUS_METADATA_BASELINE
9j7w9Veb5hj8KDumvdi6sFZ9wCZ8dZjCcM5dMk5jDJfy,Silver,2,HELIUS_METADATA_BASELINE
9jTp1t8CirsLQTcnuNUgr1FdZahB1cNZRD7JvMw6TRD7,Bronze,1,HELIUS_METADATA_BASELINE
9jYenKbmdSK9bhoth2K4hUzcMxqKxdWP9aXNrAo61uw5,Arcane,4,HELIUS_METADATA_BASELINE
9jiExsPcfuXruCQc5YGeisCsyd67gBhma8idMsyyBhKp,Silver,2,HELIUS_METADATA_BASELINE
9kQeTxu7uTKsAUAYe7zDxhXdw3X5RgUgMHbUduJUHuoG,Arcane,4,HELIUS_METADATA_BASELINE
9kTkERuctZyvWLRoB5tyCZsY82kkU7PKWearz68i9KfT,Silver,2,HELIUS_METADATA_BASELINE
9kbxDE99oQC3Ggv4uV1CL5qwdah4KyCWSk9xYHzmMyuF,Bronze,1,HELIUS_METADATA_BASELINE
9khftwLDNGuU5TEdpkk6GaEr9PEdgdkB6myEMhGgn4B4,Bronze,1,HELIUS_METADATA_BASELINE
9koYVck3Fgxoq926QEeafe6eMvzvn98RwD3GWHULLTSn,Silver,2,HELIUS_METADATA_BASELINE
9komb1aeMoHy3f1TX521rbhjCpaB1aaDZ6XdELKtFid3,Arcane,4,HELIUS_METADATA_BASELINE
9kutJCaKfUqNfDTUEiByKuUabHbrps8ajMqY7UgybtG8,Bronze,1,HELIUS_METADATA_BASELINE
9m6toNE2UFsXa65bdeoBkuyCh6WcxFsDe9z7d9tZtZ9S,Gold,3,HELIUS_METADATA_BASELINE
9m6yvboDjEbc3rKf4hwxkbHAFSV61GbQrRdEZNrEki9a,Bronze,1,HELIUS_METADATA_BASELINE
9m8wUchVnxVA5cs5CqyRtyUrSiApC6harCgLQxoegdfA,Bronze,1,HELIUS_METADATA_BASELINE
9mB7Y18kvcSdj3CMQVMnrhrKU6qNsCDJhoqGW3VNGEuC,Gold,3,HELIUS_METADATA_BASELINE
9mRc2k25KCAmAxvyBEG6ZNBYZ1jM3mfwgU6v4Yf1CaLz,Gold,3,HELIUS_METADATA_BASELINE
9ma8gkor8eXQ6rY56rN5HTHMjySBivQh3saKQ8Z7yb3T,Silver,2,HELIUS_METADATA_BASELINE
9matnFBsWUhvXDVXnUUdYpRa1m85TG9gx9ugc5gbEzCR,Silver,2,HELIUS_METADATA_BASELINE
9mmb6pszyZwgGvLJiEzgCR9hJdm66QC8CCxzewA7wWQb,Gold,3,HELIUS_METADATA_BASELINE
9mptd3iLonTFagYM4rnFkARNpojH5VmU2Dm7VcQBvjiz,Bronze,1,HELIUS_METADATA_BASELINE
9msRSay72swvzGmfw2xpLmBNhbBosjpPEg94k9e4gDHq,Bronze,1,HELIUS_METADATA_BASELINE
9mugLPx2KEHAjmrds7rYieKKgj1wPMMdwYmXb9eg5Gvx,Silver,2,HELIUS_METADATA_BASELINE
9n2yfpVbJrxzbHxFsL3ghbtY5xHYEXL1PCnB3i93nKwe,Silver,2,HELIUS_METADATA_BASELINE
9n39hXeyS2k89Wpk7KKg5HfSanmbrLPuP7bRjMs5fUDJ,Arcane,4,HELIUS_METADATA_BASELINE
9n4YrbSN8kaGG75JcsrU51CFku8Ahydo9htWikmheHUz,Elven,5,HELIUS_METADATA_BASELINE
9n6EjhJqSD5wDyZRkMCwUSSAXCaza29e4uMLugTnzzzS,Gold,3,HELIUS_METADATA_BASELINE
9n7E2FySm6UPA2CgCiE5cmdnxZwU99BQLbiSNptAiWwQ,Arcane,4,HELIUS_METADATA_BASELINE
9nAmVzmYZtukBL7vsEpxDLvKuuVj69dWPTyo6mRsabtt,Gold,3,HELIUS_METADATA_BASELINE
9nF5DhMFEJGVtUnrNxjQvG5Vtkyai5vcknBjqNXUCAPK,Bronze,1,HELIUS_METADATA_BASELINE
9nWMqJFbobKWNqMPfJqsqMfTg7GD35KUtXHJu5NNQMto,Gold,3,HELIUS_METADATA_BASELINE
9neyb4pqr8B1C5rxRE56CxFz79eitPibJnEj8H96gb7f,Bronze,1,HELIUS_METADATA_BASELINE
9nfe7t2hjAPt5qFWS1qxwX3uf8QY2rdpPniJ7Kv2bAJK,Silver,2,HELIUS_METADATA_BASELINE
9ny5GNMCQ3EVsXQiNkyVcjDYmVSyckEHeH94ywhybw9x,Silver,2,HELIUS_METADATA_BASELINE
9o1NkUKNaXR5be2iB5z9Y3P4NtxBvkXPXundhwxVPPf7,Bronze,1,HELIUS_METADATA_BASELINE
9o7We9R8k9JB49VGkW4qR7DuJByiujHJH4v61UHX5HBN,Gold,3,HELIUS_METADATA_BASELINE
9oFZxzUXtEo9ZrFELxw6XVLYCR2oYcedU36Ag9sx478h,Silver,2,HELIUS_METADATA_BASELINE
9oGMCctvS24ewJk387Uyb3ugd9Hmsxcb9kxg2xE61X3m,Elven,5,HELIUS_METADATA_BASELINE
9oX4936HV8K1vb1GsWzzcjzWjLGzVtaiAJEpRGxZ3rDW,Bronze,1,HELIUS_METADATA_BASELINE
9okW4bWctawgyh6sjWkFQt91J2exWT1GUTdQwGUZ9WH4,Gold,3,HELIUS_METADATA_BASELINE
9opLsvn9hWxRTerPYCdAW1VmApmUrqLWQr3Af5zwuv1X,Arcane,4,HELIUS_METADATA_BASELINE
9ovbaxEG2hXfyyNwJDZPiKUdfxQDizjAMtQ27iudb5dK,Arcane,4,HELIUS_METADATA_BASELINE
9oxPCi2raiuKzy6mZidr3oLwX9jrEysKnsGfxBy5CMdC,Bronze,1,HELIUS_METADATA_BASELINE
9p4GLpFRKmLWvqBwkrbRrbZ3pA6f1yFRAcJYFt7TRF79,Bronze,1,HELIUS_METADATA_BASELINE
9pAY8bXyuKNNzPpnwF1uNiDmL3s8xNBp3AefPXHybhvZ,Gold,3,HELIUS_METADATA_BASELINE
9pC8GM7gaLkDFFpyQf7u4ddS4YWsTm71aU9Ed5zLLd63,Silver,2,HELIUS_METADATA_BASELINE
9pK4AcVofATd8imESUGbAbvr1sQYWffxmFM2F6pRorqN,Bronze,1,HELIUS_METADATA_BASELINE
9pKSsvAGufH6AbVLGuN7NgsLFK9Tuo6qG9HhBcY9eVSh,Silver,2,HELIUS_METADATA_BASELINE
9pKrTeNaEU1NiBYtRVpKkBKZ5tARCzSS4rmdRgniWSYQ,Bronze,1,HELIUS_METADATA_BASELINE
9pYYJskbWYMdV8JmJDA4HGDzVBSkMPpUgAjx6Jfj7FUw,Bronze,1,HELIUS_METADATA_BASELINE
9pYna4isG4LAeooomMWNTRqpvZ1XU5rWa2UmTkLm9S88,Silver,2,HELIUS_METADATA_BASELINE
9paXox2ixoYRgg6DQVfEgWbbYAtAXc2fCV7Q8Dpsttn7,Elven,5,HELIUS_METADATA_BASELINE
9pb6AEYYJYzFERRWTF7gVkqsKKfsxwNmNkMAsXxmvQfe,Silver,2,HELIUS_METADATA_BASELINE
9pfmZqBaDKgEjNvBCSpQAakdwCB1StDJadkwxLx674bz,Bronze,1,HELIUS_METADATA_BASELINE
9phAM8DcCcoSFKANAPA5xE1VxAskt6sCkKj1RbotTcdX,Bronze,1,HELIUS_METADATA_BASELINE
9piVnvtu3A4pW3rvy4z8kg2qkULoY1Au2cYphjnXpkYe,Bronze,1,HELIUS_METADATA_BASELINE
9pp3xWrqwH88PQ6yfBPYoKfpM6qAEALyS9WfSMijRAsd,Arcane,4,HELIUS_METADATA_BASELINE
9qL5baSaRLKazXWgEcz3pL7iAh3g1BSaSAT8r5o7NeKF,Silver,2,HELIUS_METADATA_BASELINE
9qL7BQvHpmHN1QFsav1yQzpfKgU74QvRFHzqDkbA6i6k,Bronze,1,HELIUS_METADATA_BASELINE
9qLX4sZFHMdYRUqDZHRb49KvMRxqv7qP8hFEH2Uw5WLi,Bronze,1,HELIUS_METADATA_BASELINE
9qP85tTuufCV81pBtrpZsMDwaGda6fzsRAz3yKkR4pK8,Bronze,1,HELIUS_METADATA_BASELINE
9qSj7Ex8emVpfMkPuKgu7vGQRYtHFvaNGUmMdkVDmDps,Bronze,1,HELIUS_METADATA_BASELINE
9qcjqKP6bf7khWbWR4GjTrk9nGarBDsvp7EW8Z75F86H,Bronze,1,HELIUS_METADATA_BASELINE
9qyCSADdeUA2YfU3iuRFGdC8RtvX9oXK35fDC3JJHCUo,Silver,2,HELIUS_METADATA_BASELINE
9rDZpTFyxaoF229RydawBue7RWAZpYhhaYkqhb9rjJAb,Bronze,1,HELIUS_METADATA_BASELINE
9rHzzecDLGdtqNcSvJBz9HPULTF17pouTRBFrXRrxLQF,Bronze,1,HELIUS_METADATA_BASELINE
9rdMrteZQg4FYkb4utbyedmwJ7QrFgBYbEkWCS5isXvk,Silver,2,HELIUS_METADATA_BASELINE
9rmYRav9sPJBuTrrjVuNXmX7Lgp2YMCmpdvVSKKQwjDx,Silver,2,HELIUS_METADATA_BASELINE
9rsmRvYG9YWrkmPUvyXUf5QfLL7LRBM6a9VBS8PmaE39,Silver,2,HELIUS_METADATA_BASELINE
9s6bNiH2iU77wWKNuKKJ3UdgAtcihRMtUcp5BkGLaNVj,Gold,3,HELIUS_METADATA_BASELINE
9sCYu5MqhcmQVfwtjmT1xyheqSEgLPphfFPq4h8W1zEs,Elven,5,HELIUS_METADATA_BASELINE
9sSvPxuWHaoKxAKRJnpWdNdqNtDnnS5AaEgN9YPbJAvw,Bronze,1,HELIUS_METADATA_BASELINE
9su94H8EQ2jHHN9taFUczRQBBJkEmwu9XjFxkYgg5Uuq,Silver,2,HELIUS_METADATA_BASELINE
9suPwLoRkmXoj2TuJK6bH6f4aphdEj3duodBNDTK6RpL,Bronze,1,HELIUS_METADATA_BASELINE
9t2exPLjeGr9egEkyKFRJEDi4yap7DyxzqeGz3K5mw7b,Bronze,1,HELIUS_METADATA_BASELINE
9t3LarNswP2FHAYkh31poQa3FxTfpXWLNoFrhBRM76wc,Bronze,1,HELIUS_METADATA_BASELINE
9tDJoofoAQM9ssnpkVMvd1qn145zkRUUvoLLrDW5Mux8,Bronze,1,HELIUS_METADATA_BASELINE
9tEce2iBxqMSPGvh49zLC9fGyaKrncTmPHVXTqZg1iLG,Gold,3,HELIUS_METADATA_BASELINE
9tJezRNR3ePy9jaouMx5aU8AgHTHVVKYbbwKYNf4pe7o,Silver,2,HELIUS_METADATA_BASELINE
9tMv2ScKgpjS69aLbvJ9piWx5KZ784aarzDh8mSZTPee,Bronze,1,HELIUS_METADATA_BASELINE
9tWu4C5Hkdd8cV3xRVyzTrPng48NFhtTVzBnrF3XVv4s,Silver,2,HELIUS_METADATA_BASELINE
9tYBgKkWLXSroSiep5nuuypBRkvQsfyooxXyxou5LAvm,Bronze,1,HELIUS_METADATA_BASELINE
9tgNTmB4MhifVD4hfBtBGST5vGGHf7xZrr6vyGcPQNgu,Gold,3,HELIUS_METADATA_BASELINE
9thJ5gTV5hQx1rWMW8CjTuaLyeDRJUPSecfCjPhZXPVT,Gold,3,HELIUS_METADATA_BASELINE
9tkJgK9R1QTh3hNEvaRvPrEWVDGoPdGA7FUhBZAYnykD,Silver,2,HELIUS_METADATA_BASELINE
9twkSCXhBuDmy8PGsxg95DNbXSdu6QYLkeZDMAgij1X3,Gold,3,HELIUS_METADATA_BASELINE
9tztoyNAApmEszaxt5uii3k4uQtbYs5RJRWfz1bFtjyW,Silver,2,HELIUS_METADATA_BASELINE
9u5rnneyx7JyMH2KytsZkYjPFRcLQbBQnRxDAMEDSbQr,Arcane,4,HELIUS_METADATA_BASELINE
9uDtD8bR5o6M1s6pBWuY2oWgB7QiCSaQK7q1BbmHPBoA,Arcane,4,HELIUS_METADATA_BASELINE
9uHoqFUYAgk1DJrSRzqbTrvFkTjJWZJntKP8F7YoCXL1,Silver,2,HELIUS_METADATA_BASELINE
9uT1FizCwfcn2VWuBe1iHMFWfd73tTZWMmaMeLCq6vjV,Silver,2,HELIUS_METADATA_BASELINE
9uegyxyxkFhpSyRE9k9bV6TtNmxq4nuJVYNiHbmEmkrb,Silver,2,HELIUS_METADATA_BASELINE
9uget2T2x2pRNKWYgLQ1fk4doGSpQi7nPvuNhNGuxNqk,Silver,2,HELIUS_METADATA_BASELINE
9uiYVA2qexJdMMHsJF9NtNyZJ5iei6Raz1NPAt5pvT42,Arcane,4,HELIUS_METADATA_BASELINE
9v9RZp9StQfvkiW7FY7NwEuBqczyqoLfBx3T9JnQt4dh,Bronze,1,HELIUS_METADATA_BASELINE
9vHr7Zv77BLHZoWLtWFHcZZkR65Tbzj69ZXHDkApm3ec,Bronze,1,HELIUS_METADATA_BASELINE
9vNvGwwgQpE34wZ6U9dLeYaUgZKMGrYn5CtXLv5WbrFG,Bronze,1,HELIUS_METADATA_BASELINE
9vSQbD1SdfszpAkrvo4MxA2GmLTarLwD23icFYDKgfY,Arcane,4,HELIUS_METADATA_BASELINE
9vqEZXXf2XSC3seU6SsbRSyBPvXnJxCNPKJL6ZHcRQug,Bronze,1,HELIUS_METADATA_BASELINE
9vyDeRv3exo6RpK6YCVY3Bfe34xKPWiRMaMeskQuefyA,Silver,2,HELIUS_METADATA_BASELINE
9w3TwTiUq3XJNtZ6VPQv5U8pBNm2FzvKvEQGfuWD3KtZ,Silver,2,HELIUS_METADATA_BASELINE
9w93GTSgsCb42o9eNrvEvHhHo3Bx1T3w9PLZQ14wKN9T,Bronze,1,HELIUS_METADATA_BASELINE
9wFG7pePrbtCw9QCMcZB3q4dKkRW2zHQXbzHpzyNpHGH,Bronze,1,HELIUS_METADATA_BASELINE
9wJXm2guBedGXUNa8y1NQuMgt8iQkoHcgLGxHdYQWkke,Bronze,1,HELIUS_METADATA_BASELINE
9wRECiDASw4ByrhTNhmQkZ18Mh2LiBfzC4wn1xUFjRsP,Bronze,1,HELIUS_METADATA_BASELINE
9wV2LbyKLmoWat4iW7mz3CnwU2p7wFbvz9bQXHu93pF,Bronze,1,HELIUS_METADATA_BASELINE
9wV9oo1AJhZBG3P3Gtjm1RC1fE65RKXDtAQJAE2QKezA,Silver,2,HELIUS_METADATA_BASELINE
9wWALCPYHDvKGC5MYh8ET7r8C88tUkiorBGDW2UkiVnT,Silver,2,HELIUS_METADATA_BASELINE
9waTqHSNTdi3PwVmj9x8mqx8qB2RVEDomLKqpWc8fEWE,Elven,5,HELIUS_METADATA_BASELINE
9wdQZsEJktkFaLSRVUnnejFkdLUAhi2toY2Ex1rFudzE,Silver,2,HELIUS_METADATA_BASELINE
9wo11i8nKwbLTDLqXxtDsFwH4zah5ZBXbLzjA9kVLZHM,Gold,3,HELIUS_METADATA_BASELINE
9ws89saU5QGPZmJShuwDky4Rg2e4V4nzZLbF4oRAXCPb,Bronze,1,HELIUS_METADATA_BASELINE
9wuxjcYEkv4uztyQev46Bwkr6DnBPDnVKi1zNoQkcxkP,Silver,2,HELIUS_METADATA_BASELINE
9x17WhrMskHjREXX5Db6oGmtNqWPpzM8rouPtpCmZPYC,Gold,3,HELIUS_METADATA_BASELINE
9xAVp3bMmbc4dgEJr9X9SZdFMsC9VimrfXYPKXnELhuL,Bronze,1,HELIUS_METADATA_BASELINE
9xCSyeYhECBUSPct2sfNzjTBKafRLdoxevCjM7fP1M19,Bronze,1,HELIUS_METADATA_BASELINE
9xD3z8CeBVKftFSwrCxwTjswMwSJfdZ7KbcmGy6UFZ45,Arcane,4,HELIUS_METADATA_BASELINE
9xYJfrqof6p5pX4w3FRDCTz1kgp5757rBMr81FDLiR2w,Bronze,1,HELIUS_METADATA_BASELINE
9xfamN7NtewYwK15TkXbGPoL6WC8dp3dHrUJ8sC78TLa,Elven,5,HELIUS_METADATA_BASELINE
9xjzaTf59dWtbGF4sLdtuUJRy8mi2GZUB1BukViDo2Kt,Bronze,1,HELIUS_METADATA_BASELINE
9xrUuxm1MpikrTmowGQtz4tkh5tCXjdF7b5MsgK877Qp,Bronze,1,HELIUS_METADATA_BASELINE
9xzwYeTpxiXBZv3QdNmHaDGCUPctUUDyTE42CcFbzJ3f,Bronze,1,HELIUS_METADATA_BASELINE
9y4aXZzJtHDx9dbviCHwJagvgafgE6CCXEDCaJ4RJphW,Silver,2,HELIUS_METADATA_BASELINE
9yBB5dPDJgZVskQYVmjVxU1ngtjZW6AtAiVpBAVaM9eK,Silver,2,HELIUS_METADATA_BASELINE
9yT2ayhgHTb2irdVtj2dcNH3QoUNnCV5JzSKreLWSe9D,Silver,2,HELIUS_METADATA_BASELINE
9yuQC11N1pF43E1mXeumuxF4v6anLwCJTKho3RszYxTY,Arcane,4,HELIUS_METADATA_BASELINE
9zH9KMq7fCRQJc9R7hMZCq9GPfhtkbZPGPbekB37B8iZ,Silver,2,HELIUS_METADATA_BASELINE
9zQiZkyBZtUuEQe9YonS37PqJfwi5b733LXx9wnGjtRH,Bronze,1,HELIUS_METADATA_BASELINE
9zZgMLeoa8UnxzzhVgMS4p5rQnFBtKNN3zxmNL3FDek,Bronze,1,HELIUS_METADATA_BASELINE
9zgBiYzm372B7xa12eHwPKCFGUHU9hcK3CLGU6zLK9Ru,Arcane,4,HELIUS_METADATA_BASELINE
9zhE4KHFTCBuvTcyQN6xX2C7iK8caEB81JYZpZfVmkLs,Bronze,1,HELIUS_METADATA_BASELINE
9zokHut4bm3Cinh1yvaHtNUKDqfFsmgiAZpcnBCYvPs8,Silver,2,HELIUS_METADATA_BASELINE
9zsCXBCmXEKaTNXtWQj9f2mpfFrjpQ2a1GPAmrTe9xm9,Bronze,1,HELIUS_METADATA_BASELINE
9zuZmdBWx32av4dn4WCrpUtGjodNDEaBWxvi5K6DAM8m,Silver,2,HELIUS_METADATA_BASELINE
9zw5sCHtSaiPSzKBMMYCG98osZZ8WKKWm5HKSZFk85Af,Gold,3,HELIUS_METADATA_BASELINE
A14S1yX93v7dPUYTut18qPio3YdCW8zAMFFV3JKRZJtq,Silver,2,HELIUS_METADATA_BASELINE
A14bnkWpp2EpQFBV88p43j2W7CG1sJdbwXRHnwcSj15c,Arcane,4,HELIUS_METADATA_BASELINE
A176oanPeXRPuivqUpBWd1GJ858pwrVwcPPiuQEmmANM,Silver,2,HELIUS_METADATA_BASELINE
A1ALqimgTCoCReFH3A8SDqmzKifSp5DCAWFMuoRNb7E6,Bronze,1,HELIUS_METADATA_BASELINE
A1AaGZPpiNJkd5EmUNAFkYtr2rPhUmN3RstQY8rsShvz,Bronze,1,HELIUS_METADATA_BASELINE
A1KdU33sb6BWG1VaGbjyCk7KzwFBZS44Ztp1rku2qCuw,Silver,2,HELIUS_METADATA_BASELINE
A1QT1sAyGkCANMwCmbqGaohBzqoJqdpxb2VXHj4SQPGk,Arcane,4,HELIUS_METADATA_BASELINE
A1SrYysHyhUpjxeoxYJBPYtTCCqxAdfMawwiQoLCngTv,Arcane,4,HELIUS_METADATA_BASELINE
A1XLbUs2ggxsmaCHhnnDdmg9NwQCRjXFCqTvonueNdTJ,Gold,3,HELIUS_METADATA_BASELINE
A1fvZkHyaHRRHxvim62B6nLV4SbJviGgPgETCQ95k2Tm,Bronze,1,HELIUS_METADATA_BASELINE
A1j5ENi4K3YSnhtjC1wQT9QWBHCo3NNLySBQiRoqrVQy,Bronze,1,HELIUS_METADATA_BASELINE
A1n7G8TJmTbTWTfNNxLH5VRrBnqHqMvCq9m2DqSYhNLJ,Bronze,1,HELIUS_METADATA_BASELINE
A1naFaDL9zPQQDNiHUjCZRNtJEndd3NfCDPc6jqWZHXz,Bronze,1,HELIUS_METADATA_BASELINE
A1okBaigLoKRKynWM9EY3f895hLrReaYhuiw9D3QioAw,Silver,2,HELIUS_METADATA_BASELINE
A1rSzNVeh7YmmkAFQZ15MbL4iuxyE32obsfDXx9mBKki,Bronze,1,HELIUS_METADATA_BASELINE
A1uvkbNMYCkMWRzDFuRTTc97dX95vUCgVRebyjw7iqNZ,Arcane,4,HELIUS_METADATA_BASELINE
A22c8f5uWZrSdwnoBhedH3rsc2kzEEnRSECyEG1exiDW,Gold,3,HELIUS_METADATA_BASELINE
A23Lhm71jWv72xsAutmCeG2qyZCVCWbz51pEJDyv3c1A,Bronze,1,HELIUS_METADATA_BASELINE
A23mUNKhaqiBHft8mnMmUmEi591yTsKNkmJpNg66tCtS,Silver,2,HELIUS_METADATA_BASELINE
A26tGvR7QSXV86v539LJFas5RhB3omoEkLDaQCaXSb2B,Silver,2,HELIUS_METADATA_BASELINE
A2Dg8wztz7xYKRMzk68826TGGWQopRRwYedpXswh1xhD,Gold,3,HELIUS_METADATA_BASELINE
A2ECfEhVTazAntqYiWivDKMzYu6zxG4PxrFp9G79oEZz,Silver,2,HELIUS_METADATA_BASELINE
A2LSue67yr9zWZsyHFcgicwpMgVkqF141zcZ5PVvXaUg,Silver,2,HELIUS_METADATA_BASELINE
A2SL241HsAMxUy6eB1JhBqVNzXU1t1SuyvrDc7LHQ1Gd,Bronze,1,HELIUS_METADATA_BASELINE
A2UkNn9pGbbdJRfyqWFUC75EzcR6xYzmsNEY5K5sdYN8,Bronze,1,HELIUS_METADATA_BASELINE
A2c1HhzPmaGJRV4jMfRtWREk57DrgopAEg5xReMQAqKS,Bronze,1,HELIUS_METADATA_BASELINE
A2dJShvQ89VTkMmJoCHZQyraaeoUwxocE4J7XAq99gKs,Bronze,1,HELIUS_METADATA_BASELINE
A2evCxyRk9ebhsD3q4S9KZ7iv4xEMHFeQiEkiRhSu4zm,Gold,3,HELIUS_METADATA_BASELINE
A2gBGojjCDBGd7UrpkqYYXYzXePmLmDM7SpygAnrd91U,Bronze,1,HELIUS_METADATA_BASELINE
A2kFJwp4foBSVqk8PaycEuFFiHXhHLwDUXGVe5kY6y7s,Bronze,1,HELIUS_METADATA_BASELINE
A2mykwSfxErhRaEE3UbcDzQbS6Z1M5TusCHEvQGRXiRn,Gold,3,HELIUS_METADATA_BASELINE
A2rgsEB23DuZGKZHCfQjJVtyqM24RgLYLa1MxA4DJ2fH,Gold,3,HELIUS_METADATA_BASELINE
A2rpu1vmCZQuo6kN4VEzKRpUg4c5qenmeHA4Aq3nuFdQ,Gold,3,HELIUS_METADATA_BASELINE
A2s9vUSH3zwYeKd6obtwRDcSEZPdaLXtJWLq9SR636Db,Gold,3,HELIUS_METADATA_BASELINE
A2yvJHCyaCRKatLNRvAyVXP35jYpRYn2cUbFXx4ySJd7,Bronze,1,HELIUS_METADATA_BASELINE
A32FdC7FxhrMHoG1G2Q33HMGdmwNFCgdRKrUj14ZF1y,Bronze,1,HELIUS_METADATA_BASELINE
A3CYjHZsjp6tRAWiixZnupvGvQin1oWmtHpwrQhK1M27,Bronze,1,HELIUS_METADATA_BASELINE
A3MMcKm5SqPoJo4Ljo3AXJCwTUtu6QPBzCwQBWxE3znG,Arcane,4,HELIUS_METADATA_BASELINE
A3PPUhuJMtNBCvJm4vj1LbpTALnoCyPJfjvArDHdNyV6,Arcane,4,HELIUS_METADATA_BASELINE
A3R1Q4tPCfKncAJLRF6Gw9n9g78DyefAZL4dgfridtDY,Gold,3,HELIUS_METADATA_BASELINE
A3UZnoPoVFJmMavufZBXn2CUTxitzsw5hyR3S2fPGiKP,Gold,3,HELIUS_METADATA_BASELINE
A3cgAM1sm5P1D8nzF7btybH1P6Zvt3TcDpXCJMLpPC9Y,Bronze,1,HELIUS_METADATA_BASELINE
A3eGMxv42Msoeo4BqRYnwNKns3uMLprN1ttMSJcmoPjC,Gold,3,HELIUS_METADATA_BASELINE
A3eituDZ6oADyT6eQcLHydyuWVi9kociGPdaRDJh1k7h,Arcane,4,HELIUS_METADATA_BASELINE
A451ojHDr6zLhta7BY6n3tbTYgVvG849UVvWLAoH8HQZ,Bronze,1,HELIUS_METADATA_BASELINE
A487G7r57HKpBpYejgFoaQUcjTqfU9Fq5dKdkUFrQJtp,Bronze,1,HELIUS_METADATA_BASELINE
A4AfyCbHoosJycTB3fNxHU8NLzqPzJvHtGe4VH7PyYHE,Bronze,1,HELIUS_METADATA_BASELINE
A4Eyzmui4q8Hykw3C7BPZNfgSdduhsC5ygpRHmXUPEh4,Bronze,1,HELIUS_METADATA_BASELINE
A4Ky3bh8N3jt7tTVcKcEqj5wriCdDYinhJ7vKRm16svo,Silver,2,HELIUS_METADATA_BASELINE
A4Yfyv6qEvgB9L1DKQcQ2rZrNDgzUdYxo9MyUjw3yWMu,Bronze,1,HELIUS_METADATA_BASELINE
A4dG7FGWonTnJjgU4pmjwhrPYAtfWbDoCnjzTxtoyr4n,Gold,3,HELIUS_METADATA_BASELINE
A4jDVShoj3JNjyaCVTkWeya1PzRCvkx1vCrg9fBid3kL,Bronze,1,HELIUS_METADATA_BASELINE
A4nom7sRX6TX7saoMiiBSW1xqc9BoFwzBgArBMiFtRYp,Bronze,1,HELIUS_METADATA_BASELINE
A4tb2yJbs68ftWZc8spUybxGp8VXh3mPxDNCdD8aJ2U2,Arcane,4,HELIUS_METADATA_BASELINE
A59SxQd19mMLAuLhS7YyZg3ugeKwMzQcBBU4GJz57iSm,Silver,2,HELIUS_METADATA_BASELINE
A59W3UiQNtBQS3dGgEDkCRFmBmK2DnY9tQybUhjp2YPE,Bronze,1,HELIUS_METADATA_BASELINE
A5BRfb7pb5cVKkRmYdWtHCBkZHrq2hY4oWZk5u5CV1xR,Bronze,1,HELIUS_METADATA_BASELINE
A5BqBV7WfGM9Fg6gAAkTvK48q3aDjakpui2QNVyrz91T,Gold,3,HELIUS_METADATA_BASELINE
A5JUPPfRBSZn3fD81APG4rQd3imgMG7NCkxpQKnGW42R,Bronze,1,HELIUS_METADATA_BASELINE
A5Pywanp54caEBZkGm3xqUxdapX8pQXjjUxpPik9SXEQ,Bronze,1,HELIUS_METADATA_BASELINE
A5ewTXvU3YnK3Qq22rr8TAg6m3Xx9JdgYMfD6mdLoksg,Bronze,1,HELIUS_METADATA_BASELINE
A5g2pbyvyLqLSTBGZLqzKPXwt2wynXgHMS6fCkwqEiNH,Bronze,1,HELIUS_METADATA_BASELINE
A5n2a6iuWUV5LdiBoR7S8NpQmRj8maJvjg3PSacfANYp,Bronze,1,HELIUS_METADATA_BASELINE
A5nxsMzVZCex9QZu9D6HJ49nZuuhAkkebSBsHGPiaxEY,Bronze,1,HELIUS_METADATA_BASELINE
A67rVEKRutCvoVbephugMoDhrmrbFqJMC4XPfTHKCUJm,Bronze,1,HELIUS_METADATA_BASELINE
A6J1koHhY5p3teJyMVZXfhw4dHEiP8We6ZeXyM9X5fjw,Silver,2,HELIUS_METADATA_BASELINE
A6KKpDAQwUb27C2hWbciHFArrueP3aQpt9J1uexPQJDD,Bronze,1,HELIUS_METADATA_BASELINE
A6TJKUzu1gJsqKNQ4YtHLwuD49CSgRXFTxfrd7pjv6Ft,Bronze,1,HELIUS_METADATA_BASELINE
A6aBvSFYPEx54M1AaASJ7mr9YZyarMNXcyJ6j5mXqXqc,Bronze,1,HELIUS_METADATA_BASELINE
A6bGM9HvstBaZp8zYEMEDHiiwwBBeV3w23sX1xFuAPyU,Gold,3,HELIUS_METADATA_BASELINE
A6cGr7szezUJAEKnsPiFvFXPsvpq7kSSTs4jwX4G834k,Bronze,1,HELIUS_METADATA_BASELINE
A6e4YFdDvodtjLamR8yKsB9XL8cPg7VYWPH1U6HM981T,Arcane,4,HELIUS_METADATA_BASELINE
A6gq9o37HDvxgvE2BpcgWfcH7Uak1x1bAESN81wnnyTe,Elven,5,HELIUS_METADATA_BASELINE
A6kQGpqe5ssqdwr3zmHc33aVWeJMGEsRXh2NNcgbV5JM,Silver,2,HELIUS_METADATA_BASELINE
A6r4jHMcZG4wDsutx5LiU6dkmaTCREG4Wd6GKueqW2wZ,Gold,3,HELIUS_METADATA_BASELINE
A6yTJYb3XuujG8NoXzchh2TirKiU5J6orU7Neyk2kax1,Silver,2,HELIUS_METADATA_BASELINE
A72ix8DQeiDQZDzZMQcfAdT2nhbBuBjytYkfYyJx6u9n,Gold,3,HELIUS_METADATA_BASELINE
A74mFAQ1msY414KfuyNht5947791UWyXYT8jiNDupzEY,Silver,2,HELIUS_METADATA_BASELINE
A79sC3LFoW2MQNUqizsSLneEmxnsrRyFCgSUYWBADHoB,Bronze,1,HELIUS_METADATA_BASELINE
A7G4exwpLhoYAbG9uCyfvNMfQgNAY7MRbdzieaLSsVTp,Silver,2,HELIUS_METADATA_BASELINE
A7J7CXAo6yVFV3Gwdjq2jNcmTv3dgzQjwqNLWJSSef1s,Arcane,4,HELIUS_METADATA_BASELINE
A7KpEMjH1qHJcbYoKRSoCRimgiSyhAziGvG2mXVcvDAb,Silver,2,HELIUS_METADATA_BASELINE
A7YiWxSGhJgdhQqcwACA4a8Xy3hpfskoPaqHww1sYJs3,Silver,2,HELIUS_METADATA_BASELINE
A7aAEbD377sKjhBaTj4GYqiXpqW7yaGZPeHZyfn9hbZM,Gold,3,HELIUS_METADATA_BASELINE
A7c5gT6X3qiXUpxYbVZ8ZwNi87RL2hTaRanc2EER56QW,Bronze,1,HELIUS_METADATA_BASELINE
A7dKZ4yLRmyoGrGr3oNRVzaTSE21cEgUKXPj8nL71VF1,Gold,3,HELIUS_METADATA_BASELINE
A7kT5YgWUz76Mxg3yFpGYBxNKQJKfXRt5rvN2u6fiTZ7,Silver,2,HELIUS_METADATA_BASELINE
A7nRtw5EKkH722Epu3DRmTWv58xC7Rzw9p56TkkW4FW2,Bronze,1,HELIUS_METADATA_BASELINE
A7uKWfuTCfABAforkusYbXGcdX1KTAJh652bSvsQK9Vd,Gold,3,HELIUS_METADATA_BASELINE
A7vXq2UrvLxwMGZuJtrUsYNKhUK5t1hb4A1YGuDbu5fb,Bronze,1,HELIUS_METADATA_BASELINE
A7zNoWpkEZ9cHjaj4i2k5xgYEUn6VHi1H9uckGvQudPA,Bronze,1,HELIUS_METADATA_BASELINE
A82Fb5NeaZjXyVGvHtSfFz8VWFxwRKkpNfvVN7uVhdhQ,Elven,5,HELIUS_METADATA_BASELINE
A88qjkaTtMbCkBBxoAvKLWUTwyJsDGKBqiz6t7dNg2S5,Bronze,1,HELIUS_METADATA_BASELINE
A8RroPCCLdUXbdz6ihm4K6cQ5pK3A7seQ7FtudpERj5G,Bronze,1,HELIUS_METADATA_BASELINE
A8SBCKcfFFxCZqaYRZoSnMSi24BwbboFwBCG7Ct2X2WC,Silver,2,HELIUS_METADATA_BASELINE
A8V19BjGUSYq62sTc5ozy4rg9cbPb7q2sboopkgojdy6,Silver,2,HELIUS_METADATA_BASELINE
A8YkfNVUz9ZrSWu8DEqN7KJR4niXWjbL22H2CCJz5cXL,Arcane,4,HELIUS_METADATA_BASELINE
A8ZYsiLCx7XFMzej5nfGeBfYjEiDCpRNYcuGG5wK7WrK,Gold,3,HELIUS_METADATA_BASELINE
A8hhZQhWGe4VoUsv6rhv6ermeeT1FMZyd9gpDd2K5cJE,Arcane,4,HELIUS_METADATA_BASELINE
A8qDtYdMnnWseABxZxoPoVQsDGaYu2f3hsUj49j7WY66,Bronze,1,HELIUS_METADATA_BASELINE
A9A4hM4mqZnoGiNcLXJh4y1db1VDSLjEvVrny4cPrRrY,Silver,2,HELIUS_METADATA_BASELINE
A9CYxSwexVizFHhd99fCTeXWzGGXY4BPMzegDr7rbAhE,Bronze,1,HELIUS_METADATA_BASELINE
A9EJ13v4ZR7orHePGGj8xvayhvv657ckz2mqmvVQBGgx,Silver,2,HELIUS_METADATA_BASELINE
A9EtJrQQcZgNKVXSxjKcWh7Swi3der9iJMja8o8jX971,Silver,2,HELIUS_METADATA_BASELINE
A9JE8vYX5TfbSWk2pyu5ueVnRR1BZRaioyhHKDtqUSVQ,Silver,2,HELIUS_METADATA_BASELINE
A9MnNgEKnPctwh1qhhwqTXpLShpvCSDuadHCCAcxHUKV,Gold,3,HELIUS_METADATA_BASELINE
A9XCu456KKEMzdLLaKfhSs5wTmbrJKhaP8EijVkHPVeR,Bronze,1,HELIUS_METADATA_BASELINE
A9dnRPapU1ppUovybWQ4H78GDvUi3WodHCdmfkZamgyX,Bronze,1,HELIUS_METADATA_BASELINE
A9t5V8oGTkt5SGUQp2XDZBpS1Vw7W9SDmChyNWLWA2q,Bronze,1,HELIUS_METADATA_BASELINE
A9uovtZjzpZqqiTSD4C4tN3BeZQzQazr8v5fzAQh5XQd,Silver,2,HELIUS_METADATA_BASELINE
AA4gqT8cTVsTHyAqRt2s3m1kzJoFttFfW5fWaDqBEPvJ,Silver,2,HELIUS_METADATA_BASELINE
AAFGJtP9E6JZNo5RW6bdSMDEtHMTJTRcrazsCDeVUwP8,Silver,2,HELIUS_METADATA_BASELINE
AAFXNnNLdbfp1N4q8jTx9gFiRUT9cdrBn3i1mNPh8oJE,Gold,3,HELIUS_METADATA_BASELINE
AANTew1jaCFzrvAsfEb41NwpZPFtHTicswLQCW312X5Z,Bronze,1,HELIUS_METADATA_BASELINE
AAQjdN3WT537NeJ7RkTNX1eepxTygnegNZZNXPspUSBL,Bronze,1,HELIUS_METADATA_BASELINE
AARsukb6yWKcbDGYcziUZkGti2HM2hz9P69eQCJHkK6m,Bronze,1,HELIUS_METADATA_BASELINE
AARx8ihFyYZHzsQv81eDZyJicbuHAettcjGMaQQE63q3,Bronze,1,HELIUS_METADATA_BASELINE
AAZB7zm9jkBLLf2rvhLoHxh9Dq1P3EaYpW2xaCtsPJvs,Elven,5,HELIUS_METADATA_BASELINE
AAaVqokaSSg8SNun4NR9ovHJxZSBsyiHJ7krXAnD7Yna,Silver,2,HELIUS_METADATA_BASELINE
AAiuichzWeLeovUhnhkFHztDgKiXLvoGBTsRhvur1YYG,Bronze,1,HELIUS_METADATA_BASELINE
AAq6Jz6er2wbCBiMQm4JyXHgeejRuAEjXhJ8k6f5kCy6,Silver,2,HELIUS_METADATA_BASELINE
AB6ZJBfnVB9iBfgJUJ6LJ3JZyG9nRRGg3EyhbFTzutE5,Bronze,1,HELIUS_METADATA_BASELINE
AB8rzZEsixrHAJDf439D6jaNcJX89YehB4nJXj9ow7RW,Silver,2,HELIUS_METADATA_BASELINE
ABAK3BRB4Kmu4ADvffbJvdcTSsgdUw3fMtmRtzJEHG6i,Silver,2,HELIUS_METADATA_BASELINE
ABDNiN1AJ4FvB5KqFUbmZTmE5fbzECyEXWEnvCnDYDiJ,Bronze,1,HELIUS_METADATA_BASELINE
ABE9SwNQxCmFYvNT8NQhyz4VMEqDfMGtn7QaXqGKxhdq,Bronze,1,HELIUS_METADATA_BASELINE
ABKEauJqUDfGzHtTs5tFSdXbPygU8fs76hkpMdZ6Jdmx,Silver,2,HELIUS_METADATA_BASELINE
ABNpuKRDRLgGvHhBF4QTECULoswAXUVPKrBowBv2swKj,Bronze,1,HELIUS_METADATA_BASELINE
ABbeRFcfRxdhAPPqRbKmj3Jis3Pu9SnE9bnbgST2FDjS,Gold,3,HELIUS_METADATA_BASELINE
ABeRwDXRRG5ZJpCZS4YpeVVH918WiuxW1wNqAT9LUohB,Silver,2,HELIUS_METADATA_BASELINE
AC2rNksk4SHXesJB5HV5maDEArsCJbrmxC5WuSqdHqZp,Silver,2,HELIUS_METADATA_BASELINE
ACD1dmS9HjhPAW2QjzaYuBHxt4SaUZx573bJPVLUArrE,Arcane,4,HELIUS_METADATA_BASELINE
ACSr2ReF542dEeFNPUuNCXUFY1CWNZbm8d9yVs35PV4D,Bronze,1,HELIUS_METADATA_BASELINE
ACZe56CqZDMRJRWMUqCAMryY6tTpBrDPcpwqXDKadtvC,Bronze,1,HELIUS_METADATA_BASELINE
ACifveEub1LzD3fkHw1EPxQ8sKCH8d8EBBHcCfpaMtjw,Silver,2,HELIUS_METADATA_BASELINE
ACtpqEH5CB6m42s3oe5oes7fu9NsS3S1QmhbAaifH2Au,Silver,2,HELIUS_METADATA_BASELINE
AD1vfCoQQkR13xBcozuFC265kswe7G5HXX8fBj2RtjWy,Silver,2,HELIUS_METADATA_BASELINE
ADGm2ny1dq8KGyzTAeguHJrzjA5QnYtc7ArKcoyabyKf,Silver,2,HELIUS_METADATA_BASELINE
ADRoQRw1bgMoEBvFzmQm9LxDaYGTzHKjhLgxVwZtS93N,Bronze,1,HELIUS_METADATA_BASELINE
ADTNvWso7hruLENpsnYDtR4greqNyCGa33r8UtP2wSrQ,Bronze,1,HELIUS_METADATA_BASELINE
ADeRUNhwDcx6Zh73i9uCsyvRNj9tnVg5F2EP6WonrcMz,Bronze,1,HELIUS_METADATA_BASELINE
ADgLL3aBK7ZsAHM2ei5AvuyPa5t27tf8oDMGv6Y9UU6j,Gold,3,HELIUS_METADATA_BASELINE
ADvUfzwZAx7RuguVjEHzZLEnumFvEcYcti9kWassPNac,Silver,2,HELIUS_METADATA_BASELINE
AED1WUa4GzbsSHufpoocMrTP1j2BWAYqjS9pXh9G3zSp,Silver,2,HELIUS_METADATA_BASELINE
AEE7eJnidg7U9NaasC6NUn6ePymvqfqXGK9xukSH52u8,Elven,5,HELIUS_METADATA_BASELINE
AEFdwiuEWQFAku1DK7qepSbaA2TH741Ay6PdpGhn1kwH,Gold,3,HELIUS_METADATA_BASELINE
AEfXixYmh3iUgPj1qGaRJTeaVRE2JzEF6FJoxgHVEs8H,Elven,5,HELIUS_METADATA_BASELINE
AEfhzksuuDJkTFrNXCojkR2FxKc1fSNdAS9YFGgWWZke,Silver,2,HELIUS_METADATA_BASELINE
AEndMq44FTsb9EXXURVqqxKPH9i8DrpS91dfyfmtV15P,Bronze,1,HELIUS_METADATA_BASELINE
AEt5vSkD3dS5nRtjr7w14ARxYMFtojEf72atFmewwbvF,Arcane,4,HELIUS_METADATA_BASELINE
AEtiLHF531xgWsZuCxA9nURiqEMdXhyfLaxMKYjc1yVK,Arcane,4,HELIUS_METADATA_BASELINE
AEv9Be7r3KDr9TckA2V6JQrtHFJJfBd3WLhbQisA1nnc,Silver,2,HELIUS_METADATA_BASELINE
AEyJ9Emg7HRTs6F7eWxJMicRHhcGLy6SUigoTJsr3fuk,Bronze,1,HELIUS_METADATA_BASELINE
AFTwtGAjuk2zRpk8HhoRpeg7FCB13rckvHySGzW2yQkK,Bronze,1,HELIUS_METADATA_BASELINE
AFeYLutsxx5nZGUxYMwtj4pGxBVmpu7CKem9BHizExM6,Silver,2,HELIUS_METADATA_BASELINE
AFgYffS8XWS1zCXfG51teDZKjjqwu1eCxPFQoM4Fjstt,Bronze,1,HELIUS_METADATA_BASELINE
AFibpsHn4kHEHBq74Z8JJHK2rpzr7LCGs2rSW6vNK5X6,Arcane,4,HELIUS_METADATA_BASELINE
AFntsAxe9YREgtcCFjsefJxi34Wsv25UvAXkseh8HsWR,Bronze,1,HELIUS_METADATA_BASELINE
AFvW9E6pZ3NUDRW1EFFngH8G5UW2xyEFZxJ3YE2p9dLQ,Silver,2,HELIUS_METADATA_BASELINE
AG4F9MpMRQbB6EwNBZ1hna2nsm6RQ6wEGAqJxHMMEkfs,Bronze,1,HELIUS_METADATA_BASELINE
AG7sq3NZapnyrUPzPZdhZZmQbrmUFbz4RtUQ4PpEBd4D,Silver,2,HELIUS_METADATA_BASELINE
AG7yZ6nirW5EGJ6QX9zeTws9iNDUwKZfZKUPkXaxzhJS,Silver,2,HELIUS_METADATA_BASELINE
AGDBJnFTgykWFJiVfYbH331UtxRc2FoaL2qnYg8NQohE,Bronze,1,HELIUS_METADATA_BASELINE
AGG4nmQjqB6UFMJwYUw5St1bf3xM91uiooC9XVuLMqFG,Silver,2,HELIUS_METADATA_BASELINE
AGGkqGkvuoyiguvhG4zr3J7hfW98W2fyvRBPcnHkvBRN,Gold,3,HELIUS_METADATA_BASELINE
AGLZt2cV5NXk7BKy1Hwvdi15MpHrfvb6kVXYsHyueVwM,Bronze,1,HELIUS_METADATA_BASELINE
AGMa5c5HgXMxJqKuFFL6VdBGUEkKWP9qJ88od6U7D9vF,Bronze,1,HELIUS_METADATA_BASELINE
AGNLb4DhSVdiTP52ziYuBqL5U5sSWtE7Uh49L8dKePkm,Bronze,1,HELIUS_METADATA_BASELINE
AGQSaCNmhkxwEWFQYC31H5Qrmgx7jAxPskqaVGCpK8FE,Bronze,1,HELIUS_METADATA_BASELINE
AGQjLM2YQCM1tkGxPwKdfaWXDjxRfcomsj41nyoLK8hn,Arcane,4,HELIUS_METADATA_BASELINE
AGUqPm9eciXYVZivswHxXKE74bf3yr78A4gzEyA8Vpfa,Bronze,1,HELIUS_METADATA_BASELINE
AGVgFKGmm8F3sUY3D7FaLZgDZyRPKUsYqkEQ45ccPpTU,Bronze,1,HELIUS_METADATA_BASELINE
AGgtuiNJqku5auYTspArmszsrki7RmFiLMai8VgaCfd9,Bronze,1,HELIUS_METADATA_BASELINE
AGinV3uER3osjVYRQCh7aKuAj4qWPi7uVP9CLN92jaEh,Elven,5,HELIUS_METADATA_BASELINE
AGsyQGvX3Pa3sPEqD3h3n82Zn2RhuUahY5vBPjFCVhvb,Gold,3,HELIUS_METADATA_BASELINE
AGuYC6XwuU4nNHY7jgDSrWqvDKFqK3JwyKLGr6HAuhRg,Silver,2,HELIUS_METADATA_BASELINE
AHDbkQcJEX6AK8V9UbwACmBSD8YvM6aprRkFiNeYar2s,Silver,2,HELIUS_METADATA_BASELINE
AHGDT6Kpshr3gZEPnJAQE7256dMkJa98TgMXje62mAuf,Bronze,1,HELIUS_METADATA_BASELINE
AHRJ2d16sNuVfkxZ96Nijj1RQhYkfKQ16fJq3W2JSZGB,Silver,2,HELIUS_METADATA_BASELINE
AHRiT8hUGfauMfL1i4VThyLnFSUoEny73gu2ZwP7V8Wj,Bronze,1,HELIUS_METADATA_BASELINE
AHVMw7xHk73YQcnpaoe1qzC1csRYxSAyzbCdHWTELrSD,Silver,2,HELIUS_METADATA_BASELINE
AHWAZqaNJknLne1o49J6vpjH5URpGJmGh2pfQBaaM9oQ,Bronze,1,HELIUS_METADATA_BASELINE
AHcBNCoaWJDBG4GPMVt1KMS4uaPuQ1KKWtNdrGATvSCy,Bronze,1,HELIUS_METADATA_BASELINE
AHf2QtKaQtWM14ZsScHHDzX9z79ZyXRFiWEU8Lv4g2p3,Bronze,1,HELIUS_METADATA_BASELINE
AHnJV3ZDB5w5BKZh9nt4EKsXXAyyTGkWgwqC1fzddmuM,Gold,3,HELIUS_METADATA_BASELINE
AHqENqt8oHyZD7ctMrnoRXBT3HJAcDAv2iy2dU7QV7zN,Silver,2,HELIUS_METADATA_BASELINE
AHqgDAsnNf8C6rvFPeMFLti6ohD41p5igZMEi3yKCvX4,Silver,2,HELIUS_METADATA_BASELINE
AHqn38BVhjixqkSfxP6VdhCdEFYFmnGijqU668AfvGvU,Bronze,1,HELIUS_METADATA_BASELINE
AHsWwyeVNe5TZJVB5jYnQsuW3yLodaeFZ86SkPUdLvUA,Silver,2,HELIUS_METADATA_BASELINE
AHxdTLPEs2fPp114WUpDRykCacJ4b2bvgJaciH7wEyB5,Bronze,1,HELIUS_METADATA_BASELINE
AHzk9asoTTH9Lrm5NZSCPcFAWzREPuFYLggerka1KToZ,Bronze,1,HELIUS_METADATA_BASELINE
AJ5LS9ZDrzC5Ej9ozs1LmfJUnqzE3rQFLaxDWZs8r653,Silver,2,HELIUS_METADATA_BASELINE
AJ8rbChGFZVaiX4GNwtWi5MstmchMYG9WRCNcWBnyUah,Bronze,1,HELIUS_METADATA_BASELINE
AJAKWZE2voLZfG7dGLtFSMFPTLb6c75E9cfE3WyUQcj8,Gold,3,HELIUS_METADATA_BASELINE
AJCnZbQPefDmCDiVQPAwVqNnct1jCAuAsH2Rf4AdduBd,Bronze,1,HELIUS_METADATA_BASELINE
AJFLUbsD9w5iz1Xfq5Wue8vKBeqqiiHsoekQtX1ztaZV,Gold,3,HELIUS_METADATA_BASELINE
AJL5F4vxyS9fUW86AysrGVaSKQF8JkANYWUH8FtZ6NJy,Arcane,4,HELIUS_METADATA_BASELINE
AJLfLyzA1Do7g5Sj9uthTGXWeu6qEhi1eg3zeQjavoCY,Bronze,1,HELIUS_METADATA_BASELINE
AJQ9RxprVS7moDzrj5bD5wnU6Bdh8odgAwohLKiLBdm7,Gold,3,HELIUS_METADATA_BASELINE
AJRuZmPa7Mxnvi1ekMbsbAhuKR3VFgYnnrAHjf14qfL3,Arcane,4,HELIUS_METADATA_BASELINE
AJVG2Gf2TujtJNU2KRMU2dEUeaa5KJAAhUuvVdpb2DtC,Elven,5,HELIUS_METADATA_BASELINE
AJj4j1hU6r4rD2ftj7P93yKfCKtcR4m53ZxtetHcnVrs,Bronze,1,HELIUS_METADATA_BASELINE
AJmFQoUi6DDKzzBdUTMS4eVkpfh6A4mwHPeYdtuLgo93,Arcane,4,HELIUS_METADATA_BASELINE
AJoirhBaAdsi6qLTF9ph24UmBLzNLPwMTA4NMWBhoMLq,Silver,2,HELIUS_METADATA_BASELINE
AJuwGpUMi8n5eDUiVwEcUUTTJU4SKv1pupfZDmzc9YXf,Bronze,1,HELIUS_METADATA_BASELINE
AJy6MAFUCEsrHmxFDyzFBYv15XQP1gVtjeFh748NKRGA,Silver,2,HELIUS_METADATA_BASELINE
AK3AMxAjhq31iQVMrdpSCCzMLw2Meyx4CFrxesujvceN,Bronze,1,HELIUS_METADATA_BASELINE
AKA4A6BxnL7aExrgA1CFvT2Me17o2xEM8fyawiwtzgVV,Bronze,1,HELIUS_METADATA_BASELINE
AKDFSjXxdMGpp5cKJnNuAdwd21cLe59vSN7MY4uwYctC,Silver,2,HELIUS_METADATA_BASELINE
AKFuxSpnrPMmUaM1yaj7ib42s2JKPX7Jyxt5QCJPYvaH,Bronze,1,HELIUS_METADATA_BASELINE
AKJZJwxg6J5K4bfj4k8hvxdNcePSQSzKFmV5Axh8Uz4q,Bronze,1,HELIUS_METADATA_BASELINE
AKV2YrLHGwYdSFVNpVdmMiFxv4KtGxDkFxRNTbc51ZQK,Bronze,1,HELIUS_METADATA_BASELINE
AKfWZxJKXtH4N5B4nkhyouHDhWxqWpmw9ozv9mTi3cC9,Bronze,1,HELIUS_METADATA_BASELINE
AKfpxoWqQK59kEdnc4ark3Ma6yV4VAbcsC4KKPwN6Wsm,Silver,2,HELIUS_METADATA_BASELINE
AKgoZopepwyg8TCwJhEF4TSPSrioUMLxXgNz6gtWwhsu,Silver,2,HELIUS_METADATA_BASELINE
AKhkcUuQd7KGdPRBvGuc5ykE5PUQZ3Ly9njnaVGMrJv1,Arcane,4,HELIUS_METADATA_BASELINE
AKiQpHoW57YmC2DddFe71haCSZ6GouYSB1EPNfx6oiUG,Bronze,1,HELIUS_METADATA_BASELINE
AKj51s2H75TeWiezkGSPJCwn2Ug1HF6c6gmTnys2jsqV,Bronze,1,HELIUS_METADATA_BASELINE
AKnYDFyNxmY1vDAZQYFr76QaPTA3RQPPDTWo28BJ1k7x,Bronze,1,HELIUS_METADATA_BASELINE
AKst141A1VagdehC3LJB4oPBByjGgs5vCSYkkDeHLNsa,Arcane,4,HELIUS_METADATA_BASELINE
AKuHCPKbjLNT7M23ZCcWjG6XRdEcpgdkCxJQ1zci7W4L,Arcane,4,HELIUS_METADATA_BASELINE
AKudJMu1RBzZGUPbq8BzdWRRys219AkRKSLxoPXC8QJd,Bronze,1,HELIUS_METADATA_BASELINE
AL5XRx4k38KqrXr7PyWjmuKxLJKH4Lu4LjG9tqtTJPsu,Silver,2,HELIUS_METADATA_BASELINE
ALCmeN9hWfQfneSVBeNJvY3yjuawEunrMnC183pNM5az,Bronze,1,HELIUS_METADATA_BASELINE
ALVcLmPZ2YTMrVHyi3nS5xJhST1FspAY2NFyWkrnw4Qf,Gold,3,HELIUS_METADATA_BASELINE
ALeb7Q7VmKFHAySajjPVVwTyMe3HvN4uLS8StYvBVts7,Bronze,1,HELIUS_METADATA_BASELINE
ALf1Z8xwqPrVNyFRkdzR1FySQsEQ9bbADmSp3haCDiSW,Silver,2,HELIUS_METADATA_BASELINE
ALiGYmETjL5mkTiAao9z6jZ2bgvrJSdK3GRKR2Pt5mzN,Bronze,1,HELIUS_METADATA_BASELINE
ALjzmkR3uaqTgocveYaqR7DUoxpoqcmLnK8qbQjzn3Xr,Arcane,4,HELIUS_METADATA_BASELINE
ALneeodYQNkz9oPwRiAGxkHohVoxfoCTMYHNaR5X7kr1,Bronze,1,HELIUS_METADATA_BASELINE
AM3P5LX1rwMdVgo7XK6ypnXbBrDVWo4xBiVzZgKKiuqU,Silver,2,HELIUS_METADATA_BASELINE
AMJe8qZQoxZsmT9ZWhWCDU6iq3RE29CSTgScLw2CxtZV,Bronze,1,HELIUS_METADATA_BASELINE
AMK5HHWnGNpWFv56Ge2NQfy7hekSYi8XzfFUiJPM2DyK,Silver,2,HELIUS_METADATA_BASELINE
AMKHyvnhnM9hBdoDsCDAwgHcoqdvetGSkHjqsdTdnCQf,Arcane,4,HELIUS_METADATA_BASELINE
AMTz9uZD4AER1mhNyFS2XUCT39dAAvRNQXYNKGjsfjm2,Silver,2,HELIUS_METADATA_BASELINE
AMXGrpY29WHET3uGJz31aGTQQ9tgtYGhcMPFmVoZsiz6,Bronze,1,HELIUS_METADATA_BASELINE
AMhFrkAVLX5GPsHE5pRBh63Na9Kzbsprzgx8Sy2j9uZ,Silver,2,HELIUS_METADATA_BASELINE
AMp88H9XodC4kAC1PBJjYLwh5T8BangW7KkBnDJUw4Wq,Silver,2,HELIUS_METADATA_BASELINE
AMqzEAYH4Jj1ufHeJ8D6sFeDR8Gyut8RCvxYArcZAeXB,Silver,2,HELIUS_METADATA_BASELINE
AMxuSdqNTNXPnPek1khWMzRSNT3iroKkuBNw3vdprsSo,Silver,2,HELIUS_METADATA_BASELINE
AN7SLi8WjfGrNMRrRCFqFhLmPBxguGSozp2Mavcd7MQb,Gold,3,HELIUS_METADATA_BASELINE
AN8gtD9osDsHQARs5Kget3epy9dsEDCwkhgw7PYsbN4u,Silver,2,HELIUS_METADATA_BASELINE
ANASZKoyr9pYYFTuBixV7uwVYGEs7rEwvh1WUg3Y64ML,Gold,3,HELIUS_METADATA_BASELINE
ANFbLgiugicCoaGQ8ftizoR6eEmCBYPbbe39SfaWJinF,Silver,2,HELIUS_METADATA_BASELINE
ANQpfwfR4Y5NdQWcQfZQMgfkh8Csp7GJUdqjKb6mt8rH,Bronze,1,HELIUS_METADATA_BASELINE
ANiYU4FoTd1PqUzjpyVgH1vHr9jvCxbtBBxL4cHHhrMb,Bronze,1,HELIUS_METADATA_BASELINE
AP17oL8yL2zrpgGTuGQBeKAZmsATtJgBL2AbpcrmFh1g,Silver,2,HELIUS_METADATA_BASELINE
APDMkqcycvcLEfyGH2irX9YLhfb33tUqnSynqa9uk1Sv,Bronze,1,HELIUS_METADATA_BASELINE
APG1tQuQ33RDDutwEZQKMKCBzjC9Y5dLrGkrwtSs2b1R,Bronze,1,HELIUS_METADATA_BASELINE
APLYJDPxXQHneTj8tfAEuBBaAsKTtHjgBRJdBzZMgTy3,Arcane,4,HELIUS_METADATA_BASELINE
APMGx3Mtcwb3H3P4j2DznGMk5HpkG94ZtnyYekw6Sx6W,Arcane,4,HELIUS_METADATA_BASELINE
APYEMuqRCpAXrVMRAJrXmpP4D5Do9p96CTeZAzgoguF5,Bronze,1,HELIUS_METADATA_BASELINE
APbXgmzox7JnACzAjJweizkQiLkPsaXVTxRoVXS5UDQ6,Elven,5,HELIUS_METADATA_BASELINE
APeReLE8PrHWiWYsRToetCE4PP3aNMTmNLMjYcfVrLsa,Silver,2,HELIUS_METADATA_BASELINE
APgECVhh5RwpQEKGemiHjXtWgx2dFu8xc7NiSP3WNuoK,Bronze,1,HELIUS_METADATA_BASELINE
AQA2t49Cq2ctBHr2V8fZJaus6rshhNFxMPRAEc7rWHPu,Silver,2,HELIUS_METADATA_BASELINE
AQJCpehXCa7yBqb9o3WEqRwr4fC9ZJDbAhD9EV1HRMpy,Gold,3,HELIUS_METADATA_BASELINE
AQJKez3XibMphyEtmCf8xD7KHHcJvCgAL8NR92eo3Jqv,Gold,3,HELIUS_METADATA_BASELINE
AQLmDmqPfYmwt5zDnjEXmz8gdNxh8jdNHe8WXfxrAubi,Silver,2,HELIUS_METADATA_BASELINE
AQP6mvMuCTV5PuT2wYE3ybAGTYK21XWxM8FHRbji5q5o,Gold,3,HELIUS_METADATA_BASELINE
AQRVGmfKD4S5xXV7PAu636DHw192W9sHnCGSdzowBoQn,Bronze,1,HELIUS_METADATA_BASELINE
AQTNtAry9tiziiQsNYd7P2coTrA7wboHYAah5TR6kHUh,Gold,3,HELIUS_METADATA_BASELINE
AQVwBTucav3gNafGobuNjDzrJsF1zfAmpcndPKcp9LdC,Gold,3,HELIUS_METADATA_BASELINE
AQaNnyEWeTKFicLiPnviVb65QJjqtJCnXQfvJq4fdCPn,Gold,3,HELIUS_METADATA_BASELINE
AQfuQgLPyhGrqDQv8WzvkhbbZKUQoWtS2PHp6ZEYRiS3,Silver,2,HELIUS_METADATA_BASELINE
AQmygfVcJxQ37kxszNVzZ3AsUh81wcD3ZkGwRPVWhaGm,Silver,2,HELIUS_METADATA_BASELINE
AQu3eUdGSSQc2BtVFn6yYVStCyWiGKLmrkzJEJjykrAY,Arcane,4,HELIUS_METADATA_BASELINE
AR1jHJbF7f5DAmwbzkivuXD11jVkBcSB1Rdn2A7MH1r7,Bronze,1,HELIUS_METADATA_BASELINE
AR51hKXKerF174z6krtXQCMvafKxB6ykDejaiXHaR9vg,Arcane,4,HELIUS_METADATA_BASELINE
ARFxHzBp42Z6VvDohnSStHnajjzHUTbaNbuyBSpFsoho,Silver,2,HELIUS_METADATA_BASELINE
ARYoNWHUcWUTanc2Qanff7b9speTh72wQadqsodFrfj9,Gold,3,HELIUS_METADATA_BASELINE
ARjVNRB21GsMdN3YcGbxeNn2fzy9HqQi2st6ztFzqybN,Bronze,1,HELIUS_METADATA_BASELINE
ARmVmTdjsQ6Z1ySMfpkoAY5BQB2tdYeR1w6orrxQKF1E,Bronze,1,HELIUS_METADATA_BASELINE
ARsEcoDKcXeXSetUSNp3S4MrVyKY3KY8oqz63ovMgCAR,Arcane,4,HELIUS_METADATA_BASELINE
ARx1z1mafTSDJNsj1YRhsj5VdpL8zL1ihBK3GDZbUjNr,Arcane,4,HELIUS_METADATA_BASELINE
AS4yN9r7jtBsKiRCoG8JEYpgHmWRoEguDJiSWd9HBVvk,Bronze,1,HELIUS_METADATA_BASELINE
AS8u1A5ofHUu7Ann1FVAhUnMcFC5C114U5yZ83jrYNmZ,Elven,5,HELIUS_METADATA_BASELINE
ASMcVNxxh8kBADDhaKAtNzwukCZHKY2QN3gtYQ1DWr4,Silver,2,HELIUS_METADATA_BASELINE
ASXJ41DsT5JKw3aTHaSz5SitfdBqHhFzXpX14Gco474Z,Silver,2,HELIUS_METADATA_BASELINE
ASXX5rX3hRSWXEcvGTVFa3J9RDvvX4piGDgx1YodJxLd,Silver,2,HELIUS_METADATA_BASELINE
ASbuUXB7ucL2pwtSfv24u1DJaWaNtiPVcCVhq7mBtscm,Bronze,1,HELIUS_METADATA_BASELINE
ASdF9MDtnRnv6oN2FeTxS1QKd6EiCoFRZVQKWnU6kNt9,Bronze,1,HELIUS_METADATA_BASELINE
ASfgBEJDJU85H3u3PdDw9rK9RMu5ykfbGL5nxTgxbnMn,Bronze,1,HELIUS_METADATA_BASELINE
ASm5qUvhjXiHXcddtQDLa4c8RncQGEQJku4pUPs6422j,Gold,3,HELIUS_METADATA_BASELINE
ASsvZbTjVThYo71sT6dHo3bZc2eCKStXfTjyv8m6EjMc,Gold,3,HELIUS_METADATA_BASELINE
AT2fxK7qMcvrbZ7CadUVRFZ8Yv5jkkQZvpQvCCVvkTvj,Arcane,4,HELIUS_METADATA_BASELINE
AT3JoTveEM15C67WtpvuPjwsbP6brYFQb7CSuaL5oVGE,Arcane,4,HELIUS_METADATA_BASELINE
ATB9FwG337zXK6EScpPxkhWwHaLGDgQsNTfMqvUWPmUK,Bronze,1,HELIUS_METADATA_BASELINE
ATE1KtCsQnNtNwrJawTPxyPtBU54DfAaHHeTGFEf5RkD,Gold,3,HELIUS_METADATA_BASELINE
ATL3yzdDMM2BQuFyuqrevURy61WoHnpPwdybosY3ymbD,Bronze,1,HELIUS_METADATA_BASELINE
ATLU5DSQPpZaKGW4ApjLXkYVrMfCE7vSosdfpUt27e9h,Gold,3,HELIUS_METADATA_BASELINE
ATMr1B9ckSxbmHxarH1C3rrPUQCHGHzqMhRfghfqyvTL,Silver,2,HELIUS_METADATA_BASELINE
ATSeL4wYA1LtVPPwhX25sEMwK5mRGeYCDP3jLjgYeG5d,Silver,2,HELIUS_METADATA_BASELINE
ATVxWEzkBndvEwwcW8NGQsp6TgPACsYwdHYJ8vu6FhNP,Gold,3,HELIUS_METADATA_BASELINE
ATXYmKD3pqgH7WbkFoc77nRkKjYi5zUW3mmhcgV6VdqJ,Silver,2,HELIUS_METADATA_BASELINE
ATYQijMGxsMYxx73CGLHbRYcinSS1Ec32jd65f1fYt5T,Silver,2,HELIUS_METADATA_BASELINE
ATgMnqBSe2RxSm8ekaqBVRaKAemsq49RWJUaAamUgUWK,Bronze,1,HELIUS_METADATA_BASELINE
ATqLULTTZbk3oAKDy6EFe6hTD43mvbuM7fLdqjeMccDe,Bronze,1,HELIUS_METADATA_BASELINE
AUKJWMppCe1khAKc6AEVnvELD9fwNu9Eum8fpBKofUPY,Bronze,1,HELIUS_METADATA_BASELINE
AUPhvw13WqYQRbMr5Msazd78ngFFZNSFzrfzfNMzAQEB,Bronze,1,HELIUS_METADATA_BASELINE
AUQHwWQhRgo4CHjrK3ER4gxR52ArNzceYb6fd9XLbJAM,Silver,2,HELIUS_METADATA_BASELINE
AUYY8ZnQE6FtZAbPyZmPTcS1yc5N6NyhY6j32QQDkFFH,Silver,2,HELIUS_METADATA_BASELINE
AUaWqwNaaw3gTSJQtwZ9NPCShSbqxnJcg3MAMZREtFM2,Gold,3,HELIUS_METADATA_BASELINE
AUamPV8pxmqmLeT6BuEnW7vkL2nSevsiDsHj5fbQ6Rc2,Bronze,1,HELIUS_METADATA_BASELINE
AUpJAsCs7Zh7Htpzc2J5AvGA3HySvUzHbvSPcCT84CZV,Bronze,1,HELIUS_METADATA_BASELINE
AUrpmTEpEJu1VX29prD7fDf24k7yT9G4Gu7stAkFa6vG,Bronze,1,HELIUS_METADATA_BASELINE
AV6mEEUxAkRDrWJH82jLmyERhhEDtcxZUiDQwWGnuu2Y,Bronze,1,HELIUS_METADATA_BASELINE
AVANN9xNbH3tmHf3zBkfBwt8PTymoB5ZemG9Zb4thMW9,Bronze,1,HELIUS_METADATA_BASELINE
AVCjDnTQx3rPzHetS4WzVsiSVeozY9Njivy78S5TfX4e,Gold,3,HELIUS_METADATA_BASELINE
AVE9cfg2SwsVAHhv4kwjL2d6g9LyrWiUE8Tz4ABPniZw,Bronze,1,HELIUS_METADATA_BASELINE
AVEZfNz8TcewotuNgVUb1dK9aL2jnHEqgy2rGA1ZR38X,Silver,2,HELIUS_METADATA_BASELINE
AVJ6oJ629rMzLE11CL43Rx5jGabcSLYZ9tX7rM3msM5o,Bronze,1,HELIUS_METADATA_BASELINE
AVQd4bLrQcm6LQUAPQ8LYNALRc2Nu8gZNtT69UYv5bWZ,Bronze,1,HELIUS_METADATA_BASELINE
AVTCQbtjuDhKQsUTymjn8K3ayGiEREdYP3VW8avWz2zk,Silver,2,HELIUS_METADATA_BASELINE
AVW82QsFkjBjojmQWmCvGrYHFa1WExQMr91wzBJZnqSa,Bronze,1,HELIUS_METADATA_BASELINE
AVZNsUrUUSTLDsNiupBFjnuDAMJHtqYA9Jh9NnbBuLkx,Bronze,1,HELIUS_METADATA_BASELINE
AVeqSYxk3aebS6RstBVfRpr5ww2CKoPAydNawhLWX4ug,Silver,2,HELIUS_METADATA_BASELINE
AVyMGbwb2KF6f5gRnRP7c46poinKDJuixyz5dCmkaWxp,Bronze,1,HELIUS_METADATA_BASELINE
AWM2TPRQuThVKXg67ot7ZAgRiYboL6DBcTUquGPbHwXn,Gold,3,HELIUS_METADATA_BASELINE
AWUNvXNJEauyX5HyFsf3a2uRqBfDsPUiN5VYcMnZyrwC,Bronze,1,HELIUS_METADATA_BASELINE
AWc5JzzgvtBWjpViaPxe6ZUK5gbsFZDXsrx5Bmf32R7E,Bronze,1,HELIUS_METADATA_BASELINE
AWfEnMZcdt4zxUz7KXof34mAn8iXfYqoPR3B65wJbphQ,Bronze,1,HELIUS_METADATA_BASELINE
AWk2y9C759EN5vwoVYr1oKMXgno4u3aSi1UM2DHd5Qf7,Bronze,1,HELIUS_METADATA_BASELINE
AWsrJ88dZi7itu6t6ACHsv9vqodFMKZk4FPwHx6PnAEo,Bronze,1,HELIUS_METADATA_BASELINE
AWvTkYvG7GdMDwaKbzHfzDYiGwi3SUg5zvJovmwNg7u4,Bronze,1,HELIUS_METADATA_BASELINE
AWza3Xv8yTrf5ED7jmH54e6B6UD1J6izYdN6aLwd6aYx,Silver,2,HELIUS_METADATA_BASELINE
AX18YXSGv4L3r7BdsMX3iEBqjUzQat2oFqorji3cS2MR,Bronze,1,HELIUS_METADATA_BASELINE
AX3eLs4yZTE5ykjGQ56aoA8eBGaoouVVbDYYsnbMzsgn,Bronze,1,HELIUS_METADATA_BASELINE
AX55VEqn6fRyBvoh6aggX5X6bSkPMzTwKRjtoao9NWnZ,Arcane,4,HELIUS_METADATA_BASELINE
AX9D5QeU8BscM7H1Qe7PRrt7eTYsMQ1ogjY9oNzFHgKC,Bronze,1,HELIUS_METADATA_BASELINE
AXBtRNbKL2FJ6WKjg5uGLKK7U2B9ezbVHBxwrKsDGU6u,Bronze,1,HELIUS_METADATA_BASELINE
AXHADA6BWvtzUKs8UEqKNqPgBPhFLsy151cYeb7B5ng7,Silver,2,HELIUS_METADATA_BASELINE
AXPoyDvAyaDr7Y5SEMae1UJtEpC6pbzggpkWiwdTqq3D,Bronze,1,HELIUS_METADATA_BASELINE
AXSS1oqKPKtH3FMEYzwd2zSwyvEPVEeDqYu3c4SyUnan,Silver,2,HELIUS_METADATA_BASELINE
AXfgxaCUyAcio4QvKvj2ZD4H5jo7CAGP3DJQT7LnXpqG,Bronze,1,HELIUS_METADATA_BASELINE
AXpojLvxtNr1sa3uL2Ri8RB3m6YVKjNaZCwkmoZNyXGe,Silver,2,HELIUS_METADATA_BASELINE
AXqkBXd6gdK2sUU4aRq1gQ3MvrUud3T9zBT7UPFp5CvW,Bronze,1,HELIUS_METADATA_BASELINE
AXsgVXzY3dzWYdinNhLkuFCWY3Y6aF66ThnZMH59kEVB,Arcane,4,HELIUS_METADATA_BASELINE
AXt94theSw4AGG7Dhq2oiaTrrEibYhkjH8nHpbH1pG2Q,Bronze,1,HELIUS_METADATA_BASELINE
AXxLEHgKvUJG6ZZPhQouz5jqQRFRTja5Yr5D8HJbRFAn,Gold,3,HELIUS_METADATA_BASELINE
AY9etksz4yu68bTkxF711WeWW5do8GeoCu2HEFcG2fHC,Silver,2,HELIUS_METADATA_BASELINE
AYDhewgeLWhqFiTgg2ajH6GwuSq1cDQxwM79c2xg5KF,Elven,5,HELIUS_METADATA_BASELINE
AYREFQddySptNHAexKwxqLDymgr46qV2E7CZhPNwf5AL,Bronze,1,HELIUS_METADATA_BASELINE
AYXeAVceFrnWmZKPvFeFwB7Xm8ygg4eEdahHQfuLhfek,Bronze,1,HELIUS_METADATA_BASELINE
AYd6DERPZaasGfao9RuDqMJ6cF6xwLkqEV5TcxsVfEb3,Silver,2,HELIUS_METADATA_BASELINE
AYpuJi2i7Qgo1FWzuSiDAuzHDcQJUFxS5L7Pe4aCaJfJ,Bronze,1,HELIUS_METADATA_BASELINE
AYqwKfhkBxZ6VDbYezCP3gG7s7RQVAkboi5JwBvDLbi6,Arcane,4,HELIUS_METADATA_BASELINE
AYsd2xqawnF5PX7dqKS7k3zLmhT6Yxszaid7HYM8xXDM,Gold,3,HELIUS_METADATA_BASELINE
AYzeyT7FV2ns1FknfhtHZUvjcggubMUoW36z53BxqosT,Silver,2,HELIUS_METADATA_BASELINE
AZ7JV7qUjX6G14w4w3CBxrjoFbYf1QdzwKTvJdumA62t,Gold,3,HELIUS_METADATA_BASELINE
AZFAyy74BaednF1wG4fcynmHJr4mf3HjJodwNg7ZDDBf,Bronze,1,HELIUS_METADATA_BASELINE
AZLSkz4GadVSEyAECsuU1Y63AstiUzt8CPNcdB1Fsa4a,Bronze,1,HELIUS_METADATA_BASELINE
AZXnPbJw3AS36xtQ1q8jLBMAq9eypxdzXUC3YJZaPVK8,Silver,2,HELIUS_METADATA_BASELINE
AZZoZ9EnjyrHmvf8s3fLWkmgpoGQaeUnXFYbJ5q5sYmH,Bronze,1,HELIUS_METADATA_BASELINE
AZfMiEB59xr5u6iodgvVkiFNgYKLp2pBsF5GACJ2Jpkh,Bronze,1,HELIUS_METADATA_BASELINE
AZgpaJgyJnaFQshX56fg3wo8ioKuqXGDeKr9apgZML5M,Silver,2,HELIUS_METADATA_BASELINE
AZjhjoL5quNmD2PGJ73R7NufsnGfJYr2B16Qd3qN696m,Bronze,1,HELIUS_METADATA_BASELINE
AZnDkLgrqS9bSZfMUYMKkwh1juYd53i1qTD3VCoNL6EC,Silver,2,HELIUS_METADATA_BASELINE
AZrniqLXdkhdUDYGj8164UMFDemKu7GWgnjsgm5FfDUb,Arcane,4,HELIUS_METADATA_BASELINE
AZynZsKMjbftgqW5dTELXxPxG77Kkki6HJCAVRjJc9i6,Bronze,1,HELIUS_METADATA_BASELINE
AaDAEnW8Sk6f4RyvVwTjNC68JGfwsFa6BDNPjuPdcRK8,Bronze,1,HELIUS_METADATA_BASELINE
AaLaYm9wh6DJgC7Nb7o6vm1t5iwP17n6pZus4fiy9rRK,Elven,5,HELIUS_METADATA_BASELINE
AaRiKoEv2Eg7JPXqkDkREciYFHTbaNTFCeVLg3DbNpRw,Gold,3,HELIUS_METADATA_BASELINE
AaSySAqkt8oV9wc1ApnmgVu1t74XDRfqPFkVYtBKZ5Vh,Gold,3,HELIUS_METADATA_BASELINE
AaXkmHxuX2mLK15cohw7p9iMkEit1Jy8k6kbhUCkh2gE,Bronze,1,HELIUS_METADATA_BASELINE
AakSz4Yx7S7WxiwWfLaWH8zhKdKp2BYskBkUYFF47K7,Silver,2,HELIUS_METADATA_BASELINE
AamdsKwNU416fPXSbNyg319MgR57RFhyaykwd16WvVBg,Silver,2,HELIUS_METADATA_BASELINE
AankJNdbJzk7Ka1uQiHQHMfy6GUWPn8eAUviHkqJySMA,Bronze,1,HELIUS_METADATA_BASELINE
AatSwzuLo99eRwbvrrYoEUsg6EivSiTCiWwwcEkrS2CM,Silver,2,HELIUS_METADATA_BASELINE
AaubkkntqgPtBXo7EJuMCL2FptzqGUPcEDRTREsqJH84,Arcane,4,HELIUS_METADATA_BASELINE
AawKTHFA9xAwrz3cVFLdjyPXaTwoUiFfCLwymYhig5TG,Silver,2,HELIUS_METADATA_BASELINE
Ab1fkZh7K8pgDxSDecL4d7JsFFVYc5vVS9wxSuzqNmMX,Bronze,1,HELIUS_METADATA_BASELINE
Ab64hNCaWjPZB3G2MSuAeR8Re5cjBSz9gueWacomoTmR,Silver,2,HELIUS_METADATA_BASELINE
AbHG261P1vBWGzVgfmJ2PoLtwofpcLT1RMHYu1E3xwRo,Elven,5,HELIUS_METADATA_BASELINE
AbHYuhqcrsHoDmjxq1zPBwh4URki6dtS3nBeHKgEfqbH,Silver,2,HELIUS_METADATA_BASELINE
AbJQy2r6AauiBzdxzc4c11qrmVSBsocoWQteRE8ogng,Bronze,1,HELIUS_METADATA_BASELINE
AbLrc2WRE8nLp7Ej7nbVe6E4D2YWH7WBDCCdj5Geo7WG,Gold,3,HELIUS_METADATA_BASELINE
AbQdqavc37k2JPYTxUKP5WVBdD6GwJJonCmokfHRJ5mQ,Silver,2,HELIUS_METADATA_BASELINE
AbfaJinRViV6CQGaBCyatkS1Psq6Z4ifcKuAGuAdd41z,Bronze,1,HELIUS_METADATA_BASELINE
AbmmKXKLexhSMmj19EKpUsx5NmcoJtPoyaXGYFJvxEis,Bronze,1,HELIUS_METADATA_BASELINE
AbpjnLXn4ZLiebEhgGXthZCbAMFmZkjHX7feANjNHcuc,Bronze,1,HELIUS_METADATA_BASELINE
Abr9YyRsvRntWJckkJu5aPsHNiP3saH2ZiyCiG6vEWwM,Bronze,1,HELIUS_METADATA_BASELINE
AbvknqsVU4ycY6wDzSyTA8VVJ1jw57VXyCTxQ6m2ZmsH,Gold,3,HELIUS_METADATA_BASELINE
Ac5DgBWjfVEGvQQ3HPTiv29YUtQVsSzfiwc6VGHQgsXh,Silver,2,HELIUS_METADATA_BASELINE
Ac7BLxFRb8uchL7zZoNUHZbbRG9LzYjt8B3yXPZomB31,Bronze,1,HELIUS_METADATA_BASELINE
AcLHeFvFhnyaQbq5AioPg8STyr46YtDXz49hcZKwVMJz,Bronze,1,HELIUS_METADATA_BASELINE
AcpUvDEK6gPZvpT1A5dNvFLigyRpWxmFJxTdQ5ntRbxb,Bronze,1,HELIUS_METADATA_BASELINE
AcwB2DS9WR3zuPsqnJz6xp43comGnA8KGeG1V72Hc5S3,Gold,3,HELIUS_METADATA_BASELINE
AcxsQcPRWe4LrG1WGaxzg7BZLNWRo2TSqt7gyMPGe9wp,Bronze,1,HELIUS_METADATA_BASELINE
Ad79bHVrZpdcbMAExr7ezD4heCDXdYokjGLpGPrLhWhZ,Silver,2,HELIUS_METADATA_BASELINE
AdDEqxeHrf7p98e8sdRQWjtU5uxg4RqwzeEXUnMqMMmt,Bronze,1,HELIUS_METADATA_BASELINE
AdJh5MrsxKZVkXeWov5xPgxuS1pMcCqKwdkoiMNf1X6N,Bronze,1,HELIUS_METADATA_BASELINE
AdNwW7PyYjGiSUaZgxQzdMu8VW6Y3sa4T8UF8PSWgtt6,Bronze,1,HELIUS_METADATA_BASELINE
AdZSBNbp5MpUD5RPkeJS8VKfhDmLQbSguc8EjGvnSQPd,Silver,2,HELIUS_METADATA_BASELINE
Adg31PhXGjqfCGDfgEyC4x3Q5feiP7atK3BsFgBXQW33,Silver,2,HELIUS_METADATA_BASELINE
AduC6m1jVpH1XREZJ8rjVe5kK6bWdizoN53X8P638gzq,Gold,3,HELIUS_METADATA_BASELINE
Ae2xr3JkP21uxMyd5Hpc1MUY77pUyspkkZxz9xFVh8br,Arcane,4,HELIUS_METADATA_BASELINE
Ae4gXf27AJF3QgMgkGN1qxo6fk6SDzAzUKrR6D1FNFkY,Bronze,1,HELIUS_METADATA_BASELINE
AeKSc6CMCdQeG864Q9Y7jsxfFUfSSir6uCCM1E9AJykd,Silver,2,HELIUS_METADATA_BASELINE
AeWo7PRtNnmKoFvzL1oUKk3PwWeGt7ZxrZCHefS8fXSW,Gold,3,HELIUS_METADATA_BASELINE
AegzWjHNsQoMkwFnuYDyvsBUAKeKtib8XwNKhkNpTFZj,Bronze,1,HELIUS_METADATA_BASELINE
AehNenR94MEE8comXUPgJQSaKgvUKrXDhxXKzFzrBTnJ,Arcane,4,HELIUS_METADATA_BASELINE
AehkJvTKLmCsSyyvqk2AwMHuApRQ5K7tNahrQ68iRom6,Silver,2,HELIUS_METADATA_BASELINE
Aena1Z4PpnESGjQjmQRhwmTmF6TnivNRyYE2hhm54cXi,Silver,2,HELIUS_METADATA_BASELINE
AeouatdDijAV82DVfM5MekocPhyeSmXw1DdVMQKuvn62,Elven,5,HELIUS_METADATA_BASELINE
Af3jUtHfQ5H9LaVXz2JuJUaeRmqxobs4jt1X511sHuCa,Bronze,1,HELIUS_METADATA_BASELINE
Af6y7wCCZqP9GeEXvmcUxxwErtSJZn6YFK3ZbLE1BP7K,Silver,2,HELIUS_METADATA_BASELINE
AfExwBENBpUSkcU47fewwsAnw7V2fkGNq9LN92GPJPCV,Silver,2,HELIUS_METADATA_BASELINE
AfFRrqvj1CpZL3td2LkPmiv94H9QHtW2ptshEXZZb1tG,Silver,2,HELIUS_METADATA_BASELINE
AfL2rbDV12usfCmby41L9LaUvKaoK5fSKSmvr3DQeD2z,Silver,2,HELIUS_METADATA_BASELINE
AfT7pj7DVy5V7AiqfPBVtoE59kW276wxRk3kcXwtVqHH,Bronze,1,HELIUS_METADATA_BASELINE
AfVjop5aALneCYbBgk61Wraq6saounuk9oPutEXoc7Tx,Silver,2,HELIUS_METADATA_BASELINE
AfXBJ7sCkU84zrZt2LSBUshgwMf9pg2o5LHKmNUvwpWr,Arcane,4,HELIUS_METADATA_BASELINE
AfZryEZRLRy149jkTX8uKdpSUu7GbUv7hF4ZT7nguva8,Gold,3,HELIUS_METADATA_BASELINE
AfeeRoYc83uTGahdeFcnQHoWsjr3MebJNHirGBvjdr5a,Silver,2,HELIUS_METADATA_BASELINE
AfiTPx2tfFhHrFqPgDaEmTp1TUhKjtAEF9NddjbhgQby,Silver,2,HELIUS_METADATA_BASELINE
AfuB7YBtWpXT1TwWoUrEAzeVTt3xqUQoMPjaSxXxf3s5,Arcane,4,HELIUS_METADATA_BASELINE
AfxPzadv3f3trrtsLUCwa2pcmwicrSCwiw3pWhuVMJhh,Bronze,1,HELIUS_METADATA_BASELINE
Afyfu1ypbmWcfxfKka193eei8HfzDaUscLuTfPXd2RRg,Gold,3,HELIUS_METADATA_BASELINE
Ag279dPGnTkvRZ8DbsXnovPodpX4nWFt19oWVXPm2Ee1,Arcane,4,HELIUS_METADATA_BASELINE
Ag2warauLo4xXB2am4yF8v1fwoxzrKfphE3ULgHJP1MZ,Bronze,1,HELIUS_METADATA_BASELINE
Ag7CtNmi2ZKXqRveKHKooL6ZmcnSCXio5nzR4QfBUz3P,Bronze,1,HELIUS_METADATA_BASELINE
AgMfr5XbBaacDSMgzVhcy1kezfN8f9QY6WRvcAPthJyg,Gold,3,HELIUS_METADATA_BASELINE
AgN9UvUqTL6fCY9S35YRxtXnAosQCMF3sevLeYadAR4V,Gold,3,HELIUS_METADATA_BASELINE
AgNNYFSTtqssu87tMosxB3vr3iqt9QV6TuqbHMRhCxQd,Gold,3,HELIUS_METADATA_BASELINE
Agg31ENc1nS6CF8rDWqhW6stC3tZBu4FvXT1JWW4ufcW,Bronze,1,HELIUS_METADATA_BASELINE
AgnNpDFYosCT4HGtSsTw3EyXzD5sXJkAUvK6SjqmpfoC,Arcane,4,HELIUS_METADATA_BASELINE
AhCh8GVFLkBVvKFKVoana6sG1yBRx3w4JjdWssXaszgA,Bronze,1,HELIUS_METADATA_BASELINE
AhJyGCLQ4sb1g8ZJVAVE3YjYuV1kToPaa4AYmkoovSgE,Arcane,4,HELIUS_METADATA_BASELINE
AhNKeEjeaT4yFd4o9VSpijHWz6NpqMUVi1Yfz97qz6uA,Bronze,1,HELIUS_METADATA_BASELINE
AhWki4jzWwZNc7Yrjc5SBW2jBFERzhAYwkj34qpGAmwv,Bronze,1,HELIUS_METADATA_BASELINE
AhahxczwEx9F2du29ZyLvEQxTx5XAXW45RuvzLwyC48s,Bronze,1,HELIUS_METADATA_BASELINE
AhbaQ7hu7q1xRdiANbBZk9uzqYECR4K48Lh4T6XmgyBf,Silver,2,HELIUS_METADATA_BASELINE
AhfKUxcx2E2kFWokGyYzFxRgXZtNwyCNhttGjnxR6c5j,Bronze,1,HELIUS_METADATA_BASELINE
AhnoXpQ6SWGuCwBpFQWAQFVw6jK83sKLkSVos4PH1Udu,Gold,3,HELIUS_METADATA_BASELINE
AhrX1hiyi9PsJ8Um57L1sZe6vNRdwU4f5aS1qBz1uXt8,Gold,3,HELIUS_METADATA_BASELINE
AhsyptsSXvoYsaSvaufaskHUbqJ5DQDkPhH7jGJz7wKV,Bronze,1,HELIUS_METADATA_BASELINE
AhuTNKW5sYc6PGBzAy5RQseeM6SVjPANA7X6maossZp9,Bronze,1,HELIUS_METADATA_BASELINE
Ahv6CC6h6z4re2FVxDDoiDu4ea9JUpNmjmvdECr4YWkQ,Bronze,1,HELIUS_METADATA_BASELINE
Ai1eTceLtzBf2eM9z9pDu6nTaMpcS6e8K64f5x2eL1RK,Bronze,1,HELIUS_METADATA_BASELINE
Ai2wFMWURcntuunDuXbHKQSNtFRA23HWXEWHvuaztDc3,Silver,2,HELIUS_METADATA_BASELINE
AiCsSpJszNUv3j34Dru5vSxNQAQJJGje5HMGactBC5XN,Silver,2,HELIUS_METADATA_BASELINE
AiKWhGAJbu12mjYdniQwTRgCs5jvz4mS2zo3uSndx1Jf,Gold,3,HELIUS_METADATA_BASELINE
AiKZhgAXJJ7aULRtQdr66zYv7oWBRTFLPbos55NwzDqW,Bronze,1,HELIUS_METADATA_BASELINE
AiTe1WpLNYsTZN5BnUYuuowNzmTEAC4FncWwdhbgK7n9,Gold,3,HELIUS_METADATA_BASELINE
AiTwK29Mez6ni9c2quqF8msU3w8W57sudWEuZNABCQNK,Arcane,4,HELIUS_METADATA_BASELINE
AiUJWiRPwAHu4MdyJaBhmwdnPfS3QjtZndiY5rxfMCZn,Bronze,1,HELIUS_METADATA_BASELINE
Aic291gxj8z24e1gGUVLxBpYTvswLUjsQgKoyYMx3HhK,Bronze,1,HELIUS_METADATA_BASELINE
AieP1BkBYMops7HuDtmvGjo7QAmQ6iELZ95Mg5ZHVf7j,Arcane,4,HELIUS_METADATA_BASELINE
AigWLT5HQSVS99MMrgdCtrkYWYz9YAYE4SabNUS6Bx2E,Gold,3,HELIUS_METADATA_BASELINE
AiiBuGj6A7MGfY1WFRo8hWe5rr58WpcA6mEsvhx5Jex,Silver,2,HELIUS_METADATA_BASELINE
AiiMjEcg9TnG6UXitJxctykcBEaTrDndVoNuYjwdGQnH,Bronze,1,HELIUS_METADATA_BASELINE
Ain8Uy2hBp5ZD4tL7bwUQ3wirpxDFkyaiiaVzSTt2CfD,Silver,2,HELIUS_METADATA_BASELINE
Aiq91gQ7MQcsMBB1eQSKyDqwrauqGYpDa7txQEemPr2o,Bronze,1,HELIUS_METADATA_BASELINE
AisTdZ9Qjf5CzxeNa2DdDx4RknoSJsVRti8C4sb8f9Vf,Bronze,1,HELIUS_METADATA_BASELINE
AiwdbdXCnCXfR55M8yCQyup8uCWseHNP7o7raPQuhewR,Silver,2,HELIUS_METADATA_BASELINE
Aj1nuT4cTNT16SUaQtdeFsB13Eiyz8N4Z4EFHTW4DGNx,Bronze,1,HELIUS_METADATA_BASELINE
Aj4oH4Tsf22ZQeLpV22hvA85nssjoSwGG8RbyFYnqH36,Bronze,1,HELIUS_METADATA_BASELINE
Aj9WFHB8jhHpzGwcbEhUTQGTdfw2rQ2ckgK2iN3RgQqR,Elven,5,HELIUS_METADATA_BASELINE
AjEdsk7mrG2kVWzA9FfWZ7vAAwVPnF47ELiYVRiYVUHr,Gold,3,HELIUS_METADATA_BASELINE
AjFDsDXZB7cAUh4RgUmxgyRTeuegpAWybWjx2WdAztD7,Bronze,1,HELIUS_METADATA_BASELINE
AjG95fp6grBeyekLGYk7whBvEVh3PG6aMynZhdGjaae7,Bronze,1,HELIUS_METADATA_BASELINE
AjGMJ4AdjYr8BarCcKu8LUAqYb4W5xtr5tMfETwnGyAz,Arcane,4,HELIUS_METADATA_BASELINE
AjHT3bgZ4CWnthWf2Nkk79JqDAX7Rgr8gydv33wb9Vpt,Gold,3,HELIUS_METADATA_BASELINE
AjPw2efstshEiEvFqbga5ddRbwaX9qHdm1qsjPmyCbqt,Silver,2,HELIUS_METADATA_BASELINE
AjbxNkjMqDVyQwmyQTdhCsokV6LMr7BSTPTiPhN4TMyc,Bronze,1,HELIUS_METADATA_BASELINE
AjfGxRQaRQjx2Kpda498tbAmzkFSLn2adr6yqgeTyVRn,Bronze,1,HELIUS_METADATA_BASELINE
AjgkacZojRXbAXmP6Yh5pMZww4SkVueMcb4KGegNkh6V,Silver,2,HELIUS_METADATA_BASELINE
AjjdQvUaGApwc7CtiBkMXg9uvWuwv5BLsdQgEpt5uH87,Bronze,1,HELIUS_METADATA_BASELINE
Ajwk8aDGivpWqvkQZsRT6KHKyEawv2zT9Z4fnKrs39ee,Gold,3,HELIUS_METADATA_BASELINE
Ak1JwmTZH6iMuqVVCez66HGHeoPLLQ77NsfPQBExkCt7,Silver,2,HELIUS_METADATA_BASELINE
AkBR1cTCJChjWRm1mYCsszLjV2a5LGhXdcXM19o8Dvu6,Arcane,4,HELIUS_METADATA_BASELINE
AkCVko1PKXpNYxdMV96oW4JD13uHzSEAAy4GGSNy4jbb,Bronze,1,HELIUS_METADATA_BASELINE
AkEBiM8x9eRJGYRgjffEbVCzN4KsQFAhTx82ymKWYPiU,Bronze,1,HELIUS_METADATA_BASELINE
AkFYxpqF44fPsS35FXot4J4ntF6yPrEYrMADDXmwsGcZ,Bronze,1,HELIUS_METADATA_BASELINE
AkGxw7rbDgD3Hyuh8Ea6tJYciTkzi9aruS1CLJhmP5r,Arcane,4,HELIUS_METADATA_BASELINE
AkUJ5RLJg9frsVqgdooNRC4zCsg3wZKG1vUYDVkeCvZM,Bronze,1,HELIUS_METADATA_BASELINE
AkUsAgE5DaTXpX41BLB1DXxvB1MHeXcvY1j1gfeJ517E,Arcane,4,HELIUS_METADATA_BASELINE
Akfu8E3LjSeB7G87gXQJwaSAHeye52yHbSiNcvQFRaMT,Gold,3,HELIUS_METADATA_BASELINE
Akqi2AWQYbGd14vZqbf2226KaBseVhABeVj3N4CWuLhv,Arcane,4,HELIUS_METADATA_BASELINE
AkqyaAAUAa2Kx9MFhZ9kA8YAu2mgckekCDBubqQLZ51z,Bronze,1,HELIUS_METADATA_BASELINE
AksH3nzx8ZYPaoBzVG1e7m329TR849W4PxXnWU6VeusB,Silver,2,HELIUS_METADATA_BASELINE
AktyMEGXV1UUbhFjPUWF8SQaD8pcM5hJRdgSocvMaRFo,Bronze,1,HELIUS_METADATA_BASELINE
AmWdAK5BUDEghP8ycgz2r1ZuPRHNc1k3mdCMk2zkCUGb,Bronze,1,HELIUS_METADATA_BASELINE
AmZScKsoJqywDPYng3eh8h6H3LS1Ea3KGHZjm8Dx9nrM,Gold,3,HELIUS_METADATA_BASELINE
AmZxJWXVrjCid4ZrM89eHE4cD5ThemQWQYyRcVYAgQ1p,Bronze,1,HELIUS_METADATA_BASELINE
AmcvBPUh43noii8EhZp3HqQgdJGv7b4gK9ni9TGTaudu,Arcane,4,HELIUS_METADATA_BASELINE
AmeuU8cyK7gsZPdJjabPFPnHM7w2ZVKUoVDLqSM87H5L,Bronze,1,HELIUS_METADATA_BASELINE
AmpaTvNJQLWFAUQzL9SD1WW7KGMjoaxmHD38YerDWNsk,Bronze,1,HELIUS_METADATA_BASELINE
AmpekjwdVBy8kxw82FdGYRMcqTKo81WRmy6JzQc9cAue,Gold,3,HELIUS_METADATA_BASELINE
Amq8MxEQiHPgsn6uWZa611BSeSqYmQ2h7WEHuYspMjg3,Bronze,1,HELIUS_METADATA_BASELINE
AnHopXMHfJgUctH5QSockhCebE3D6wPDTz8bVSixiUhb,Bronze,1,HELIUS_METADATA_BASELINE
AnJwMv3mx9n32g2dVMPtyZnwUoRvg4LnwjbLcgbiRum4,Bronze,1,HELIUS_METADATA_BASELINE
AnSpRD5PRM1xcDHWfxBQN6ythVht5BD4wjhjUM6KoWxd,Gold,3,HELIUS_METADATA_BASELINE
AngahHLhKGQo4pAoiCyJBKEn5z8frbNZPoDHkPnTvAFy,Bronze,1,HELIUS_METADATA_BASELINE
AoCNEmRSoGag4rrwQmuddm6jXbDSACReUse5c12rpmQQ,Bronze,1,HELIUS_METADATA_BASELINE
AoEyFdoa3c3eWMRP5eCeQR6LKYnhi72SNuJzs3U85q74,Bronze,1,HELIUS_METADATA_BASELINE
AoVTNZjSiKRa2tHtyTySRj4tTDyvTzkx2AnF4utRxqvd,Arcane,4,HELIUS_METADATA_BASELINE
AoYrPi22Ux6M9U5eFKGxUGM6LE4DsbBJqzHMq438ZfyQ,Bronze,1,HELIUS_METADATA_BASELINE
AoZPQtAVPax2S7AN1AVxaSczbSXUR7TgSkqnkq21aDMm,Silver,2,HELIUS_METADATA_BASELINE
AohZ5HEJB77UUD4cLbYnZRAoa6o6gQaag8HMxTHvjjt4,Bronze,1,HELIUS_METADATA_BASELINE
AoqgGJM1276AAmnCgNMB5rihiCP8X8VhqnjUB4cYJuSA,Bronze,1,HELIUS_METADATA_BASELINE
AorsyVibnLUFxTso7JLndRm9GXbYsPxGmHAm1C3zGemj,Silver,2,HELIUS_METADATA_BASELINE
AosSopuzjkgi4ALdXmdr9rLJau8Mfv7CuPdssUwxgvaH,Arcane,4,HELIUS_METADATA_BASELINE
AosTfWX9A5cQKwdFUgFzvmaHtcCaXdr4r1iZhqrS9en,Bronze,1,HELIUS_METADATA_BASELINE
ApLUDfSnMKYY9kZdK39qH18fTkhcQcTqyXJaDf5DZgSv,Arcane,4,HELIUS_METADATA_BASELINE
ApVWu8ZuLhkcpppPyLMamYE4ZqKuSfct8T7XM31mrw5V,Bronze,1,HELIUS_METADATA_BASELINE
ApWc6x7jXrzPn9Fmvpx2fsF4hMCdi2VyA7Jeus9yJ8K,Silver,2,HELIUS_METADATA_BASELINE
Apa6wh2wq7AsvvugVvUsmwmAo4QwAhuJMpeYLT4J523H,Gold,3,HELIUS_METADATA_BASELINE
ApaiwK317aReQ3s7M6VGpQVysdYVCGCAYV84W9cUBhqL,Bronze,1,HELIUS_METADATA_BASELINE
ApoaUbvNSD4gabcrBLpPMBvQWEG2ZhG478HbRJgPjhSP,Silver,2,HELIUS_METADATA_BASELINE
Apurt8vzEF49ZyVeE37C1AR7nDfPn9WPYT8MsGCqz4RL,Bronze,1,HELIUS_METADATA_BASELINE
Apy1G8g8WAcsm7oWhSZVueW84CHYTbvpypaBSwVqXN8T,Bronze,1,HELIUS_METADATA_BASELINE
Aq9F6CkT9T5LWU2JUApL2iEuy5QhyZL6UzCmFiPtqDFv,Arcane,4,HELIUS_METADATA_BASELINE
AqAwfuav7of4AnSDjKW3anTKx1FQaYNvTWcQszbh8SyH,Elven,5,HELIUS_METADATA_BASELINE
AqCmt7DutwtGjEWzzcNpQrLD6VZa6bgzNyViBqgDgQfa,Silver,2,HELIUS_METADATA_BASELINE
AqXtEd9zdGrckaUYyEUAmisQjuZUjPHFWMCjS34eZYrs,Silver,2,HELIUS_METADATA_BASELINE
AqhYbCNTZUs5NHdSDckwFnHUTq8rLSv4hn9t6Ejt8VGV,Bronze,1,HELIUS_METADATA_BASELINE
AqqL9Kxs3a84JVJd5hYsb8nzPPCwosFXdvQ9gCPQfaA3,Elven,5,HELIUS_METADATA_BASELINE
AqsYTaXBFKi6dg4d5Pen8YBYADjectBQmmJJpmTgekaW,Bronze,1,HELIUS_METADATA_BASELINE
AqsjZbUgnDXTYxstKViQrzsMXYYW6vAkecqPpjGXjTVP,Gold,3,HELIUS_METADATA_BASELINE
Ar5yk3b7mZMvg9NNC56u3KgspSEt5BrkA2u2pgYr2pED,Bronze,1,HELIUS_METADATA_BASELINE
ArAgesNV6oucdGHNtaYat7xFjAJFJ7Bg6WucduSqUPPF,Bronze,1,HELIUS_METADATA_BASELINE
ArBuxEJd24MYSfAbSSKQoFxMERFVS4fGeBSAr7givx7C,Bronze,1,HELIUS_METADATA_BASELINE
ArGErPC4Zh8fna1FzN5HY7DuYQRSYCVDGEU1RL6XZuUZ,Silver,2,HELIUS_METADATA_BASELINE
ArJUiFJEnHS2iVgSvFsyXwPB8AF6C3v1r1SnRLNv8XMQ,Bronze,1,HELIUS_METADATA_BASELINE
ArMsk3QT7CkmQJyzWsN4z6N3fhLaGHoPm9bxCKk4KPRQ,Arcane,4,HELIUS_METADATA_BASELINE
ArQ8EWKzjRF6dtkM7d3aACV7V1DtqDTRn46kiQschUWK,Silver,2,HELIUS_METADATA_BASELINE
ArRZ3LE5Cq4ep75p5WMMiZBd3X3sAByTWP1X7fJd4ZUb,Elven,5,HELIUS_METADATA_BASELINE
ArVDuwWT3wkTHDjaJYFuRhXhJ28ikpgSbr6ykriFwzjX,Bronze,1,HELIUS_METADATA_BASELINE
ArYWDfqzp7jhnvyDh14kwL4cDDYQqHTUofyBSFG1Ks4H,Bronze,1,HELIUS_METADATA_BASELINE
Arcp7Ct4w7Kbs6ipnjFavwF3Pnb9hBjKzJhvADH1TqUL,Bronze,1,HELIUS_METADATA_BASELINE
ArjQg5zrRXR9RScNCun7WKVtiKdr2YS9RLUy152dHWas,Bronze,1,HELIUS_METADATA_BASELINE
Arkbbt7pY5FifUKbetGps2xVeAzbqFdcHLppqDr53m4d,Gold,3,HELIUS_METADATA_BASELINE
Arqfq4UeJSqGUKVp1fny9Chx7ruUj7dsSjkanPSWBpwU,Silver,2,HELIUS_METADATA_BASELINE
Arr2rwZN6dSKohcdnZXLyDnSf7YESGHkD6dNuisxucqz,Bronze,1,HELIUS_METADATA_BASELINE
As36zC7X2HhVhoGq5gAS5WwZ3HjPRDV9NoUjz1Gc1J3E,Bronze,1,HELIUS_METADATA_BASELINE
As5KugLr4T3VZ7KypxUz8m4SLrb9z5XuskPHFhqHJ6nu,Bronze,1,HELIUS_METADATA_BASELINE
AsHXgkXqAC5vQfmwka2Qo9qPsA29oCZhPbCTfnyXJB3t,Silver,2,HELIUS_METADATA_BASELINE
AsKxBtviP3pi6e3sP5hVaTr1T5Ab8W7Bme3WkYhvaLRk,Silver,2,HELIUS_METADATA_BASELINE
AsQVdcS3deyEkF5G2guHPD4qs1y1RhXfkwnUBmb9YTZZ,Bronze,1,HELIUS_METADATA_BASELINE
AsTHmZRiFvyJeJdg3r5McvbrgFHUdvFhaCxvFTQedMZ9,Silver,2,HELIUS_METADATA_BASELINE
AsYqNF8Dvx6iSEKvm6wHxjZ6Qf8TCTvSeZEx9tDtSSqe,Silver,2,HELIUS_METADATA_BASELINE
Asjggaq59ww36XNwvVcFCeCP2ue7DZujeQELDy8pPmi4,Gold,3,HELIUS_METADATA_BASELINE
AsqXTNvc3At1ArRXFELhknUzqEiV7YG33ddss798HUYU,Arcane,4,HELIUS_METADATA_BASELINE
AsrH9DYu6qf2CGWoexcfaG2k3Cfgh3aA7zAhP5mjAeW4,Gold,3,HELIUS_METADATA_BASELINE
Asu2ZiF6BbkdXEdgHcw28ZGoQ5MkxFdHe9doGK7n9T96,Gold,3,HELIUS_METADATA_BASELINE
AsuKwprAExTK8W7krgNa6DPDXMvWKW5yEufCmDvPcqmY,Arcane,4,HELIUS_METADATA_BASELINE
AsxruoxzpuS8vhcTeyKTSXRUXXhd2wXKdm4iDyxAJatD,Bronze,1,HELIUS_METADATA_BASELINE
At8NUram6haDr37apv2JvKmez2RR9CuXjZUh3GUf4Nnz,Elven,5,HELIUS_METADATA_BASELINE
AtBuC4Pm6fT6T5StYTkderevDAwwTC5riDbUGufF6H5h,Silver,2,HELIUS_METADATA_BASELINE
AtGLPnDksED7vutwZ21ScKNfRWhkg39cz946XnkzkaUH,Gold,3,HELIUS_METADATA_BASELINE
AtKfxWVHEDfCTio6xk1G97YrcmTCbV4Nh8UaGCG24g43,Gold,3,HELIUS_METADATA_BASELINE
AtSSUp7KvNL3W9oAqYZGgaDEaG9FW42TEEYr53rAHJ2K,Bronze,1,HELIUS_METADATA_BASELINE
AtUtCkegs1Jrpp99x24jUKbjVHJoSsJfwVzCDfHQDxFD,Gold,3,HELIUS_METADATA_BASELINE
Ata2cj3ofnVPiHU8yRcnA8jEDdea2LtidpgSDg8MgDL4,Silver,2,HELIUS_METADATA_BASELINE
AtfcyZyBZ9ERysct7XWqLPTa4RBH8tbFc9XRYVnGF3Um,Silver,2,HELIUS_METADATA_BASELINE
Atnp48ASFPdC6e5fgU9gzwRKss19whR5Az1oQGzTaciH,Silver,2,HELIUS_METADATA_BASELINE
AtoHGS7XXXvyUs2QNqmrjnfYMJAQu6nM6APaMm3AzStH,Gold,3,HELIUS_METADATA_BASELINE
AtxcGHFzWSRH7ru4owpuDsMgXcc8QXJJ8E5fxR1o1XJE,Gold,3,HELIUS_METADATA_BASELINE
AtzneD7oxpd17ruQuFosR4JD1PxsoRQLLGf7cuzR3aMc,Silver,2,HELIUS_METADATA_BASELINE
AtzpmYTjHedS39zPf5K5G3ymHsMEdqR5ApS3AgUBRUqV,Bronze,1,HELIUS_METADATA_BASELINE
Au2Vs6DKbCYZtArcjJPBTFGoeJGLkcpS166jEuG3U8gS,Gold,3,HELIUS_METADATA_BASELINE
Au8A68Y8cVEpCxFpi9SGWaFUsDXKWdJqmXmX6NUP7SFE,Gold,3,HELIUS_METADATA_BASELINE
Au8TyZwvT15M9VBLJe8bRWvoZuPNpdVKoyH6QzNHLZfQ,Arcane,4,HELIUS_METADATA_BASELINE
Au98PyvhXEXVyV8vznK8kPDxaRvyTQjQ96AJ1ECqTT8m,Bronze,1,HELIUS_METADATA_BASELINE
Au9GvBMG4nfdZceYPmUxh6NjJqiD17V12BU86CkYt7zz,Gold,3,HELIUS_METADATA_BASELINE
AuG5yjRcvsas3nrEJ37qcJoZARwu9yRQy6UuasdJ43cW,Gold,3,HELIUS_METADATA_BASELINE
AuKAXzSUwwwYrpBrgimtfEyF6w8kGbz9EZF6tMxkFyVS,Gold,3,HELIUS_METADATA_BASELINE
AuLaTaa5ZQdNMCKS7N8opRXrt1xbrM47zekhWDkK1Jri,Bronze,1,HELIUS_METADATA_BASELINE
AuLx6bVv45reQYLuyjQZ79YVZuYFtjvFURfKsfNkiDsV,Bronze,1,HELIUS_METADATA_BASELINE
AuTo62UzWUB8yG8zG2wGbg2xTq4syY4LrwGswd58Hub,Bronze,1,HELIUS_METADATA_BASELINE
AuditEP49zcyVUJzBk1EkSXcESk4kx6LgP8Hd1vzPmJE,Bronze,1,HELIUS_METADATA_BASELINE
AuduwuvrFGtghcqkAktQMT6oP2w267oRddFLVVKUJP8U,Silver,2,HELIUS_METADATA_BASELINE
Auf8fhxkWgC5f8k1VdqCrLTG8CLXnW41JcGEmpmeHGBB,Bronze,1,HELIUS_METADATA_BASELINE
Augtz7L2uX1XG5bNLyFLzKTgnWXh3pkyGNEDy4uiU2gP,Silver,2,HELIUS_METADATA_BASELINE
AuiMxuVXwcs1CXSGnLYttT2htM3vcs7RbyVFBwttHfWT,Silver,2,HELIUS_METADATA_BASELINE
Aut7wYQvA8Du3Uer4Fh7VFgsMJcSbiEosGupjrYdPSjF,Gold,3,HELIUS_METADATA_BASELINE
AuvpJtFrvP1n5ios9u6NKLeY6JRamZJNZcuqERR1jrCz,Silver,2,HELIUS_METADATA_BASELINE
AuwP2oBiaZ5HZyYtMntaZYP9r7vhQ5gMbgCEfdvw697g,Silver,2,HELIUS_METADATA_BASELINE
AvFMVqHK71dHpRoRzat3GFp58ZvSVChKKDSYF8XHDCn5,Bronze,1,HELIUS_METADATA_BASELINE
AvKgLUUGUktQVi1SZP8R7Kme5VHkkgDqS2dZNcbomC4b,Gold,3,HELIUS_METADATA_BASELINE
AvRpEd9i6aEUaxssfg9AawnhSyyqrrMSNUscWLEPPpd2,Silver,2,HELIUS_METADATA_BASELINE
AvV1sNLSansTuzXs5wEWXbH9hhosNBS61CudMbPY8r6S,Arcane,4,HELIUS_METADATA_BASELINE
AvsTzApGWP7mdbm49wXV9MbVjgFvE4Q6y5EQNALpscd1,Gold,3,HELIUS_METADATA_BASELINE
Aw7V2fp5PFAQJtqc3h4biRaMCFkjBe4jW7yWaYbCkjvN,Silver,2,HELIUS_METADATA_BASELINE
AwAYfXQjF6W9Ww9MAMPX8qvF6k5fuXWQKDotSbhyXkKu,Silver,2,HELIUS_METADATA_BASELINE
AwStZZzuMRcdGfioEnTJP8giTfAVY5UGL1KjPsideHDG,Silver,2,HELIUS_METADATA_BASELINE
AwfpSar3zfE8QNndkfSescM2RrryuMkDKpvUBDjK4iK3,Arcane,4,HELIUS_METADATA_BASELINE
Ax11Lq4pWDQ4U69hDHvsCxSPyV4eVnvjcKjphAPpm4cb,Bronze,1,HELIUS_METADATA_BASELINE
Ax3crioqgAwKSDdDZAwzdViDwx8BTYwYyRnNbU2aZShu,Bronze,1,HELIUS_METADATA_BASELINE
Ax5JdnKCPj5Qh1NnL4fWjkKTuv1CgEbMpDSVAekvxt4n,Silver,2,HELIUS_METADATA_BASELINE
Ax7UQ95zXbbqNooTj3w6B4amqsqcxzyrvtGB8qZQM5Du,Bronze,1,HELIUS_METADATA_BASELINE
AxDFjEoDnZnv753pJcJM5TzVbUXwm8KSCpdvqjtPc842,Bronze,1,HELIUS_METADATA_BASELINE
AxE2fYFaDFzUdkvTRG3BZteZCpR3J8Mnz6ramSfdXDdX,Silver,2,HELIUS_METADATA_BASELINE
AxEcPRZS6eXqMAijf7onoLwoYakmh67VHnzHUMz16ZiX,Bronze,1,HELIUS_METADATA_BASELINE
AxbiqJs5UwMkjkeeW3y4JxBUJ3tGSqZXnUDfsHJhkukz,Silver,2,HELIUS_METADATA_BASELINE
AxcrUjQ9wZfXnMm7ARtRaeY4yoa5KssMmdNaLdhtzJvY,Arcane,4,HELIUS_METADATA_BASELINE
AxdxqcPohCnGXuKPMGzEs67zFFzfQF6evGhQ2oMwhRFW,Arcane,4,HELIUS_METADATA_BASELINE
AxkN4R6vsyuavijCQ8GMo24dJ24vbXEpBvJutPpLN5s2,Silver,2,HELIUS_METADATA_BASELINE
Axy7wqMJ2rZfpx2kLBrXG6ouAq9jitHZrAJst6Zfqf5J,Bronze,1,HELIUS_METADATA_BASELINE
Ay1vmhm6AppkeAkDJjwjHgTH2JMtm7wa5dBdm1Qxt42q,Silver,2,HELIUS_METADATA_BASELINE
Ay8Pzf2NbVQGSUkyKwM6zU5GKqwAq9gfAEf7D5jcsRFV,Bronze,1,HELIUS_METADATA_BASELINE
AyCqVMir4tspKTZBAPEJBAeZy3tKpW6asBbYdY4SkA1i,Gold,3,HELIUS_METADATA_BASELINE
AyJMYusXAJF5QQUVTNhpPafYKYAowZCqpwUo8Dzx8L9L,Bronze,1,HELIUS_METADATA_BASELINE
AyUZYw4b1vtzfU2T2W2w92TTJnSXCEcQrCDj72AyAH7g,Gold,3,HELIUS_METADATA_BASELINE
AyZW1RKQoUqiBbFgNT7ay5W9C2xXgcZn6WU1era6ZkWC,Gold,3,HELIUS_METADATA_BASELINE
AypiqYQtj6V3r8W6K6EgVihUqzNEqEKHGCAaa4Wb9puj,Bronze,1,HELIUS_METADATA_BASELINE
AyuucpSx1GQXoF7cDBgmW53KvrbiRX8UDLb2CtEBxNgB,Silver,2,HELIUS_METADATA_BASELINE
AyynKjdZh28ZC2YoHqJVz1kYiEEd4bqbZz24tygcBw61,Gold,3,HELIUS_METADATA_BASELINE
Ayypxb8zxKs88aQd1THoev2h1A3xcmV7hAGve9kpfdUe,Silver,2,HELIUS_METADATA_BASELINE
AzAPaHPBYRarJc41HY93YoK8qbAY6MLWDWUVQ1XwtEqE,Gold,3,HELIUS_METADATA_BASELINE
AzDiXxR3vGT7synga8nKyRE7qLJujQAjdPa8m7wEgHvZ,Elven,5,HELIUS_METADATA_BASELINE
AzNjb238pjbrE9QXQaZnRumbN7yhAB8QsPhAAnij2Pvp,Bronze,1,HELIUS_METADATA_BASELINE
AzPxajAtVG72mS8VZAF1M6nXm4DfchMnsrA5MBdWDv9w,Bronze,1,HELIUS_METADATA_BASELINE
AzQiSBj79xAoWgh4zsxsnP3bDq13iiqtSM7AAFA8SCza,Arcane,4,HELIUS_METADATA_BASELINE
AzaLiPPtAs2nUqS7US8ENxA2ZiQgmKu7mneE8XBKj9tJ,Silver,2,HELIUS_METADATA_BASELINE
Azc8gKZXPdF7oRXSCpmVUNfrr5jbgBFoRdqVBrdEPPJ,Silver,2,HELIUS_METADATA_BASELINE
AzcJk9kVpek6L9hvTsdKRCfEp3fbW5AanTa6JgsojjJd,Arcane,4,HELIUS_METADATA_BASELINE
AzdrPgj11pjHrK44YCS3JTFZSjvxQK6TgYLZBftrJ1DN,Bronze,1,HELIUS_METADATA_BASELINE
AziXnzKnvRSu3NP2mUrKo2GaBcoHv6hxveJzCtH2vvoN,Bronze,1,HELIUS_METADATA_BASELINE
AzjpvvFAM9wZTBdWkQvFSdK2Ashn4jKxzrHGqwTD3BGj,Silver,2,HELIUS_METADATA_BASELINE
B11Jk4vJ4G4sGT1hs7n6zYWs1SVEEvNs7fyawnDWcfwg,Silver,2,HELIUS_METADATA_BASELINE
B13CpZL1xjgmtwMaa5voCEwDSSGaM5FtrBVprhqDTK2Y,Bronze,1,HELIUS_METADATA_BASELINE
B15jREZ4rtVdMvxBzFzoPYN1Hk3Lfne9KgUUKcB5MQyw,Silver,2,HELIUS_METADATA_BASELINE
B17suyDujioBko3h8kzxRzEUoa3miTNUWH7vEUxiaNzP,Arcane,4,HELIUS_METADATA_BASELINE
B1Au2awm6pARdQPNjuiY1m6RSrzdrmVN3oFunikBitSN,Bronze,1,HELIUS_METADATA_BASELINE
B1FAk5yS7auypLNQSWJ5L4ueLg3Wk4VF5JtVMs9gUF2v,Bronze,1,HELIUS_METADATA_BASELINE
B1U8MMAmFym1Tq9g1DcmJtPiQYz6XBe8yPK2DNNg9XM7,Arcane,4,HELIUS_METADATA_BASELINE
B1VREWopEXcu19mBpy6Av8foHoVG5tTHVLqiRtPhxwpo,Arcane,4,HELIUS_METADATA_BASELINE
B1XjtKHj53hinars5RZWjBD3LrWPf4NPgXQn8WW5t9J9,Bronze,1,HELIUS_METADATA_BASELINE
B1gW1b2C4XVocJQHLbhj35GT7RG5GBZR1WBHpYAA4n46,Arcane,4,HELIUS_METADATA_BASELINE
B1kCBkt4LuqvxDsA9tkujGCjCtc58a8KWFaW9vkhBHqQ,Bronze,1,HELIUS_METADATA_BASELINE
B1tZ9k1FqLU4jLCnMYbzgUs2SqDyzCh6d9s8dS2QhZEe,Silver,2,HELIUS_METADATA_BASELINE
B22DFepZzaeL9i7c9YFmF4eZaQrqHRXvKmfiVqUq63BB,Bronze,1,HELIUS_METADATA_BASELINE
B2Gv8FhaJSBG4tVGa4PeU7DYzy8mo8Jq84Z8TBMMFJ9p,Bronze,1,HELIUS_METADATA_BASELINE
B2Nai8Vv3nv4kyB8QJoVgKzcmXPPtNmMaL7xXuxxKFoy,Arcane,4,HELIUS_METADATA_BASELINE
B2TwsQ69saLu5pomnktyyu2ht3EoxjRu2VugXZsKdZGr,Bronze,1,HELIUS_METADATA_BASELINE
B2UgGPRv9iwGvtxCUqRn9tAkerd4E7xgMKs3EVokvG7c,Gold,3,HELIUS_METADATA_BASELINE
B2Uz8kaoWLP8AsdsparBb5MpWEPbrD76DHRoxJL9ioDu,Bronze,1,HELIUS_METADATA_BASELINE
B2VvHSS5YAuWnWR96ymB24r37SDTJMrUYmmG9SUEJhR,Bronze,1,HELIUS_METADATA_BASELINE
B2beNBHAB7Be4WxZBQ2nEExyrgh3bLJ5Y1SRPiaCzFm4,Arcane,4,HELIUS_METADATA_BASELINE
B2iZSAC3bCotWAqzK3mt8RmdU7DCWB95z2jTS6XrnDtp,Bronze,1,HELIUS_METADATA_BASELINE
B2jPLpVgxcXYwBUUt26uH3WBBcFvSxVexsj785ARydUg,Bronze,1,HELIUS_METADATA_BASELINE
B2kRUBx4r9MTAG8xKYZ7PZehYRddmBg9G95ragHpsVNz,Bronze,1,HELIUS_METADATA_BASELINE
B2qQnfi9J6YViv8KfLvLs5NuKALjquAWE2pd45ZMnwrW,Silver,2,HELIUS_METADATA_BASELINE
B2qsWE2DwikUhH27VVxcsVLQSNGs7h4WSrdU6H8vTyh1,Bronze,1,HELIUS_METADATA_BASELINE
B3CLMfAEUGHYQm9JtyjT1WPji1EkmGckfhDCEEYKjEue,Bronze,1,HELIUS_METADATA_BASELINE
B3HUc7rdWG8P1hzpY5bp1ZReNKM5nueP2DkVJRPh5kWw,Bronze,1,HELIUS_METADATA_BASELINE
B3XHMHweEhDwCj1GTb3vzSbnzJVDPLkaePqDfKqhnXs5,Bronze,1,HELIUS_METADATA_BASELINE
B3dWtNeTnGe9CdJzs1pgEwZhzSR3by78CosMxyXwYj8Z,Arcane,4,HELIUS_METADATA_BASELINE
B3g3ZZTmapg8ZW9rK5aKd7HhoCafnhbyC9ZyigJ3ym29,Silver,2,HELIUS_METADATA_BASELINE
B3g9362As7aMtTvqREuePfnwYuB7HrbikzWoJ4Lj2Hok,Silver,2,HELIUS_METADATA_BASELINE
B3hZPfpSQUAwXocGqxpfbTFrs4U4m1KUhuQ1fA9fuYXT,Silver,2,HELIUS_METADATA_BASELINE
B3m7a5Xo7wS1ijyiu37J3m1LGMNeHq3w1SaJ6K8oze9B,Silver,2,HELIUS_METADATA_BASELINE
B3sx4jApGE6LWuHdFnuuL53v7H6ZcMFZQTx5ikyZ6pEo,Arcane,4,HELIUS_METADATA_BASELINE
B3xYYvDHpjveKHn3g3G4Mtfuwmd4LtDy5beWAvUu5AH9,Silver,2,HELIUS_METADATA_BASELINE
B47BGZ8ixy6cBxFwz4pDjQFqwBoXtA4L72LGnHwxLKNv,Silver,2,HELIUS_METADATA_BASELINE
B4AqxDZaHV9Pc8Gyf5ZbFcXcnehU1y5mJrh827WjcoFn,Arcane,4,HELIUS_METADATA_BASELINE
B4EAPMbEeTeBVdv8AfiQtvXuHYQsid9cDoyobvbHkojw,Silver,2,HELIUS_METADATA_BASELINE
B4Jx4bMsfwJdyF9SXycttSFZYa1oZT3n8DWpd8F69pWX,Silver,2,HELIUS_METADATA_BASELINE
B4NmjjykCcUZSfEpnpW9haGmHerKF1XtxyVDbMEZdb7v,Silver,2,HELIUS_METADATA_BASELINE
B4PoJimqzBWWnUiHkDdJ8Y4MV8DvgEpXrZ7JqA78dTKo,Arcane,4,HELIUS_METADATA_BASELINE
B4Tkme8ndN8TzwJSaL2BYaDW9pk4kcSVWftyL5nQQ16B,Arcane,4,HELIUS_METADATA_BASELINE
B4WhLGmG9eEWvXCWR1VwKBfojE7AmM1BsaYyK3uBdVbQ,Gold,3,HELIUS_METADATA_BASELINE
B4r8z8iLF1Ct8oy8bETb3uuKsk4xy4PpjY7veS756N3Q,Silver,2,HELIUS_METADATA_BASELINE
B4v3ZawdV74fLeqQuYiwfbgKxfAo3LTvx7roMgDnr6gL,Gold,3,HELIUS_METADATA_BASELINE
B4wgrVE6r6zfBC53WENirgvC5VRYHtu4e2tAmFFwMwGx,Bronze,1,HELIUS_METADATA_BASELINE
B574ksoUd1Ja7cKdJwCQptpDkzwrfaVNq4tyvHcncdrX,Bronze,1,HELIUS_METADATA_BASELINE
B58vnmnyCJF7mLcvSeFMJGz4PdMruTAij5bHyLdKukwV,Silver,2,HELIUS_METADATA_BASELINE
B597FsXEymD3M1q4ykUnbmEAjcNGgdX8Lpq3B183T3zz,Bronze,1,HELIUS_METADATA_BASELINE
B5JCyrpZXFmY5GsQ1BGPZRz1cFwU5qjupKpixYT9is71,Bronze,1,HELIUS_METADATA_BASELINE
B5Qdc9nWhiHtUxdTdaFAod3BqbD6WR54TM4jsuKPKTD6,Bronze,1,HELIUS_METADATA_BASELINE
B5WZEKBYf2aGtozuLdutZHq79ftszHHGYadZ5iqPvPXb,Silver,2,HELIUS_METADATA_BASELINE
B5YmwhbcHA3XsCioDDtyF2Mt5mBX7PyBBNKaEYcwu3dP,Bronze,1,HELIUS_METADATA_BASELINE
B5qkFXoqQTePAewKBuvgFPWHQAQ1t8GHQhcNc6JT4efc,Bronze,1,HELIUS_METADATA_BASELINE
B5tf17cbdvi4ZY56iDT7qeS8vRApgqLhyN8cNhfrfecf,Arcane,4,HELIUS_METADATA_BASELINE
B5wRt3WMKc7GwTU6owkMebQPk89RX5M2tgNDmYYK3oB3,Silver,2,HELIUS_METADATA_BASELINE
B62YysTqewWZYaPpzgY9QZDtnx8nPAJ8MgNBpEBDbeK8,Gold,3,HELIUS_METADATA_BASELINE
B66AKRaJqxGy7E12VGGvTrJ5Wo1ructxvSX1VxJ3wyCm,Gold,3,HELIUS_METADATA_BASELINE
B6Fs8V8y8CiUh1pQNWm6VKuQMEC3i4zCUSBVsAqEXUmU,Bronze,1,HELIUS_METADATA_BASELINE
B6VEtsBmajPB9C7FCr71NLmsaGtz5ABoB4GKxtQTvZo7,Bronze,1,HELIUS_METADATA_BASELINE
B6WGqFzcR2Ea41BPNoJW9enPkNFUe1FucuHk2NKLFMee,Gold,3,HELIUS_METADATA_BASELINE
B6XBeERVc7MoroorQTXYbtNWnBkUtgrHZLhNc2PNUzsY,Bronze,1,HELIUS_METADATA_BASELINE
B6XXtgpXPhCn4yBbdZYRGdzqAfgfRfvfsvP6EuNNvPuD,Silver,2,HELIUS_METADATA_BASELINE
B6kHyU96oNGtMnMQFVobnbPgQeCywctJG1XVKvgpXVXa,Silver,2,HELIUS_METADATA_BASELINE
B6nu21kbqo9hhEcSVQP6FDzVXQGW627H5KSVKj1CHBy3,Bronze,1,HELIUS_METADATA_BASELINE
B6rYVpafM6mZaNVGTfDjtneLcVWPrRPDZX7RJJbo8BL9,Elven,5,HELIUS_METADATA_BASELINE
B6wRF4AVjq5g3iTwUbrWDCKz5NfiM5sxxcWPt1ogQkwj,Silver,2,HELIUS_METADATA_BASELINE
B75SBNLDyKn8Y8KedJKPgWkMK9gzgWZ4ZU5vPAXXTsKs,Bronze,1,HELIUS_METADATA_BASELINE
B79DmbWst3Rh2NRKNbFfnexHQ47WzsdXJCjVAT1ohGsp,Silver,2,HELIUS_METADATA_BASELINE
B7FJTKkNkYv4GGfEjnGjgP8yWGB7MCdogTvwmLT845pz,Silver,2,HELIUS_METADATA_BASELINE
B7PpMPxYh7eaNshagSpk7Pkj7SSi9dXvMzhp785JzpYj,Silver,2,HELIUS_METADATA_BASELINE
B7QJ4mHpAzFKPACbpwtkEezKkPmPKXDGwbf5azddUtwT,Bronze,1,HELIUS_METADATA_BASELINE
B7WhkjxBM4AWhGrqpusWMB5dj6tzwMkSwowTbLYqMVpE,Bronze,1,HELIUS_METADATA_BASELINE
B7XiK8YLjMBsRjCZLr5ttJPBJjbcxe1mT4BeBDReD2hr,Silver,2,HELIUS_METADATA_BASELINE
B7i5Tn4vdn3sXEK1cYSazpDyETy7gqHh5cDvq3hmna5S,Silver,2,HELIUS_METADATA_BASELINE
B7qLzmCzcHwdDsjyvSDTvwruMXkoNiTZSpnnNDyGdo7G,Bronze,1,HELIUS_METADATA_BASELINE
B88VyikffTryyPdAKevgCzsJ1H9aeLUZNpaoZK5YNiar,Bronze,1,HELIUS_METADATA_BASELINE
B8EqcHw2uSBQgnAEkMFiTNNYo62ESPRbSbioTXdGsMyB,Bronze,1,HELIUS_METADATA_BASELINE
B8MJtMucsTSAMaHn2jL7BCvSDZs5dm3ynPT6kQErDr1K,Silver,2,HELIUS_METADATA_BASELINE
B8aptMizYHnHtKNE8Fb9bx8WHnZuV6rhTNp4VQwxDZPd,Gold,3,HELIUS_METADATA_BASELINE
B8f3ThRTmtf75QAX9AoN1VnkK4jhpZbjgRjbbX1AGVfc,Gold,3,HELIUS_METADATA_BASELINE
B8h4Kp2BodjmLKq7YGnw9pEE6SKpumJxamxp622qJtNo,Silver,2,HELIUS_METADATA_BASELINE
B8jRmh6fEcSMkMVX2QNkXtGcyTnxDazGeLry85chPrP5,Bronze,1,HELIUS_METADATA_BASELINE
B8mk9dLtoAUNtPibXwwWgB4UBEsynJ8GDRb3AxyLJdiE,Bronze,1,HELIUS_METADATA_BASELINE
B8oqep6J5MukM7jdrStZ3xKrYJDBQjR8i7ibTvTaNvFn,Silver,2,HELIUS_METADATA_BASELINE
B8qVjuFUV6c2Gp1Y285Ugyyrwu5GUWB3mPRpHF94fGVk,Bronze,1,HELIUS_METADATA_BASELINE
B8xoqdCazLEgUvuJAe1Mk7DLh84smaRJ3UfG1jZyBmTL,Gold,3,HELIUS_METADATA_BASELINE
B8ytapsW4VjNqCEwGNfNGyjxSGKHYKxREXaFWwz5ftYm,Gold,3,HELIUS_METADATA_BASELINE
B9DGssqBRaQvAKZBkFVYxtFFjVsgmtxHy4PHtHjti5dy,Silver,2,HELIUS_METADATA_BASELINE
B9FR9ju6LAPVdJPq6RDNfFJYmzMizA78ZmnddoRZChj9,Gold,3,HELIUS_METADATA_BASELINE
B9LxsvWkcJgXsqgTjC5EGKqT5KMUNch137Y63Sn57iqS,Silver,2,HELIUS_METADATA_BASELINE
B9MMw39UbGwyPZxs2YkszdozFN7fKKT1okxtzLAwnQJ6,Bronze,1,HELIUS_METADATA_BASELINE
B9QFUPpdrdpCh63c3A8UKGzPKDFKMjfnQuFx9RrQMp84,Elven,5,HELIUS_METADATA_BASELINE
B9VNiLSaefKkMrTSJyizoSnf9nWQx7yYNfBLCDCetGnM,Silver,2,HELIUS_METADATA_BASELINE
B9WKvruJW8Rvd5nd5iaHhQfunYudWLiuKHDTZgvEKEax,Bronze,1,HELIUS_METADATA_BASELINE
B9fUpZGor2qmdziVSUx1hywkmbRA2LusuqVBdtu48BAq,Silver,2,HELIUS_METADATA_BASELINE
B9izkyiXRHmCXZCpvUghPo2akfk7fDLRA6Hfwepc4Mg6,Arcane,4,HELIUS_METADATA_BASELINE
BA3uyD6e6SE2Pd7FMn1VYAS8RLRHYaSdF5L4ef5XLKRK,Bronze,1,HELIUS_METADATA_BASELINE
BACft5X3A7bPjVNNjyWpospLoFaqN8r32yseToMxeGim,Gold,3,HELIUS_METADATA_BASELINE
BAQD74t6GzPajSsrDYgAm28JazChnMAsYhqqnt4v4LT4,Bronze,1,HELIUS_METADATA_BASELINE
BAcRBqPfR3T8zkBJjS4h3vYm5P9WQKRjRcwMDoEqh4oJ,Gold,3,HELIUS_METADATA_BASELINE
BAdZqWNn9Hnhayvu6p7bspvuk4nM1iwZdEnG5yV8nvYg,Silver,2,HELIUS_METADATA_BASELINE
BArUrU5NNoNG37DUmPazSQQqmNGkFougex2dPkeDDWDw,Silver,2,HELIUS_METADATA_BASELINE
BAtMRiaufHix3o9CeUBxkrCU9TV3uEbM2w6uHN8ckudK,Silver,2,HELIUS_METADATA_BASELINE
BB4auZB6Lh9wkSMEGnYpB868J3EbBRTRzMQWN6QbmbpY,Silver,2,HELIUS_METADATA_BASELINE
BB4dG6A5boxNzXXUHjSExhvF5fVuGjM9hWFfcTcnQJWP,Silver,2,HELIUS_METADATA_BASELINE
BB7LK3B99FMA7uK4RagTZRmoeyPxYH7dxV5CnUKUewFU,Silver,2,HELIUS_METADATA_BASELINE
BBCEGiXino9NejhuARWk5k9D2sKLF3aP7Tc2U3X2LN6j,Bronze,1,HELIUS_METADATA_BASELINE
BBKAPhQ5PFh16pktRR9K4Fa2npeb5HdEsTJd3WskkyAp,Bronze,1,HELIUS_METADATA_BASELINE
BBKrWLZ9vpJQFrEY2pHfZWZFQVr2k2egKYpXfMN6yFek,Bronze,1,HELIUS_METADATA_BASELINE
BBLoGNRYRmpdi7aXm6rJxwWbxXv74WBsVAFVfuoCctnF,Arcane,4,HELIUS_METADATA_BASELINE
BBPQfX1LES7KJh9m9MbjU7nuC3MnBggZXjJewC8may2K,Gold,3,HELIUS_METADATA_BASELINE
BBVobhDRiwtf8fjgCn9R4bEMk13xm7RAU3MV2MnxkiRv,Bronze,1,HELIUS_METADATA_BASELINE
BBWP6VK9gfBC7MoUUhc5p6JjPsPK2zBzy1jvrvA4gNyQ,Silver,2,HELIUS_METADATA_BASELINE
BBgkSxpzUfAT9vcg3BWeD9joWF1ghVMjqRZRr6wdhH7Z,Gold,3,HELIUS_METADATA_BASELINE
BBp1vdNwQing4jDNv3h7iZCU7fbtijgZ9s2knFqAdA6Z,Gold,3,HELIUS_METADATA_BASELINE
BBqKME8XwpHgyrm3L5ysJgKEgytMQ5U1tD8AoR85YMH8,Bronze,1,HELIUS_METADATA_BASELINE
BBxURLzbQB8Hhv93WvSySeLVki2wg1mrhtEm1FQUxYTf,Bronze,1,HELIUS_METADATA_BASELINE
BBy3xN7HxKaiWjngQNzvUW6ibdRVMss671oPCXrCC9eX,Bronze,1,HELIUS_METADATA_BASELINE
BByHMTjmrTPo18hKDzqfw3Eyv8cCXL3ygFkWG75tY1zW,Silver,2,HELIUS_METADATA_BASELINE
BC4XwBSxZFrxjsKmo3Db5quqBard2Gtb3FmVKDhWz6KQ,Bronze,1,HELIUS_METADATA_BASELINE
BCEc7n94Qbiy8KL6AzJ96Kmpp9M3W8W3CL4CkVMSK1Jm,Gold,3,HELIUS_METADATA_BASELINE
BCH6LkFEb7efiEraHwUh9AYdSsfLykiorKcqfR587fQy,Arcane,4,HELIUS_METADATA_BASELINE
BCJQSfMffTAPctbtUHaY5qnuX2EZ7iAWocdEacMDC1Vj,Silver,2,HELIUS_METADATA_BASELINE
BCW75XRB7pDYcjFbUefM4SXd6BjFYtAzQtB4XEcPDvvq,Arcane,4,HELIUS_METADATA_BASELINE
BCddG1Ep5MqHbWGXHH5crbW8FdJgvRKYc81CWPxoMLGJ,Elven,5,HELIUS_METADATA_BASELINE
BCjzGYb6dSNW33XdxgMpnANmxskT1R8J8kbk4GGWHoJe,Bronze,1,HELIUS_METADATA_BASELINE
BCrNv4c54oSBFXC1jRTGP9ezCFyYiH5ydBomGywThVqt,Silver,2,HELIUS_METADATA_BASELINE
BCsRZV1i8W29k4MNwEoWuhAgrU4i3ARRcUmSDWF8JkZ5,Silver,2,HELIUS_METADATA_BASELINE
BCwgHGfhFujMqYmkEN6PkDc7R1ARPHTbdmkUYUNgKYWh,Bronze,1,HELIUS_METADATA_BASELINE
BD69D3pbE6vN68VysPfDcwsV7CpJ1nXkq42ydiax25uQ,Bronze,1,HELIUS_METADATA_BASELINE
BD7cNgixznfqTa2s53DzSgTakMQC5sC8u4HbvwDrfaBV,Gold,3,HELIUS_METADATA_BASELINE
BD8YqotxEKhzRMoBbiSawTiMV4rTzaoXraUdgpAZAFxJ,Bronze,1,HELIUS_METADATA_BASELINE
BDX2mkfcWbg1aQB2efREU2Q8QjfBrQXbrUXwitXpybXL,Bronze,1,HELIUS_METADATA_BASELINE
BDdKdnABT4dgtdFehwQJtgQHS1HNcZFAQd5P6FRvEkuA,Bronze,1,HELIUS_METADATA_BASELINE
BDmUWBSbKX8WGtwEAUzvPhuVAY4tiKMWgQgXCjcttW5F,Elven,5,HELIUS_METADATA_BASELINE
BE8Jd3Ahc3wwnZ1WccNQtuDJnQY8xNs7RdJJkXER6Wa4,Bronze,1,HELIUS_METADATA_BASELINE
BEBFxDX1xKmwDSzcNjoF6qbmP9LDBwpu5gLo7yQayX7G,Bronze,1,HELIUS_METADATA_BASELINE
BEFheEiA3qzABUVMCiHbufydcmj2NPh5GLssaZJU15y9,Gold,3,HELIUS_METADATA_BASELINE
BEJaJHYcqpgrYo1bweGJBbBeWuU9JtVjtweWZHKmSm5i,Bronze,1,HELIUS_METADATA_BASELINE
BEthXn2nVQYbZtyP13zxHBgNTZuXeUxn2imKUTzRKd7y,Bronze,1,HELIUS_METADATA_BASELINE
BEvVXN2d2Sf1EqBJmR9EDV8JDu11QNCbD2bGFHzcT32i,Elven,5,HELIUS_METADATA_BASELINE
BFJDLGAAZCsdXkeKeYVsyZBcKhdUB3pjcjqwBz2Sh9Br,Bronze,1,HELIUS_METADATA_BASELINE
BFKN7UVxzVn4avXnLq9EtbJP5osxPrzNyfzk28L7rZka,Bronze,1,HELIUS_METADATA_BASELINE
BFPshQizhRLs8wCrD2Xbsqq3ojUSqJntESiD2EtKt8xA,Bronze,1,HELIUS_METADATA_BASELINE
BFQJgZL3m2maHZ1HU9b45FBujAhSdxB1Rd9YhN6qPss1,Silver,2,HELIUS_METADATA_BASELINE
BFTS44XiK9UtP1gwfMvv48g2H1XBGiFrpgGKiy1E91Mx,Bronze,1,HELIUS_METADATA_BASELINE
BFWtAqrtXXLTyDMC5PTo2oWyJaL5wagszhsXc8UQ7iGL,Silver,2,HELIUS_METADATA_BASELINE
BFYs99rrDpNaLrGq5bY2UCLUtgEuWGM4UbTDLKRbCPSo,Bronze,1,HELIUS_METADATA_BASELINE
BFhgXnhbFrngmu1EWpxcYAqfEQkCcEsDEsvwzva4UspE,Bronze,1,HELIUS_METADATA_BASELINE
BFpi4W7cCgwzHCbQWnRUec94WfpqRaYLuhMFKhNgCY5C,Silver,2,HELIUS_METADATA_BASELINE
BFrkF6XGGcxwBLyGg2zuotbRPf68HKq1jH9dDuEA1uqB,Gold,3,HELIUS_METADATA_BASELINE
BFsjNYUY9UKeAz9tEk4VAfL5tELf1n2MGJvts257HjHA,Bronze,1,HELIUS_METADATA_BASELINE
BFwRWA6Caq9wsdvVYRc4Lw7QJnSRDhKFngBg2yBNscKj,Bronze,1,HELIUS_METADATA_BASELINE
BFxCWjoJ6igKXmL93Ne3dRoH95v78MHRyvkusVm7as8B,Bronze,1,HELIUS_METADATA_BASELINE
BG2DWzsTdTiniSNdhtMcos4z5Evo3Gejtd2ARv69SuZw,Gold,3,HELIUS_METADATA_BASELINE
BG4pj2peiTGFBLsQnqnV79ngTuXUrQMJTNKKcAhKGArp,Bronze,1,HELIUS_METADATA_BASELINE
BG9htaU4c2xWDax3LJXvCmrtPAxJyspj8Uxf6WAurn9m,Arcane,4,HELIUS_METADATA_BASELINE
BG9kvTaVqUaD9aYpBaCdHwYMGNeL2w7TCLLtZcsSczEz,Gold,3,HELIUS_METADATA_BASELINE
BGLB2zwTx7totVMNLdhhXdyF46aMSuRSNS4iKMRD5uKV,Arcane,4,HELIUS_METADATA_BASELINE
BGMh5xLHCsyhMiDiHdoA1shjXzS4d72UVr6uDg4hMPRj,Gold,3,HELIUS_METADATA_BASELINE
BGMsZBWc4BbBUMpaB19ha9bczJds1hNkcf67sCG8ZiYF,Bronze,1,HELIUS_METADATA_BASELINE
BGQHwsMR4adLNPvES1UbXafmRbwyRaa9CgG5L5Ay1tPD,Bronze,1,HELIUS_METADATA_BASELINE
BGW3yYQXtQ2VBvb1FsmtXyQ16wC4FXAkoh47wpU3AxQa,Silver,2,HELIUS_METADATA_BASELINE
BGaA3DN7StzyrGRoxnz2rZfBY6HxtSCKNQ9XpR8CMznu,Gold,3,HELIUS_METADATA_BASELINE
BGcoDfw9MG5fF3goEJNksQKeiQFA4kufeSj1f14oF4MU,Gold,3,HELIUS_METADATA_BASELINE
BGdCpxZoQ6dj5kcBTE5JsHS5JwNsQGyLyE8CQm8TBjCN,Bronze,1,HELIUS_METADATA_BASELINE
BGr54pjM79VkfXVehiCJgbTYiEYgL45tyQzsuZoEMJJy,Arcane,4,HELIUS_METADATA_BASELINE
BGrC18A2NRt376AgNkEL3j7cTU4bSnaY85x6GgH4W7ti,Bronze,1,HELIUS_METADATA_BASELINE
BH74npTg8N8fYdCsdXMZxJemHGnETkLnUWjf9wZAjKoQ,Silver,2,HELIUS_METADATA_BASELINE
BH7JRoSGeJHhqe8uGW4ct94j8gohAXKHrkFPShiCuYoR,Bronze,1,HELIUS_METADATA_BASELINE
BH8cZmAfUUb148nD6g88WWJLq9TMvtBPm7f5GrnrHxzn,Gold,3,HELIUS_METADATA_BASELINE
BHDhvKJmXvBct6LHzg1i166FnsAY7mj2d4wu4RwxHwLA,Gold,3,HELIUS_METADATA_BASELINE
BHHTVCgBNuZyYyozYTXndFhA5MLzAXYhmsk9cYv7uNy5,Silver,2,HELIUS_METADATA_BASELINE
BHLMNFbNNNvjab5EXe6RgP28RBr8hEqpMH2WAW5CiLcJ,Bronze,1,HELIUS_METADATA_BASELINE
BHNkquMkpGutYa7i6mWXczouwEEz3iVNsG4pCDod61d4,Silver,2,HELIUS_METADATA_BASELINE
BHQiavtjiUuyhxoGXAU7yZiSSGfxTZkYUH7gXCTkL9BL,Bronze,1,HELIUS_METADATA_BASELINE
BHfRCcwZSLBMHfDAbekKG2quN2wxaVDGnPNeDRfC39cH,Bronze,1,HELIUS_METADATA_BASELINE
BHgvUKWEn81yCLBuj5PbMQqZorgUYUyHhqvg5BSqWq3Q,Gold,3,HELIUS_METADATA_BASELINE
BHmEZfzcHGh4Wc5eSfbC9gjo3PSXAZpTZJ5q8CygUXp1,Gold,3,HELIUS_METADATA_BASELINE
BHuV5TxXGRar3conTRoNssHnccmjLgaeUoeN8WHx2yeN,Bronze,1,HELIUS_METADATA_BASELINE
BJ73tGyNUBFU8C6x52jUV8v7q8iiH2crVTAHuJ7WgByM,Bronze,1,HELIUS_METADATA_BASELINE
BJ8j8eUi8MCJaojc8QHyYMrXvekspDsSqXpJrfj5ez9o,Bronze,1,HELIUS_METADATA_BASELINE
BJZKFV8EyPZqN5UqomPvumdLuNeGSfguL6zF94HbpsCE,Bronze,1,HELIUS_METADATA_BASELINE
BJmsAseMtCa5VAuEN5gDEMg1ckwdPBmygPjCRDBmhN5L,Silver,2,HELIUS_METADATA_BASELINE
BJnsaypPGPysiQToT55kcrYcxNkbUAyTVJ9ViB2E1KGd,Gold,3,HELIUS_METADATA_BASELINE
BJsLSPtSm4qXi3kUpgT1Ab92BtPuSEv2PzK2gFtk9Y3s,Bronze,1,HELIUS_METADATA_BASELINE
BJtEite6jtktxdAAEQGgJq1XKxoFfer6PhyGswkpHqeU,Bronze,1,HELIUS_METADATA_BASELINE
BJy2AEuzR7JhT6xGQGMkQ4ve9SAxxKES9k7uHi3rb5gU,Bronze,1,HELIUS_METADATA_BASELINE
BKFjd8rU1pycStUfivFwMiZT8ZbupYixHFDz8a5fsXJ6,Silver,2,HELIUS_METADATA_BASELINE
BKG2oGhCZe3E1uJFaYPufruxLyB2i38hmnvzgXKCfYCB,Bronze,1,HELIUS_METADATA_BASELINE
BKTFG49YKQPMvN4oNW1Y7X9Qy4NHvmYBtSVivU4tjrDP,Arcane,4,HELIUS_METADATA_BASELINE
BKW5PnSmBsMkP5eyZhfL7YJQZQVrPEoxPuLRUiJ2dope,Bronze,1,HELIUS_METADATA_BASELINE
BKdF8WVv6TGiPuFdnXs2aURLqqF9ohmomnmtfDEigXg8,Silver,2,HELIUS_METADATA_BASELINE
BKnvH1ndanh1T941yynPBoPrXgYDSxTMf8H7AAqYRyGR,Silver,2,HELIUS_METADATA_BASELINE
BKtEP7VzCU5sN86eVNPJmB4DFCbC4yNc2N3t5wGLLXMV,Arcane,4,HELIUS_METADATA_BASELINE
BL1vZBo18zhsghQ5R3snJX4kdmmzv9D3v7wphz4qACU3,Arcane,4,HELIUS_METADATA_BASELINE
BLCxxt4sBjGDkZPZwHC7H9VxiyVbSmXW7VdpJdycMFDG,Arcane,4,HELIUS_METADATA_BASELINE
BLF5Eu14No4DsFSXb4rocNbtYF2Vxv2ag39UzywECwcP,Silver,2,HELIUS_METADATA_BASELINE
BLJcFRCzbL45jh84YwDsSsEiWHd8WQ3QZtn9VpHmexvN,Silver,2,HELIUS_METADATA_BASELINE
BLK29Mvumb2JPsRmV9m5LXguv8huMynUh5kzeSYmeHUc,Arcane,4,HELIUS_METADATA_BASELINE
BLNsLuEQE49TT4H2yfjaj9yhRRM1WN3Pepn5gDtfqsPA,Silver,2,HELIUS_METADATA_BASELINE
BLQjzhaSXjXpQcNiAfjRnYh1uPwrBv3divdvefj2BbQZ,Bronze,1,HELIUS_METADATA_BASELINE
BLRF4a8c1xDpfHipVAWpL2T6BpHgnzm4VuqWnebtNLJQ,Silver,2,HELIUS_METADATA_BASELINE
BLbSCyZ4jxc2bgsx1CKAbyqafp8Bm1H8p2ywzERDx7SW,Bronze,1,HELIUS_METADATA_BASELINE
BLhX4efGMB3xHGaozLeMjoPRHQfHVBAKK1cG2MeN5PGQ,Bronze,1,HELIUS_METADATA_BASELINE
BLo74oH7cPzwpcHuEhZiS3nCk9SfXqF5ZbnyF9iCykJZ,Gold,3,HELIUS_METADATA_BASELINE
BLroUhtRFyGJ7X7MSa148ppzzF16yxTYPMh88PSgq9To,Bronze,1,HELIUS_METADATA_BASELINE
BLx2Tzuij1v4ovoGPN3st71PhQREpn78zsqzrHdgnULq,Bronze,1,HELIUS_METADATA_BASELINE
BLxP8TiV8dygrYjRsdGxYe4PqaZDneX1hbWh795HYPfe,Bronze,1,HELIUS_METADATA_BASELINE
BLydf5iK6AyTeg2sMtqm2FsiUrKGZQ8wKsuFV4e6tf77,Bronze,1,HELIUS_METADATA_BASELINE
BM53P2Ym9S22NJGrcV7tqtSp1G5ZNAbtHzjrTuFFX7uX,Bronze,1,HELIUS_METADATA_BASELINE
BMAH9sXHMJhoRjBHg3TSZQy4wMxZUCfmbVfcTSdJAuSw,Silver,2,HELIUS_METADATA_BASELINE
BMAsgG31rdDiFLmd6SZeFyzB5Gc1UqexZNGC6DBRbuQy,Bronze,1,HELIUS_METADATA_BASELINE
BMECvwJLGBWnvqfDc1Dv4cQUkyrmKPfTtnKWegAgWQRD,Bronze,1,HELIUS_METADATA_BASELINE
BMPw2h2quByqpB9ivmhYoWgg8YV3zz5oyu645ShZYSe1,Bronze,1,HELIUS_METADATA_BASELINE
BMWdenAq6ciaa6DEjVPzFbZ1TN4eC5Pkji3cLofE9pjG,Arcane,4,HELIUS_METADATA_BASELINE
BMXrjSLWsDqBqQqETTueZqZZmDwQDCUbPafYpfisahkE,Gold,3,HELIUS_METADATA_BASELINE
BMeXYfJxxeDdtuFXNAAcU1a1ar6sqktxJj26nKV15EAU,Elven,5,HELIUS_METADATA_BASELINE
BMmujw18VSUc3V52KQj1Xz8HgjVjSEwAi9rmuEyPjJvc,Bronze,1,HELIUS_METADATA_BASELINE
BModwbn6VpLidt5gJnJj1xvQjEroxbAytacaCS7d2Cio,Gold,3,HELIUS_METADATA_BASELINE
BMs1riAstfB61idQyt8yktN3CWHSXRuijdv67cLf5hba,Bronze,1,HELIUS_METADATA_BASELINE
BMxs89VBUEMvxVAYmpQ45JPGWR9oci7DWZiqxPoLiZby,Bronze,1,HELIUS_METADATA_BASELINE
BN7bWZaZgSAh81wCM1p6A3YGuVNx7wvm8PotJAS8Hv72,Arcane,4,HELIUS_METADATA_BASELINE
BN92hDpPmiDmHJpbSnmk83PZPUMT64YEd3YdvzVFV2hx,Bronze,1,HELIUS_METADATA_BASELINE
BNKVuS7DD9hgqzzjhxea4dPJoJzPCLJf5SBjCc3zLU6E,Bronze,1,HELIUS_METADATA_BASELINE
BNS3vi5HCZhwSfsSadzSdFppHjJJt5gVU3JDTfU7dVrm,Silver,2,HELIUS_METADATA_BASELINE
BNXmtg2nKXJHLUGMy5hwb6CKJrvd2Y4evZEMPfvyaeaY,Silver,2,HELIUS_METADATA_BASELINE
BNgWVhimdcYAhLCDGWiHvU5aPxYRzpJL8QmTZWLSHs2w,Bronze,1,HELIUS_METADATA_BASELINE
BPJziCVWhEyoTGFsHoxBUt9UtFjFFM5zP1Eappi8UfEb,Gold,3,HELIUS_METADATA_BASELINE
BPKAqiosKXeYfK2cvsSjd9LTNqeks4mZmXJa6NyPa8oC,Silver,2,HELIUS_METADATA_BASELINE
BPN48WuYJGTJVUKQ7HZ4EZ85j4aRZRPb7VZkne7ssFGL,Bronze,1,HELIUS_METADATA_BASELINE
BPNDjMzASn3u2rn9h38Dw7y5oM4MAFQrtGLyLhHvas1n,Bronze,1,HELIUS_METADATA_BASELINE
BPap6DdL78zC7fgHFbFmadBSWn3o2MGsEZWoJfaFBX74,Bronze,1,HELIUS_METADATA_BASELINE
BPdh4SxpaDeGZrvGW3huPpheoM2U23s7suRSx3KXChFP,Bronze,1,HELIUS_METADATA_BASELINE
BPfDGFmJG6dsARQQHqx4XPrNwWBR3vgD2X6KMov7yd9M,Bronze,1,HELIUS_METADATA_BASELINE
BPrS7gq78JPM2KaX5gvfeTmiki2L8Df5tWBYGyFvKt7j,Arcane,4,HELIUS_METADATA_BASELINE
BPskVESx2eWDxpHUYy5Gaem1YdJbNRtkwhY5CU4GDXPW,Silver,2,HELIUS_METADATA_BASELINE
BPx9NqjZrdncRKEzcHzSxct1TiXww8JjS9zWqFfKFsJG,Arcane,4,HELIUS_METADATA_BASELINE
BQ1R4EAc7iiQvzLu4Mx2fkKyVFQjTGzNeUJLdAs4m8pk,Silver,2,HELIUS_METADATA_BASELINE
BQFZ7aWciTrpBqvokqSAsnrcSAYjwMEFdMjxjGC3tdAx,Gold,3,HELIUS_METADATA_BASELINE
BQFkEeL4t73ABdkSrKuP1z7uo9qJZS885qV73AjJhYpD,Silver,2,HELIUS_METADATA_BASELINE
BQNVoaSVffcsoh279nrJbMuY1Y14KLHd3kPBHoPf2esg,Bronze,1,HELIUS_METADATA_BASELINE
BQi3KAoXKaLyjPQEUYLZ2T3t3adsJn2PSxnL4k33kY9t,Silver,2,HELIUS_METADATA_BASELINE
BQprnG4yZyk84XZ4RHbPwJDpaKsGwwARLEwcH8iMZLzn,Silver,2,HELIUS_METADATA_BASELINE
BQswu9kBgSgD5t9LXidXSV1WRsfWqHEuyEcfDe923rM,Bronze,1,HELIUS_METADATA_BASELINE
BQv8fYhpzgM1BmLjS7BSV9vUQ7feqsTsAp47fmCRfYKn,Silver,2,HELIUS_METADATA_BASELINE
BR7otXypA5qS7xRooe6a6hXfcQydmhGPQEJYCchQNzR8,Silver,2,HELIUS_METADATA_BASELINE
BRCd137W5scQGmoWLWhkH7VwCV3RubtJdKzhDLnzRyJx,Silver,2,HELIUS_METADATA_BASELINE
BRDUY9TeMBzm4RHnqXZU8DjcznY4pxMY2SF6CcXv5uAD,Gold,3,HELIUS_METADATA_BASELINE
BRGhNfJoye6JphDnubQ7ySJewm4SrQBsieVGjy2tZAHN,Gold,3,HELIUS_METADATA_BASELINE
BRR5KNNgLPfvxDLDCmq8rZujhEt4RofFjhXcJJZnTBKR,Bronze,1,HELIUS_METADATA_BASELINE
BRTm4L3QrtFLh9czANUohBe7NiNzS4RHpZ2KDYec58Mf,Bronze,1,HELIUS_METADATA_BASELINE
BRVQ758nHWu9f9KByCdo9QxbdYEQTpTcRhv1DTZxiQk9,Silver,2,HELIUS_METADATA_BASELINE
BRaXaqtQF9TURb8as6mgfXfBLeGRLEK6Z4XywLUXouWL,Silver,2,HELIUS_METADATA_BASELINE
BRbRrb6oTVEpu12ijef5dZP8zNtZfSDQvUBGq7ybDJxL,Gold,3,HELIUS_METADATA_BASELINE
BRdr5Qw4o6qek7u6ZbWaifsT6swHbgnQXhsWnqfTBwN4,Bronze,1,HELIUS_METADATA_BASELINE
BRtUGjG5ZmsYD4GHRwaRN1NdDQtNYcnwGkvJbSwYZAUN,Bronze,1,HELIUS_METADATA_BASELINE
BRukq3XkzR59q8zBpzZgVNX68NoJMHhTUH7hGpHpYLFD,Gold,3,HELIUS_METADATA_BASELINE
BRyhTYmfkgJqsztCgruS9EVfjBcdXHF7ndTFXrjuY5NV,Bronze,1,HELIUS_METADATA_BASELINE
BRzhSA1GXbEhurZGwFvZXAHXqvET29JWX9uDmJNqW53U,Bronze,1,HELIUS_METADATA_BASELINE
BS5MMBfbts39ZHu5HiXvSnZrtEqax5pd1RLKeFJrbVps,Bronze,1,HELIUS_METADATA_BASELINE
BSAhojyaUDfCq1aa3d1aPWVxEwc8QHMfzg513jmYiJ7U,Bronze,1,HELIUS_METADATA_BASELINE
BSNSHA1ZKJYtGpeH1aXfL7SYuBZ26K6R4qXvfmHZJ8Da,Silver,2,HELIUS_METADATA_BASELINE
BSQ5CUsyk3hD7M34H9Rm1XVBX1N8NorHM1ACij52CYAU,Bronze,1,HELIUS_METADATA_BASELINE
BSaB3nuB91M4eiF3buGwzd5DEJ5GDcHjghPU32569faj,Gold,3,HELIUS_METADATA_BASELINE
BScSpnWrChAtuwsCRmbwxqxSntULtCBfT2vLyQRGrEzJ,Bronze,1,HELIUS_METADATA_BASELINE
BSfETfvBqjQpMx5cwhuDbR8JFmqf8HAmHhLf7b1d2y4U,Bronze,1,HELIUS_METADATA_BASELINE
BSjdXXGgAseaiyi3GAue18GWDNtmLrJM4wn2bDCxATso,Arcane,4,HELIUS_METADATA_BASELINE
BSqVK5nepov4dA84b81PQNzt6rtT2ZE6219d43xtH5jy,Bronze,1,HELIUS_METADATA_BASELINE
BSxcMXnjNJMueyicvXvTdgTKLXVdt3mPY7xyGSFWhDEH,Gold,3,HELIUS_METADATA_BASELINE
BTAvvPXjV8sLJnvCUbuYdCHP1xToLsuqxdh6TufNSh5d,Bronze,1,HELIUS_METADATA_BASELINE
BTNJE2DsLLYzmiLy9CKPTxhS4CMU5wk1mnLVaxn75S1p,Silver,2,HELIUS_METADATA_BASELINE
BTNQ8HRZHa3bcWspYN1dz3reHTDiPuzshjtbyZ8dq6A3,Gold,3,HELIUS_METADATA_BASELINE
BTNWX3wnsz3BWfxejp2e7Ge54hegrcQBQrmCbwbB5saG,Arcane,4,HELIUS_METADATA_BASELINE
BTSPSn6wSoZUgFk9gTYYkKyWkja97Nnow63c2sUyRELL,Bronze,1,HELIUS_METADATA_BASELINE
BTTZUMdFZhWVF3waWX4Qe3BAnQJtCAapgothhD5DEg7Q,Gold,3,HELIUS_METADATA_BASELINE
BTarwCUpPFnzR6WMSZ7MEbJpktpdiGGgArcJV7BWJAyc,Silver,2,HELIUS_METADATA_BASELINE
BThbwUtFbvwiAS4b4eavHfFBRad2Gacsrt5EhcggtNGu,Bronze,1,HELIUS_METADATA_BASELINE
BTmrczTzsBqkntV84W2kiu7Vn42PzaCjDuFdVnJHit1m,Elven,5,HELIUS_METADATA_BASELINE
BUNYGBfwmMeg8iTpqA5nCVRm9aKALiRpnXJLq72EVStk,Arcane,4,HELIUS_METADATA_BASELINE
BUNapBK9xt8pwx3H4Eb9XKMaBema8ygQarmFhWgtmGRG,Bronze,1,HELIUS_METADATA_BASELINE
BURsJzZnEqWmRgLy2jbfX3YsoUSgd86ZuCB48akdRrPx,Silver,2,HELIUS_METADATA_BASELINE
BUUxts66z64xvdd7wWZM6VWRNTYGPesDWN8KcBhbtyww,Elven,5,HELIUS_METADATA_BASELINE
BUYPX3rskj7H4LUrnaXpDt14uYN9afBvXUJREUwp83uf,Arcane,4,HELIUS_METADATA_BASELINE
BUb9uSzxMf2rEa383WVPBdm4k8J9gepPrShpHZEriTpe,Arcane,4,HELIUS_METADATA_BASELINE
BUktTWq1K6kR28qk9YsopkmsetzUq9a6hn2tPaaDhnrt,Bronze,1,HELIUS_METADATA_BASELINE
BUm6VuxwA1s6cSTcmLCZx2KcjzsbXq8dH5BBUwsxJnnp,Bronze,1,HELIUS_METADATA_BASELINE
BUmNxCx3XVA3XV6MkaEhHH2xD47wZy9Sk23KiUWwp713,Silver,2,HELIUS_METADATA_BASELINE
BUr8gEVPxtWnPWATwCq8ZjFpSya1jR8qUwavZJHJtBxs,Gold,3,HELIUS_METADATA_BASELINE
BUsAVL3h5sr5jm3Vq8tu3JjkAWzi6DF8iTciACUosZwv,Silver,2,HELIUS_METADATA_BASELINE
BV3XV4mzArFKNkjzZ5FPmQT9rwPiKwhuVX1YV3ATDgaN,Bronze,1,HELIUS_METADATA_BASELINE
BV882EdpreYX1yxZRZQ6TsEoDesz4xzFZFatY9Ywncod,Silver,2,HELIUS_METADATA_BASELINE
BVVAmSwZptdM4VL2WuLDht2ERWsV3435Lacy7JAdn1zt,Bronze,1,HELIUS_METADATA_BASELINE
BVdtpvYxyvj7dWJdKvzY9c3VgZ9THteF6WKSTTVst3z1,Arcane,4,HELIUS_METADATA_BASELINE
BVfJxARbJT4i6fdmB1jz6ZmvtYzuaki39Mqhz1HhT6cB,Silver,2,HELIUS_METADATA_BASELINE
BVfZnPERdiCdCQQ9gtYHM3DTASvkHxLFUqUMizh5cHp5,Bronze,1,HELIUS_METADATA_BASELINE
BViCuFsFaV1Soo7r8XgADj7vihcVNzD1wsYYFEe73u1T,Bronze,1,HELIUS_METADATA_BASELINE
BW4gFNoVzBaZjEE96f3CSKBcd45JtFmdarAMptBMPBzn,Gold,3,HELIUS_METADATA_BASELINE
BWEfE4eT4uvcJy4QkFmryNcFSBxHvmBMP9oFdcPDX7qJ,Bronze,1,HELIUS_METADATA_BASELINE
BWQdwfwG5NromSqkajdxtXCb9nupY4XG7zxi6kbfREkG,Bronze,1,HELIUS_METADATA_BASELINE
BWRmhEhrszz25eLghwaK8Qoz8gmPh4qnFYJJibkEaDo,Arcane,4,HELIUS_METADATA_BASELINE
BWW9qn9V2yHLGgnVTKAfimNbRsZ89MVz7odBvpz2ZiCb,Gold,3,HELIUS_METADATA_BASELINE
BWq7D2MrkbbTP5FCWm7sUi199u3QjrNk25PdkhS3cy1p,Arcane,4,HELIUS_METADATA_BASELINE
BXJAHzMEwVwAM9r8aerBewEczqZiar9PRXLH4tZaDLMv,Bronze,1,HELIUS_METADATA_BASELINE
BXJdKLwpN8JBJUY3WYmaARMdidjv969ySMWysUwUG9fe,Bronze,1,HELIUS_METADATA_BASELINE
BXJvUKy9giPDz5jmiQ5em5GAAcoLv8pvYNEysr55Fdiu,Silver,2,HELIUS_METADATA_BASELINE
BXMHka84UeeQM3ecvfEidLiKkTcpkAHrumsT9QTzs4z8,Bronze,1,HELIUS_METADATA_BASELINE
BXPGH8FUuFo53cDPnhfyWGNwevoQbHAvprCAuNur7TLM,Gold,3,HELIUS_METADATA_BASELINE
BXSGWRC9RkuCMQT7mh3cTzPusxkToHPjpGctKPX9oMye,Gold,3,HELIUS_METADATA_BASELINE
BXTg9kqW7QdLfXEMieZdyyZ2SnEAHtPg59LvnfhBDgRu,Bronze,1,HELIUS_METADATA_BASELINE
BXTzTh7Ryy4mNuZhtkhbTxsN3XNqEfJNozqvu7xAXrb9,Silver,2,HELIUS_METADATA_BASELINE
BXpRXf2234NvpzS5binN4YT1La8xo29RdPbBxXBs8Eh3,Gold,3,HELIUS_METADATA_BASELINE
BXvNczu6WuxTgFfxJQFELfefyAu1iEMsupHJ1q963xLH,Bronze,1,HELIUS_METADATA_BASELINE
BXyUavLsiTwXdVDeasuSAFdaPaiHt4tqxTvh5cDaaLXC,Gold,3,HELIUS_METADATA_BASELINE
BY3Fcom8GbAbLrBiyiC5AX7xCEhC2L5qf1tboNYaVvw2,Bronze,1,HELIUS_METADATA_BASELINE
BY5iPfcx2yxW4hWx3AerwtocDtvGmpCm7bVLMp6msemJ,Silver,2,HELIUS_METADATA_BASELINE
BY8t5wKJGpywsJcRXShgcEfAmegiDXxUZA5FdAvgrhGu,Gold,3,HELIUS_METADATA_BASELINE
BY9Rb7KdHqsufUkqcQVzucxkGhsWroHVVeQXfsfG5BYn,Silver,2,HELIUS_METADATA_BASELINE
BYAtqsnE9WRq9EwPmEE7MULTvXFazsG1h8oYTBotnVP8,Bronze,1,HELIUS_METADATA_BASELINE
BYBrzz4ne4v94kesqhWoKdxLYUyYQTpgyuMxCWF7vDf4,Arcane,4,HELIUS_METADATA_BASELINE
BYRnVG195GgKqioryVSJizSnVpJDXt3nYuBhXwwfn9BB,Gold,3,HELIUS_METADATA_BASELINE
BYSwy3ZNpYwzC2ipuHzdFsRFTsjhc1a89ENZpS48XMEQ,Silver,2,HELIUS_METADATA_BASELINE
BYci3fHnekFwqurDP5X1TqtYqaq9bo3Ns5m1GcqZb19k,Bronze,1,HELIUS_METADATA_BASELINE
BYjoS4ZheU8tosVdkjcBQ2Wc5RzzTm76xApiCpfdhxmm,Bronze,1,HELIUS_METADATA_BASELINE
BYqgMadXS2rLoyZ2f4cLkGgq8RmBV8u44UsWw6kAwifQ,Gold,3,HELIUS_METADATA_BASELINE
BYrvA2yn6v1CcMpqpvRQeSqoxekq2E1Q3invxQoTSDDA,Silver,2,HELIUS_METADATA_BASELINE
BYwPYpPMF7ipvG5W9saVHLNnDzgDt8eaXHBzG29sZvKR,Bronze,1,HELIUS_METADATA_BASELINE
BYyzuy9qVkmykL6xCAHgCHSQhYq3WizoQY5sAagxx47p,Bronze,1,HELIUS_METADATA_BASELINE
BYzkiD4CArJXDLtDHfjhr3LDYEFPxab9rbuqPduE1FY3,Bronze,1,HELIUS_METADATA_BASELINE
BZ1vLDLnmYy9FN6Je8RMsGwxr9JsqY3yqb2qJhwUvQv7,Bronze,1,HELIUS_METADATA_BASELINE
BZAUAc4n38vKtTJH8UoP7ov3Bscm8Niip3n3AVsXsPN3,Elven,5,HELIUS_METADATA_BASELINE
BZLiBrPBeZQ1XxqNXQxCLYQpKjZJ9bM33SZeryBZ4yk1,Bronze,1,HELIUS_METADATA_BASELINE
BZTDzyREMScZE4LHEGG8VSBoUEmfaoh63PvP6hfP51SG,Arcane,4,HELIUS_METADATA_BASELINE
BZcrzCFQY26cjaG3frUcaQhhPSVymxTxZ2DacfbbouPt,Bronze,1,HELIUS_METADATA_BASELINE
BZeywNafSXeboyEzEgveq8knbJc4ZyhzjnBaCw2AJL5z,Gold,3,HELIUS_METADATA_BASELINE
BZgK7xrz787591TT3CJnQ8ywESKf5gCW76cYPfmTReHv,Elven,5,HELIUS_METADATA_BASELINE
BZmgAE5ZVi8jsyJjNhDti89BE8sn4Gg27w9cdbeZ8v26,Bronze,1,HELIUS_METADATA_BASELINE
BZoMNwg6sutRJmZCjAt6d1e2yBhzukNg53FxUtZRh3rT,Bronze,1,HELIUS_METADATA_BASELINE
BZu1Er6TjDrZeja65Vp6zSyVJjiTd2MMGr4qDGad5bib,Silver,2,HELIUS_METADATA_BASELINE
BaRWC3B7tcWqQJ9zyN2CwDKNuZo4L1HnCPR5LTDTYyUF,Bronze,1,HELIUS_METADATA_BASELINE
BaRrcUHQZfs8TMNGjAH7aU4xuqwkCmVxKvdFsDsWWHfx,Arcane,4,HELIUS_METADATA_BASELINE
BaTkzhbwZcyedxBUwW9hsVqGEXX9pMMrMWB2kaGNyfTB,Gold,3,HELIUS_METADATA_BASELINE
BaWTLuq2PmDb3bAFUAVp8htHhUMTM95tqha79A1LEy2b,Bronze,1,HELIUS_METADATA_BASELINE
BakLoupmycsBxTZMoYxvTCbxpz4U5RKtzuWDqKvncWn3,Silver,2,HELIUS_METADATA_BASELINE
BaqFCdPKpehbLxR7WB4n1K8DpAmsMQbUuPtrFmWCpG2k,Silver,2,HELIUS_METADATA_BASELINE
Bb5ExqnHEKBLkUS1Vrv2o2La2svd7tAz6UHxJ5GbjB8s,Arcane,4,HELIUS_METADATA_BASELINE
Bb9Di1sEshv4XKf3BkxVPFPvXRHB2BSxboJqJvLQ7YR1,Bronze,1,HELIUS_METADATA_BASELINE
BbQQh5jSZPdkGBppBXf8N5ahTX88QGyzzdVnnrdTWfMX,Bronze,1,HELIUS_METADATA_BASELINE
BbSLKzQbVi7AXZCxt1rn3SG4EhPB9jifUuK9YebNmPLZ,Silver,2,HELIUS_METADATA_BASELINE
BbdANRCHThsKptRebQYWJu8g9w6ra174TpAmtvu3Fxpt,Arcane,4,HELIUS_METADATA_BASELINE
BbeDehrVew4f47xk2CBo21PAwTCiCyiepyZzTVJr3cTY,Silver,2,HELIUS_METADATA_BASELINE
BbeRnAp6irvv9qXhDESQejQPTw5nZ3zc6JS32K4JvQof,Bronze,1,HELIUS_METADATA_BASELINE
BbeS68KUUkUjsAnUWL6LyW8kFey2QhGHsBE9QFqCKZJs,Silver,2,HELIUS_METADATA_BASELINE
BbhEY4nBRwE5VgSNZMQzWkEAasi5TESxN4KVGNz8oMAa,Elven,5,HELIUS_METADATA_BASELINE
BbiYfD8MqFw7f2uxDc26q7m7xLjnL4jZC6CNoZtpZ7at,Bronze,1,HELIUS_METADATA_BASELINE
BbjW8qRYs33CBun2xiTqb4dC4XNxY2zviFFZm4Z7UBdp,Silver,2,HELIUS_METADATA_BASELINE
BbmLifR6ADj2eFH1S3KqK4NJwnmos7XU4Pt4yVWq6AzS,Gold,3,HELIUS_METADATA_BASELINE
BbnZtwx2ixhgsD7YQFneL4Scwo259Ww3WUWZrn2NXAi4,Arcane,4,HELIUS_METADATA_BASELINE
BbrJJxEXJDZoFY7PscvTgiF5FhmhLFZnKnhReb6eZyoK,Bronze,1,HELIUS_METADATA_BASELINE
BcAKLPufAd8PA2jhCeMTYPBiv3985o6cwp4TitFyTLsZ,Bronze,1,HELIUS_METADATA_BASELINE
BcK9s7LqKUEMrhoXbs7WicLJX8bfCqoMh9un9MMPdtN4,Gold,3,HELIUS_METADATA_BASELINE
BcN9q4aVNvDjVUEY1K2MCNJocpaRq2huvnWDmYAgSHr5,Gold,3,HELIUS_METADATA_BASELINE
BcdwsRuPZhwbGbdb9BwEi7sUc8VF79aSv6Wt2KYCVKMx,Silver,2,HELIUS_METADATA_BASELINE
BcpzxMJYG7bXbRCUjnq1afjfGuDPzTdLPQju7NKApVsP,Silver,2,HELIUS_METADATA_BASELINE
Bczr55gx3WxxRvMCfJnZzowzmHn2vc4BsFtmKxFXBuKc,Silver,2,HELIUS_METADATA_BASELINE
BdBuj9CEbX76PYyyxbr1rmkPBuyUh2AMLxfYGgpe1Paj,Bronze,1,HELIUS_METADATA_BASELINE
BdGGxzxaduP7yZLFKQG4seHNsbGoVxjdFnm1yP3wrRo4,Arcane,4,HELIUS_METADATA_BASELINE
BdKwjpLSv2FyMF7BNXTzsYxHdF6D3PsBoiW1UxbFee3,Arcane,4,HELIUS_METADATA_BASELINE
BdNF5XpxrX6Cr1R7chk6yGDkVe9rww73GGnp3oGJ8W2t,Silver,2,HELIUS_METADATA_BASELINE
BdV3mZrrsCshE2efWBCeUr4EkaSj629kVZxCs17regZG,Bronze,1,HELIUS_METADATA_BASELINE
BdgwckrKPfV5aeLALgsRtvqYSmfdU9JviCVhQFxPZYD4,Silver,2,HELIUS_METADATA_BASELINE
BdiSAqyuzjMVJkHAnjEF39dS2pRDcjy79hHHzer15PDz,Bronze,1,HELIUS_METADATA_BASELINE
Bdkkt3u2Qx3FBmTQH1rB9XNBvuQLGXDdz2u8HHiGMED8,Bronze,1,HELIUS_METADATA_BASELINE
BdmT1CjssSGPGTwBvbeAUeLmg7i8aGfZ1DFxHFSDAT9c,Bronze,1,HELIUS_METADATA_BASELINE
Bdp72cvMMnVaSN3So19BkefgJER3ZEPru8zN4hPM4Ahe,Gold,3,HELIUS_METADATA_BASELINE
Bdwakd8HM2dchpSApR2DnNn7ofw8rvXbgyDSkZt7UCVg,Silver,2,HELIUS_METADATA_BASELINE
BdzSG4RHwZPg2dW5G9sk8C7MXca1uwU36TAKbaT7YGxi,Silver,2,HELIUS_METADATA_BASELINE
BeGFNG3rP9nCqVvkhSn4T4c9W25zUwMMHfttsXiycyow,Silver,2,HELIUS_METADATA_BASELINE
BeHqSJr1iGX6vGZ3kBTR6o3iFfTJHxAY8r7yF6V1n7oe,Gold,3,HELIUS_METADATA_BASELINE
BeciBH76jXQ6QCeNBTAdAjpLL7BqVtnttvTC8koKFjP2,Gold,3,HELIUS_METADATA_BASELINE
BeeVjZVgFE5Vc8TubPeYy5L33ba1nNevbczey5uxABu4,Gold,3,HELIUS_METADATA_BASELINE
BejAsiP9tvTToAYjXkBB8AEK7bNWVLEdXswVaqKAMKBG,Bronze,1,HELIUS_METADATA_BASELINE
Bejfro4kHT6Bh7PBJwhSHKVMuHMLY78ZeiH721cgkX95,Arcane,4,HELIUS_METADATA_BASELINE
BessKENdkADbxm4keb7J6XdwMDZrYY2HLkjMyXT5XUWZ,Silver,2,HELIUS_METADATA_BASELINE
Bf6rwkfGNasQR8WyS1BjsKRd2CqqDQqM7xVgGXBBHsZo,Elven,5,HELIUS_METADATA_BASELINE
Bf748HyaSFW5DcqDJ8u9xDmDuxc8U35hnUMqQkHxTqSr,Silver,2,HELIUS_METADATA_BASELINE
BfDUEd9ZuAExUUS8rea6a3Az2DHwTmda2YnicJFprhqU,Silver,2,HELIUS_METADATA_BASELINE
BfJTZ58Ff8SWssErmuZYqLM8hdsYnbTPxHJ5EiJNZ1ub,Silver,2,HELIUS_METADATA_BASELINE
BfKxi2HsEQTRapykMdnyTqHH751APsApQsTLQARKs2rC,Bronze,1,HELIUS_METADATA_BASELINE
BfQ9Zidro1A6RVg3Z8e9j57jLU4evDPNBDagKM3ycHfq,Bronze,1,HELIUS_METADATA_BASELINE
BfbLUJ4XWqkiP5pAbCg7UJ5jYFkwKsNFzchkYRf5GQKR,Bronze,1,HELIUS_METADATA_BASELINE
BfbNS67qSfnTB7mfFMPG3ToS8pMWxZ7H7fUhujieZC7h,Bronze,1,HELIUS_METADATA_BASELINE
Bfhmb5VFj2WKr1hSZKNfKJKEJ3QEU1uYMowU2k4NbB31,Gold,3,HELIUS_METADATA_BASELINE
BfjDoaDzhsMxTv4Ey7umtLgGonw8EB79JTTKiVJxm9QQ,Silver,2,HELIUS_METADATA_BASELINE
Bfkoy6PgbXoa3njW31feSygoGqjHqYMTfPR39qWuwEHc,Silver,2,HELIUS_METADATA_BASELINE
BfnwP6RChgHDeHQSbbqmgvfBtSh9LtVDAaDVaBg6CMrQ,Bronze,1,HELIUS_METADATA_BASELINE
Bfuae8VuQ8SM3dpGA9K6frF7QeMWhEgURF2QgF4F7AQi,Bronze,1,HELIUS_METADATA_BASELINE
Bg2CDh2NdEG4YdQPDBqj2Xm7KS5Ab1945AG7NrUvyHHG,Bronze,1,HELIUS_METADATA_BASELINE
Bg3a5F1bfqKRcQMxcrj1iQvefbXkZimihX5AqF97M2Px,Bronze,1,HELIUS_METADATA_BASELINE
BgA26PibupwYBf1k1FCGCtgqmBeKW9c5rrTpMpuWyVCQ,Bronze,1,HELIUS_METADATA_BASELINE
BgBctxish8VQjrbnouvCWZzbrDLzYiaMKjp2yKinrwAw,Bronze,1,HELIUS_METADATA_BASELINE
BgT5p2uduGyu6eT3dXCKw6nsGaBmrxE9VNLkGNkQukmF,Bronze,1,HELIUS_METADATA_BASELINE
BgWa6pyHX1QRRaFJHMTHvb2Xt8tDTDf8iLuYYkXh6EGF,Bronze,1,HELIUS_METADATA_BASELINE
BgYEZaBGg6fzHJKwWGW5czdpcKQQ3H6M3gFtvzq6w7ek,Gold,3,HELIUS_METADATA_BASELINE
Bgg2wcvhpieocxqPRE3kgE9BXdZq2Yuf3fLnn62EbLch,Gold,3,HELIUS_METADATA_BASELINE
Bggr1Te6X5fYA8YYkmpwHM6LFK1o7JeMdxRwCUSkQrft,Silver,2,HELIUS_METADATA_BASELINE
Bh3JPek6KbYdGeKvpSXigxRSX4nNSWPcBZoLpv9FqgL4,Gold,3,HELIUS_METADATA_BASELINE
BhD3XezTYbhJxRB7371Aw1rrJa2FY3n3912WToRsHrDM,Arcane,4,HELIUS_METADATA_BASELINE
BhGC4Hu2hWZPJ1U8eAbfHd1Lsh1m17Jic4t2LUErWNxx,Silver,2,HELIUS_METADATA_BASELINE
BhHK57ULBSo32CWnBGPyLytybJRnt4QRe8HqZ8GsxpNW,Bronze,1,HELIUS_METADATA_BASELINE
BhS2UUoZHykLusMLAtbdhfGmdbhYwUqiduLxJhJPycwx,Silver,2,HELIUS_METADATA_BASELINE
BhSNd6R4UhwZ5NNYJbj22F77QXHFR8Qjm3aX4A6Tg5yv,Bronze,1,HELIUS_METADATA_BASELINE
BhTsi5xUYzyAAFkFsUVgavuHERt6vBZbi6Z9YTGhaJTs,Elven,5,HELIUS_METADATA_BASELINE
Bhb8JqZz4nA8vRaXhGfGXnxhnS7n27x6Q9iKtFr9CXVt,Silver,2,HELIUS_METADATA_BASELINE
BhcbdXct8u1aNzA5kJ7noN6txzuLUKHLPoKpqy7GAAun,Bronze,1,HELIUS_METADATA_BASELINE
Bhp9VWjx7y2mwGgR5LYWE76Aj8k6h3dALPuJF9AHGVqU,Bronze,1,HELIUS_METADATA_BASELINE
Bi4z1afgQBc4MWF3TV3vfcBti2QvEvF6fuB5PGUrSHg3,Bronze,1,HELIUS_METADATA_BASELINE
BiCXAdS4paw7nE19MpeD23ynaYde9a9WNeSonGdQUjuM,Bronze,1,HELIUS_METADATA_BASELINE
BiDCwEks6haMTZ9ArhymNqnkrVrFem6yxFBKhw5qW8tz,Bronze,1,HELIUS_METADATA_BASELINE
BiFX5ASMzd8ZQzSbzec9tz6awACZJSsbbLYy3dvkpD66,Bronze,1,HELIUS_METADATA_BASELINE
BiJSKGwJhEN5Bt52uMa1xK1XEzQ9evZNUGEbYmAUZnAi,Bronze,1,HELIUS_METADATA_BASELINE
BiMa3svdcxnLXCiet6wty8XkJaNYPVpKur2TFoKa1xQW,Gold,3,HELIUS_METADATA_BASELINE
BiRU9r53heJX9YDpG2x5A75PryMUkbburggJnirCXCtj,Silver,2,HELIUS_METADATA_BASELINE
BiW7F2XNaQ4sRyUrsA6MbXH52bXqAZTPpVrHT4mo8LTD,Silver,2,HELIUS_METADATA_BASELINE
BidfxZKUkr8eC8u8zLZ7ydbibyzteTDjirZNBkhwGgLR,Silver,2,HELIUS_METADATA_BASELINE
BidgGx4xHKorhMA1iUUqjxbGSK3vjTYPdv7pqVS8abYa,Bronze,1,HELIUS_METADATA_BASELINE
BitKc6uxPWj4archLRfFstwAzPs9HWnFMerk4ffivdRj,Gold,3,HELIUS_METADATA_BASELINE
BiuEvgRT2yxARCmuKWASUdoa7SzLHG4zsqx5Us67wZH9,Bronze,1,HELIUS_METADATA_BASELINE
BixikGKJJoYr8cStsz5gaDSSe9ZVGm9NDovJUAb2RWfe,Gold,3,HELIUS_METADATA_BASELINE
Bj1r8iqaNaywGYRpkatNeKUg4nFqmuaUPTjJWmHDcABA,Bronze,1,HELIUS_METADATA_BASELINE
BjB214E8ZRs7kZ5iSyE26wXGK66R5YjwFHuxcsCBm1jX,Bronze,1,HELIUS_METADATA_BASELINE
BjJKuHTzTfeCqcMmMWWwXSfjCQ1kqVg1Pff18TQsSQs1,Gold,3,HELIUS_METADATA_BASELINE
BjK1SkoqHAXhtUJzz9xzdMBi2FuoA3GcSkuf7AgXrSVe,Elven,5,RECOVERED_MINT_IDENTITY_CANONICAL_METADATA
BjKx4eXSHjKc3crT2ssvSkRCgMLRqXm2D4X2EXoRLk6t,Silver,2,HELIUS_METADATA_BASELINE
BjQJnVXEwbmvbLXMAAC4Zb3BKkGvcGEJGwP9yqrFE1UE,Silver,2,HELIUS_METADATA_BASELINE
BjZjN8rL5i2PxDK4zrTKeS2xtLYih1xDpwWm8nGBqBBP,Gold,3,HELIUS_METADATA_BASELINE
Bjp63LPtj8jspz9rBzmii2ccLT8RoyuYJb35Lw7hfjXQ,Bronze,1,HELIUS_METADATA_BASELINE
Bk2ztRPFhQJwNhA9wrUWUPbMiGp7r8BLZHm4JfnFVGCM,Silver,2,HELIUS_METADATA_BASELINE
BkFzA1zGn3c9P4xvKtmjxJcztZAczxXm5x1foQYaqpWh,Silver,2,HELIUS_METADATA_BASELINE
BkRXyxfeCeTAPhnzWnrGTxTb6AnyDi5Dssqi2Tsrya21,Silver,2,HELIUS_METADATA_BASELINE
BkZSPg2PDSXgvDhBzKEM5wNv27VfTye1Eg9SEeyQycWf,Gold,3,HELIUS_METADATA_BASELINE
Bkd2tZMV1NRcjqxC4Dz4AJGAFaeZm5PZRsBcJrChWfrr,Silver,2,HELIUS_METADATA_BASELINE
BkdKwmDoz9TBnnVbL39iLkFn2Goo9V8Aa5jjxPdVsmCC,Gold,3,HELIUS_METADATA_BASELINE
BmAu6vnuacswtD3PBQv9xsUbseGu9XzREUuVj9R6i9dR,Silver,2,HELIUS_METADATA_BASELINE
BmQyZfmpVTwfzZuYfb8XTPEeCXeR4nuhFVYsBNDvTvMV,Silver,2,HELIUS_METADATA_BASELINE
BmWKb9Z8RKDFGP391rfRv3gTs95JWfTcG5xXe4zdfLBC,Bronze,1,HELIUS_METADATA_BASELINE
BmoE7XmoJy4gqoe1GZ16WyTpyhuhE8f26NdYjAGKCc5a,Bronze,1,HELIUS_METADATA_BASELINE
BmuSrrXMFbPVUxtnRhdfTUHVYJUswt1LHhYiAUCa5En2,Bronze,1,HELIUS_METADATA_BASELINE
BnAhG5JXBv7NMTmTy3Q7pL3U7QWp8MJ6LNBrwnbMETPn,Arcane,4,HELIUS_METADATA_BASELINE
BnSi5ky1mXMB1Ed3jNp4ApDZhsakHF9FodNdq1J69KXR,Bronze,1,HELIUS_METADATA_BASELINE
BnWVYBfHy1ukbtz4rZLG3HQDoaWBs4inX9cC5oFh1c7U,Bronze,1,HELIUS_METADATA_BASELINE
BnkSEnsTvkN95QNVKjA35FrzKXAw7DEo53J6fMdxw4dF,Bronze,1,HELIUS_METADATA_BASELINE
BnpmjXnJANT186BmeUtu8reqxihvJGdNFeAbPnrp7Kw,Gold,3,HELIUS_METADATA_BASELINE
Bnsems8s6GcBjgM3rdJu9ZXmcWpPb7wSjfqsP2xYL4oW,Bronze,1,HELIUS_METADATA_BASELINE
BnvyvewFKu7BwKCVKnKKRTQUcHnaDorGsGS5UHwav3u7,Elven,5,HELIUS_METADATA_BASELINE
Bo1dNm8U6RVH8hk8RP2QzRXp4bTbY8YP9kw8emSL4qaE,Silver,2,HELIUS_METADATA_BASELINE
Bo35zApYVBeBX32E8MLZkSxPMNzUz2Q2uKgeimT7B1Vk,Arcane,4,HELIUS_METADATA_BASELINE
BoEiq1Pqzmh8BbuEUhAqc4YQQSim5yKdLqMjcbLqvV6w,Bronze,1,HELIUS_METADATA_BASELINE
BoGMhfJwqQRMvs2mByjihYsaQmvUPGyUcwaNpNFkctnP,Silver,2,HELIUS_METADATA_BASELINE
BoJ2mkDNGpyryw4NDn6RSPxuXtjdAqnhubPGhG6qpu5D,Bronze,1,HELIUS_METADATA_BASELINE
BoKMAsr3PG1sSEu7ZWxm7Rbim9ys5Tf8AYZ43RNGPPkp,Bronze,1,HELIUS_METADATA_BASELINE
BobhGtPixmvwUAn7YDP8BXMbHMyWn2EVKegbpicQE3qx,Silver,2,HELIUS_METADATA_BASELINE
BocxHMVT7Gh2Prc36f5WWrNk7u2qm2JWyqzbv6TcatP4,Gold,3,HELIUS_METADATA_BASELINE
Bof5e2Z9Lgec6bfv5LU3FhJ9uv6i6BXdcNx9nFCkY9Bi,Gold,3,HELIUS_METADATA_BASELINE
BomgdzzTCbzDPqn7JyERgPTCyGFStaPuPmt2jc1Ra57b,Silver,2,HELIUS_METADATA_BASELINE
BotvSDKJuq4oRcExZKN6bH395QM6V7BMYmx83nvcfJLe,Gold,3,HELIUS_METADATA_BASELINE
BoyQ4ybCcBg22DKJ6pyuxtun6kwARiMuEdKKn64NGY6R,Bronze,1,HELIUS_METADATA_BASELINE
BozUdtHJmP4vp3KF2piAq12bnKiK3AZ6JYQ87jXk2bww,Arcane,4,HELIUS_METADATA_BASELINE
Bp3nMMy2WrRkm6RSXijxfktJWCSL4P8FHRshRsfbbyqa,Silver,2,HELIUS_METADATA_BASELINE
Bp8LYBihr7fi1rWui8TbJkF524DR3DXx7jKLAmy2xUt7,Bronze,1,HELIUS_METADATA_BASELINE
BpAA431LTwzR7SQLhk5FWxnEEutrDLe9rKmyT9NgZnZ6,Bronze,1,HELIUS_METADATA_BASELINE
BpGXYVGArXANRv7PhTGcywhQNK11EuirPucxDp25wbWe,Silver,2,HELIUS_METADATA_BASELINE
BpJNVa9LH29r6MCXW8qF8vrtGRkMUTBu52P2rKT8iAPb,Bronze,1,HELIUS_METADATA_BASELINE
BpS4XKMLAnH8fCZL2G4ZjBVVbLq47yDhZV2i2Fp3t2wQ,Silver,2,HELIUS_METADATA_BASELINE
BpSS1gtXmmh4RERwGBtYEafBTdHAKV6nbm3dbsqMFf9L,Bronze,1,HELIUS_METADATA_BASELINE
BpVKhaLrNw1VgTz4qsvvZdKa3U3AqwrbkNE7SVYfbxUc,Silver,2,HELIUS_METADATA_BASELINE
BpXnxzWN3Ew92n1ouQ7j8Xt6XVXZ6kLMquo5mUikRFqP,Silver,2,HELIUS_METADATA_BASELINE
BpfDBvCG45MAeKysM4Dsk6bDbccZ5roQReFif2rwPz7w,Bronze,1,HELIUS_METADATA_BASELINE
BpfEcqBeJqCrFA7TzanRT5yfUmVsskgiPQ3p8gxfnKsp,Silver,2,HELIUS_METADATA_BASELINE
BphocyMqpJmDJzsUNeDoRHYbEof34ADEjKnbTKG7uhxJ,Arcane,4,HELIUS_METADATA_BASELINE
BpwxyVMRfyTmPaWtUtmBxFLAgfmNLSfXEUViy8qg6V4B,Silver,2,HELIUS_METADATA_BASELINE
BpxHXYGTsWLgNJehwWmX84hHNy5gBoJED5V8UQYBLYva,Silver,2,HELIUS_METADATA_BASELINE
BqAdXYCK1vqymyC8CrNqvUxmxhENnQkAxbNH1fGttZXP,Gold,3,HELIUS_METADATA_BASELINE
BqTJAu1dq8czAszR9kkVqi8kjZpqwMYsa4i2krc8o5mE,Bronze,1,HELIUS_METADATA_BASELINE
BqTNiMqc2EcjmAhbYTVm3nU2Y6BxK6GCXWCaFSvVaTEB,Gold,3,HELIUS_METADATA_BASELINE
BqUNd5EGNJZDAMrDQ3TxpyvEH5f5gyxPaE5EkeAT24Vu,Bronze,1,HELIUS_METADATA_BASELINE
Bqa1oFv7UdPQSRyV5mqfSUTogY7ft5vQw7tCKmgSLZsD,Bronze,1,HELIUS_METADATA_BASELINE
BqaDiAGYv7Kvae8ruWXofHAtrfbUUxQEWWb2zicrNFn4,Silver,2,HELIUS_METADATA_BASELINE
BqnCnxPMUYzxVwgqeKoPrZ5YaGhJ4S5hNvKMPjp7qZeU,Bronze,1,HELIUS_METADATA_BASELINE
BqsFKfgc8V3KJm1Uyc6cFFG3KVLVKJFxe3g2i5xxranx,Silver,2,HELIUS_METADATA_BASELINE
BqsmRPMYhkuMNHu9V6SshSnFwTUoWpiVgMnps2sP1wwF,Bronze,1,HELIUS_METADATA_BASELINE
Bqvx9D2Ps5mcU4sk9HJGaoGJRwrvetH3h8vcMUZXVmZv,Bronze,1,HELIUS_METADATA_BASELINE
Br4DboPk7NcCND4fC84Jugkf9feWfTKKAs5tVeWDAnvs,Bronze,1,HELIUS_METADATA_BASELINE
Br53tB1VmfCiCPZpKimrW8PWFsvWmWaqQNRVrAqEmpZ7,Bronze,1,HELIUS_METADATA_BASELINE
BrKyF9s2Qh7aJKAKZwdWJdvYMvavoREFJxHQH5HYLoXS,Silver,2,HELIUS_METADATA_BASELINE
BrZurNQfBadcZWfyhgTtqk3CNDToQJknTJFt4eUc9fR2,Silver,2,HELIUS_METADATA_BASELINE
BrkHJzBjQRJbasUYFKJtfxnAQG71bMWjWVZomLkzsMya,Silver,2,HELIUS_METADATA_BASELINE
BrmCLHPxxqoefnJUKGk3zmNbdJm399aNwNFdvqkvEwxG,Elven,5,HELIUS_METADATA_BASELINE
BrxLc3ye5XEJbM7aXok3n3YYY6zTPALZgp38v6DwSord,Bronze,1,HELIUS_METADATA_BASELINE
BsE5P9s25r74X6rw1wVEBEiq5eLFRqxJky51hd51egB,Arcane,4,HELIUS_METADATA_BASELINE
BsK2LdF9aTDjKLt5inQ1aEQy24xiF1boiFbWcGtw2YQf,Bronze,1,HELIUS_METADATA_BASELINE
BsNxe5QKUV5tCY7AS5jounpuZEefuNhyZzRUVAesBhWP,Gold,3,HELIUS_METADATA_BASELINE
BshP4x6ctZLR2iV62qLtigF1zdhCupTosaMhs2ZDTJoP,Bronze,1,HELIUS_METADATA_BASELINE
BshuVG65rFYpYtAcm1yL6si5LWrzeGvRW8AqTPUdi2nM,Bronze,1,HELIUS_METADATA_BASELINE
BsiNBVAhJReamimJT5gnyMEvjQkbCEgMAtLUYMBGay4B,Silver,2,HELIUS_METADATA_BASELINE
BsqXUTEhpEenvQdXFuAWSFKXuNC2FoZPiaBG1FRBbhfC,Bronze,1,HELIUS_METADATA_BASELINE
Bt8VicsN2pw9kSknoKhmJNUmjBVcAdArw7jzv6tMD45P,Silver,2,HELIUS_METADATA_BASELINE
Bt8r4YaU4XyAkhA8sFJbkgfvS6fgbe7ub5uqAi99kb88,Gold,3,HELIUS_METADATA_BASELINE
BtDnTzjXadZUZrCo3JdVSdyhwZFPmcj1PUsqy5wZsLxS,Gold,3,HELIUS_METADATA_BASELINE
BtRSgmKGghE2Tq2rB1nArM4sP9f6zohNijvNRPGhmypz,Bronze,1,HELIUS_METADATA_BASELINE
BtTp1USLKeZBx9jRx9wtosjBcyE4vchGYzsPAtPU1gja,Bronze,1,HELIUS_METADATA_BASELINE
BthLR5oB4fVF7NmeveFB7nbxRi3HXWpJXxrJS2mjhd6Q,Silver,2,HELIUS_METADATA_BASELINE
Bu1sYF9bL9i5WFtvQ7WKopat9L1S2WXmqALN9bE2muph,Bronze,1,HELIUS_METADATA_BASELINE
Bu7D7yTGXMDNu3NKFQwzdzp6rxRZCV8oHUivwsVSfoGc,Silver,2,HELIUS_METADATA_BASELINE
BuDRgEEMCPjmHuwRcixhzLUUuWH7UzQLdSfYb5iRuBjE,Bronze,1,HELIUS_METADATA_BASELINE
BuJfRGwBAYyw2zZ7mQ3Buepy4CDAYLAg1mkPqZsmsunN,Silver,2,HELIUS_METADATA_BASELINE
BuKMR6qGyoFggqhgLrYEs7yEwEwidvKuUGwtjDrzLAkB,Bronze,1,HELIUS_METADATA_BASELINE
BuaHPhNkm1WwYmKUAo5fgqJ4UPrXzerxNXKvrZrCLgvo,Gold,3,HELIUS_METADATA_BASELINE
BudzUZ22QjcKJkUEFai8CvJixbmiY1nRT5M2u28Yxkok,Silver,2,HELIUS_METADATA_BASELINE
Buev7cjY7qYFxXLZzSVxZLMr6u2vUW4iQEcwxV7jSPAj,Gold,3,HELIUS_METADATA_BASELINE
Bumq1QSsXBKPiwNYsoitFEvxThRVU2jFpErjpWEFgmo1,Bronze,1,HELIUS_METADATA_BASELINE
BuptcdCrZBxBSPNLr7SjvR2zLKrZMHF1yJHdu82Ai3pv,Silver,2,HELIUS_METADATA_BASELINE
Bv1xg2V2kc27NK4GQ1ww8ZgMaUkYkk7CnkJ28E8DayFL,Arcane,4,HELIUS_METADATA_BASELINE
Bv2bLvVxRPB8WKWKMa5txesPuyAcAnHQgcDK8m9aFQ7Z,Bronze,1,HELIUS_METADATA_BASELINE
Bv4sVCYM4FeEDdVVDYRY2yaUTfJGgqvmoeSGjW9FFvmY,Arcane,4,HELIUS_METADATA_BASELINE
Bv5sTjjRoownYDL34p9DQMpwhJhTzzQXfnvc6Qvsevoc,Bronze,1,HELIUS_METADATA_BASELINE
BvMXo6pZh7YYzjtUzoqRoom7x6kLx3LUm8oRDD1uBbL5,Bronze,1,HELIUS_METADATA_BASELINE
BvfGjznhuDVaunvZXFavNdUxKrm9DnCK367cw4T8JhNc,Bronze,1,HELIUS_METADATA_BASELINE
BviM7n61GLvR8y4UkMM8AxWZ4vtDn1GsEznTgjawEB7j,Gold,3,HELIUS_METADATA_BASELINE
BvkRkCAZ8mjnA2jdFSrsCP3MCoJWamCJPoynmoaHSBEQ,Bronze,1,HELIUS_METADATA_BASELINE
Bvz6Wy3Mc5dNs8UwhtpxPcBZyUfV9B8tx2Ww5JWyGB2i,Gold,3,HELIUS_METADATA_BASELINE
BwD2GWg273bJDN1HZEwCEZttNwcviWwZYgDVEhp74uQq,Bronze,1,HELIUS_METADATA_BASELINE
BwLhtJT94UBJRsK46iHkT5JhS4RwWAcZnHKsK9bukyEE,Silver,2,HELIUS_METADATA_BASELINE
BwUcbd3TkVbC8HhAFe9Rox3739tYkTYoDcTpPM55Xn3b,Bronze,1,HELIUS_METADATA_BASELINE
BwWEoSFL73uvHVuweh2LXw3DKX458osKeSWdagBt3dBY,Bronze,1,HELIUS_METADATA_BASELINE
BwaYSELssUs1jPGrUpyt4dxY2mCopwiE9egjoxJMgxkc,Arcane,4,HELIUS_METADATA_BASELINE
Bwmw6HkUebKtychSa9iv6PpUy3BV8B17pxHwFm5giBnC,Bronze,1,HELIUS_METADATA_BASELINE
BwqQNGgk2Qig8ywZBY7vnT2KoQe4BJpC6YBZ9Gm5tk9F,Arcane,4,HELIUS_METADATA_BASELINE
BwsTGKBCzbGMN45Uy5XBSehdjnbTokq8BsJfuZczJ3Nd,Gold,3,HELIUS_METADATA_BASELINE
BwtCGSvyAhXGxQMrwMinm5LHiShArUoPukn1Jr3ESPvM,Arcane,4,HELIUS_METADATA_BASELINE
BwwwCekme8CnK5K9uh3izNQdQu2Fx3tMF3XSsrbz3e8G,Arcane,4,HELIUS_METADATA_BASELINE
Bx44PA664h87TeeQqaqBG9YCvXKLJk9ZmH7FfUKe7853,Silver,2,HELIUS_METADATA_BASELINE
Bx7M9btN5tY8crFeDPi4SaPzHcircFvALFmn6UmHEkjg,Gold,3,HELIUS_METADATA_BASELINE
BxB7X7rjc2Z3HXUzxhc9v8ViuPuc3QaTJvJwS7LjY5NG,Bronze,1,HELIUS_METADATA_BASELINE
BxBEyZmW8mo3x9nzJBaL2L1FnyVxGBZcCjP2NETVHMgt,Bronze,1,HELIUS_METADATA_BASELINE
BxKrc48ZAvDCSAc7Zjua54AKvTrRoboGRpQCPPEesVbE,Bronze,1,HELIUS_METADATA_BASELINE
BxL5JfiUV42m28Sb4FJ7ABLjTQ6f4Z4F33chTBswEnRr,Arcane,4,HELIUS_METADATA_BASELINE
BxLuGF6Z4AHjfD7Zc57MHm8gVHc3gK8DzhRQuXrrJ5QK,Silver,2,HELIUS_METADATA_BASELINE
Bxh87EMjCDM8KMe9P1idcjPxqp7nYS2Fmr7G498knpSJ,Bronze,1,HELIUS_METADATA_BASELINE
Bxie35XG52TJqw1M4YETyVzPA6o9Dc6MwnWrgNxkMg5b,Gold,3,HELIUS_METADATA_BASELINE
Bxiwfr8ofq9qUAuVwRdY51VMh3yFFbWsgbNv2QLsLa3v,Arcane,4,HELIUS_METADATA_BASELINE
BxmXFm9LA7bhkvJk9wHEBaGGQs6i71mMtyP6wpY9bQHr,Bronze,1,HELIUS_METADATA_BASELINE
Bxo75nGBvpFZ2FgY6bboHQYhRvmrHQ8HLZUiXtidCKNJ,Bronze,1,HELIUS_METADATA_BASELINE
BxogCAubWiPQYydvD65EMSLifZpKvDJqPvR5intCdpRf,Gold,3,HELIUS_METADATA_BASELINE
Bxpn7NdrX2S3rLZyfPk2satCq1fsCKUGY37xJznAM5XT,Silver,2,HELIUS_METADATA_BASELINE
Bxvcwxt5Bf9bRkmVNyqiT6RrgZqX5g3MkXz78eza12US,Bronze,1,HELIUS_METADATA_BASELINE
ByA36yu1jmjbQBQwSabkjcUmAeoyh77FaABXhuGzi15K,Silver,2,HELIUS_METADATA_BASELINE
ByAAmDWYHucgVqF5c27xJiVA8ELTPfZJowqx8aw1iEtb,Silver,2,HELIUS_METADATA_BASELINE
ByPB2yhAAuCa52HV5jxEZ1ieZHaYYoKxv3syXHum4xV3,Silver,2,HELIUS_METADATA_BASELINE
ByfUSQegPuDtdgkqh8LiKLwaa7Pk8DhtmsTsw1R1WMkV,Silver,2,HELIUS_METADATA_BASELINE
ByfqJoz3jBGSM4E7ZWanmATiYmbY7kXZrmtvqLAkYmaJ,Silver,2,HELIUS_METADATA_BASELINE
Bym47CcP7yAT5omVKfqtmWXveMyREwcDhahuRknzLdbA,Arcane,4,HELIUS_METADATA_BASELINE
ByrERdmyeM1kxfe8WuZPVj6WERn94R3153kWywi4xhfq,Bronze,1,HELIUS_METADATA_BASELINE
ByuHrV1VaWmaugPni5sQxn2jr5NnF97yYHXyahy3oHyD,Silver,2,HELIUS_METADATA_BASELINE
Byz2zJnTm6vEG5STvuin27GNpKe6nxP9WsVWfPkc6aq4,Bronze,1,HELIUS_METADATA_BASELINE
Bz1b5NJ39WPjMbMxZyJe7fZuDvYPzVRaEkQfq4MBsvBw,Arcane,4,HELIUS_METADATA_BASELINE
BzYHudBGGf24nKvctiGbfhmYH6XBqYHXwFW3Q9PJsZcD,Silver,2,HELIUS_METADATA_BASELINE
BzYU9LiC2sdjga66v2e28ocdFynEQKsLGwThWHgtLLk2,Bronze,1,HELIUS_METADATA_BASELINE
BzfCMZQogYnChYnjEWGtGCx875tgWoXo9NjLXpAvZqnu,Gold,3,HELIUS_METADATA_BASELINE
BzxqaXjdGh1LN8jYiiVFjArdUHPAq9kTsLe9hTwb4K2o,Silver,2,HELIUS_METADATA_BASELINE
C11f6zzXkTkxd92L5GuJd97UtQn9rJ75xfqdr6g2eKEy,Arcane,4,HELIUS_METADATA_BASELINE
C1Auv6Vq1HvcvmsV6WcwWUP3xU4bGXmB8uzEpaZLcqoU,Bronze,1,HELIUS_METADATA_BASELINE
C1CK6LCweDb3KNBxVjfCdQwswnmo65Gw7ikcvkwVA9XP,Bronze,1,HELIUS_METADATA_BASELINE
C1FS8WV8f2o7BFoTyS2XYHbCv44Sama4jccuYbuT9nqt,Bronze,1,HELIUS_METADATA_BASELINE
C1FkTMQaeuLagQtg5ykKZSM94skc3AQ5Ev7BPb4kBpnJ,Bronze,1,HELIUS_METADATA_BASELINE
C1NLM6nrtWK1DDkinpca8Ga71XUHavYmub1kanudeuxy,Gold,3,HELIUS_METADATA_BASELINE
C1cvp28UQMhQqY8W8n3kkmBaYvLUt5KrsMQe2Kt3cDaL,Silver,2,HELIUS_METADATA_BASELINE
C1eQPw81ZH6SEGFVD426TUYEgAmv6ZXiajbH2Vs4Vd8d,Silver,2,HELIUS_METADATA_BASELINE
C1egJEmzFEWKDWF4WZhQzDy2CZEFVU3KGTJmyzSwfaNh,Silver,2,HELIUS_METADATA_BASELINE
C1pwZnkZGh4moT3yt2UQEwfU2ydLRCX2Qv7YxgjGmwg9,Bronze,1,HELIUS_METADATA_BASELINE
C1zWg1823uMBXVWQxYCxGmkjYQWFfX9qbDMyNucuUXZS,Arcane,4,HELIUS_METADATA_BASELINE
C25Q4CcQC9RtCHdXSxheReUQygkW3tfL2JBwBURW24SX,Gold,3,HELIUS_METADATA_BASELINE
C28LTL7xAiBd1ME7ZM3KCKUBGuxtGSXsYbue6WYFCXBq,Silver,2,HELIUS_METADATA_BASELINE
C2AFGt5mWuHwE1zjpFSgQ3QAhPyqQQx88PLkNyHRdooS,Bronze,1,HELIUS_METADATA_BASELINE
C2BeFL1zVCaRvVnKY3woo9iNaLWDnh8orZPQxM1irHW9,Silver,2,HELIUS_METADATA_BASELINE
C2EoNxLvhGoKVNFvwZzxP9THiB6hRZkfPz3Gb7GFCY8T,Arcane,4,HELIUS_METADATA_BASELINE
C2HZiapWC2g7zNL1zRLdkt8VKZHDgSosSUnMxfPuBFj5,Bronze,1,HELIUS_METADATA_BASELINE
C2ZwrEXzQ23eXTqPeWuT11rj7Rm43SwJjZxsGbV3ov1D,Arcane,4,HELIUS_METADATA_BASELINE
C2h1hg8KqXRa522idwLh8LbviHSHPAGtSLcPj4W7ujYc,Bronze,1,HELIUS_METADATA_BASELINE
C2h1z81pkjewnMauTaEaqfsjz26XzxZ2yceeq33RXK9D,Gold,3,HELIUS_METADATA_BASELINE
C2sUiLEeWJujGu5vWZ3Butte7zAnvc2xSRT9mVjtesSh,Bronze,1,HELIUS_METADATA_BASELINE
C2yoUxrZR7itA1ecVVUdsVjunUgwQzfzNPFfqcrdLwAR,Silver,2,HELIUS_METADATA_BASELINE
C3AMNvxbcHp1N8Q9hvdxeAAYUTD2j9qXFyfsdAwMCCfR,Bronze,1,HELIUS_METADATA_BASELINE
C3RcbR8vu9sHJbftbAcaMKk6wBXyUaS4LSdhMn43orb1,Bronze,1,HELIUS_METADATA_BASELINE
C3TkBomDQaHkCAkg1yEqw3Su31PnbK1cWp9nknqKnmyo,Silver,2,HELIUS_METADATA_BASELINE
C3VTkuG43WcWniuPAzBKcAaExQsU68NiRv6Q38gedCrC,Bronze,1,HELIUS_METADATA_BASELINE
C3WCPmvrAfTtawxdJzpoAgPFst4c6m3ngLEz3VY5cxnF,Bronze,1,HELIUS_METADATA_BASELINE
C3ahmE92F7HcxBmGXv1zvP1DK6ZPGGGMFYwHhic5gnWm,Gold,3,HELIUS_METADATA_BASELINE
C3hpjiy3YRmyPdorbDyGUcF3TZYGq4oBxRaTfesHJ51v,Silver,2,HELIUS_METADATA_BASELINE
C3n6d7hSf8PaKexYbZyCWQ4MYfQ5H7Jwx3DvmkM7W29Q,Arcane,4,HELIUS_METADATA_BASELINE
C3u5tNBxqwbVFSPCWDJtkPTbcEVfyWrfQfAjXiDu79Gr,Gold,3,HELIUS_METADATA_BASELINE
C491r6qVvgAZoyCdvyKyf6w1K2g5NTrKGXBZ3zYQ1deu,Silver,2,HELIUS_METADATA_BASELINE
C49nz3dcg3LQduyzW7g3unC8wmd968QJDKnZ4DDbrYZD,Silver,2,HELIUS_METADATA_BASELINE
C4EVmCjYzwCwKk84ds5k5axJaPzQ6zfjgtdqxc3mfAKK,Elven,5,HELIUS_METADATA_BASELINE
C4G7o6UP6BYnLaMThKPrLfKasBE9kQD5n3WgdcxJvnHS,Gold,3,HELIUS_METADATA_BASELINE
C4JepR9VoRCdMVqhWiC9J1EjzvDMCuzyeNRf8QmGLPJZ,Silver,2,HELIUS_METADATA_BASELINE
C4NVeYej3NyaUoe2rnmvapkicEtnA1Fo3BKWmDf9N18W,Bronze,1,HELIUS_METADATA_BASELINE
C4PgtiHdiNJ8p69pBM9V59Jv2zn6DbPSjMKLC4jeuSxP,Bronze,1,HELIUS_METADATA_BASELINE
C4Sp1dq2oL8J1VZpdikH46RRNAnqiEmosXt3y8kYkXe,Silver,2,HELIUS_METADATA_BASELINE
C4b2z2SVCPS7sahNp9YL2JY89qgrSUFcQk5Krs7EY3wV,Bronze,1,HELIUS_METADATA_BASELINE
C4gBoxzTg995BCK8emMJWWAWQo4gDSWK6tMuL8BkSFGp,Gold,3,HELIUS_METADATA_BASELINE
C4oqNr2EcfiqYMSNr8PKcDbxxuMFZAQ5BbAWoGtF3ZVt,Arcane,4,HELIUS_METADATA_BASELINE
C4vq2LKzekphJgo7Y2ATgHbe7NMDxFF4Yb3A4SjajSK4,Bronze,1,HELIUS_METADATA_BASELINE
C52JXnneFFaVPwvRKSJ628pEFixqEdrXycPzJFaYEQwK,Bronze,1,HELIUS_METADATA_BASELINE
C5CSKsa8sSnA9mjPHXo1HPyzUyjgiEu2VqbPRgXzZXJs,Arcane,4,HELIUS_METADATA_BASELINE
C5Fgjd1GbjvECfTYkqHJCKZhApPgZ3tpFdj8ZfQ8Aeks,Bronze,1,HELIUS_METADATA_BASELINE
C5LUBg1hCygBLXcNtSS3SPdenw3hcnhYSEnMJXmwgcMS,Gold,3,HELIUS_METADATA_BASELINE
C5s6rwpzBmGaEeRFyaR2j9LmyYjXiy4SgkHarh62FfYG,Bronze,1,HELIUS_METADATA_BASELINE
C5tbEsrZ4DaNMTnJeya7rH8bgwsBRFrQC7vmkpAtYqLU,Bronze,1,HELIUS_METADATA_BASELINE
C5vkkjsJzeQ9Ts1EyGMYwdf5JKTatoPCaTifWQAgsZY9,Silver,2,HELIUS_METADATA_BASELINE
C63BbKaetCEdBdpn5EgKaXZMJ3RUcZfyr3bWa5qnZnPb,Silver,2,HELIUS_METADATA_BASELINE
C66RT5mroETCyDVY1Nq8A3tWFT1tudbVF8jiCmLtUQZt,Arcane,4,HELIUS_METADATA_BASELINE
C6NjhypFGdsdpE2YSZgCEYHEFY4bmZScyqzruYFAitBL,Gold,3,HELIUS_METADATA_BASELINE
C6SAB6UMZKskuKCs8NSyiPzqhsahhpW2tVuMCmDynbZv,Silver,2,HELIUS_METADATA_BASELINE
C6gEoNztXCh31qCAB1ZWrQ68awLWnAjTxEiNpUX8taVN,Silver,2,HELIUS_METADATA_BASELINE
C6hnS3m6cj9KszECME33mf8FSrJQrHf3WgdheknWdSDY,Silver,2,HELIUS_METADATA_BASELINE
C6kcEyU2NUZiso6Tu9pWmihdTbYpLCyxu3rNJsKL1g7t,Bronze,1,HELIUS_METADATA_BASELINE
C6o6ugRUmuFWgjXLnFqd2BzSS2GTC13CyBVVecG3B1zY,Silver,2,HELIUS_METADATA_BASELINE
C6oHCwabFnDN4gVztDWy9xaG4eScyAteuYt7tuTuSame,Bronze,1,HELIUS_METADATA_BASELINE
C6prNeoeaS3aQABe9BnGeQZZKLpL67tySDP2bWgTmQsn,Silver,2,HELIUS_METADATA_BASELINE
C6xKi2JGU6HTmUKkqfed9UYN2sj2567QcpouUKRBjg6e,Bronze,1,HELIUS_METADATA_BASELINE
C73ZaYWMq7YW8Qe3gppDawGDkUTwWhYux5HZdTSCsubm,Bronze,1,HELIUS_METADATA_BASELINE
C78faaooS4c3q5QtjCs1Pt68hWtba9GQadm1G4aon4KH,Silver,2,HELIUS_METADATA_BASELINE
C7FW2yzUKVARq8xz11smnGtuaPit8t6TUZ6T8vLaLEzG,Elven,5,HELIUS_METADATA_BASELINE
C7JMrmKNmLySf4EF85AtxRRzooum1KEcPYoq4au3R5om,Bronze,1,HELIUS_METADATA_BASELINE
C7NVPMwQ7i8Ht5Hwz8sCeohveTsSic1ekenKWDYd3jxP,Silver,2,HELIUS_METADATA_BASELINE
C7RNPRJdhqoYytbmhh1i6Pt3hyrC7NitGM7nt5Xgnkwn,Bronze,1,HELIUS_METADATA_BASELINE
C7WxvUoUkyGwuP8pXfwUBbufXB2eCDv7eegfSJ7sn19H,Arcane,4,HELIUS_METADATA_BASELINE
C7YWJubxftCqrL3UDjvaE8iQ2vy5m7VvfSwJTHUhXusB,Silver,2,HELIUS_METADATA_BASELINE
C7YgawUCGdYGvwtiW3Na4hM1BeprsCfZgVUJ4pqhjnyc,Silver,2,HELIUS_METADATA_BASELINE
C7ZiXQUJwtE8siCDzAmMZCEbDW3uB17RJExiJVZsRRVs,Arcane,4,HELIUS_METADATA_BASELINE
C7aDUhCmucgyfjQBNEArsUyRrt4s8vA5AgedSVnYXEBs,Silver,2,HELIUS_METADATA_BASELINE
C7gufF2m4G7koiWsrXSdPXByoZCWyBPpWKc9wgHzHwtq,Bronze,1,HELIUS_METADATA_BASELINE
C7secTeX3CuR69NiYQZbpteyKaG8WjYMQPSFHKX3NhYs,Silver,2,HELIUS_METADATA_BASELINE
C83AUj52gJ2gm5xDBYywiasBRfALaYZh5Fi4usD5myKw,Arcane,4,HELIUS_METADATA_BASELINE
C84PPaPUHSydWTqTsfZdeUm69SiYUqoZmurbgDyAyjNS,Bronze,1,HELIUS_METADATA_BASELINE
C8GmzKztHdZ91Rf312aqgUL9y5URgEH5FNzKZna9cop8,Bronze,1,HELIUS_METADATA_BASELINE
C8Tm9svAL4Yu9YJZDzvyRoJAf5PrXSAQqtyDjCw5ZvXa,Bronze,1,HELIUS_METADATA_BASELINE
C8Xrwb7KjixbE648tHZAs5Kj1xaKDe7HHN2Av1gQm1qV,Bronze,1,HELIUS_METADATA_BASELINE
C8eXoND8KoKKFC99sCc1YZUygVwANrty8Mb4k8mmbviD,Gold,3,HELIUS_METADATA_BASELINE
C8eYx9odoE9oewksxatHFfyByg5QdnDtTBFeJziAreNY,Bronze,1,HELIUS_METADATA_BASELINE
C8fkdiotLRHsNcDc4ggW8Gm26HGzFMcRFZgMdMEUnj81,Bronze,1,HELIUS_METADATA_BASELINE
C8kA5dZxkXa4p6rooCy2z6HVVfKtgUtSHi8o9htyiZZY,Bronze,1,HELIUS_METADATA_BASELINE
C8khhM4oCKNqXVPbES2z9AdTTTi2CrvJvXt3L4uGhgTc,Bronze,1,HELIUS_METADATA_BASELINE
C9DtQtKfEztBgWPwNu9N2h6tPewst6noPvi1aWipLPH4,Silver,2,HELIUS_METADATA_BASELINE
C9SmsvunJmfK98kMHoZJZHN8L1QVeUZJBUFurdj6uQtE,Silver,2,HELIUS_METADATA_BASELINE
C9dUQQArcxVdEzBw6LChT9Xu2jMmg9zsCwvSX5s6K7p6,Bronze,1,HELIUS_METADATA_BASELINE
C9kh5vL2vmj8YKdL69TDQVXVStMk8scUbqdUqN5sByBb,Arcane,4,HELIUS_METADATA_BASELINE
C9quqZE6TEdmLSpcUiXykDdEBJzCHyy6mmJQ7KAcg2VE,Arcane,4,HELIUS_METADATA_BASELINE
CA5Qqi8K6bG1Tq9PA9JAzm45ogaWJy8m4ZqPHCARefkN,Silver,2,HELIUS_METADATA_BASELINE
CA7rANw7hzUb75PAx3BMbHg3icf6vAsp8M4m2T28WFXy,Bronze,1,HELIUS_METADATA_BASELINE
CACiGsAh4NkesSAAnAG2Gd6MPmyKZxvfFpXCsjYGC9a,Bronze,1,HELIUS_METADATA_BASELINE
CAL1pnpvFK3U9jpRHPgLa3dgTCLXeprMssvmtjpfwp9f,Arcane,4,HELIUS_METADATA_BASELINE
CAPNGXNXVFfkgAYbYMuEHSaQARf51A5hQKPdFiymr92P,Bronze,1,HELIUS_METADATA_BASELINE
CATzPHfYNSsAosXrEH7URR5hVrXTivoKMGARB6cLVNjQ,Arcane,4,HELIUS_METADATA_BASELINE
CAXxm1SgJXitnxnWY4fNq25F3ncJcpSCV8fo3KQjMhjM,Silver,2,HELIUS_METADATA_BASELINE
CAZjJYi2Hyqxi6exX78bAhd1tkpgkDfdxkCipaDo665s,Silver,2,HELIUS_METADATA_BASELINE
CAaSzcwKiMqCpePnpXwUTEHuhCZVddUtB6nRPr1eKEpE,Silver,2,HELIUS_METADATA_BASELINE
CAiTD3EKipZGn2pB4RCk3YhCKuwMXHeZ9MFt13FBRFgu,Bronze,1,HELIUS_METADATA_BASELINE
CAmxzEcLDgozUhpk2Z4GvnGAqaESFy84ZkUToutAXJ8B,Bronze,1,HELIUS_METADATA_BASELINE
CAn7WCPXcexiXayejmgZeARDbwuWKSrhDEhXUDcj62xt,Bronze,1,HELIUS_METADATA_BASELINE
CB2uUTWJDwnrCJdTdPWrwr6H23GPEgKiZjRykw2Qtgyg,Bronze,1,HELIUS_METADATA_BASELINE
CB3d9h8dRYfPSiu2GFDEGn1mRaKmkDvFv1kWrF1aS47d,Gold,3,HELIUS_METADATA_BASELINE
CB5gXgDsr9kZXF3zAnoQrqu547Bo2zgeMDyDokP3EE4b,Bronze,1,HELIUS_METADATA_BASELINE
CB7jpGezU2kupPJNt7W5bRoGzHsavy31FeK1NBoM8mvS,Silver,2,HELIUS_METADATA_BASELINE
CBAHA6SAubBAJ1FYSnsYTkS6wDtQQ8ZmfmQWkopWWPTD,Arcane,4,HELIUS_METADATA_BASELINE
CBBSfRuwNgsRC5YSPz94WYAiNgRHLyDxGBzRmiKDXmu7,Gold,3,HELIUS_METADATA_BASELINE
CBPnyMom1uv613Q6N878tnzfWta7HnnWwNJZNwTH4TMu,Silver,2,HELIUS_METADATA_BASELINE
CBRjCHDViWEfKZF8uoFfQfSzBcFr7gEznrDZDxMVDjs4,Silver,2,HELIUS_METADATA_BASELINE
CBWvpro2SVaDQXmdoYyT7ZwjarzCmRENnQ7V76MAb1sr,Arcane,4,HELIUS_METADATA_BASELINE
CC2kFhZcMkq8YSp5v2cwH7SzmRFEVUFFZe9p4zStEHKZ,Gold,3,HELIUS_METADATA_BASELINE
CC3GDnviKfrJb98DB4i5hpXukmwvozQNazQEkL1Jzy3M,Bronze,1,HELIUS_METADATA_BASELINE
CC9g2mVryPbPq7Ma1RgMbjvaerRW4pqWKBwUnuMPEV7z,Arcane,4,HELIUS_METADATA_BASELINE
CCmqJcewvSxBxwKy3U4iNaUc9ERENE9QdDkjFd2aCL3P,Bronze,1,HELIUS_METADATA_BASELINE
CCrvqLxDStX64VHtBxCb75Us2auK6yaFVmWGzp56wXrK,Bronze,1,HELIUS_METADATA_BASELINE
CCu2VEMdMEB4HAQKJLaBtjuvwq4nrswsrx7xMYUci3aH,Silver,2,HELIUS_METADATA_BASELINE
CCuvA564shVKWVsaec3EEGhzCNdgiqEwLJr9QRyqtzPf,Silver,2,HELIUS_METADATA_BASELINE
CDErAMgxYZHhcysikFrjgKwsvwg7jtY1T83f9uTFRmFo,Arcane,4,HELIUS_METADATA_BASELINE
CDSCaP6GJ1Vsz9nrcu8D8SgHjGkMkVQh3h36DEtaA4p2,Bronze,1,HELIUS_METADATA_BASELINE
CDWgieREeMRqmkUCcW7F4Hp1KKHVvfAdX8Qwjrb2keYs,Bronze,1,HELIUS_METADATA_BASELINE
CDaCBqvHqr55LBKnLUUozrTK1QxtdzLfWo466JeSxCFV,Silver,2,HELIUS_METADATA_BASELINE
CDsYrjaFDFEHKJxjx53PaG7LS9ha1LS3VuDC3wbq2Fhb,Elven,5,HELIUS_METADATA_BASELINE
CDso35cQtK3Nt5z86sHKrLHb6Kk4hXxAdFAFXDAWDTpq,Silver,2,HELIUS_METADATA_BASELINE
CDtPvyFhkJdcrGTr8LpFdMgVKT3NB6QhvdY6N2J4Kehv,Arcane,4,HELIUS_METADATA_BASELINE
CDua5XdyDJKjs8eAQrEHKrkjbZrXcnPWMFrMi2pZR6tq,Bronze,1,HELIUS_METADATA_BASELINE
CDxzMUBU6gS1UBZeoKba1RXGZ2WLQYMBBm3wJ2AMpCsj,Bronze,1,HELIUS_METADATA_BASELINE
CE47WH6bABmDfVb2eu1o57iAc6jEsqjH8zh9fTHXBU12,Bronze,1,HELIUS_METADATA_BASELINE
CE7tqYWbz6pbPHkgjJhNqc7KBoqa7ywcsXmproYrhmpd,Bronze,1,HELIUS_METADATA_BASELINE
CECWyKFzQJwhUY7entv6pwEZcBwKBgLBniaMHLg73atS,Bronze,1,HELIUS_METADATA_BASELINE
CEEsL3djxnR9FzHMDwzdjsVJUjvuPqCu8zEyuv9CSU4W,Bronze,1,HELIUS_METADATA_BASELINE
CENwh1m2BVxLVuUSk6Q9Ei3ozCwkRGczDzsov2UsfTq7,Gold,3,HELIUS_METADATA_BASELINE
CEQ2FJmHs2orhAmgXpNPXFs8j5qjQSCWGNLYdefNNiQq,Gold,3,HELIUS_METADATA_BASELINE
CEU6DZGhwFsUboWd6x5x1tTxWk2Z4JWakWFPqdx2AXQw,Bronze,1,HELIUS_METADATA_BASELINE
CEVEhPKEn4bgEXjdVmqqg9gmb51FhtyGiGzNyweW79N6,Elven,5,HELIUS_METADATA_BASELINE
CEY4GDmPHcsv6emTNg6wHBn7bFhsrcxUBnfamsab6esd,Elven,5,HELIUS_METADATA_BASELINE
CEvCc3UfJHzogc3GLZ3dEdgSgABrYX6agynnYJRAF8Wi,Bronze,1,HELIUS_METADATA_BASELINE
CEvujrGLn1far26tev5AD4bqR7NwvLuneiqVkJXSZzCM,Bronze,1,HELIUS_METADATA_BASELINE
CExg1ZF3kPJ9uAX2hMrfR7XNaKffqtauerRZEgbQ3q4g,Bronze,1,HELIUS_METADATA_BASELINE
CEzYXML9MxJP1JHwsTtTT9MCqgWvzU3sJuB9WVfFazEe,Silver,2,HELIUS_METADATA_BASELINE
CF6uR5pxJf4HnDdYycF14TGZ8jjpY5AMjsGnpBGjzRma,Silver,2,HELIUS_METADATA_BASELINE
CF8tSXWwi62dYpBkUuAXzNKi8m5KpidRpbCv9oyPhsuC,Silver,2,HELIUS_METADATA_BASELINE
CFGCKddZ7yEU9FCBjmb7YZmg5h35HU1me5KyCzhHxsTt,Arcane,4,HELIUS_METADATA_BASELINE
CFL4KzhVH5XN3JstBjGqMLjzbEUjwX45QNAtnejLDfR9,Bronze,1,HELIUS_METADATA_BASELINE
CFNPSZvqAFpoF2V2FvgkyAHWQpdHGKj5WCU7fB8fGBfB,Bronze,1,HELIUS_METADATA_BASELINE
CFRq1jWDJW3EFqbJ2d9xYmn6t8GjoFd9fC4pn8ZtvRX6,Bronze,1,HELIUS_METADATA_BASELINE
CFXQWZzTMDXPg29WPa9myV6sBqofcRwcn4X3zrRPM7gy,Arcane,4,HELIUS_METADATA_BASELINE
CFawdv4g1N48apSvVsCMpZhbbrL7hNFDmmsBB6M441SP,Silver,2,HELIUS_METADATA_BASELINE
CFfB62Fhxj4XfhwzGFbdRKxAE1eug5ePN6JPzJyqpneC,Elven,5,HELIUS_METADATA_BASELINE
CFiNdbGbcVADGstga3qKugErkkNDdtsFnQAMfxp7NcJi,Silver,2,HELIUS_METADATA_BASELINE
CFmQxMmVBjDEFyCyWcpj92fqzMzkHKPZmUWW63k7M5jM,Bronze,1,HELIUS_METADATA_BASELINE
CFpt4jurw49rv8X47agXaSmQBPqsCMfdLendq8Qquv26,Silver,2,HELIUS_METADATA_BASELINE
CFwsULnthip5ziLzimGmVkTYv8NPSPeaLc8TNpuu9QY7,Bronze,1,HELIUS_METADATA_BASELINE
CG1Wpym49yGzX9zEKcg3r1z7q4J3uNCND6AwYeujjQ4M,Bronze,1,HELIUS_METADATA_BASELINE
CG6MEXiQ1r2GhvXtTx69FTXR5Cj45XfMoNX2bjnDWQ6r,Gold,3,HELIUS_METADATA_BASELINE
CG7ZnLzC6V5wfjmVCeA37Urk4VAceNEWHuTDBD2EjJ5X,Silver,2,HELIUS_METADATA_BASELINE
CG9ggCpVFZAQd151LPKqmBJLFEmY8YjhvLCiHUKW8b7r,Silver,2,HELIUS_METADATA_BASELINE
CGEZANmyRpewiL7D48rEJyuFK3ozk8cWbJCPE53LtyKA,Bronze,1,HELIUS_METADATA_BASELINE
CGLByZXRCtsE49ZvTNfZ7Mu2GN3W4PxHfJkFJrAJJQpA,Gold,3,HELIUS_METADATA_BASELINE
CGPMfbU16rE84XtFawo1MgAoGwNSwYVzB6im1Sm575Pp,Bronze,1,HELIUS_METADATA_BASELINE
CGPzvWKS69BLhndSzcWPRtkJyBRX6qSQeDzVYGnGMkLG,Arcane,4,HELIUS_METADATA_BASELINE
CGRsVaneFaniWGwbshNrHpQHN5vKKEuxP24QKm3NU6kB,Bronze,1,HELIUS_METADATA_BASELINE
CGSvSBAVDd8FiAz15qhz3S9wc9xKNLwyUQnCpvajd6g5,Bronze,1,HELIUS_METADATA_BASELINE
CGmTTXh9pSJSqszcxaQMedNLx1dbMevf3nJpu5ZN3GCM,Bronze,1,HELIUS_METADATA_BASELINE
CGnpt4pFgGGoqDZSvbTuSi6BhzhzmTJ5RkBiU37EibWz,Bronze,1,HELIUS_METADATA_BASELINE
CGzHDbPnhuki5V38h1SjtE7BKK3batWYviSvUQBx3z3q,Silver,2,HELIUS_METADATA_BASELINE
CHCCcVH7YBCeKH5QM23pNZuvEo9LDQ8jxSPEMKWsQ2KX,Bronze,1,HELIUS_METADATA_BASELINE
CHKYNuPGwxgkZqcYMfpRE5tkdGNspHSQi88BKDxXXHH5,Bronze,1,HELIUS_METADATA_BASELINE
CHWXpyhvS1dtmifpvLRuKFn62xuE5NpFy8UcQjyoc8tj,Bronze,1,HELIUS_METADATA_BASELINE
CHnqPA4uTerNRxX1x3ecL9QMnqiXycavFA9qz8jwdcTT,Bronze,1,HELIUS_METADATA_BASELINE
CHoaAuf2NTwS511QGgkKWy911zWtnEY3qEh8dG8EVgXG,Silver,2,HELIUS_METADATA_BASELINE
CHtMrykfHtNmMYBdhXopKtZqLzibFdrnozbksCfkgGNc,Silver,2,HELIUS_METADATA_BASELINE
CHwCfxcZgfVtdoxFFvsZDFt6pWz6kYybHViYrTjAbyuJ,Bronze,1,HELIUS_METADATA_BASELINE
CHzfTgmtJQr9w6wP5NFLawQP72AU6WEvjz65AgjbXfqb,Silver,2,HELIUS_METADATA_BASELINE
CJFk2FNAypiZFtPhLwz2qGkJDmrr61ngXeUxBL38W6YZ,Gold,3,HELIUS_METADATA_BASELINE
CJJe1XNEnj5zVhcRc2uub2YqjXJR73THcAZvdt1gsgGz,Silver,2,HELIUS_METADATA_BASELINE
CJMhN8mZZYLGHtbEGmjp3ok3jpSRWg7uHtJiujXS3gsP,Arcane,4,HELIUS_METADATA_BASELINE
CJTS48n6KUSEhbFDTeK7Jjqv72FdF6rX77a2aq45QwCn,Silver,2,HELIUS_METADATA_BASELINE
CJbAuakPARYc4k73SbfcvhZfvKAnM3GCzSB2ASv5HoFe,Silver,2,HELIUS_METADATA_BASELINE
CJeSjnVhCMZh9UQTeMAMp63ktWbBFireX6DTj7BXUoiX,Bronze,1,HELIUS_METADATA_BASELINE
CJj2eca7TadsDmgWDpSXaYXaz43XFMinYffV4GhdXj36,Silver,2,HELIUS_METADATA_BASELINE
CJjLFaaMvk5NubUjAUkWSZ2Up1xVMeh6v9WzLVym7Y4r,Gold,3,HELIUS_METADATA_BASELINE
CK2cqHS9gbfMhERkp8296BUA8zryZ5hDWjn7axt1spHK,Gold,3,HELIUS_METADATA_BASELINE
CKDdvFA4c7EgwmWRuQDkQwyMrnjNP76LJynW5uUwYoMn,Silver,2,HELIUS_METADATA_BASELINE
CKEhkJMHdXfHfhjgQ1vmUxTR32C9q4ocb7oxnucBgaci,Bronze,1,HELIUS_METADATA_BASELINE
CKRy4q37gCzLHr7DcobhGZZQiTSyS9EVd9bLMkjhUuBR,Elven,5,HELIUS_METADATA_BASELINE
CKcR3FMbno64RxsYjh8Wvar9Yd6Sp4qfVRV6gEGvZb4D,Bronze,1,HELIUS_METADATA_BASELINE
CKhLnkTADgt7NF7UhZxg6Aj5JNpPUqa9VYoLxTMtKVaE,Bronze,1,HELIUS_METADATA_BASELINE
CKmA4aNrhPU8vPTunn8td2iUZGsuN7k3wHPGxhSh14YP,Bronze,1,HELIUS_METADATA_BASELINE
CKtShpvKg8PuGQ1PvVgw5fsYnAMREQaixG7B4PUSdah4,Bronze,1,HELIUS_METADATA_BASELINE
CKwjF7DRAmg28j2UZuryyKzSkpmJjR5YAEb6kud7V8TX,Silver,2,HELIUS_METADATA_BASELINE
CKydp6RRzqAxYwA7J3EKpSruRcxT6ZCN1FN4gK74HxEr,Gold,3,HELIUS_METADATA_BASELINE
CKyhizuRyCBxFa3A6tdqjRqFCCNQQ6uN6KsMbCHjjTg1,Silver,2,HELIUS_METADATA_BASELINE
CL1TYMdHfqc2DGPMPG7jDNwFWqV3xT9A6m3LEy4qkm6u,Silver,2,HELIUS_METADATA_BASELINE
CL3vVLjMwCNuNiNMwrJyNLUQ6M1ZXdfFc8Y31bXBb5bz,Bronze,1,HELIUS_METADATA_BASELINE
CL4f5XuZLhrwFmEvnEKKkwwX8LxfNXBDmKEbfT5pT4no,Silver,2,HELIUS_METADATA_BASELINE
CLFJVkfw9XXXgPARxwPscNcYqKPMPJ83V1FxUZCiRKt2,Gold,3,HELIUS_METADATA_BASELINE
CLFsU9aXRtpib9BGnuYFtgM3D2v9cH8dtWs5YxyJA4n2,Silver,2,HELIUS_METADATA_BASELINE
CLHyw5H3rjnykrNyN36WgsioNY1jkAs1YaCruTsVLz7v,Silver,2,HELIUS_METADATA_BASELINE
CLNGTfCJFqbHwmiJF7PQRbqyRaKwgUn9RbQKTF8pamXi,Bronze,1,HELIUS_METADATA_BASELINE
CLPLwpER8gbxmcan3yUDM61ccYKnoypTh4DXrA8ScfRz,Silver,2,HELIUS_METADATA_BASELINE
CLQyigxDzfUHN5GCuhBE83wuf7yenoJugQDLqhmXJZe1,Bronze,1,HELIUS_METADATA_BASELINE
CLUbH9pU5HRFrUZj4EmjoB7JVxejty3hoKKDp3Xq2vo6,Arcane,4,HELIUS_METADATA_BASELINE
CLXAs898xhZTGRJP16qu9o4GubFy2C79nCUneeTRLtMa,Bronze,1,HELIUS_METADATA_BASELINE
CLbcXN4dQoCAkRrPuTWJHJmF9qXH5fm27zqGCNtP5gHP,Bronze,1,HELIUS_METADATA_BASELINE
CLi5bZ2cfhqtcYdHF9Tg1EQoXNDUhF4RNWYHv9DtZDQu,Bronze,1,HELIUS_METADATA_BASELINE
CLqAdY6sKpSCksJzAoSqc8MH2xNjaW1KDK1jVsgdgvmj,Bronze,1,HELIUS_METADATA_BASELINE
CLqNZBRhEEPCGCANjTt2jV5kZna1siviVzhd3jGJLKjo,Bronze,1,HELIUS_METADATA_BASELINE
CLrU11f5RCScngvJXvXJFWoZujwDaLgmYY1UxZJP9Tcq,Elven,5,HELIUS_METADATA_BASELINE
CMB5n6nHyi9FzK4omVYNEvhSwADVoNWAJuDSq8HPRLqC,Bronze,1,HELIUS_METADATA_BASELINE
CMBGTkFDj7DVVWATnkuSuguCbeXHySEExkB46scAyP6R,Bronze,1,HELIUS_METADATA_BASELINE
CMJTKBW9cNxL6CHY1YWLPWLcEJrrubqoznbtuTKbNCv8,Bronze,1,HELIUS_METADATA_BASELINE
CMKYfaSWrjuc89PKQy9cbUa7KbfPwkUHPjXywjezz8yw,Silver,2,HELIUS_METADATA_BASELINE
CMLL2831pv6VFTrbQNxUHsj6Buo5AsbkKdBdypSjpSj1,Bronze,1,HELIUS_METADATA_BASELINE
CMR4dXYSa6q9E2AexZ8mZjaVY8Ku6e1Ahnrq3KxDqQou,Bronze,1,HELIUS_METADATA_BASELINE
CMi9jW4EhkJHZy7JjxpFT5Ws1swdzzUPhzP8wgrLz3Po,Gold,3,HELIUS_METADATA_BASELINE
CMiDtmvivryPoGPQv6msXYwToWVFLTNzM5wJQaLmCDN7,Bronze,1,HELIUS_METADATA_BASELINE
CMmnxWMMxVxgPL4eAnYYn86fdVDoUZ5sxSeKSC2QJvn7,Silver,2,HELIUS_METADATA_BASELINE
CMoie4unnCrDuBPAK4btkzyL1wnT2Brr6YvQS5QzJrmn,Silver,2,HELIUS_METADATA_BASELINE
CMr2gAbeYRe7WjNFFPtTPsAAKqZzBW4gV7oBfYSqQ3P9,Bronze,1,HELIUS_METADATA_BASELINE
CMrFPJ9Py1pc3fAZJXB5aoqJEwgtnrvBxt9iYKDmmPfq,Bronze,1,HELIUS_METADATA_BASELINE
CMwByQ3TgPj95uV24QjvcrgpP5EGkQxdryDNVTrV1Wun,Silver,2,HELIUS_METADATA_BASELINE
CNDvvkJyYbuh7mh8eUyfQd4q5jJq6gfTmcJKRCLHYLmo,Bronze,1,HELIUS_METADATA_BASELINE
CNNtMq4unAbRJJt31iwfa5a5j1Ex3GS8z1KSS9q3DR1g,Gold,3,HELIUS_METADATA_BASELINE
CNVsh8kCUu5Ttpmip7PRYwh1pMf5WYxuLLX9iEffkgzb,Bronze,1,HELIUS_METADATA_BASELINE
CNVtQExkoFb31SU8UNXLG5UjusFLeXZqPok5xyuSSQpJ,Bronze,1,HELIUS_METADATA_BASELINE
CNYLPjHuu6rgXVaE4TkAVp6DfQVkvF73Lcawed6UojHA,Arcane,4,HELIUS_METADATA_BASELINE
CNe55KuCXhBPdj8NhyhMaaSYsyBNGZPyNLCBMRdDggD8,Gold,3,HELIUS_METADATA_BASELINE
CNhos4vk8hWgRv2PAamaK4LzjWDQJszW6hNAooS683a5,Bronze,1,HELIUS_METADATA_BASELINE
CPBSsKpQa67Ysyg8aK4pzYzqyPpDJ1tFST6EK8nU3cgY,Arcane,4,HELIUS_METADATA_BASELINE
CPJWqMNSRHUmWqR5CU32AUq3FYoSk6FKTxjiX5FgarSe,Silver,2,HELIUS_METADATA_BASELINE
CPNcDE72aCHRQwcdH9WLAr65xzputdxBwYo58SSSNrmC,Bronze,1,HELIUS_METADATA_BASELINE
CPPrKte96ogMUbGQSQJrDbSR2ABnPMK9jAxCAeqDKwVn,Arcane,4,HELIUS_METADATA_BASELINE
CPURHmmxrKfkChWTQyW5zt7wwWhAwvzSPMhrqBg6rRag,Silver,2,HELIUS_METADATA_BASELINE
CPUTgUGDZ8HucpzsyENqSFpXKiKpLahv83BxZS1EPm2b,Gold,3,HELIUS_METADATA_BASELINE
CPfvzYRE1Ds9p7gh18poZc9GeHf22opE2JekR3VsiANx,Gold,3,HELIUS_METADATA_BASELINE
CPh1Zy4SZmm3GFkZnwoX3ssZWq8JpXWQ6FQj2QUG23i,Silver,2,HELIUS_METADATA_BASELINE
CPhJDYJk6ErHDfnCchs49z6GYg7Yt1Sv3GQmRSoWhWKN,Silver,2,HELIUS_METADATA_BASELINE
CPsvp5BjFvsuGmABMZgtXwrHSQJQvEgbrxRJYoHkM8aL,Gold,3,HELIUS_METADATA_BASELINE
CPtnqs6wen9ETigMbYVw9h5cdLoeXTRe4c1bwb8HZbtD,Bronze,1,HELIUS_METADATA_BASELINE
CQJN2DSi4MAT7sRr1TiYkY4pKUnuWJ9E67bpZw8Na5Gn,Silver,2,HELIUS_METADATA_BASELINE
CQQ6Ef3wv4YfQ2m4dKZ81qA49CHxtHLLF9Apkihu4eyE,Gold,3,HELIUS_METADATA_BASELINE
CQWFHYEFEAfPwGMbBi6VDW3wHAGijPa8vn2dmZBELZce,Gold,3,HELIUS_METADATA_BASELINE
CQWKz4t5cGRLNCZM2Zuc12SGJrjdwkxr6fkGdUxr18yi,Silver,2,HELIUS_METADATA_BASELINE
CQZaiWsWdxb1iTFFJmuHB8BX9AjyVjrk7HVmGgneMQib,Bronze,1,HELIUS_METADATA_BASELINE
CQboYxrQSRtvteC5JJ386YB9WhiZyee7a6kYFbZiHfmP,Silver,2,HELIUS_METADATA_BASELINE
CQmBYifRC6nrEfWK3XwZgBiqziCvYChtiDp1ngVv8dKP,Bronze,1,HELIUS_METADATA_BASELINE
CQmcrqCC5ibxESJmHHy4NQL18wy5C8TeVcXBnfoYqNBw,Elven,5,HELIUS_METADATA_BASELINE
CQpc4igSPGy64znZroGpcBBpmG6QxHQgqrH1fiR8QnNV,Silver,2,HELIUS_METADATA_BASELINE
CRKHufnfXQtenYN1Dnrnheono5gae4wtkaGmAp697DQ,Bronze,1,HELIUS_METADATA_BASELINE
CRSgJdcTvmU6Vvj6WWL19F7GoKfYXPhFH3N8suniJTac,Bronze,1,HELIUS_METADATA_BASELINE
CRbexp9rwK7nxqyUM2onGqHNz2W8GXvGLn9fUADJyVhH,Bronze,1,HELIUS_METADATA_BASELINE
CRscA842K26F9DYfTmTtjCUEFSPRXMqC2n4iLmdQfC3m,Silver,2,HELIUS_METADATA_BASELINE
CS4RJMLTCnQGygahKtpBiX46zR3VrnpPMijENGyXUXg4,Bronze,1,HELIUS_METADATA_BASELINE
CSG5CLLNuS13AbNEHcwfpdY3n92xez3tsDje7KepejcZ,Bronze,1,HELIUS_METADATA_BASELINE
CSRHzAu4DdnnMsijxieWCCV1PL8AJeYE5zHgLvgkakGh,Bronze,1,HELIUS_METADATA_BASELINE
CSRh6nygyFMQ1Lp4Qe9giXRCW7KzqXEvgefyLiW9KZQh,Bronze,1,HELIUS_METADATA_BASELINE
CSSHwudGVkQyZV37xfrJyNS1dgTWEwtP88LvwuvUKADJ,Silver,2,HELIUS_METADATA_BASELINE
CSWqffajR1qkJ1bCoKzvaYZFydDjP8RD6swqz2vhE8ud,Bronze,1,HELIUS_METADATA_BASELINE
CSXgsFc9jarZrk7DyEzK1oop4re8E15A37UhQooTwT1h,Bronze,1,HELIUS_METADATA_BASELINE
CSkr4s3TpnAfhAYBvJ334HHUhNzNkekvhWfzRCKAcVnU,Silver,2,HELIUS_METADATA_BASELINE
CSksnbfDfqy8kWR8mwELMKH9b9PhWLCERg2f3hRksRXu,Bronze,1,HELIUS_METADATA_BASELINE
CSp6mkUsiUhHW4FvDrn2VHZu2eDqP3ozC2bbv9L4WV3P,Silver,2,HELIUS_METADATA_BASELINE
CSvubfZEePNgJ2HeRE7tNxhF9EBNZYktoxNiFAEksoX2,Arcane,4,HELIUS_METADATA_BASELINE
CTCBbdh9RFm9FZf55X3CcXVPG6nZXQT95tKDFeeC5MwS,Silver,2,HELIUS_METADATA_BASELINE
CTFdYMctsW3wSAbkPkzN3wQKJ1hyBixS5zYXeha3XYpC,Bronze,1,HELIUS_METADATA_BASELINE
CTMJRnnXej5B2cEnNKiYsJutPwsS31ZRwQb19e5uRuv7,Gold,3,HELIUS_METADATA_BASELINE
CTSNf3yPEFk1SdUSZCMg5RBPEdez2ASvZFfhvPn8Du2d,Bronze,1,HELIUS_METADATA_BASELINE
CTSkDo8UTxqGHdBkSvsSwKhYWLsX1rhfM7wdf7eiCg1D,Gold,3,HELIUS_METADATA_BASELINE
CTTNpFoQyX9Ymj6Uv8PGiaDPYtkP8g8WfHH7vtQk7mZx,Gold,3,HELIUS_METADATA_BASELINE
CTVrYoFbMHSQpzhTMf5rabNpRb5oboEvcXW2aWw1Lyj3,Bronze,1,HELIUS_METADATA_BASELINE
CTXHxtcQJ6fjWSJwmhVL8WUK3FfforbTNRxLSjWk73MW,Bronze,1,HELIUS_METADATA_BASELINE
CTbU5x6CMZmhof3r6GLpdSZR96YLgd1ujrjzpAhDseXZ,Silver,2,HELIUS_METADATA_BASELINE
CTdfBFXvrzTmRDNnnetMdNbQ8Dr5VaAdERNjvkJkhk97,Bronze,1,HELIUS_METADATA_BASELINE
CTeTPdtGNCvvf2i5W83nPKYCQCjpCQrxMuwMv2hU4ywh,Bronze,1,HELIUS_METADATA_BASELINE
CThhTWjoBcFh3YExCaJa2QPSZzYDrjoFMYiKJLSFGbRR,Silver,2,HELIUS_METADATA_BASELINE
CTjYbSWsnuJ7tPEJNoC6NZVDCnsPb7ufZi1Cv3Yv7Jiz,Silver,2,HELIUS_METADATA_BASELINE
CTkNGLaxUfhZ1ePRHyPazy4bmtpYasXz6Kvp7cPVe66N,Bronze,1,HELIUS_METADATA_BASELINE
CTn2QF7WZUauJjZs8VWtKPWASVsYZPKYcQagkkfH9AbX,Bronze,1,HELIUS_METADATA_BASELINE
CTyKQ6GNnYWaXP1t49EAHG9tjRtt9f7B6EpDFX8T2ymZ,Bronze,1,HELIUS_METADATA_BASELINE
CU34Vua8WcgNsh1Wxb3TeqRFts7pNyv2Gw6RtJCpzPEM,Silver,2,HELIUS_METADATA_BASELINE
CU6Wr6A6ULE9gtmbMN1idbyhGPm7NDgCzipFDVvF3fJZ,Bronze,1,HELIUS_METADATA_BASELINE
CU7ZHqeTviMqBuiCFET56Ei3N68sqjfsaaC1Qaj6A9dn,Silver,2,HELIUS_METADATA_BASELINE
CUDbVGri769LP81ydeAXJHWWrrypvSEumpmyjBXFLL4o,Bronze,1,HELIUS_METADATA_BASELINE
CUDq2CsiQEz1eBvXB6CpmViCPs1FndCLtAdestwab4rS,Bronze,1,HELIUS_METADATA_BASELINE
CUFXgMZNnLmFBZEn29mHkd8ng5vNmHnR31vgiBkLKeNe,Bronze,1,HELIUS_METADATA_BASELINE
CULMLrD3akFKxN82s9aR6QfqUopxvyTw2xERg7jSX4Wg,Silver,2,HELIUS_METADATA_BASELINE
CUfoarESFTn4GE3QjprJYUTRL6fjnv3ggN1zo85AMFr1,Silver,2,HELIUS_METADATA_BASELINE
CUgnGwtJSTtRG7v9oNtRowRw5LMQoTwCLnKm9wTutoSP,Bronze,1,HELIUS_METADATA_BASELINE
CUin7nkzPQUVpv1WonRrKtsYPZ6jxYC3c2uHPfBxRK99,Arcane,4,HELIUS_METADATA_BASELINE
CUkRoU2fxwbDCFifRKqPnxxex9R7MiyDnJhRKXCE19oq,Silver,2,HELIUS_METADATA_BASELINE
CUkXrDtHL67QNQ8385BhG29FjCjmoc91hxrCYE6j7xUi,Bronze,1,HELIUS_METADATA_BASELINE
CUnq9yNuQbdfpGNoLQj73Dh7kYt2qLdxpXcrRqGE7ZJy,Bronze,1,HELIUS_METADATA_BASELINE
CUqzMktFxdJ8JthHEPTGs1d25xPJv3G6amntM2S7SaGM,Elven,5,HELIUS_METADATA_BASELINE
CUztdqFFynmF2foDBbhoT1n2HwsZk8nM4hc6HYNJsx4u,Bronze,1,HELIUS_METADATA_BASELINE
CVD94faFsXwa9DzPskaAkJ8aUB92sTZ8TsdqTgDZjes1,Bronze,1,HELIUS_METADATA_BASELINE
CVFbkUVMbWa3kt5dUaeKBVYJ71P1UfJM5dpcCfCiE4GM,Bronze,1,HELIUS_METADATA_BASELINE
CVN2ZYsV5LJH4YMi5jh74QyZkpujK74tKJkhg1MixZLm,Silver,2,HELIUS_METADATA_BASELINE
CVRLZDrgWonBJ2Cpj6C263JL9PNYXcQXdQqFqyxya2Zc,Gold,3,HELIUS_METADATA_BASELINE
CVXBQU3xSBGePaJA45pdSeUVhpM2ujfTvtnnbQ3dfMNM,Arcane,4,HELIUS_METADATA_BASELINE
CVbtkDbrUkyFpyfaps56EoHoNTrbuS6386RAnYBLH1A,Silver,2,HELIUS_METADATA_BASELINE
CVoZuN1YNq69ac9nccGG31BMuWFYmeGN6VA7BcNGcVKS,Bronze,1,HELIUS_METADATA_BASELINE
CVvCheVcQVkyAgBFrVNPL3aC83mQu6LXKVVxixr9TzL8,Silver,2,HELIUS_METADATA_BASELINE
CW1M9gpfBQDwmtDuQB1TF4kV9QSMYzkicsHsaS7hMo5e,Bronze,1,HELIUS_METADATA_BASELINE
CWJ47f9J2YasLj7b64GYX5WezkAqwZ8VYQAmqjpTyqgm,Silver,2,HELIUS_METADATA_BASELINE
CWfXiFqBUo8P7m1rH3MkpG5QWMNaNUtCvAg4TNYBXFKc,Bronze,1,HELIUS_METADATA_BASELINE
CWudRtzKZKWzo5QsfWfjRNVLVJ6hzBCdYcsexRUBeiiG,Silver,2,HELIUS_METADATA_BASELINE
CWxvmDFdCoVLDTmMzgeJTZFYFKre5da4D9Qr4SuftRjd,Bronze,1,HELIUS_METADATA_BASELINE
CWyQUohXWGNK4ZK5YQZhEXYRGQs9bfGnVamUbFPP5tmw,Bronze,1,HELIUS_METADATA_BASELINE
CXSyjrs1mLjaqm9cNiE3DehbTZAqtZHKLZHVeaE1W2nx,Arcane,4,HELIUS_METADATA_BASELINE
CXVdRBg8zubvemnMxGf5JtAED8cVTsMYektL3cV9jeTe,Gold,3,HELIUS_METADATA_BASELINE
CXXDh9vQsCy3LAtnwGEi1f7R2yj5rokZHFDYtkyMTitN,Bronze,1,HELIUS_METADATA_BASELINE
CXeM1zS8nMfz7sYDtEjLy841nm1uz3fWotWdk4YyvYAj,Bronze,1,HELIUS_METADATA_BASELINE
CXgxZzehZbGPRx5trGKgAu4qvLxuAofZxERYawSwrGu6,Silver,2,HELIUS_METADATA_BASELINE
CXkijUKoFyxMHCyQzkz9fXxGS4gthyb8sdvAyiM1KCHB,Silver,2,HELIUS_METADATA_BASELINE
CXugtYFnu8mu2Fhkpw5cdvU5ZcngGb7kDMgKS2Gf343k,Silver,2,HELIUS_METADATA_BASELINE
CXvi7giUFaJvBsn2box24M2y1yiQdDm16iVYJ3YxHseh,Silver,2,HELIUS_METADATA_BASELINE
CY93asudPXSQSG7rSLAsGGcUL2TT5EToVPHzKfqmJ94z,Arcane,4,HELIUS_METADATA_BASELINE
CYRimbGDicehAAhKQu2dohaWfZBBpZgyF3ZPn9PENDui,Bronze,1,HELIUS_METADATA_BASELINE
CYdVF2U7X5g986i24q6c2oFLt5MppFQSPo2cvpb5ygr1,Elven,5,HELIUS_METADATA_BASELINE
CYdjLdnk7iw9QJFKDzYYmD2QKfTVHBRUjrn3ykiLUd1u,Bronze,1,HELIUS_METADATA_BASELINE
CYjQhP2JqeDR2mXUVGnFr6w4pdWk9DqB3RZP92v8Dn4o,Bronze,1,HELIUS_METADATA_BASELINE
CZCW1AxUeaEKaTxfMpxwdGUF4b8WhVkgV28dKKSFtem4,Bronze,1,HELIUS_METADATA_BASELINE
CZE4ezX5k53LPTpr7SjcRYyS3scLeDDu6bL1cEXNqWTk,Silver,2,HELIUS_METADATA_BASELINE
CZMxUePuyVWxfsUAtiWPsCC7mxgG4Ctfd11ZaNpF4W5y,Bronze,1,HELIUS_METADATA_BASELINE
CZUY4TmYx3B2h6nP6TVYcbhfqecAyRmCZtsxgUL36BA3,Bronze,1,HELIUS_METADATA_BASELINE
CZs825QaQKgmXsFpAP17gneTvRMN9issKqeg3HoS6c43,Gold,3,HELIUS_METADATA_BASELINE
CaEQZ9w3Xs47Z1GWbnPaiPGhcpwRL9eBcZ1NAcByndjU,Silver,2,HELIUS_METADATA_BASELINE
CaGAUaH5pysysGpBKDBRcsCVNdUZ9cfsTuDQnJi9cZzD,Gold,3,HELIUS_METADATA_BASELINE
CaGMmc6rdgtvf7k8LptrhbXfMNTjEME5svApQeX8wgR2,Gold,3,HELIUS_METADATA_BASELINE
CaGxxQRUhcJkkCWzcB1t69Zq67GPRTiD96eBoLbshBh4,Elven,5,HELIUS_METADATA_BASELINE
CaHdeN1FqxLjvtodxZFL83o6pcBs2Wa6sYTmzuU1K5HQ,Silver,2,HELIUS_METADATA_BASELINE
CaJ92g3PUXc8o2Mrz5W5LGa7pRCRi7P7GzB11AcLuzgX,Arcane,4,HELIUS_METADATA_BASELINE
CaJrVvtfD5T19H1u7m4SKFgTd2ztWriqYejbY8L6jptQ,Elven,5,HELIUS_METADATA_BASELINE
CaTKZMF73wxpLGzhnuMjtg7MA64cixxWzEhTz61Z4ccS,Bronze,1,HELIUS_METADATA_BASELINE
CaUDrmn3fevaNAQgmy4KEXqgBnXCTTmb1RNWCjUAzsBN,Bronze,1,HELIUS_METADATA_BASELINE
CaVnug9FHwFRhKTPvcHt3FQjEZeJVuxBaScTNgeBT89h,Silver,2,HELIUS_METADATA_BASELINE
CaWBKSvZo1iBgfb2aZ6SmTfU2mU3DgDYi4MbGCpRqFdj,Bronze,1,HELIUS_METADATA_BASELINE
CaX4DKY1ZAW83ZpTq6sHWhS6psr86nkbtqQQYfX9bnSJ,Silver,2,HELIUS_METADATA_BASELINE
CaaQiRofAYWjLsXwGX7RrXe5ogAJwyAHPeVMcBTJMCKJ,Gold,3,HELIUS_METADATA_BASELINE
CapztxfDFzzQFFhrvqXTTxm3UYDpmqXMt6VTfm9z1eyT,Bronze,1,HELIUS_METADATA_BASELINE
Cb7VvwEMcrsfXN4ygMkJpVjen9eHLDsSoXWckzt8c4C6,Bronze,1,HELIUS_METADATA_BASELINE
CbDRbr9YpxHKYpNvgcJfkeip4DEJqSMfj9imGdykgQfD,Bronze,1,HELIUS_METADATA_BASELINE
CbDvrpxZF1TezJShGNr8mxchGbCw5Lbv8EQQbHK4bvZ8,Gold,3,HELIUS_METADATA_BASELINE
CbNZnRenn398XW2SpEvHJzPAeFYuSq1GnpuTuStDZ96P,Elven,5,HELIUS_METADATA_BASELINE
CbNtC4SKsNTWfB25Q9XjyD7sh6VK7w7S5k31dLtjsEm5,Arcane,4,HELIUS_METADATA_BASELINE
CbRwW8EnHtEBggnpFrm2kMEDJZGpghdxXjt42ZeMBowK,Bronze,1,HELIUS_METADATA_BASELINE
Cbk4go6S9W6zpuE4Ddp3fqnGd8kijw6Q4NaNZJANg4Gm,Silver,2,HELIUS_METADATA_BASELINE
Cc3tx2WYco8SWLex6ZUCpVTvTG6CgZ21TkzMmQ7sT6J6,Bronze,1,HELIUS_METADATA_BASELINE
CcB4mxrv4KEBNNrmUeAnTFnRxyyBJgqy6xFu2zDNeDPX,Bronze,1,HELIUS_METADATA_BASELINE
CcBiqrND4Wyym9GE4hDbwFrTGj7EBHEKsbKFXciJiwMv,Silver,2,HELIUS_METADATA_BASELINE
CcFGQvQiVBqizmeRenfAzNrk84K6C9b3RX2UbzzujYXA,Silver,2,HELIUS_METADATA_BASELINE
CcGeQA9eTcCGX371PSHeA4W96Eq28wNQh3to3hHoQuZF,Gold,3,HELIUS_METADATA_BASELINE
CcLqvh25SkLK2vMFZtWBBT2oDyCWV4HpcppGJDA2a5j8,Bronze,1,HELIUS_METADATA_BASELINE
CcTP7unCGiE47LHddAxC4CR4XGnEQb9maZhuDWJWHEN2,Gold,3,HELIUS_METADATA_BASELINE
CcVXK8RbU1YcJrEre1VMB7xVkxrRQzn8Pd9pqqek5Ezx,Silver,2,HELIUS_METADATA_BASELINE
CcXRoZSiaM68CfHKiTKhuEVjVJ8kEmQ3cP8jA5zdQ5KA,Bronze,1,HELIUS_METADATA_BASELINE
CcjfjM7LAfvMN6APLUQLugxaJbTcFMLbbL6Vcn123RUW,Arcane,4,HELIUS_METADATA_BASELINE
Ccx9VQEYEszbAAn8BjayYAR3ZLe8dSWnwoSyhyb6rkzU,Silver,2,HELIUS_METADATA_BASELINE
CdBt5BExVkSUzp1c4hVRAAHeqvvyZeg6YWTPcDTGjmLP,Bronze,1,HELIUS_METADATA_BASELINE
CdKrcVTqPrbccUyLX9D5yr4Pi7S2D2vsBwxihbQ9omWs,Bronze,1,HELIUS_METADATA_BASELINE
CdLWe69xoPEEh53cXUP2mTXBc7qANzAkSrwbi732WRdm,Silver,2,HELIUS_METADATA_BASELINE
CdN1jNUD8BComHCemuwdVBKF4XZDEju6ZcT1oZvo8TRD,Gold,3,HELIUS_METADATA_BASELINE
CdUWspc3BRAzBhrRGo6QQa3y5bXZarfguXyiRaD7npea,Silver,2,HELIUS_METADATA_BASELINE
CdeWB2oeeB6heA2kL8pEaVWHqEeJrwYhLQh2LFFuUwCB,Elven,5,HELIUS_METADATA_BASELINE
Cdwx3jmmAedQZooanRiUnECcD5gNCvFqroz1vJvjTSBv,Silver,2,HELIUS_METADATA_BASELINE
CeDX6hShwcvWgatpkCmNejm9JwWnvQsVeeopAbNYv2Hq,Gold,3,HELIUS_METADATA_BASELINE
CeHtqVxPwLApSRn4zLEjnaU7RrUj6u7jNXXNDTD5pr22,Arcane,4,HELIUS_METADATA_BASELINE
CefzGbbA9okhRxR7xgQMxiA94S7WmzgexFcQgDY8phDo,Bronze,1,HELIUS_METADATA_BASELINE
CejzeKLWPrzK5C4ELZQPvmUQUkongwzR9rZkA7DzNSu1,Silver,2,HELIUS_METADATA_BASELINE
Cemhd59xQmp5oE8dnH2i5qWka8kcWvezJiNadz6pUJpE,Arcane,4,HELIUS_METADATA_BASELINE
Ceow5X4SdqkZ8odKqidyVfLyQda8GiPJ1RBj6Na76QTH,Bronze,1,HELIUS_METADATA_BASELINE
Ceuyc3GNveow9AJwVkBHJ7pwd33h7g8pjS1sVQWrPnSf,Bronze,1,HELIUS_METADATA_BASELINE
Cev3E14TmYGX1T3UR55C5nRyDahomFptPMMQwZWhyNr1,Bronze,1,HELIUS_METADATA_BASELINE
CevAcqwJLhpYFvFYo6rgoBGTVU2xst1FCiUJ4BH6eomD,Silver,2,HELIUS_METADATA_BASELINE
Cey3ByKFu1gmBj49Cg7ehSuDx4cRNmMKXetJMisYg1YH,Bronze,1,HELIUS_METADATA_BASELINE
CeyBKL9rX61NbPjKQvMmeTsfZd8s5MS3JKh2S4rp4FKF,Arcane,4,HELIUS_METADATA_BASELINE
CezH7dcNQhQcQmGXVAMod4Jkqf2Q7FHsL7XQDAmrkidQ,Bronze,1,HELIUS_METADATA_BASELINE
Cf3wMVhkGbvuFbxVyjPDmxf1AmaHaN8mSLtLF6Cu7X1b,Bronze,1,HELIUS_METADATA_BASELINE
Cf55BJLH931fQURsRnwHLX2Vsyp5kTai1CztYd81kDxp,Bronze,1,HELIUS_METADATA_BASELINE
Cf74pVfJZYw2qhe6JJuefPBtzE2MBdYVdjAQZfVs9bCs,Silver,2,HELIUS_METADATA_BASELINE
Cf7qRmHLTpq1uijMPxuUvSvGCTVi4ctNubSSP3SQKizn,Silver,2,HELIUS_METADATA_BASELINE
CfAQGo6tN4FU431wYZsHpBkc5xuWjgaPBXZbZ4rqacQc,Bronze,1,HELIUS_METADATA_BASELINE
CfCNY9FqnCMUWQg53AXfC5s9aytyYMZuCNHJTHUAaHUt,Bronze,1,HELIUS_METADATA_BASELINE
CfDA5mzr3fKHviPK1DrC6yHiELuSHuHvVpfLC175KkGc,Silver,2,HELIUS_METADATA_BASELINE
CfGh61NSYBHpnCgFvWeCQzgRMFtmqnnq7fQT2GB9Ae9M,Silver,2,HELIUS_METADATA_BASELINE
CfKJo2T4uc6MNQnbvUiXf2jc6rW6nBEGvQinSp4eauzp,Gold,3,HELIUS_METADATA_BASELINE
CfKmdX3ZBzHcF5Z43tXzCLSEyhJArAwtzABH9JozHcVy,Silver,2,HELIUS_METADATA_BASELINE
Cfe1h9WSGPcXrXzKYCnmj2oA9gyrMNmkbWFw2mRt5xda,Arcane,4,HELIUS_METADATA_BASELINE
CfhYX1A9vvinktofi6S8bgChF5Q9uPSHjXtDUswtZVuX,Silver,2,HELIUS_METADATA_BASELINE
Cfwcpb6JYphfTvXmMHkaBENZBUkKRm1rjp5Az3L3QfJD,Silver,2,HELIUS_METADATA_BASELINE
Cg8v6BhMJzifY2EkLS3q5cas9riExVdkGeWoJPRwj1Gx,Bronze,1,HELIUS_METADATA_BASELINE
CgQWFrQWm4zrEr97iKVKFFxhBJGp2iPCvEE3Woq19KYb,Silver,2,HELIUS_METADATA_BASELINE
CgeGYLm6oYiFNz3q8MhUgh9s2bFnDiWaHof4dvzyhcdR,Bronze,1,HELIUS_METADATA_BASELINE
CgsKCccRuZbDVQW3Xu3HpBxEVhh8i3d2rCykNmCB1ct5,Arcane,4,HELIUS_METADATA_BASELINE
CguChkpWvRh7YJ2hj4tTcpweZ95PQ815QP15Hip9QFaF,Silver,2,HELIUS_METADATA_BASELINE
CgwgaTRrNPWMyxn1s5LGGnzJLpY2pj3isUSzXnVrTspg,Bronze,1,HELIUS_METADATA_BASELINE
ChCzJG6mGkeTdqjj6xQUri3gDituUn3PxJCSp3C1h2bj,Silver,2,HELIUS_METADATA_BASELINE
ChG2tQUVEs4qeTJvDAyeM4hgKCLsu4psJGRnbdYas2qj,Gold,3,HELIUS_METADATA_BASELINE
ChMViwLEg6uRtwPctdkcAQFM48DyUNBcMcb2jMxRku1Y,Gold,3,HELIUS_METADATA_BASELINE
ChNP4T8wNZYD82SuGB27FA6cAzzx5R8WMyuVR4VW3tTA,Bronze,1,HELIUS_METADATA_BASELINE
ChaxZ4ucA3TzmHDP2CysEAQckA2niAzj2NJAfYLUBFgb,Elven,5,HELIUS_METADATA_BASELINE
ChdhP5LRTWykdqGe2P2fg71D5KpFWV3apwoCjj5JvzuV,Silver,2,HELIUS_METADATA_BASELINE
ChfkBVXe3QvQrXS63FPwa8zfVri44WGNBMGMXsbNYGiy,Silver,2,HELIUS_METADATA_BASELINE
ChgmLF5qJK1P8i3QHDQhP5WKiAiRVNPmbNtrUGcBEECG,Bronze,1,HELIUS_METADATA_BASELINE
ChmBDkKcYgETZqsPEjh4umf96ejYUvReRaagVoEz2wSJ,Silver,2,HELIUS_METADATA_BASELINE
ChnPsHatPfggviF1XkHnxfh4JKY2hRxpRZye7mD4Jh4i,Silver,2,HELIUS_METADATA_BASELINE
ChpM1wEXb289c98uUVZmVeQi9Q64yt87vXQ7GDZ7F2p9,Silver,2,HELIUS_METADATA_BASELINE
ChsHSYQezbdEHfHxupggTMAubDHE5Mpa1Eeb6xgRRN6h,Silver,2,HELIUS_METADATA_BASELINE
ChtW9MgfrFeiDX6vbBqaJyu7YidTVSrbtMywCxBgq44i,Gold,3,HELIUS_METADATA_BASELINE
ChuANznJzNNmqRS3ZrHrgVRfk6k15xyfGzpnchwaKx2E,Bronze,1,HELIUS_METADATA_BASELINE
Chv3KobQfe6cyxvdUHs68zqp31bCyn9W5EE61zzDjPs7,Bronze,1,HELIUS_METADATA_BASELINE
Ci2rF7dDYxSJurut14xvrifcDDLpd5itUHyPbz9DMCoQ,Elven,5,HELIUS_METADATA_BASELINE
Ci49pTgA6ri4K3GasPL3bBVFK6dgEKPyCguP8svg5uta,Elven,5,HELIUS_METADATA_BASELINE
Ci8kXBx2cCtHg9Bb8yhDKgCHTdKMMyhZWkJGWgH6xb4y,Bronze,1,HELIUS_METADATA_BASELINE
CiH7GEMgC5H3RN1BNMdqwrcDfFztEFozb8FZfKnfqmJa,Bronze,1,HELIUS_METADATA_BASELINE
CiiCP74wzUsfL4pdmt7CeYJNH2S6QrM4DHFkxrJ3duT2,Bronze,1,HELIUS_METADATA_BASELINE
CipZ6aPTaquttx6uGfgTPfsX6xSnPV2iwqGyT4GQXogV,Bronze,1,HELIUS_METADATA_BASELINE
Ciw3h3N9r9zrXwbjot8XLr9tZhqq1xudj7FstmtKa6Hg,Silver,2,HELIUS_METADATA_BASELINE
Cj556VLZKE8wKDaGh1gyhj2xPPGsheuMMmW4ftuzLVU4,Silver,2,HELIUS_METADATA_BASELINE
Cj8Gf4Mc65v2dxCXm7yNga5aLVFKp3B7Uy2Wd7DSMfHa,Bronze,1,HELIUS_METADATA_BASELINE
CjMzq5kjvdFfaudoCiNY3WkfGuUfVSaGJkdG5fDGgvoy,Gold,3,HELIUS_METADATA_BASELINE
CjPbJ3eRnkuQNfCFAm5djK7dtCZqnmX7GReCWmAxcTMU,Silver,2,HELIUS_METADATA_BASELINE
CjRDCFw4Uis8i6ZKjfaVHTsUkhe44Mcxkstr3MitJtzq,Bronze,1,HELIUS_METADATA_BASELINE
CjYBqD9tzZP8UaS4h1LeBH5TXAUAtFztxzfqKe5y1pDd,Silver,2,HELIUS_METADATA_BASELINE
CjYgEdXdAxD3Lkv7tft5P4D7bBuSzs7nMTfxQazCHCp6,Bronze,1,HELIUS_METADATA_BASELINE
CjZHNfUkURZSN5kN773RhvhKoWjJWwzgEzXk6TeBPHEg,Bronze,1,HELIUS_METADATA_BASELINE
CjhsCo5GSo8muP8ntZUFgAj7HBnMTFppSbx8KBGHkEZk,Silver,2,HELIUS_METADATA_BASELINE
CjkdFcKLJDUz2RQqMqcwWDa8Hc6ewLBrfZJ49h5exd5t,Silver,2,HELIUS_METADATA_BASELINE
CjkmbjRkJoV8da59JUjUb3aESeY3rnCyuXURwJy9s9AN,Bronze,1,HELIUS_METADATA_BASELINE
CjtCBxTiQAY945tgwF4KGJdhbWEqyAunR6toUHw8oS9s,Bronze,1,HELIUS_METADATA_BASELINE
Ck6FHP5ghWGq8yLhU7AMoYpiuLnhJam8Ec58WyLXmMpz,Silver,2,HELIUS_METADATA_BASELINE
Ckjhj1GtbwEzHVNG9riyQKBWfftpq4mB52KHDJxSnhem,Silver,2,HELIUS_METADATA_BASELINE
CkrfFVfwiiYadHAxeooq6bMhBWcCGqeL9i2drJsqjbMc,Silver,2,HELIUS_METADATA_BASELINE
CkvPW786CSmyFMqp7CAJhBJSRVYDcBJFXbeGp5feTVNa,Gold,3,HELIUS_METADATA_BASELINE
CkyVnmoSRfCxLLK8JDtp2VFyKQpUz1XK5FSQa7X4NQ67,Silver,2,HELIUS_METADATA_BASELINE
Ckze6dbaNKseQbPybJm4k63zrZwzi2V8MkQjEBiVyjAH,Silver,2,HELIUS_METADATA_BASELINE
Cm2QWY2dkEuorqxZp7USMdPJVBkcFwzWrvDYgextGTwU,Bronze,1,HELIUS_METADATA_BASELINE
Cm4bmGhGrM7mE7ZFhgCxTaYRdcwYvZMCKajutgvZzLxT,Bronze,1,HELIUS_METADATA_BASELINE
Cm7aj8JTWZiWEscQvxAwHgXUDYbvsDe8g1RCft5oN7tC,Bronze,1,HELIUS_METADATA_BASELINE
CmDs3SVmfzx66c6mataibjHkf4sBjDa4y7dYR73sgk6y,Elven,5,HELIUS_METADATA_BASELINE
CmWQLsseHmtZbvmTUBgBz55FxXGr7z5rMr7GezWBZecg,Bronze,1,HELIUS_METADATA_BASELINE
CmXKXVEquNdwGGWCoHCxwvJjKWoR3saVydYiz6FXYru1,Gold,3,HELIUS_METADATA_BASELINE
Cmfo9ju1S2TBTh9KaeF5n7ZyhwkufeuXisXVVL77LCXQ,Gold,3,HELIUS_METADATA_BASELINE
CmjbTjmfHH8DuqLsawr55YtsCARgoTq4oHzVqHFMqXge,Bronze,1,HELIUS_METADATA_BASELINE
Cmmg6vSCjtQFJSRk6j7794e7BX6W93EysiGXc9CG7rq3,Bronze,1,HELIUS_METADATA_BASELINE
Cn9BbDfhjbn4kLpzK7dsMDyCXq2AAkki9JvhX4kb6W91,Gold,3,HELIUS_METADATA_BASELINE
CnCZNMLkTMEMKhBh4YTyuuJ3f31eHB41GGAcqUdiwU6c,Gold,3,HELIUS_METADATA_BASELINE
CnCtapAS4yh5VELtccX7T8pBumpAXCr6NBoTH1WdHjU7,Elven,5,HELIUS_METADATA_BASELINE
CnHwFnAp1EY79SKJ1tVBeUhzSYR3chrTyFuFtgKbqYLU,Gold,3,HELIUS_METADATA_BASELINE
CnJNB36691UdSYKkbRQYjZXy3jWt5bMpsFBZxSxdCrLe,Silver,2,HELIUS_METADATA_BASELINE
CnLEpMLVnUk7sQuMaFbb1ZzrzPhGZkYjGjrMpS7Hj7RB,Gold,3,HELIUS_METADATA_BASELINE
CnkhkdurytbZPqWJZzqMztopaB2fgC5pmcgZ1FMqJPmj,Bronze,1,HELIUS_METADATA_BASELINE
CnnxzbYoVtJJ5KAoYymP8pqQW4jDa3HRBdixL1ZRWpzN,Bronze,1,HELIUS_METADATA_BASELINE
CnsBap2LRNDeCCMi2AM9YG8ZtfPzmwQ6NGeFzAWorzZn,Gold,3,HELIUS_METADATA_BASELINE
Co1E5TVXtrmHtmZnphVs8QAhQjSVNc3eChMMtqwdy4dh,Elven,5,HELIUS_METADATA_BASELINE
Co6K1YMNnZjAXw2ndjziTsoQh92zs532uv1RoRJ3FR8W,Bronze,1,HELIUS_METADATA_BASELINE
Co7kDQ388td8wxz5DBtX5gwtiGQ32hTV5AkuMnHX3cSm,Bronze,1,HELIUS_METADATA_BASELINE
Co9CoZJzgyPiVpdkpPx5fGe7tRxXBPsmAkPJctBkF1Fh,Gold,3,HELIUS_METADATA_BASELINE
CoCoVXspvqBawftLt7vtJ6gkdsQG2VgxjaAtJY9RcDTC,Gold,3,HELIUS_METADATA_BASELINE
CoG1jEow7gmZyNbwXLrPZnjogngkDqheHcGjvsANmBPK,Bronze,1,HELIUS_METADATA_BASELINE
CoGrjEJs5ksGfFbxswmVc3qr4hq8zEUm76fr8T5cHzUB,Gold,3,HELIUS_METADATA_BASELINE
CoQZE5qJznVzpJdk2YRNXFKSFrUa5hGTNF4BiD2CcDj5,Silver,2,HELIUS_METADATA_BASELINE
CoYvMZMJvFM1TmY4FRtcchtQJHqrGjvLbskcH3ruWjz3,Bronze,1,HELIUS_METADATA_BASELINE
CopqxmP8DYkAVpKXFWQg2TKEsWX9TYkga2om1C5hDebh,Bronze,1,HELIUS_METADATA_BASELINE
Cot9G5MyhhGaVwHJs6NGmh63g6G1KpFsPC8BN6dbESQA,Bronze,1,HELIUS_METADATA_BASELINE
Cox5u5WiKdKZLvbwMN4oiHtRPVgrbf1SWS62unvU2dXS,Silver,2,HELIUS_METADATA_BASELINE
Cp5FMY4akWz3HvkaiJ8vWAYfhKnR6D2oUh5PW931YWHe,Bronze,1,HELIUS_METADATA_BASELINE
CpUM3TMypCNNzhVKgn15FgQQg3EjUWSQBzCV5mwqS9Hc,Silver,2,HELIUS_METADATA_BASELINE
CpWwgbmLXfe4Zds9zPytt1daAQJmdEUBHd35djVf9Azf,Silver,2,HELIUS_METADATA_BASELINE
CpafmSMY3eZUdKHzrdP8YeE8W6YUq6aPP2Eqkq6Fa57D,Bronze,1,HELIUS_METADATA_BASELINE
Cq5S93Ge7qXTii37KpZbJSbv45fYVCmAybieMXwdDL1i,Bronze,1,HELIUS_METADATA_BASELINE
CqEQmRZZgk2Ky6QScb2vmTu4ETWpRpWhjy4HYkudwFR2,Bronze,1,HELIUS_METADATA_BASELINE
CqPW3aqdQaqLf6Ayd9ykN4iqNvBX7eoSTKdtchLLndqr,Silver,2,HELIUS_METADATA_BASELINE
CqSDExRVjSGuotwfJj6XCXMPFnB82ijWABjXbn8LMEzk,Arcane,4,HELIUS_METADATA_BASELINE
CqUHyQfa8oAyFk36vFN9TAf6DMDvs2q91TWcmt3CCDoZ,Bronze,1,HELIUS_METADATA_BASELINE
CqZNMoLZELQr8SsHPkKosJME5KMf7cNFmhYZDqMu67As,Silver,2,HELIUS_METADATA_BASELINE
CqaUR2D2BennYUpy3dQxefH4vzP4A3mjxiKwwpfScuy8,Bronze,1,HELIUS_METADATA_BASELINE
CqpSrRAVeHPEPCWPc7mmwy2VVB2RbwuaQVxJepyE3iBp,Bronze,1,HELIUS_METADATA_BASELINE
CqpmVG4Sihy1jGAEb8mqt5Zxg48rPVSsVv4MqyBRWyPn,Bronze,1,HELIUS_METADATA_BASELINE
Cr22JZfv6YoRwSEkuUizJ4tF7BXUjjnMtLRBuqm4znqe,Gold,3,HELIUS_METADATA_BASELINE
CrBne41TUoEhEsEsAhPJ7uNMo1pESTsn9CUWjXPMnq18,Bronze,1,HELIUS_METADATA_BASELINE
CrD58DpELYKZ4c76p7kWM92mMPi9cBv5UcaBfSYEdLCj,Bronze,1,HELIUS_METADATA_BASELINE
CrHH6aHuHqU81Jmh8tGctqi4RU2aZMb3gCgnrAcdA1pt,Bronze,1,HELIUS_METADATA_BASELINE
CrkeXknsTqsmNqexiUzoVdwR8AKjTeBaFevfirNQsooa,Elven,5,HELIUS_METADATA_BASELINE
CsEyYUU6Ct88DP1pBLSaTg6sjUDZx4AGh418s9SNwY1X,Bronze,1,HELIUS_METADATA_BASELINE
CsJ2iKFABrfPQJfjTueHPhfxpqMgZVRvDKtcWonhFd8o,Bronze,1,HELIUS_METADATA_BASELINE
CsdnW2RewSo89r5sc2UfDZ6KR91Fr1AmjcRVJGmhceLr,Elven,5,HELIUS_METADATA_BASELINE
Csrntgn9RJmB3kABmntbA2FMXeFPn6WuPZP6ApZD7kc5,Bronze,1,HELIUS_METADATA_BASELINE
CsxRXyL6MzUY56Vj3f2RGAdSgvcZajnTLrrqEZGqBkhD,Silver,2,HELIUS_METADATA_BASELINE
CtLuSVvQ3wu6iDVrbZzfAsPogJhQY4qmg5NZpiYykxRP,Gold,3,HELIUS_METADATA_BASELINE
CtbReECjkoso3VVaugtKiBoMd5mv3bQ85V8K1f7CwHUV,Gold,3,HELIUS_METADATA_BASELINE
CtkWUkYWREB5p1r7gZ7CjywHdHC31akADhTUioCpQyLm,Bronze,1,HELIUS_METADATA_BASELINE
CtmgpTXfLRNMa4uXLarVs7HqEx5qWYiTC26pMGVey5VB,Gold,3,HELIUS_METADATA_BASELINE
CtpDRhCUBVYnHvL9t4bi4YWVf1n7wdCuokeQNCodVqh8,Bronze,1,HELIUS_METADATA_BASELINE
CtqK48As7cV6BRqW9Ytrwq8RSABnJcfD8a4Gwmw8ZZ2N,Silver,2,HELIUS_METADATA_BASELINE
CtrS8f8Lo3CNCvmHVjcAN9D8ASoEWCT3nTdYdphjqQLf,Bronze,1,HELIUS_METADATA_BASELINE
Ctt8M4p7hnyPKGo5vNemXcdnp9LXv91qK1dwwNtNrUpv,Silver,2,HELIUS_METADATA_BASELINE
CtyBCbYD6ddhrFvoVTik7zVYa3cRWb1rDJiHCyCem94w,Gold,3,HELIUS_METADATA_BASELINE
CtyJCCd2V3MMgcqFBot4gheiMaj6mCGGmD4YkMgj8XZz,Gold,3,HELIUS_METADATA_BASELINE
CtyaXjYRsPT9vPk7HXcv1juhDULkhvYaZReKbmdAW49n,Silver,2,HELIUS_METADATA_BASELINE
Cu5XHUdApH4VWFG9LbSAKq6xahqkwqxN97hxK1rJwKX9,Gold,3,HELIUS_METADATA_BASELINE
CuC1byiqmRsU3A2mv3Fg94eXvVn9CkHK5aU1aLeZGqfh,Gold,3,HELIUS_METADATA_BASELINE
CuEJZpetXvCUm4h9V5o9mvNteATP19HWefYGZjVH6UtK,Bronze,1,HELIUS_METADATA_BASELINE
CuShuGdGJAg655nGxv8heVK9D12ChXsjEHcaYVXZn5H5,Silver,2,HELIUS_METADATA_BASELINE
CuUo6KTi9MtvWbKBhmMjtYhpA9ndcTiQqrGGdzuBXRY1,Bronze,1,HELIUS_METADATA_BASELINE
CuhPMDqvcHUa7gVghZGT6xWaD6kgDEJ3SKwhCNohkHzY,Gold,3,HELIUS_METADATA_BASELINE
CuoKxWzR6Zfd5aTJCypmQzfqSB4PPFNE61kjYaetgSQh,Bronze,1,HELIUS_METADATA_BASELINE
CupbkBcYsRE9MbfijRDVa4opkgaydezpnUzVBE22RBsz,Bronze,1,HELIUS_METADATA_BASELINE
Cv8gpZNgJBnnyQCgvDYjFv3s2GUcqcL3jSqnB2QCmxi3,Gold,3,HELIUS_METADATA_BASELINE
CvCC9e3rTWkPpEwFcKbti9xzs4kawoP1XscK4W2w5brn,Gold,3,HELIUS_METADATA_BASELINE
CvGFjRLXo1dZCkbUkdfjku1ZTjNy3gHNVxPehnGAuHGq,Silver,2,HELIUS_METADATA_BASELINE
CvbzbwH6TEQeP6LMRUs1R8LPsvufam1otCvr36ih41Yc,Silver,2,HELIUS_METADATA_BASELINE
Cvc2FmkHVCaccuqKEdaCeLaYbepYU7mjhaEbSa2MEwxy,Elven,5,HELIUS_METADATA_BASELINE
CveL6UKTFmaXvumF6hwvy1KbnYL22izaMFtiBTYMkSrc,Bronze,1,HELIUS_METADATA_BASELINE
Cvo6Qz5iDATWj1khpg9PHNZ22gZGj3f8M1HCLs62P7ko,Bronze,1,HELIUS_METADATA_BASELINE
CvoSjwTnWdxpjVszJk9ysRCEu3Lr56jaEWjAbzhqR3yU,Gold,3,HELIUS_METADATA_BASELINE
CvrWG9LLcxDLNpVRb6D27qAEJACqrTzuhwJsVKLh9qGs,Silver,2,HELIUS_METADATA_BASELINE
Cvy6GhwiWCzd64ruTzzU4JA6Ybw4sqSJnENudB2hAeYP,Gold,3,HELIUS_METADATA_BASELINE
CwA57mrKHYzWJWV55zpgegyPYnK1pCFBdG3PRj5KMZTB,Gold,3,HELIUS_METADATA_BASELINE
CwATXhLqZhtx9bohft7syeMdopN89CyRCtSutr5BBBeL,Bronze,1,HELIUS_METADATA_BASELINE
CwFNUUdHTE3JR1Uc4Et2JeqYz1pAwBAGqpbtLgL3G3KA,Bronze,1,HELIUS_METADATA_BASELINE
CwK7R1vCWPcXxS5jLyy7GjikGPv8Xfv8MgaVavWvijvt,Bronze,1,HELIUS_METADATA_BASELINE
CwN2rewEj7HvCGN6pXyWgX8r27yfSPNo1UGgetPDiWHZ,Gold,3,HELIUS_METADATA_BASELINE
CwNgzXgJg9Yi6y9DbeqBEqtyr398HhfB4iV51kRdyenb,Silver,2,HELIUS_METADATA_BASELINE
CwiwSsXLDQVeHYtkd7WHvw552Hoybh9AQFLPfuPo18Uv,Silver,2,HELIUS_METADATA_BASELINE
Cx23vfaC5nbbS7gajpmqjT1qVNSmgRzBqAWhi3rp1P4,Gold,3,HELIUS_METADATA_BASELINE
Cx6mX5UkKwCKZd4CgD7giVbtFFheMdY1Xzd3g7c7Uhr9,Arcane,4,HELIUS_METADATA_BASELINE
CxGNS3529ABh8JNEK6eykMcv78Etu1cJsUTW9BaLCD9k,Silver,2,HELIUS_METADATA_BASELINE
CxHea15uFNNDYm8Xf2JSrpx1qwV93Py78kHAkbB1GWB6,Bronze,1,HELIUS_METADATA_BASELINE
Cxc3xUV7BfWv52L9MGrARKtQj9w8hv7feRyxB5Xj1duX,Bronze,1,HELIUS_METADATA_BASELINE
CxqQ9Radbqp6wWkDREoKuGmqYdgZBDTRdwG7CeQ1JyDE,Silver,2,HELIUS_METADATA_BASELINE
Cy3EdPvVCtNApg5aPKG9sAHkxLaTLzffvZPPgebtTRca,Bronze,1,HELIUS_METADATA_BASELINE
Cy5uXuBB9BsdKH5X4YRGvS4KDEwmKGxBzMJteDHJMsBq,Bronze,1,HELIUS_METADATA_BASELINE
CyBEweixKLMLKCBCLyopA4hZnL2HQtC2SZXK5wpAQ9WM,Silver,2,HELIUS_METADATA_BASELINE
CyDeAtat7iBs3g1W6WiquAFXxEp75NgpLx7FcsAxnGUy,Bronze,1,HELIUS_METADATA_BASELINE
CyELtLMAAcpBFFXV3KgGsVpkAdNs42jnttyDGCPP49EC,Bronze,1,HELIUS_METADATA_BASELINE
CyFcvAxv7oNg5e8yKHrs22NAsaGa1EJiZfT3hmbC3wRQ,Bronze,1,HELIUS_METADATA_BASELINE
CyLqHGzevR2mo446ks2REydbGbsYHFucBC6hs359oQSP,Bronze,1,HELIUS_METADATA_BASELINE
CyN8NN2scuCBM5qqRdkcpyrTAgf8YFSSqhSUvUs1fgvw,Bronze,1,HELIUS_METADATA_BASELINE
CyTJ2ZvSo6h4JKrWRGfAymabidZGa1FQDeSKap5JMqsd,Gold,3,HELIUS_METADATA_BASELINE
CyqKfEvWyqgHdx3vLsnAUJjjG5oYUVe2HNKxfH33nc1y,Silver,2,HELIUS_METADATA_BASELINE
CyyUfnRJNqjyJz1wy6xzRHcgTz7HbJnew7eN8RdoX6g2,Silver,2,HELIUS_METADATA_BASELINE
Cz2YviHtWB4oiTeDMQisw1U2hJcboc7NGBzMwLQZgFbK,Bronze,1,HELIUS_METADATA_BASELINE
CzDViiLiurNVLtYudEtCXCwH3pLDZ9AXfUfFz5ZHwdYG,Arcane,4,HELIUS_METADATA_BASELINE
CzKFWt2BRJC491T9rH29UDXPoLFDuLfD9AzZmXT4VRnS,Bronze,1,HELIUS_METADATA_BASELINE
CzLfXDpxoaYuQJxZgzBFnS5ng9gHNsSibRd5wZDfvQtS,Bronze,1,HELIUS_METADATA_BASELINE
CzMgMFAu6Nxy8wtheMy5fYiFV59VrQ6Mf1dRSiVbC1c5,Silver,2,HELIUS_METADATA_BASELINE
CzPDJMoeULdKzCoMrxFotZZyLvwy5bcPpGZDzk3yXGXQ,Silver,2,HELIUS_METADATA_BASELINE
CzYJhHQHwGEny8jEPtPWAcQ45wcbVN3dqFUrfS3MpeQC,Bronze,1,HELIUS_METADATA_BASELINE
CzZG5igPPzQHQ5vTkyjT3e8khTj8ewBzvsWRqRLhxcYN,Bronze,1,HELIUS_METADATA_BASELINE
CzZxWcwWSskFWceMm1PKEy3xBdgcqgBwMmTpT4Twpqdk,Gold,3,HELIUS_METADATA_BASELINE
Czjp7b1oLuSZr1WKYVKMxRWAN1GUFKTxma2dunLTwFou,Bronze,1,HELIUS_METADATA_BASELINE
CznKcoXGEUbqNi18pGbbr3UCS6FktN4vW7whDzsaCTbF,Bronze,1,HELIUS_METADATA_BASELINE
Czof4AJCJRGCBH2y9KjLQYhhRymxvFLTmidZ7wwNK95X,Bronze,1,HELIUS_METADATA_BASELINE
CzsYS3E6EbBVtkD6WW833q6bDXkxJiiJMeoSP2bw2DJE,Silver,2,HELIUS_METADATA_BASELINE
CzsxCXNXHJUvT2z6hLhwpcPVJNGPV7jjbuGvoKYoPXu2,Bronze,1,HELIUS_METADATA_BASELINE
CzuWMtNwWjYDPFuWb4QzpBC2YUUv5CFnm4KsNLr1aX7x,Silver,2,HELIUS_METADATA_BASELINE
CzuZRyZZuGnyNnaBTVjbx3G5Jc3tt1LRNEUopS9ub7bT,Gold,3,HELIUS_METADATA_BASELINE
CzzBbdeSPk1ekcPYAe6pgiBw9AMvCLADfrB38QucjUa9,Silver,2,HELIUS_METADATA_BASELINE
D16ftnZ9cC3CVX9GZB76iUMny41PyE8SprY9i1rfipzm,Bronze,1,HELIUS_METADATA_BASELINE
D1nEUbHx5xwmjaz41A1MZth2SJqX3qJ9HLqiHypu7mYN,Bronze,1,HELIUS_METADATA_BASELINE
D1nXuKMECxEQovGTnbVTrLWjKbMwsx1siifja9VxHYEb,Bronze,1,HELIUS_METADATA_BASELINE
D1vhY9BpKZkm5MBDBAQGb64VN8RwLF23LX1atcGQqi3z,Gold,3,HELIUS_METADATA_BASELINE
D21At2Zc5wnhqvDQQfdRL91ntrTQXpkztrFUrpCNqnaH,Bronze,1,HELIUS_METADATA_BASELINE
D21xW6fWQSFdWE6TR5UdpcghnH1T2aUpzy7CMW31hELV,Silver,2,HELIUS_METADATA_BASELINE
D23Pbigfw517nb4upr3JcN5EPuUJPuXZ6QZVTdTFPVZu,Silver,2,HELIUS_METADATA_BASELINE
D2FmH5wQo5LuYfGVUQAFzVpuTEHopxTiHshfQg7VcE52,Bronze,1,HELIUS_METADATA_BASELINE
D2G7xAnnPB9Nqcz3WCQ9Xcr7rX6qZHwXXmz4gzaRWd3d,Arcane,4,HELIUS_METADATA_BASELINE
D2Gm8cX6TD2WTX89yP85amzTA9BssfqYvBiragyK1L26,Bronze,1,HELIUS_METADATA_BASELINE
D2XR2MceBKJcpvjhh3tmk8n6jFj72BCMXVu71UwvAmmg,Bronze,1,HELIUS_METADATA_BASELINE
D2x3pujcbAPJrADSJ7y9YZ77RUnxqpm8gt2dCeezkUvo,Silver,2,HELIUS_METADATA_BASELINE
D397qp2jmwkFhgRoZFamxqpVswe9UkVodauUz3THkjt9,Arcane,4,HELIUS_METADATA_BASELINE
D3JbyB43nvKteVz6nRic8oQqnFVmWPKCoQUC2LokxwNW,Bronze,1,HELIUS_METADATA_BASELINE
D3QzJRiaQpWw9eNcFqvZKHhWEQp24gxNP6o5sPrG9DTd,Gold,3,HELIUS_METADATA_BASELINE
D3VdfCfxBDcWQaHPH2XkTf3sNFiMCuNMuPuj1LsGLWAg,Bronze,1,HELIUS_METADATA_BASELINE
D3ffpXzcbMkmTHnmswPy1UdSLCNkJhiDR1fSTeb3z8dU,Bronze,1,HELIUS_METADATA_BASELINE
D3fvssVQW1gWvs7Z1v7HJAAyDFzfYfPkHwiuyZ3ge17q,Gold,3,HELIUS_METADATA_BASELINE
D3vDz6kTfDsiWvVtxf745peEWD2SR8ctFrKpBswUWpPr,Silver,2,HELIUS_METADATA_BASELINE
D4CHUkj2DypPhEkVdYAgoSW69QmbjiLwixPGXNffjSeG,Bronze,1,HELIUS_METADATA_BASELINE
D4CSJwJ5TCLR9Q26KpZFWhsp6QAQRu9geKn3nWesGF3,Bronze,1,HELIUS_METADATA_BASELINE
D4H1ErmkjQ4iT1MqcDodntwjAZo8pok42wHrZPJBo4QH,Bronze,1,HELIUS_METADATA_BASELINE
D4VpE8cc9iTboBzdTtxSDWKgnFgi2t7AuJnqwhVzoDT1,Bronze,1,HELIUS_METADATA_BASELINE
D4W4GNWsG37K3dmB1zsqwvUF13wSXvHEgU1bcHxYevbH,Silver,2,HELIUS_METADATA_BASELINE
D4WCkyugFYX1W23v3ybpV9y3EHdz49j1Y5mRSpb5SVA,Silver,2,HELIUS_METADATA_BASELINE
D4rdBeZPxdU6Z8aTQLjtsxyroqaNo538hLeXNdJeh3HA,Arcane,4,HELIUS_METADATA_BASELINE
D4zqE6C3uxrNv6Hfzid5iW9EAzn4kBEWBW18s5WmFy1P,Silver,2,HELIUS_METADATA_BASELINE
D552ewJf8HcXrrVyq13YkwPNNHHqTdwedtdHLqH93mby,Silver,2,HELIUS_METADATA_BASELINE
D5EBNCnFZbh5MdzoRmZNuzjmsopDRzRPuDcE1AxjxJYn,Bronze,1,HELIUS_METADATA_BASELINE
D5Q7nWAmV7AvMWMjpbPC9BxJ2nHgU8oWKUAtN41AYjoB,Arcane,4,HELIUS_METADATA_BASELINE
D5aFKs4EKM2uZHiW8NoUBsZZYxzaXtGBGrNqycALNjhW,Bronze,1,HELIUS_METADATA_BASELINE
D5b9byQCViy2RgBpdNHFoNAjh6kbpwHLTcwAtkAK3mYj,Silver,2,HELIUS_METADATA_BASELINE
D5euhseeVQciXh6LfcuJog5gBMxSV3P8E16aR2KpaH4k,Bronze,1,HELIUS_METADATA_BASELINE
D5k4f6TUPuWQ1sLy3j2wdUwgrKRgVy863xVVZMTR16Sn,Gold,3,HELIUS_METADATA_BASELINE
D5sh4J9WpBYttmTnK4c52XHqj1sDM9vzcFobgqFcZuMz,Bronze,1,HELIUS_METADATA_BASELINE
D5zc67UHj58S5eWbkGfHkwE5ReqbAq4iJq2akgFtFEKT,Bronze,1,HELIUS_METADATA_BASELINE
D63rH9MAYYpUVxBXP1Sdq6Nz3vvgUdwDtLiYmFr5Shm9,Bronze,1,HELIUS_METADATA_BASELINE
D64kTaiqz6etqPBMQSPWyigcLhjDdz1GFKr7wFNAdC67,Bronze,1,HELIUS_METADATA_BASELINE
D66oMymyF2yLTsJ3H3FCvFfewJn3AMtprK9h7cwW9PJZ,Bronze,1,HELIUS_METADATA_BASELINE
D68Ju8Vd8sPowVFYERLTKMxiU27ZfpkHwCaxqz1TfBzG,Elven,5,HELIUS_METADATA_BASELINE
D68QdbnD3ici5xgWPfWBqozuBid8SqC1cAwsbFodpjWB,Silver,2,HELIUS_METADATA_BASELINE
D6BTe3n3pxAt2oGzt244wS3a9tcntqRjHjPQFGCDuhEG,Bronze,1,HELIUS_METADATA_BASELINE
D6ChqXBDNGxpYYXsWtemSv6dTKsHavGgTNCtsKvUTYmC,Silver,2,HELIUS_METADATA_BASELINE
D6D655NBS8gx2V3SMRboHD592HMGQijRrkiQC8H5mERn,Bronze,1,HELIUS_METADATA_BASELINE
D6Mwbnkt1bhb17ZWUzgkG15tvEqViey7AE7reAt5c4YR,Bronze,1,HELIUS_METADATA_BASELINE
D6jvi6wPFZh2A68CiX3pjqsrNqY9bKaCvpSeokBB4fUF,Silver,2,HELIUS_METADATA_BASELINE
D6zqU1CVQon3qjaYjNqYryKvLiuSmTT8a4B7e2CsW2ia,Bronze,1,HELIUS_METADATA_BASELINE
D751LJLnwwcgAgy6K3VVKL3hCdNqjnmBuU71mDBBVS78,Bronze,1,HELIUS_METADATA_BASELINE
D75uh74GxXZG74gxm8SrN8oY9ZuRg8DD8oeoYqFsTKJS,Bronze,1,HELIUS_METADATA_BASELINE
D7XAotv9hcwPnz3GzAGwET6oZX9gvPdJwm6eu7eKPKVA,Bronze,1,HELIUS_METADATA_BASELINE
D7aPt7AJnufLmSGDZ3sewwZysW2qfmD9JEkZXjuAVY6j,Bronze,1,HELIUS_METADATA_BASELINE
D7abR8x3KLhNEgchS3Ff8PyM62CKf24QsZZNeg3GcXSG,Bronze,1,HELIUS_METADATA_BASELINE
D7oNAgWDfK4MvqvAgT5pkK7js7uQ9eiBkDvLXg8LR1gf,Bronze,1,HELIUS_METADATA_BASELINE
D7xfCTcf7dpbSPzXuDDrPA8oKYeFLomuPuLgYtX2jzo1,Bronze,1,HELIUS_METADATA_BASELINE
D87e6hxKcPXaKc98L47Sm4UTwG9jSPgjtixtSGPgM79u,Silver,2,HELIUS_METADATA_BASELINE
D8DFDeK9TAQaumyCd8rbLqmnpqQgPuHaztDACXhEFV7Q,Elven,5,HELIUS_METADATA_BASELINE
D8Ki1Rh85rqgrAS7pyyXvNWYFaoh7HtpudS8azaxx6z9,Gold,3,HELIUS_METADATA_BASELINE
D8PpEU5NDshj6PxoLQeuKgPj7FSW8JC4jZu8x65Kt2xM,Bronze,1,HELIUS_METADATA_BASELINE
D8baAwub5QzvbBBYTqMzv9Z5CdX9G2JwpD7HBcWgV7xb,Bronze,1,HELIUS_METADATA_BASELINE
D8g1GdooJyhZcoHBW2Vxn6s2sDfev8rNnNuXkEJzS4qK,Silver,2,HELIUS_METADATA_BASELINE
D8hhhLdZbna3XPKdwtJP61wBmNGQiC4hJSFP5F9hj9yz,Elven,5,HELIUS_METADATA_BASELINE
D8yX3L93Ewn7EVgJ2nJrvAMLWB3drjxo3aLtYq75ZqED,Silver,2,HELIUS_METADATA_BASELINE
D92nWNNx9hPaNx5aG4fZ9N2txohX8qhf9BCtq6nFdjiu,Silver,2,HELIUS_METADATA_BASELINE
D94QeizvrsbWcc1uT771sspmeLp5NtU4CJ5eGtUPoiMk,Silver,2,HELIUS_METADATA_BASELINE
D9QWEhQZ6MM6eMWqdKHXc6Qz9sYvZGXqaW8wArqcTYyw,Silver,2,HELIUS_METADATA_BASELINE
D9SWWqAFHQo7ztakzVeCmg74QaYA6f5G1JtbuDm59G8M,Arcane,4,HELIUS_METADATA_BASELINE
D9YtEQjT6uW1Nq8kWYSAL96hNqQNKrpkkWJRXW9AR81G,Bronze,1,HELIUS_METADATA_BASELINE
D9YytrT8N1F4jk7yKyLABEZnuPZWBxgWy2GKtCKYRXpa,Arcane,4,HELIUS_METADATA_BASELINE
D9bjvuk6sk3ELVU1JZ3JtrLVRm7nnf6WcQpf6usFFdkT,Bronze,1,HELIUS_METADATA_BASELINE
D9jD6KS9G8P1G4s9t9ZNNV8V9BcjaN93q13jehhqJycT,Silver,2,HELIUS_METADATA_BASELINE
D9uY13MSvo6rBNmV9uAyoCSi8avjjmkKCXVb47gDrMfV,Gold,3,HELIUS_METADATA_BASELINE
D9wJoAz4JSgVriLx6qxTzNRFJDUXmGcGNF4jEWcvos4Y,Bronze,1,HELIUS_METADATA_BASELINE
DA4Sm1dzHq4ZfFZtKKs9hk4bwGvqTxD9BnDFYZ4oTqTo,Bronze,1,HELIUS_METADATA_BASELINE
DAFzMMcDCtBmztKbwKzDLiydKhgDQpPQF8H3Lidb1gnf,Arcane,4,HELIUS_METADATA_BASELINE
DAK4xyLixyfwo2MBCurRUDm5dcYiYnZ32VzASdGpKUcn,Silver,2,HELIUS_METADATA_BASELINE
DAMk5sGHkRieANAc2rjosJdT34tBzRSqbXEwMExzyecT,Bronze,1,HELIUS_METADATA_BASELINE
DANnDbmQ9Gwziwpx9QFG8kNznK9cuEj9YoWRshUaPb6x,Arcane,4,HELIUS_METADATA_BASELINE
DAQJvhTLSjdF6hEo5wuEwxjxWcoogDG5CCq8ExkfibRo,Bronze,1,HELIUS_METADATA_BASELINE
DAe8NYBfUFLNYTm61TsBkEzKRGmj7xdkunWgrfzkm56g,Silver,2,HELIUS_METADATA_BASELINE
DAoN4KjpDE1X7kHJiufpTFbqUKnff9m8z8jQtR8wiySA,Gold,3,HELIUS_METADATA_BASELINE
DAw7A8unV2nRk73hogT7CnKcwAY4wF2d64DkJRHG5cgM,Gold,3,HELIUS_METADATA_BASELINE
DAyw2Yh9HRhrNiicZ18YNtRAjWLQiyB5cKytVVuMfes2,Silver,2,HELIUS_METADATA_BASELINE
DB1B3ABhPov8pZP3czXagUJnCdMTYLnqryDTAGokDyH1,Bronze,1,HELIUS_METADATA_BASELINE
DBF1uNFtEyQG2gNjjczEKqkUkwiCDAcK9aaEEm8hFkxB,Silver,2,HELIUS_METADATA_BASELINE
DBJcX5eEPuG4vkTyexWYyr7YujuZTjqyTgudYg5y5QD6,Silver,2,HELIUS_METADATA_BASELINE
DBK1GAZAYab8MjzX7icSgWRP1oD5b1M6DTzbsUFQhZXm,Bronze,1,HELIUS_METADATA_BASELINE
DBLR8ePG1TjPobZzt7wzzbQYNtEFJxe7aje1DdqwUcS7,Bronze,1,HELIUS_METADATA_BASELINE
DBhAedct1m3ox2gwpghaJc7KPg6BzdopfqpSkWUhN9pU,Bronze,1,HELIUS_METADATA_BASELINE
DBpJt1uwFgGVZhMF8ybEXgkJyS3UjpmwJcuppFmjzaPQ,Bronze,1,HELIUS_METADATA_BASELINE
DC1ieGgxwFtd5fSAJjmZdULYzJZrJx7zYh4xG3Lc1J9Y,Bronze,1,HELIUS_METADATA_BASELINE
DC3ZcsjbzbEy2mdK6tntdDy1LykAJRrUL4Xu51VxXqkU,Bronze,1,HELIUS_METADATA_BASELINE
DC6dkhqeE4iVxhbrQX2KmGBryW3CXRPqe1aeG6To7dP3,Bronze,1,HELIUS_METADATA_BASELINE
DC9MnRqtNj4d63UboHgpXX9LecDoxURXs7xm42yhQEHx,Bronze,1,HELIUS_METADATA_BASELINE
DCCdJ8yH6Nb7UxPxGDkcjNwR9TbeGWEgnif7pD1tt1jY,Silver,2,HELIUS_METADATA_BASELINE
DCPirxfwoCuieJ4j4gEKBinPmkxoxEoMkUMDbrcaYEQv,Silver,2,HELIUS_METADATA_BASELINE
DCSGgbti9CudwMHn3UR9xpLpgEzpRfzmHHnMfKrWGMyR,Silver,2,HELIUS_METADATA_BASELINE
DCTjhqJcCR2hEgEXe8Udz4SnjG81NhsQAWD4tJKfhxYz,Silver,2,HELIUS_METADATA_BASELINE
DCYcM3KAegHJbbppjU6dsy3KXhvwhpykdq8k89v16tEc,Arcane,4,HELIUS_METADATA_BASELINE
DChCWnr4iGvwex2cJXGACgqsnmQj8Wnt4H9xrHdZjBeW,Silver,2,HELIUS_METADATA_BASELINE
DCj8t2LQG6fmt8W6j9K4wyMLtDd9odniRDGE6egkdwok,Bronze,1,HELIUS_METADATA_BASELINE
DCjcCANd3gswbbyWvCgCfbwN9Aoch3a1AuEFuRYsaE69,Gold,3,HELIUS_METADATA_BASELINE
DCpACZn9hSePhBkKyBvY7oXxmkmJVyG9jmiedwB8V31o,Bronze,1,HELIUS_METADATA_BASELINE
DCvAuPtShg6DM8uimi9jigp7Xe7CABMcxLDhQGuSs1wd,Silver,2,HELIUS_METADATA_BASELINE
DD1wyF17U4T3DgnjVVYS1kdZFRn3poxdb1mBFthGCQa3,Bronze,1,HELIUS_METADATA_BASELINE
DD3RxiX3YD3mZxfNsUTVcux8wN9NVpjBHDpWmBqqfgnC,Bronze,1,HELIUS_METADATA_BASELINE
DD7vT12pGXxZfxhf93vs38SkbAQqJ5eBh9W3u8dQBeEV,Silver,2,HELIUS_METADATA_BASELINE
DDgGWnqSz1X639HsXSPVs9GYovfFiB5hpoAPWig3NUgP,Gold,3,HELIUS_METADATA_BASELINE
DDi6M7oX59b6noDuVqe5KCtDU2FgkXdR8MPue1An1xS2,Silver,2,HELIUS_METADATA_BASELINE
DDioYmWVYeSFqTYpEKNLoJnKt3YRg3ZCitnFaYMwmXbW,Bronze,1,HELIUS_METADATA_BASELINE
DDj5pyqQvn2PmumBFd2AC2TGeXVqJZ6jBsQNAmpM5MYG,Bronze,1,HELIUS_METADATA_BASELINE
DDjfFF7kQE4oo77PgqGcUWSvTtEp5yqbpWoNZmdxdDBb,Silver,2,HELIUS_METADATA_BASELINE
DDq8sQq8VP27DmTmhgFMGmT5S6n4VGP49gEug66ccaCq,Bronze,1,HELIUS_METADATA_BASELINE
DDwJx4q4nTghBXUkZhmY4vSLW5gYJi7J8q6VnTMTvpjZ,Bronze,1,HELIUS_METADATA_BASELINE
DE3vsi9QjsZmFFaBCncCZ9XSMWxMvUENj7yLFng2ybrr,Gold,3,HELIUS_METADATA_BASELINE
DE3zs5wCqnrgMayfxCgVYrik4zLHJtAn3p3rWFC8PYTm,Bronze,1,HELIUS_METADATA_BASELINE
DEC4VFjE9ugAppZdNBrS4wvtncn6Nbmym1koWdnLGpWG,Silver,2,HELIUS_METADATA_BASELINE
DEEZpWe61GiQCVLzftDdfgn3wJL2zH4Tu8Jur6vq9G8q,Silver,2,HELIUS_METADATA_BASELINE
DEJmK9rt2iWM13piy6b9HPr3L1ZqfopGLtLXwoVegNos,Arcane,4,HELIUS_METADATA_BASELINE
DESXCEbupqQ8nXHdmz4uCcfSdsyPgidGenFgu4BsPETi,Gold,3,HELIUS_METADATA_BASELINE
DESseYrb2Mm2tewCUV4LWzzJT6atcis6fBxroV7crkm9,Bronze,1,HELIUS_METADATA_BASELINE
DEWkaeYyNvAs1pqfEaKWsJB1gBpHZwHhTUFqJdNkhbab,Bronze,1,HELIUS_METADATA_BASELINE
DEg7HPrJwrhgsjfQeiuxHeKrDs7PMxhAK7Zz7pTmMf1e,Elven,5,HELIUS_METADATA_BASELINE
DEgexWyoG1TicAu1oBw8kLp2Vtjtz4EuwPucsceRq7Q8,Bronze,1,HELIUS_METADATA_BASELINE
DEgoZM9TRNbTugYUWVuZJvAxrtvQ6bGDPsYWfkxLorvS,Bronze,1,HELIUS_METADATA_BASELINE
DEqp3aQeNSncJsjJkb21h12kUtUFiKxYQBmu15CKtJCq,Silver,2,HELIUS_METADATA_BASELINE
DEvGTvrbyTaCbCLuNZwAAqvHBiTjPbMKMv4YyBA1EoY7,Bronze,1,HELIUS_METADATA_BASELINE
DF19LD641u2T9x1r11QvZcKPo6xQWRVWc7aTjbPMxmRN,Silver,2,HELIUS_METADATA_BASELINE
DF8za4cbZnuqHFyiYZpsRPQ8u8D55s1AiZnbLViDMjLa,Bronze,1,HELIUS_METADATA_BASELINE
DFBNZBRDFFP4SF1PbjyBAY2DpKQFvcTLEjzSHFGv6dQ3,Bronze,1,HELIUS_METADATA_BASELINE
DFC1iF6JV4XVRqfqYGvenbtgNaPDQsQ7bnARigD9pAsV,Gold,3,HELIUS_METADATA_BASELINE
DFGtdBEgzyJ89b5At7XdiuBtVxu4yR31cqWj4TThJXWX,Silver,2,HELIUS_METADATA_BASELINE
DFJK2po4KyJz9HPrhjtqFWapvt9yp9YSHAvdYYVdvZHF,Gold,3,HELIUS_METADATA_BASELINE
DFLX5aSPvVHFUaeTSxVaUjteLd8feJWQKUqzxUDPVNpA,Silver,2,HELIUS_METADATA_BASELINE
DFMqzxkQwRfwwq5CXP8v1KWKTTmL96oBKGvPE3iZWnBJ,Bronze,1,HELIUS_METADATA_BASELINE
DFPx8Md4te4CtWHBpdETiYN9ep6G34wULnHZNnjVJ8QQ,Bronze,1,HELIUS_METADATA_BASELINE
DFSrD5xj4TfG9oxJpTrhQRpKSqYGA8GJ7matAxCiEz79,Arcane,4,HELIUS_METADATA_BASELINE
DFUTEvF4fmJMaYAeWmtQ5zikgAVLdWrqhj6vaCmU6gXB,Arcane,4,HELIUS_METADATA_BASELINE
DFZkRDsT993Xgjsx9AK4LUThRBp474JMTzJLagBYgCT6,Bronze,1,HELIUS_METADATA_BASELINE
DFb6j8X1Tskfq33STYsSkJMKWbmfhvnyFvoTcZZvQ7JX,Bronze,1,HELIUS_METADATA_BASELINE
DFbQEDRQZAeQyWyGj1da9Q6vWvp2GiC4WWEgb9umkC3T,Bronze,1,HELIUS_METADATA_BASELINE
DFgzaP4LDQn3N2GoVt9fA7AWBMxi1qfrMRc2Rr8hAwG2,Bronze,1,HELIUS_METADATA_BASELINE
DFta3k3KAksFNxycE7AtX2FF1XVfPFU8yE8bm2cSfDde,Bronze,1,HELIUS_METADATA_BASELINE
DFxuHbN7iGjLSKqYKkdx4KDVTekMf6gqow2uL6LKWVa5,Bronze,1,HELIUS_METADATA_BASELINE
DGBGzwezg1oBaXn4YEDr9HyGUVVhXeDdFb4b31HzMaVe,Bronze,1,HELIUS_METADATA_BASELINE
DGKPvXVypGYucyxo2xWCSwfyPUmCePoGiWpvKb5tFBuz,Bronze,1,HELIUS_METADATA_BASELINE
DGKjvEZot3w6Tz21TTwEGR985kf7wwH5BxeNXQNCc16s,Silver,2,HELIUS_METADATA_BASELINE
DGKtYgTXvRqGqozvdyxPkDy2NCQ63Xdg7TRBMXVkLFmZ,Bronze,1,HELIUS_METADATA_BASELINE
DGQmGpqtYzLzEkLaCT1AqJq7DV6c5BYqnQ3RyVzeQWta,Arcane,4,HELIUS_METADATA_BASELINE
DGaD1THr3uYxpireGUuukmLt2YfSnPkt5aYP3VTigRRK,Gold,3,HELIUS_METADATA_BASELINE
DGeQH6TTjErxd6XWP9iNGf7chUW3iCBVKmfjX4QnU74Q,Arcane,4,HELIUS_METADATA_BASELINE
DGmeEhuVndifSPKrxBeabfyXsnzwhwtDsSFFghaZ6w6s,Bronze,1,HELIUS_METADATA_BASELINE
DGpqrayHW7rB4QabTqbs4VUwE52dkN3EkNbPbkNdbcar,Bronze,1,HELIUS_METADATA_BASELINE
DGzWNVVyXo25LeAkwp8TfCS4giUhhgWKQWAK2LmJjS4S,Bronze,1,HELIUS_METADATA_BASELINE
DH5B6wmhCrBkp4cx8VKjDuEVy3rrcYrDHsmCrLCHwTqa,Silver,2,HELIUS_METADATA_BASELINE
DHQw3xxugu8oRRzvfWU4uAPRUf43SYrrUiu7fJ3Dx6k9,Gold,3,HELIUS_METADATA_BASELINE
DHS8rsNufREancewvDwFR8mjizdjX7As8aZKyKCaWnbi,Silver,2,HELIUS_METADATA_BASELINE
DHTDveKUYFfymmHAp2eWmGP1KyzSRKabCtLCPKNrWYux,Silver,2,HELIUS_METADATA_BASELINE
DHYriCuevH2kzJhxxFvDp7BntoQzpMnRtrRfFMHGakZh,Silver,2,HELIUS_METADATA_BASELINE
DHZfPWujRnC9kQavbcSXX93ihFkR6HhdS4o8Zgqb6dpW,Arcane,4,HELIUS_METADATA_BASELINE
DHaskBdJqXpGqmYAi17UBDUsq9cp3J4AH4YXiD9kDwG2,Silver,2,HELIUS_METADATA_BASELINE
DHcqvH3kcmZ3bY4KcStswVec4o472hHpJj8cKtqDVDb9,Gold,3,HELIUS_METADATA_BASELINE
DHprrDUKrjBCArhyf79Xra7cXmdV6hGCs1DyJ5fNYobb,Bronze,1,HELIUS_METADATA_BASELINE
DHr6bxrv3W7aB6pCExZXRiMEgJrPUdgnRKUBwE1Rs5WN,Bronze,1,HELIUS_METADATA_BASELINE
DHrkVtDVJ12Nss7yfny9AYSDEY5jCS2CFQcVzykiRh5S,Bronze,1,HELIUS_METADATA_BASELINE
DHxzs1591eew5cAmh6asVMGX6X3ptwzEHoMLokQFv2rw,Gold,3,HELIUS_METADATA_BASELINE
DJ55573QdRQu6GZgxdPBfzbspGD2bqhgLNkwhconhGbZ,Arcane,4,HELIUS_METADATA_BASELINE
DJ7ZbA78UJU7XG77zNQ5fJtJD9tgkvUxTgAAwFGfRS2r,Silver,2,HELIUS_METADATA_BASELINE
DJDqWQzWX4tJdqzdQjx6zyvWhbV6RR4E9zaVKptGXktz,Arcane,4,HELIUS_METADATA_BASELINE
DJEajG5psYFnQmmjHQTLqrkJQwi3uzeLFDtmSRCRoGt1,Gold,3,HELIUS_METADATA_BASELINE
DJFwNSKCEpRJmQex1ArYyuhBys2LdMo33UncSD8WSUdT,Bronze,1,HELIUS_METADATA_BASELINE
DJNKcp7SGWsGyt777PXhPBvUxxQ74bgiNWQaeg92JmJS,Bronze,1,HELIUS_METADATA_BASELINE
DJShuCS979xmDFZQKG3RwbUMzRbbQnbZn2tkTFiThhb4,Gold,3,HELIUS_METADATA_BASELINE
DJWkCPNV5RpCeXRCD54ovZDzQJiJHEuQbsVYj1Lpozh6,Bronze,1,HELIUS_METADATA_BASELINE
DJbk5NiiD8YZMGChMTJZ2mWpgHmbFa43YvCnGLBJvmbo,Arcane,4,HELIUS_METADATA_BASELINE
DJdhjHvJVbv9UsMm1yThLHYxDeihEDwWLwdWUhcvgnFS,Bronze,1,HELIUS_METADATA_BASELINE
DJejoBih5STM2TqxpDMMa1d5d1iA1N6ZVZmhjzvDMqVu,Elven,5,HELIUS_METADATA_BASELINE
DJmq3EzrvABh1kuwe46j7ZcoEhPEo1eekE3LuYegDyBx,Silver,2,HELIUS_METADATA_BASELINE
DJrvEWmqSeV4FXgDiyFssKDCDDMH3XNv99YoairvAjAo,Arcane,4,HELIUS_METADATA_BASELINE
DJuxVEFXUFckUr5FfNH5YHqCfVZnuhnWmgZ96Qc4ZBmT,Bronze,1,HELIUS_METADATA_BASELINE
DJxBi6oxP24a6L7W5VE4SQTXpDS5jJBHZGXWPCNXDYhc,Gold,3,HELIUS_METADATA_BASELINE
DJxQavcNgWqqBUsAdydDG5gwW5qxRbmDKTnc5s1Ajw1Z,Gold,3,HELIUS_METADATA_BASELINE
DK3HqJTnXUrTcv87gLLfkJcqab2NZMWvitvD166pWCbe,Bronze,1,HELIUS_METADATA_BASELINE
DK3gR8EruURbvyjDxMBWPnPgktLbZN37GShnot9Pta4A,Bronze,1,HELIUS_METADATA_BASELINE
DK6ehJv44J81ARrphAjqGCif8y7epw4x4rAnDaCCcscJ,Arcane,4,HELIUS_METADATA_BASELINE
DKA7PZqL8K9bvMJS4DiSVibNGe7twTLpbxXZuioZA2u7,Gold,3,HELIUS_METADATA_BASELINE
DKGcuZ8d5jmmqt4qp9oNh4Umwa8RpebMgpNjMCAUdTnW,Silver,2,HELIUS_METADATA_BASELINE
DKJB2FQZKvEsne3fEKYpntoLwLg4k6uexUACtFGS64PJ,Silver,2,HELIUS_METADATA_BASELINE
DKNGFGXM1TUqcrV3eThygvpVmT2MPRgVGNh2XbQdLL9Q,Bronze,1,HELIUS_METADATA_BASELINE
DKQwdeQXJK7zV21JACMxTiucM1MXTJpxDqkKdJc3a6hC,Silver,2,HELIUS_METADATA_BASELINE
DKR3dMD8iVyWHTRiUo4eGvYGqqtaHgtT82S43Mxbywjm,Silver,2,HELIUS_METADATA_BASELINE
DKSdgkr4SaCGqVyvCH1BqTrewkQYyLzhxVrS9QgCQcBu,Arcane,4,HELIUS_METADATA_BASELINE
DKmprZ28D44F3J5dUSwSEQjTHcDRMbuWAg4NSkfjKUy3,Bronze,1,HELIUS_METADATA_BASELINE
DKqvqB7Q5CzKVcjNPAGu1oV2S1mWv4H3CoGvegRaLJ38,Silver,2,HELIUS_METADATA_BASELINE
DL3SeTtp4QYLBDVzoi6Dvmj4vJGcLWDnZXq8xLgtNSuu,Bronze,1,HELIUS_METADATA_BASELINE
DL5Kp5DRJgF8DXzRQb6URbM3UC9hDf5xveX8YUDzz93a,Bronze,1,HELIUS_METADATA_BASELINE
DL5jnNii3BQN4G8vkqqiVgfQiZrP6XPfKg5PXRVZrGHP,Elven,5,HELIUS_METADATA_BASELINE
DLRQKH49yJY2TvKc7vXjiTGAWoWR4MuuPwbKtqe9Sdmd,Elven,5,HELIUS_METADATA_BASELINE
DLVxDbSUztKnG7wSGRfsiiCmhksvJZtuBAk8hdDZd2u4,Silver,2,HELIUS_METADATA_BASELINE
DLzMSrn7zSYAGqbSBywe5diW1MeyQuHDFWBtgZUSi46s,Silver,2,HELIUS_METADATA_BASELINE
DM2LcUfjSMzDynwc9sd9EMPUeeFHSTQfzjy2HK7WmD3y,Bronze,1,HELIUS_METADATA_BASELINE
DM3EU7y3gptSDjJxtGDvtqMmTSgmx2hnj5hij7txZueE,Bronze,1,HELIUS_METADATA_BASELINE
DMAkT2PdmuNMJDXyUPVsppKxH8ktTYUzE2ERJzr2BNsC,Silver,2,HELIUS_METADATA_BASELINE
DMFz3FBFappgZxB3YTskCU1wYE3FmSm2BC7wxEByemEd,Silver,2,HELIUS_METADATA_BASELINE
DMGVRoYyMUj2gocoZNCB5dVHGnFwe1hsUGao9tvffWsh,Silver,2,HELIUS_METADATA_BASELINE
DMPmbPPGHunmjB7sbsQo9oat5Co33sKmJbS6i8urc8Pt,Bronze,1,HELIUS_METADATA_BASELINE
DMQRaHvvcgfzgEt5WF7EGFunCpUPYh5BzEP6wSFJpJdh,Silver,2,HELIUS_METADATA_BASELINE
DMUJVNgecXUNE1tcLW76iBqZ92XnhtTjse84yaNetiY3,Bronze,1,HELIUS_METADATA_BASELINE
DMX8pALHPaW7ULisAVR5ipoPqnjSHknoWRaUQ1RhttCA,Silver,2,HELIUS_METADATA_BASELINE
DMYmpuj4WDRC2TtfZru7s5YBiJzu2Hj8Q5FDjKfomcQi,Bronze,1,HELIUS_METADATA_BASELINE
DMjL9EN5kUMguTDi8Cnaw2AeXxmePGHg1Lrv91YhkfSP,Bronze,1,HELIUS_METADATA_BASELINE
DMpFPAGdLspGTEiYU9GYMS3Uvzf2wE45f3JcCUsyoNnh,Arcane,4,HELIUS_METADATA_BASELINE
DMs82VbJTjsz8yLooN1aqJ5N3RD4Y2D2JaKZBSeUrEBa,Bronze,1,HELIUS_METADATA_BASELINE
DMt4RqfWD98YDjDZGf38TwimA8heYjnujR7RrFicEmw6,Bronze,1,HELIUS_METADATA_BASELINE
DMzoktcJBvj4Ctv8m1UZqJdYNtSPR48AQaoh1bVBx5Bx,Bronze,1,HELIUS_METADATA_BASELINE
DN1syxeireq5NpZgs8sFM449WyBjYJbRA9Fjj3j2SUgx,Bronze,1,HELIUS_METADATA_BASELINE
DNQUR3P4zuQZXpWJHWnAdmTPy3RHNmdGCc339Si2Kqh4,Bronze,1,HELIUS_METADATA_BASELINE
DNg955F6BdBQ8P9od9WhbZer53wVofq2dnBcn5oQYoRx,Gold,3,HELIUS_METADATA_BASELINE
DNt7bSQm4NHiVEDW26xCWJj93sRECcaqZccrhvCGBqME,Silver,2,HELIUS_METADATA_BASELINE
DP1WrLYnE77GW5EfYk7DWZVuhLfZvj83kZ4SucJzYKzF,Gold,3,HELIUS_METADATA_BASELINE
DP8dxA69yJkb3cFUdnjrsd9gcvzyPQLqr1jv8CrmkqLg,Bronze,1,HELIUS_METADATA_BASELINE
DPMWTVVurcS8yb5VUnq2NGZUuNHdua9mNrdhT9RVTs7h,Gold,3,HELIUS_METADATA_BASELINE
DPaB9ATvUuCQrH7TQrjF7oRauBoucAoFFxd5asftteg,Bronze,1,HELIUS_METADATA_BASELINE
DPgkSbuhcsNy1mecSiUnnmjgCKFoZuadpQPm4U95FFir,Arcane,4,HELIUS_METADATA_BASELINE
DPjXcrFN3ANaeQhjLqEioi4VuLT1dzuDAHSn7kmyQpvL,Bronze,1,HELIUS_METADATA_BASELINE
DPmKFA9ddoz1DrgNEpCzhbeEU4iAayuFzZqgBW9AQm8o,Bronze,1,HELIUS_METADATA_BASELINE
DPoow8VmW5p1BCkof6LqtAbcMV8DJJSYQhYUdXch29em,Bronze,1,HELIUS_METADATA_BASELINE
DPpH3j719o4vbMxTWn3P7YJcCvYAmqkNrTZCRJxMb87e,Silver,2,HELIUS_METADATA_BASELINE
DPvCENW3Prtb141TR8yToBBV5NcAEYFb6FZfuxPcbE1h,Bronze,1,HELIUS_METADATA_BASELINE
DQ7dSkicTQDuWS5kNcwSF7Qq3iiN5D4CQgj6dDoAhuGD,Silver,2,HELIUS_METADATA_BASELINE
DQD74vzZckx6WpzEhrK9UmvmLrYqRsgEp1uRzSMco7SR,Bronze,1,HELIUS_METADATA_BASELINE
DQJ95ZzXWdUnstGD3vD2vVUexyHj2JKSR9wpSvf4eo8K,Bronze,1,HELIUS_METADATA_BASELINE
DQV52BQHaQLgLqLmUkyDZWeUVHgyh6SYf3DbQUD6qhV5,Bronze,1,HELIUS_METADATA_BASELINE
DQje7Ws5v3SPgp71UjdDhArrDWZP8KJYkWVRUL12YuZa,Gold,3,HELIUS_METADATA_BASELINE
DQoT2ZzLHDsq2ehTC3R3cYxG76TvUZiS7hwvEMXDLVvw,Gold,3,HELIUS_METADATA_BASELINE
DQujQqb3zftNj6tp1kzX1hLRHKDrbPdYAJmASxMDZFic,Bronze,1,HELIUS_METADATA_BASELINE
DR1Bv1mtNmJvLUk7eworo8aLi3pkt6sRCAXsqpwfhDkT,Bronze,1,HELIUS_METADATA_BASELINE
DR7gyjU5Q5GvaKnQHkiHJTrppggn62P9THEcbgEsRh43,Gold,3,HELIUS_METADATA_BASELINE
DRLgFjwtAxfTQsAebKtzULLYgnYSAMjYUQAtsqG3UprP,Bronze,1,HELIUS_METADATA_BASELINE
DRSKjJbKutyZaJVfzCvWMCXocaVK87uHDyv3nZdFYizV,Arcane,4,HELIUS_METADATA_BASELINE
DRVU7fUCKAxdM4Bu9gZztwBHLdmnASyVCUfrqQZwnMbD,Silver,2,HELIUS_METADATA_BASELINE
DRVrPmD6PU9w4wFuaJUTnGnQWhcF45wZehZdyGnAqt2n,Silver,2,HELIUS_METADATA_BASELINE
DRWjxySYpu6uAakXQBRdNNU6ymnm6QrmDi7smEi3R5UZ,Bronze,1,HELIUS_METADATA_BASELINE
DRYeG8uyfjrWLFu6avszyGN3fdBkEhAmxGTdgGApjbiX,Bronze,1,HELIUS_METADATA_BASELINE
DRbgkHpirQPKLkmBax5f8ScgP9axuR5FMzXtmkH6ttmv,Silver,2,HELIUS_METADATA_BASELINE
DRgSY6thjRrww3orXvbRTauHypTEdrdznFjfBBSED14j,Bronze,1,HELIUS_METADATA_BASELINE
DRjXEnXMVXBCBEaXy95Xoc3H3ot5tLU2X8hvtPtn8EQq,Silver,2,HELIUS_METADATA_BASELINE
DRmDuEtfKnMGEpF84gT3CTRHSMVQhbyuyAPeNfDuc2Yh,Bronze,1,HELIUS_METADATA_BASELINE
DRmyucDXfFuErKQX1g4jbbxPRfkwpKCeZoGBmy78fAEk,Bronze,1,HELIUS_METADATA_BASELINE
DRp1fiSZCR9NaHxJZmFMQzMDYUpnGVmSTFqgc7PPu3NH,Arcane,4,HELIUS_METADATA_BASELINE
DRyYWWCJ5hYQZrfjGyQ6yumRSkkcXdsJF8ERwYeMqNb4,Bronze,1,HELIUS_METADATA_BASELINE
DS5ve3YP9uYhakBZ2AfXGuSTTm9o7Z4hwQjEjSWf9jUa,Silver,2,HELIUS_METADATA_BASELINE
DSA1tH9gxctRFzUbgWikNj5t8i4i4qPoBqeHhg7yyybr,Gold,3,HELIUS_METADATA_BASELINE
DSBk2vgVH2nqR2hJTwdqffSQRfqRxTfZaJAseKr9gXSW,Silver,2,HELIUS_METADATA_BASELINE
DSEpH9wfAVjm2C7i34u2epJkDtMtjdt8hewvhgoobxkf,Silver,2,HELIUS_METADATA_BASELINE
DSMtwaGkDfwJYcfqzpCTyUdhaBYitFMVwN3fPS7vw66K,Bronze,1,HELIUS_METADATA_BASELINE
DSUMNFwZxbnihZzxM9rrT5pUj6UzeaoTTjtTM5vQD4Lf,Arcane,4,HELIUS_METADATA_BASELINE
DT7PJHdRwG8S36vhLWAki9Keh7S2Yr2D2rtNVcmCo9tH,Silver,2,HELIUS_METADATA_BASELINE
DT8jfPQpwcEofcLVGDH3BgH5wiJncB3xWVbUNFrNaKpv,Gold,3,HELIUS_METADATA_BASELINE
DTAn3Xz9FpMEEuSJ5tG1n4nWt3JQ4KKnrcE8DZ953YtA,Bronze,1,HELIUS_METADATA_BASELINE
DTDJ9i9uQNFeXkgtLyA9jDMSaFC5syDNhGro1z1McUaD,Silver,2,HELIUS_METADATA_BASELINE
DTK9ZmykvyPZazBLwFneN5C85vb66RHtUwaTFbVo8FZz,Arcane,4,HELIUS_METADATA_BASELINE
DTS1vSsVmStJYdeSjggqUjoBfEY2dju88KisjqKrVS6R,Gold,3,HELIUS_METADATA_BASELINE
DTdhJ8w4RLbjJosGG3E2ZMWRkHC6CHXiAvb5UNnGFKg,Gold,3,HELIUS_METADATA_BASELINE
DTiCejLG2i4E1Mo5wjEvvdPeidd1mRy47i1A8rByXREd,Arcane,4,HELIUS_METADATA_BASELINE
DTyBBpqFSgYb29nG2WtJEtZd2Pt8tyU5cQjMfnLZJXrY,Silver,2,HELIUS_METADATA_BASELINE
DU5N2ZfGd7xmeReKECrNDR23kM3TwTrmqBi83vZM1qij,Gold,3,HELIUS_METADATA_BASELINE
DU7LmDkEiTLKbQ8tHBLT8PVjcABZq17D3aaDkm1EnoSn,Gold,3,HELIUS_METADATA_BASELINE
DU7kAwziW6cdfGozepaoB2XerAku4LxS2wmyWS563t5k,Bronze,1,HELIUS_METADATA_BASELINE
DUANZtE53Wx6kMRAshBTTuZLr44X9GsSpHVnGk16zTGB,Bronze,1,HELIUS_METADATA_BASELINE
DUAU4e8ksQkj6rDe3geD3JhBNR7AutRS1sjtxKBqvePW,Elven,5,HELIUS_METADATA_BASELINE
DUB7hJ4AecK4hgCgnnXz7ZFwwzkg6jpu4yXrm31yPGhd,Bronze,1,HELIUS_METADATA_BASELINE
DUFP16L6HuUPA7twFEGp8AFtLCQiGyPKdJivjtvDu5y1,Elven,5,HELIUS_METADATA_BASELINE
DUMp7HXbLbiaGAQDnKz7zwmF6pFzungoExsDWUuc8xFJ,Gold,3,HELIUS_METADATA_BASELINE
DUYB761jWEgKsDhHBY34GEH9BxLnZwcEryf1LrthKpwH,Gold,3,HELIUS_METADATA_BASELINE
DUcxQ8yG4WEjErJ8yKzFStAa4VJdmsrfTwnvVa9RZpcu,Silver,2,HELIUS_METADATA_BASELINE
DUdGvW2dUNgunJ5As1sZNzQV9gwJhFb2RAhohBCEHDQ9,Arcane,4,HELIUS_METADATA_BASELINE
DUsxw38rtTU4JkW44FUmqhMsUHNZjuYWLxgkNJikt6PN,Bronze,1,HELIUS_METADATA_BASELINE
DUuFo9WBhrzHD2fUoSCuJbjWk9BhADskZswZk6VXUWV5,Bronze,1,HELIUS_METADATA_BASELINE
DV1cQfnkWLveM2irhzQpH4XByRWXNjXYt8QXYHTgDjnZ,Silver,2,HELIUS_METADATA_BASELINE
DV5NaXxNHuqjzaEuxt2pn8AGX5qEQ6dPhfrMSuUPGUXV,Bronze,1,HELIUS_METADATA_BASELINE
DVBiFgKCMc3AETPQHB4YvC9fQdrBFoHg5LxohtgY2Csw,Bronze,1,HELIUS_METADATA_BASELINE
DVEFe6GaNeYz5hpi8znN7CXQBx3CwatXFu8W5diQdjKS,Bronze,1,HELIUS_METADATA_BASELINE
DVEuPQnTS4euYt2Hx6wu6xJDtrBMNuMcT3vHq3rSyh2T,Arcane,4,HELIUS_METADATA_BASELINE
DVGeFB7A9FukTAuBAwH4EtZGUKZaYAukApGYs9XA7MYn,Elven,5,HELIUS_METADATA_BASELINE
DVJCyeabK78cXx3JpNuKyh4jxYcfGRvAETwdqFaf53Se,Gold,3,HELIUS_METADATA_BASELINE
DVKLNTBLW5mAySgUT7tdYqMm4sSh8J21wZREmXNGzNrJ,Bronze,1,HELIUS_METADATA_BASELINE
DVVR9jSvFgkToTTVyN2qXM72KtPmGJhWLfHL6GCcndN2,Silver,2,HELIUS_METADATA_BASELINE
DVf5PCK4KezR5bwDW7BZ74Zuros1vDMQdpgwy4WofV2D,Bronze,1,HELIUS_METADATA_BASELINE
DVsuQ2XG7du62b1AkrnY4u8LH8mVLeg15A6bz4AicDKs,Bronze,1,HELIUS_METADATA_BASELINE
DVwmoZfahoA2f7XyDynS1NtUKTLS8pZs1nijaryw1MgA,Bronze,1,HELIUS_METADATA_BASELINE
DW5vhdC1n56wieiKc1TaCJ2jmPCtkkkvSgzLwSwYVJ3d,Gold,3,HELIUS_METADATA_BASELINE
DWEJrEVUPkmGr36duhLu8CSBH17YuTZ4hzvwXbErjNAG,Silver,2,HELIUS_METADATA_BASELINE
DWM6kwNJqS2n6eZzXbLXEFaQv3AWm8eWCXWVkBoiB4UK,Gold,3,HELIUS_METADATA_BASELINE
DWPm4odK539K4Uo8h9sbwn5PHP5Qff2dxkV8HPAkw9gG,Silver,2,HELIUS_METADATA_BASELINE
DWUwM8Ure2NtegKC9QKzjuFGGYKc2EmcovW9FnPNKHre,Silver,2,HELIUS_METADATA_BASELINE
DWnmFMH8zKTKF7xpChsFXnAddzGAojmf8LHMraDc2LL4,Bronze,1,HELIUS_METADATA_BASELINE
DWu7sn65zmeJgs3LT2HCDCbqf4MVf1QzyEkn3ATuA1Rg,Bronze,1,HELIUS_METADATA_BASELINE
DWwG4Xkdjjt4bPUXgpyUws5pBth9HSDeNQuyLSbTR7Ed,Gold,3,HELIUS_METADATA_BASELINE
DX9xfDwmeQJZKqpBw3jA7EoCELSZnN4d849JnQ5V2eCR,Bronze,1,HELIUS_METADATA_BASELINE
DXFFoyy1k13pUAAP9FQaNa7UkhCkoHtTwxdDxoXvivYr,Arcane,4,HELIUS_METADATA_BASELINE
DXG2ioaN3qz8yorxY8NWN1MfGhbz338PARHeeycahSvu,Bronze,1,HELIUS_METADATA_BASELINE
DXXRv58HHqgcrBg8FzdEwLFgoof5MLLEEhKZiREtdR4C,Silver,2,HELIUS_METADATA_BASELINE
DXbAdPkJdoRG83DWJRZYuMYaR2V2ATFvhAazU5fHNFiU,Gold,3,HELIUS_METADATA_BASELINE
DXbKpNUgHLE9vkorFf8aUt83mkKXjcB9b1Pn62Gudow9,Silver,2,HELIUS_METADATA_BASELINE
DY3pHAcirYCgV7MTJKj2mobpWpyca97HsXpJqmNHnF55,Arcane,4,HELIUS_METADATA_BASELINE
DY8gPugHpn4NJEb6cuzcJuiU7kWLBNziP9cYACLonjcu,Arcane,4,HELIUS_METADATA_BASELINE
DYP38cbAcFr79ZxNrLHiHY9z7iASLkPPoTqRCvMezdzw,Gold,3,HELIUS_METADATA_BASELINE
DYWt8mJ2QEYWpA9DWMG8a9E6R49vAkZX9YUtvbGWWBS8,Bronze,1,HELIUS_METADATA_BASELINE
DYeyxvcwm2c8X7dX7to4w92HLLNek37ddamGnseQ2d9u,Gold,3,HELIUS_METADATA_BASELINE
DYgg6D3RH3Ur4vxKoTNmgbHKDHPhKbq3QvD7yXLpfihi,Arcane,4,HELIUS_METADATA_BASELINE
DYkcxtdHMtb9B8FqDTWqtDXK9N961br6vk82oJEeQ1km,Silver,2,HELIUS_METADATA_BASELINE
DYnprekkB7HsXf3hUR9BwSV72z7jc1zAn35aFhFUuBgX,Silver,2,HELIUS_METADATA_BASELINE
DZ61bZY98quao1RfiVthpaAvHbEE3GzN9jDwsaVgScS8,Bronze,1,HELIUS_METADATA_BASELINE
DZMobf6qowzH9ubKpjmFhWfRYraqQCAA3brXaJFsBnTD,Silver,2,HELIUS_METADATA_BASELINE
DZYTEUjzAUqDHa1ZPSTcv4NHMem4pcqeoL1Q3ZF7Ksi1,Silver,2,HELIUS_METADATA_BASELINE
DZeyky8bq54RnBhqyoAynYQXULUewScdmMQGcVL9hXeV,Gold,3,HELIUS_METADATA_BASELINE
DZiSUguTSDqjpPPXWzohGwtMVtB5qnq83P4k2u5jJJsz,Silver,2,HELIUS_METADATA_BASELINE
DZo4tuu81g42wWbXxqvQHJJhvqezH7ku8bfkoWwZsKRk,Bronze,1,HELIUS_METADATA_BASELINE
DZtVNCdMCMJuA9VzftGKwLFTi6RDuvPk7Zj7XwXADjRy,Elven,5,HELIUS_METADATA_BASELINE
DZzrb2PrtHtvrV7mTvz7eCRnTptDeAnpWpw2CpJbaBEn,Bronze,1,HELIUS_METADATA_BASELINE
Da2BPFEa7TgBehYs8wGHEvStVDy63MAEKCQyewyi7VxP,Elven,5,HELIUS_METADATA_BASELINE
Da2cyXpL6g2CYU9Yi3umwDkWriBjeC8S3RYtPNmrFtKt,Arcane,4,HELIUS_METADATA_BASELINE
Da5EHmGMq1KjNZhp6uJsYGf8eppDd2CZrfADQdJpyMiB,Bronze,1,HELIUS_METADATA_BASELINE
Da7eNrzmvxFMwUzJyurzCtN46TjfJKWTxowGgezy3jP8,Silver,2,HELIUS_METADATA_BASELINE
DaEcH3pThBLST7PFR61YPWJih8yrdxQ67iij1dKw6U4J,Elven,5,HELIUS_METADATA_BASELINE
DaFtNxgSp6bTQ68YUG1otnmz8aTGB3GYnf7nwDmK1QQ5,Silver,2,HELIUS_METADATA_BASELINE
DaKyQ1X4YkdKN5mfA2fqo4YFFq3mo2yu2aQLHZCjAxym,Bronze,1,HELIUS_METADATA_BASELINE
DaMcbECpCQeZSsrNVjcZYEdrpZzXMRoFtzyyRgCYG6F8,Silver,2,HELIUS_METADATA_BASELINE
DaQeKqVvaqGRFpEsdgTqN3CeTPr41VaHPxCZ1nwXtDPZ,Bronze,1,HELIUS_METADATA_BASELINE
DaX2csquhEpo2mSA32oyBFPwNAHyJSzkLRRuqpnsE58Y,Silver,2,HELIUS_METADATA_BASELINE
Dabp9wzQPPnvCChSyhDcoeFruLTeL13hygvd9q4pZj52,Silver,2,HELIUS_METADATA_BASELINE
DabyfDYComUxdccCrK5je4ULc2kRcMH23gPWZAMUYfUH,Silver,2,HELIUS_METADATA_BASELINE
DagbyG86wUKW5sBwhZAgTWWMQ9wpBTfnrUowfpZ8NXQ,Silver,2,HELIUS_METADATA_BASELINE
DajPzePNDSy1n45S8skV2UQgFsCawU9m6j6aCCmv7UmV,Gold,3,HELIUS_METADATA_BASELINE
DarFLYPCR8hzn5eiQv4mzouXTk4tYzwM3QsiT7WBD7M1,Elven,5,HELIUS_METADATA_BASELINE
DatwYR4yAEYnqBf1yH1E4VWckecMX9SuoYFoyvEC9SDr,Bronze,1,HELIUS_METADATA_BASELINE
DauWV9TwJpqA6JbayNuzVBypXRtQ75naowb37mGgin7t,Bronze,1,HELIUS_METADATA_BASELINE
DawbF3GFMbv2ZLhVx1xtTCfbsJWHeDhgWQsfBGDimDf,Bronze,1,HELIUS_METADATA_BASELINE
Db2SoRycS9dai2GZwpuKDne3fSpPjhCxn9dKwM2g57R,Silver,2,HELIUS_METADATA_BASELINE
Db8RSfgjdk17i99VFNey7wAFjCscZrHNYdCNPgHdvAB5,Gold,3,HELIUS_METADATA_BASELINE
Db8fBDJHmhxGaCR6dsGwHJQBbc8ZZKyjp7yEtLmgpjr7,Bronze,1,HELIUS_METADATA_BASELINE
Db9VATgYep9SZffxywrz2CPayRpuJtV74EBG6Svz7GxL,Silver,2,HELIUS_METADATA_BASELINE
DbGRLUVmZgYuWpvCqDbp2n4jUpFAUpDyDHANYtfsQetH,Silver,2,HELIUS_METADATA_BASELINE
DbHQaAhxDJMQQVrkfz4PU9nmnqudLRGmNY7SmY9UnQW3,Gold,3,HELIUS_METADATA_BASELINE
DbNjNVtxgpDEvYGrdT9bQj6P8A9Spc8e5WC9xTBbMfWX,Gold,3,HELIUS_METADATA_BASELINE
DbQQwdJkTV8kpj5rAHVk1U2A82Zztk65Pz4EEgdYUg2i,Silver,2,HELIUS_METADATA_BASELINE
DbUGfF1uT79QhyFKRpxc73bsTV6TAxWj3HkVRURMpxH7,Gold,3,HELIUS_METADATA_BASELINE
DbaYFQvsJz1zzWnXjkVZ3dVz49BZ4fGzWeZXMAnBk9jX,Bronze,1,HELIUS_METADATA_BASELINE
Dc5xUAx7iAjwBUSa5baabF1Ce7kdzabHQQMr8Gb6cK2c,Gold,3,HELIUS_METADATA_BASELINE
Dc6GUqDYbL2gPhG7zzfWex9zEoqhV9BWDW3fw319Xep3,Elven,5,HELIUS_METADATA_BASELINE
Dc7U2PjFqX2B91FUwXmZDAjgnUv9oYMFHpTJwBYEejYm,Bronze,1,HELIUS_METADATA_BASELINE
DcAwreYPksToZAPexQJUQiZZTwGRWtdWK7mytJd8LuRt,Gold,3,HELIUS_METADATA_BASELINE
DcR7qneLb5LX36StKhcT91uSwCCYi2vH2RdgegqHQZim,Gold,3,HELIUS_METADATA_BASELINE
DcTGREgzJ6zgGBStDbrrCMyQXDpzRQtXAome4h6Cm3hN,Silver,2,HELIUS_METADATA_BASELINE
Dca6tUa4eiJpmNuQ9hx7tVVFL8mNPoKqNLPdri4xjd4M,Bronze,1,HELIUS_METADATA_BASELINE
Dcitv3WBEvJvB4WPqMeq7DpGsJ5X1a13CoejQqbHkpmy,Gold,3,HELIUS_METADATA_BASELINE
DcyL8LRwv2MewnmyZrRSEkbSXtpfZdeKMCEPg1GvDhAr,Bronze,1,HELIUS_METADATA_BASELINE
DczhzdBHkC6baov211Xt6sgtZYGk3bVkG3EVi3byDv12,Bronze,1,HELIUS_METADATA_BASELINE
DdSDvET5qvLNbLdVBVoS82ckWdK6hi35L7sfhTh4bTe5,Silver,2,HELIUS_METADATA_BASELINE
DdZMkz64gS1MnDxDKnRrGPjdrgHG7rzSkRQgSABJ8FNQ,Bronze,1,HELIUS_METADATA_BASELINE
DduJRzz2jE8sJYLbDSsRMa9gqELL1bBffovrHNzdNMoC,Bronze,1,HELIUS_METADATA_BASELINE
DdykvbuFRZrLDGRCUU4ffcPbLxhGyt3jbPaSEeEPZ762,Bronze,1,HELIUS_METADATA_BASELINE
De4YBAuxKaivrCECyG57LqH9BoeHRjaPYUPJY4hGVy1G,Gold,3,HELIUS_METADATA_BASELINE
DeBfpy8vGmz4ByEHEupGKU9fsJu2u13Brv1ZqF7etHLZ,Bronze,1,HELIUS_METADATA_BASELINE
DeW6xGLxiuQWHdgdLSxXJHjX36ShB6xwrrENS1r7B8tE,Arcane,4,HELIUS_METADATA_BASELINE
DeXiSCLnTkRKgeTfZFoHKG1SJ82H1QBW4vpLuakmkPaQ,Arcane,4,HELIUS_METADATA_BASELINE
DeeMnYRHtN7eT3U5d5zvQwLhvQnmGvuRkaUVkdro3auk,Silver,2,HELIUS_METADATA_BASELINE
Deg8owdwM55A6B765rRQTRHS9tgWHKLc8perBqVve5qx,Bronze,1,HELIUS_METADATA_BASELINE
DehjEqphoB26hdyt1manuLM4W5hs47J1SF4YwEqGxpbp,Bronze,1,HELIUS_METADATA_BASELINE
DeriaCnEeUgoYJJWinMLAZDy7QA6CaT7zMVXc2WMFGgJ,Gold,3,HELIUS_METADATA_BASELINE
Derse8TdikY5fzu6mRJ9odMFx6VjCoA99XfTTW3okjks,Bronze,1,HELIUS_METADATA_BASELINE
Df3ydq8EM8X6Nqj4QWEoXCac1Gg3mbGjSHeeKMGPbLFk,Gold,3,HELIUS_METADATA_BASELINE
DfJWyWxpUp2J4nsqbsHswZf24WbZ5gHCkCvuc3AhugaL,Silver,2,HELIUS_METADATA_BASELINE
DfKFCxd7ipCogK4Pk4JLgKehgRvDzUbLbJZZC2WWqB56,Silver,2,HELIUS_METADATA_BASELINE
DfavaY2jGLzH2W3jYBf5tANR1C7TicCbMxvv7CLGxpJ6,Bronze,1,HELIUS_METADATA_BASELINE
DfeDMWPYFLVMZ9fQj9e1SDopfSq9NKjM1oucXcDTEFTY,Gold,3,HELIUS_METADATA_BASELINE
DfgD395h4nubYmGjhfyjE97jhVR1KWifKsakW6tdt4LD,Bronze,1,HELIUS_METADATA_BASELINE
Dfi6bj1YC4r4X4enwXYKVwcwNJL8q7tWebMi62wdsLRq,Silver,2,HELIUS_METADATA_BASELINE
DfkKRbBSWcgkWwnWZq2aZoEDbL7rVm5xM9oK2ge3NC2B,Silver,2,HELIUS_METADATA_BASELINE
Dfkc8h89Y1o8qaRwvNPPc5VG7wSQC4pGZoVH4MPTPuLm,Silver,2,HELIUS_METADATA_BASELINE
Dfy2fQ6rXiRGxAWyvRJJUmfAqVxCEwrVb368yrWpbjab,Silver,2,HELIUS_METADATA_BASELINE
DfzocCGJRUsF5syWMi45jfzLdXZfzAnceySydwBBoJPe,Silver,2,HELIUS_METADATA_BASELINE
Dg3mLHjf5kTk7t821hRL4zuMHrV6v7rcxMB9mTwN2Aj3,Silver,2,HELIUS_METADATA_BASELINE
Dg8EzUxKvDqJP4NpxiyN3pf1uFbveSPLupe4PmzSvDJA,Bronze,1,HELIUS_METADATA_BASELINE
DgCx66XpPoK7XfYsVwHdG1NNCv3Fv7qTM735FQGoLgi9,Bronze,1,HELIUS_METADATA_BASELINE
DgGAF9RufDRhxX1DCdNrTyDiTD1hndsLmFSwDZ1Z1X2g,Bronze,1,HELIUS_METADATA_BASELINE
DgPqSJBzjDc1LTCfiM28QeLG9XHzWbTSHoipATRDHDjk,Bronze,1,HELIUS_METADATA_BASELINE
DgUsnQ6wReQjnxvV2gjEKoyeW9PqoNCTaumHoPAybajr,Gold,3,HELIUS_METADATA_BASELINE
DgV6SyT6DHXBk5qH5dKAHojnMQrmvZ9b9JEJpsECj3p8,Silver,2,HELIUS_METADATA_BASELINE
DgVn3Nd7qoGhq41wxAVggpkC5CZvFxydt9zDy3CdFz56,Gold,3,HELIUS_METADATA_BASELINE
DgWPTauEjjKobpDhVStahb6857WQ7n3fHyrhocayE5sR,Bronze,1,HELIUS_METADATA_BASELINE
Dgm6dhxqtDC8NrMjKniro1ENZmXUBz3DAwWCtkynne9b,Elven,5,HELIUS_METADATA_BASELINE
Dgnqzqd7snSksWoYd9Phs7qowajYninhj6bizbhQy5k6,Gold,3,HELIUS_METADATA_BASELINE
Dgr4fx1kEbhnfwCXazqQKPSqDoFJQu5LUq7CdVAZUB5L,Silver,2,HELIUS_METADATA_BASELINE
Dgvhz8o3KbeZctpL3RozykzTEpVExMc5CarkpNcuUnF3,Silver,2,HELIUS_METADATA_BASELINE
DgymtE5dYv3uAxgt9xcAJmGPhh7oyEaNPT4e9xPYtcaa,Bronze,1,HELIUS_METADATA_BASELINE
Dh7pYZqGRdrdthtFEugP36MWdw7j7HdRtueRB1YnfC9u,Silver,2,HELIUS_METADATA_BASELINE
DhFqNzqqMLfg49Qj9xC7cc1S3NF5Ed3cAuNeRovRzM7d,Gold,3,HELIUS_METADATA_BASELINE
DhcniZGuhiZ7WzPjo1uP6ahzscGtuzrXx6hRS722Tg91,Gold,3,HELIUS_METADATA_BASELINE
DhpyTcvFmuFLQfQJRBAfqJWrUdRfh3y2n6b5wC1Dcxq1,Bronze,1,HELIUS_METADATA_BASELINE
DhzbfW5CLLqbLaXTSWfuQJqvff2gd4n8nXr7eRX6mp1F,Bronze,1,HELIUS_METADATA_BASELINE
Di6QubhZNcMMe7yXyTWC82DjL1Q9zGj2p9a4PCMo7afA,Bronze,1,HELIUS_METADATA_BASELINE
DiFWiNsL7G2jRideyNVGdbb5D7vEruMcnpsWd3k8oyzX,Bronze,1,HELIUS_METADATA_BASELINE
DiLK7hpVD6Qbr7RWGMaADwL5NuxAZr65vj1644FnExvq,Bronze,1,HELIUS_METADATA_BASELINE
DiPPFvekpqUaT4ZPDquMBunB1TMH4wzM8vdcTjznWYeE,Silver,2,HELIUS_METADATA_BASELINE
DiVGdbBJTC9dxKctsriBRmCFpTJveC5fpTuZyShHsM8h,Silver,2,HELIUS_METADATA_BASELINE
DiWMdP2hXCfrX3eHRM9gaP2jNr4BX9HbqD7a4nF8aZVj,Silver,2,HELIUS_METADATA_BASELINE
DiYqVsEDiePU3vqQPvfKmpzoKhwxncNsZHtAHZV1gxw7,Bronze,1,HELIUS_METADATA_BASELINE
DidW8kh36LkmxujcZsLUfQPJRoxGTmsGEEuPWwR9HhKg,Gold,3,HELIUS_METADATA_BASELINE
DijRqe3kQZ2MGGsRJTQQ8Ws18ue2PyPBd69PNR9MF76p,Silver,2,HELIUS_METADATA_BASELINE
DiknR69QUcYoMvK9t2aY1tXJ3coWrMvLoLTNbx5aszZj,Bronze,1,HELIUS_METADATA_BASELINE
Diwa6ReUoZEcwLAwADCPQFQsGxQA6GCGBHHqjaUQfH72,Elven,5,HELIUS_METADATA_BASELINE
Dj8c4Nsg5tqfG33jqoXBM89isBV5w6W6zYwRzZViWaq1,Bronze,1,HELIUS_METADATA_BASELINE
DjBcQsjn8fvP1dYtmVEjiYcFTjvgPrLTv2xkWqTJDMDe,Arcane,4,HELIUS_METADATA_BASELINE
DjSiuJWvGUd8pWToiJQzD2WuyWhwzYBCDViqFEwcRQEr,Bronze,1,HELIUS_METADATA_BASELINE
DjgvtSjyEXANW7HyybUV5FUPQWd6cgLX8xH2sGvr53hf,Silver,2,HELIUS_METADATA_BASELINE
DjkKWNMLBeNsb2ie9Wym2kv9ggjrLi5RRBKzKk7AreNA,Arcane,4,HELIUS_METADATA_BASELINE
DjoDJCTHuHwuYsu3iYmwAm4sR6KBmJ9E18rttJn1mGY,Gold,3,HELIUS_METADATA_BASELINE
DjoFBSV6MUFYdkNJgL75QNuJr22JB6kq533qaM5UufM5,Arcane,4,HELIUS_METADATA_BASELINE
DjqCCSmeuCS4sXiMUrybxg3Yags6pzN93JnsuNGaqDgk,Bronze,1,HELIUS_METADATA_BASELINE
Dk3HjvEXUbJ7YmYRviby1FgupM3rGyFAfSXMNLxeprun,Elven,5,HELIUS_METADATA_BASELINE
Dk4cG4tnV7jxw5nXTbo7FnqWXB38f1c7Con5Di9j5ceb,Gold,3,HELIUS_METADATA_BASELINE
Dk9uafHXwjSx1AtZTr3tsUSLq9uNGtur3NfQHgCprGXS,Bronze,1,HELIUS_METADATA_BASELINE
DkWzznsa1KjhyqutnqJuZtBrCCA3hZkusN7rzmbWfKrX,Silver,2,HELIUS_METADATA_BASELINE
Dkd4E7gJhKFjk6bXqgDLqyDSWb5LfZe2Yi9994dsDmnX,Silver,2,HELIUS_METADATA_BASELINE
DkthNjH1jmJiqU59wVBTUStorkmA4n1pSZ6FA5bZPb9D,Silver,2,HELIUS_METADATA_BASELINE
DkuimrdpZ1nyJKbmUVDUhF76FMDXCceCJ7hDL6wzxPM,Silver,2,HELIUS_METADATA_BASELINE
Dm74XeTBHFdJmxhifgzhKPjJn2wt3TRjDGsfERJPkLUh,Silver,2,HELIUS_METADATA_BASELINE
Dm8vz55Vr3hCamM21miujnUMVznu3T6uS8JYkbZWfSj5,Elven,5,HELIUS_METADATA_BASELINE
Dm9d2r4LxJxV29oA9UNniWGCePJTkTS5LhpFKCD8eFVa,Silver,2,HELIUS_METADATA_BASELINE
DmCNP19NX1qxpU8qNedx3fVUcDFRTJz2dsDAS8aMsnNY,Bronze,1,HELIUS_METADATA_BASELINE
DmPUsEvrSFXWqeGTdmqw3ikhC8dVRiQLZo6rWh1viYe8,Bronze,1,HELIUS_METADATA_BASELINE
DmT1PNt1uZvbraTWmBnatgVnHrkbXZbMYJ8XekUADJAs,Gold,3,HELIUS_METADATA_BASELINE
DmTiZarfEF8oLtBgNEyBXmQFHa2WmPVuidpQo8o7Qtxy,Silver,2,HELIUS_METADATA_BASELINE
DmUfPd57USDPeBC3zn18taHPeEFMMJMYTNWna59A9apa,Gold,3,HELIUS_METADATA_BASELINE
DmVA5p54ZmsucUVH9MA1bXqZbgRibUnTFzJHKtSuawnA,Bronze,1,HELIUS_METADATA_BASELINE
DmWQKGSeKPnaVyHFxvFDcG6NkcaAodmtafza1zyBC1Lx,Silver,2,HELIUS_METADATA_BASELINE
DmaN97c9NMcny3U7acp4dtxCri2Fr8A8SWYkaPePm8Ln,Gold,3,HELIUS_METADATA_BASELINE
Dmcngofv5VEuhineYV9wEoEhtrD59jXRNYFfX2VjpHkx,Bronze,1,HELIUS_METADATA_BASELINE
Dmgmu8DbyD3s7yEp1RPLAuG8JciKf4xbzuMvCDJ8K2aX,Silver,2,HELIUS_METADATA_BASELINE
DmiHgJunf2CD67xpAQR739FJRHH5biybAm5Xsom3jjBS,Silver,2,HELIUS_METADATA_BASELINE
DmnrGy3KBPSVcaTrPRhzH9yMYxbmw1vQMguzyiN3wetS,Bronze,1,HELIUS_METADATA_BASELINE
Dmv1YzbfkpSYP2CqSUa3jr5bA5ELvi6Z5RdjyKDT8KWR,Silver,2,HELIUS_METADATA_BASELINE
DmwRzcbN9TuPujwZR2tPFMohnPN3hDYWHxjE4yq7cbxv,Arcane,4,HELIUS_METADATA_BASELINE
DnCP1JqUPekAP2nLwFJM4XUUxNcrLUHQ2AWNQtRGmKcj,Arcane,4,HELIUS_METADATA_BASELINE
DnLJw3KSS7s1eEsBP1Li6rYF497v1QfBWudrMxxBmFKq,Bronze,1,HELIUS_METADATA_BASELINE
DnNG1PRctbFTviF2QzVukxPaJ1KmrqqWTJhLeBsMnJEC,Bronze,1,HELIUS_METADATA_BASELINE
DnNH4jSWiSdHrSDfWNXWwEZsQG4MW7F1NABzhqRJdcMD,Gold,3,HELIUS_METADATA_BASELINE
DnUmC1tsLWCZbtDC8PQnjKbv9fGF2ToJvRBGYdtjhLF,Bronze,1,HELIUS_METADATA_BASELINE
DnYzp3f4zUfJp1JkfxLSLpn36CT96wA4PtvrhBs8LKCb,Elven,5,HELIUS_METADATA_BASELINE
DngUjYS5jrcUsh95SE7vizzvf7CqBz9DLkhmTxa67zSE,Arcane,4,HELIUS_METADATA_BASELINE
DnnxEz4TfWeM2Nawrv3xhJT1XyL3UvWaRusnFemvhMM3,Bronze,1,HELIUS_METADATA_BASELINE
DnqserpHNNsUUnv6HYdUK4Gc7DZYDoCCDLeGXjhzB8QQ,Bronze,1,HELIUS_METADATA_BASELINE
DnzSBnjM3XT9mQhvbRaU3faj1iH24db6xYmjupcb55s,Silver,2,HELIUS_METADATA_BASELINE
Do4DPRBUYW7tZXTvAjm3n2AzGLbGCwi5TuLp96vZdiQf,Bronze,1,HELIUS_METADATA_BASELINE
Do5p8rFN1UMEG7R5VocuiGCUwh5uSdYfxBMj5DZj8azt,Bronze,1,HELIUS_METADATA_BASELINE
Do7X4RCiqjnPCqZZDQEYVg2DHh1UNEezm18rWVEbAbCB,Arcane,4,HELIUS_METADATA_BASELINE
DoatvPcnkpfjfg9gPa87SAvyRHozf6tQQpe59ywhcBsV,Bronze,1,HELIUS_METADATA_BASELINE
DofaDeBNvg4N4krsPB1rtYXwXLJnn7VBwys9aNy9dbAh,Silver,2,HELIUS_METADATA_BASELINE
DohTNT2cwnuK88TT8mqRnnqrcs4e7AdsVhbpaA95KfLM,Arcane,4,HELIUS_METADATA_BASELINE
DohjCb7ntZzv1pEDQeeiNyqNkjb8za3YQ1LiF5p6WAGD,Bronze,1,HELIUS_METADATA_BASELINE
Dop7Gan1fTpyVLiK9AW9WkCbEeio48WimRXT1uX9dDJB,Gold,3,HELIUS_METADATA_BASELINE
DorbRSecA8PFhBmoUwGJrK6m4wwLncPrjrtHtJ5GRvsd,Gold,3,HELIUS_METADATA_BASELINE
Dp1fmPC9SyUFmHpRJgdaJh1GJYo6sdD6g1q5s6QoKRhA,Bronze,1,HELIUS_METADATA_BASELINE
Dp4tQkRxtag2QPMomkWXRUFesnz9xmdxFuQoqqH4mXeW,Silver,2,HELIUS_METADATA_BASELINE
DpHAL72dQceWM8iXoKh6JKx3UYhYwtD7dioATYMG42rm,Silver,2,HELIUS_METADATA_BASELINE
DpWQaAQbqt5g38itv4sEsFBc9jBGUCZt4ZHDbZ8Q2MG9,Bronze,1,HELIUS_METADATA_BASELINE
DpjiNyBH4R7oscqYetjGAio6div97eVac2yKxLHoGYKC,Silver,2,HELIUS_METADATA_BASELINE
DpqEQWXaQQ6uhcWTFBR2yUfHiqEJzG5EUXu1dYhD6FyT,Bronze,1,HELIUS_METADATA_BASELINE
DpvkYza6mFhrSfygDRgjALBKJhg5UpoJrFa5SYLaM2up,Silver,2,HELIUS_METADATA_BASELINE
DpzAKWvyqj8v7BFDKNxjHsmg42YrTgZ9tbQLnETkMQCQ,Gold,3,HELIUS_METADATA_BASELINE
Dq6v5RF8jtTuf1uE5NfcF89bP6ceokUXL2JgGVxcZpHq,Bronze,1,HELIUS_METADATA_BASELINE
DqF3SMU6zb5iE2hE1hvZ9r4ARdywe4ffrEyKgbK9jVb6,Silver,2,HELIUS_METADATA_BASELINE
DqGdLRAs4CGqfWt2vvG5ccxepSRBzdKCNh34Vxgv6Pv4,Silver,2,HELIUS_METADATA_BASELINE
DqJPW7TwcgSKoq1VY9bVSceaViM1RfSU32R1ACc2Vszh,Bronze,1,HELIUS_METADATA_BASELINE
DqLEfGTvQspS88J2bAScQrrWVwUHqkTZP1huQC9LaGdq,Bronze,1,HELIUS_METADATA_BASELINE
DqVFrYAca4aojTS4FhnLTqZZmM9Skiyovv6QytuH67w3,Elven,5,HELIUS_METADATA_BASELINE
DqVjDbDoRKeGEWzumqCHX3Ht5cXMDzHoBXw5VwebVrdp,Bronze,1,HELIUS_METADATA_BASELINE
DqeBczTmzSo4nw9x6ipvXthFdqq1fUKDaj5xRdQQhCAj,Arcane,4,HELIUS_METADATA_BASELINE
DqhybfBpKdSzwL8fC5eQuuKrxz8knbqYJrt5z9oCYVfN,Bronze,1,HELIUS_METADATA_BASELINE
DqjvHFP1e2sgJWrv8TfSJs9E4XVZj11GswfwmKHyeMiS,Bronze,1,HELIUS_METADATA_BASELINE
Dr5uSSpHAz2wYf1zmLkGr6asmr7Mg8wEYAzm3PzZdCAW,Bronze,1,HELIUS_METADATA_BASELINE
Dr77yYaQ7N8UTuERkggVhdpkiYdoyVwXjkfLpRk7UR6r,Silver,2,HELIUS_METADATA_BASELINE
DrDkecD4ZammSEDwGihHGAbjb66c8A18HTMUpYNqg4ZB,Gold,3,HELIUS_METADATA_BASELINE
DrJXF8v6Gukw4FZTfJa9qjHnjsF5F2eTHb7ZWAZnrv78,Silver,2,HELIUS_METADATA_BASELINE
DrK337E5JjNpk7qKTB9A7oMScqefRo5Y8Q3aie8UUAN3,Bronze,1,HELIUS_METADATA_BASELINE
DrgsGoNCSe48RyfbdYsP8x5LiQm2Fm3AvHL99UYKsZLJ,Bronze,1,HELIUS_METADATA_BASELINE
DrjX9vabWzZqZ7iQXa3ySTpJf33aTd69QADCxPDkGwEm,Bronze,1,HELIUS_METADATA_BASELINE
Ds3Zvu9xGU1TVBYERbNcSbWqiiQ4SK1Uiii5Yb8w3Ko8,Bronze,1,HELIUS_METADATA_BASELINE
DsE7X6enEdZ5fUqUAmX6dnLmM9Kr7NH5UsP3WwUxdrDB,Gold,3,HELIUS_METADATA_BASELINE
DsPLPh6R3YVPjGJp4P1skegpLB4u6EmuehdYw4SKwRp9,Arcane,4,HELIUS_METADATA_BASELINE
DsbKqTjhzpjqrcRUVKEX1JSSszvakhgUhUQGpcvW2V3k,Bronze,1,HELIUS_METADATA_BASELINE
Dsuoy8eb2qBFBujGfa8aCA6yPXVB1eYNa7Gy2reunKdG,Arcane,4,HELIUS_METADATA_BASELINE
Dt1uKFQgrrUUggk1cc31KTjqZV82ki9BfQLmxz3bD2Ad,Bronze,1,HELIUS_METADATA_BASELINE
Dt2VYeR1eGXnsEouP85URkAkn7bQtHf8eCnvehK88T5X,Silver,2,HELIUS_METADATA_BASELINE
Dt6zyDRpAAT1mUBdgpg9ncBkfNuicsSzjt5pyQpwNMNd,Silver,2,HELIUS_METADATA_BASELINE
Dt9YBb2QXcEuAhGfE58TDwosNWGZpPZJRF6aqDj4MFVA,Silver,2,HELIUS_METADATA_BASELINE
DtBUj5A1cf4p4z1drZY91Wgb5NFuHoBbuYVAc75pAzKa,Bronze,1,HELIUS_METADATA_BASELINE
DtBuCiZotHYTSGPV5N93Twa5m1GoFVzzba1gcs2hWp1Z,Bronze,1,HELIUS_METADATA_BASELINE
DtCXY9hCayFJTPPpJnGtihjcGUyAFJeUqZ9UKhabSWqE,Silver,2,HELIUS_METADATA_BASELINE
DtD7np9ZJnEAkboN2rFD7NEtKHukr51CiurLTMLHFqFV,Silver,2,HELIUS_METADATA_BASELINE
DtGGQ1XrKT6j5G7uuTDjGUhnNP3qpYgSbBTf2UtGhYLU,Bronze,1,HELIUS_METADATA_BASELINE
DtGQ5VjsSjJ5ErF3Cu35nzD719VudLuLt1rjCV31J8dV,Arcane,4,HELIUS_METADATA_BASELINE
DtLAV5dzNv7CZXCpVFitihrnqA7HzkJt2dHt4ibchZNq,Bronze,1,HELIUS_METADATA_BASELINE
DtMBEDWiXumccdMVskuAsbv9y5pvCvXf3gMw4QiSnXVY,Gold,3,HELIUS_METADATA_BASELINE
DtXv46EDEsf8w4hL9aQibuxiN4rW2VH1hJCsDQnntVX,Bronze,1,HELIUS_METADATA_BASELINE
DtjoD2XusvbCYBu8nH39SLabq3ptUAxb3Cfffd6cc8fQ,Silver,2,HELIUS_METADATA_BASELINE
DtpRXpPNjAqAvfCpNW7ZooJqsHun6EwS9r2rXra58HYB,Bronze,1,HELIUS_METADATA_BASELINE
DttHKTPczDwEqK2YaCiUX4XufiwJpfAm7zAd1RxyRJNA,Arcane,4,HELIUS_METADATA_BASELINE
Du2C55yALHNiJbYEPwmgo3JQDUGmrGhLr4np7P94zbHx,Silver,2,HELIUS_METADATA_BASELINE
Du6jQuj4XUPckEesMWtAv9vg877NGVPQM6EYWeXWRVnM,Gold,3,HELIUS_METADATA_BASELINE
DuAWh2UNmYw5c1BWCt73W4dREtFBsVHeBtbSjJMu6Qgk,Arcane,4,HELIUS_METADATA_BASELINE
DuM3P4HufXDTpNKhSYF2BrBxtEW5jfMEm6BNvZb16nbQ,Bronze,1,HELIUS_METADATA_BASELINE
DuRRyE2E58DUy3RSJNLH5bSuw5HbeqeiTZd13WZrQrxC,Silver,2,HELIUS_METADATA_BASELINE
DuYPtTSNZ7xx5nbamLj9FnbM82qZyjzYMhctiPw3X4oz,Silver,2,HELIUS_METADATA_BASELINE
DudP66mvPxWhuWd6GBFk72519M9Lwvmej6RLRAECExnS,Bronze,1,HELIUS_METADATA_BASELINE
DuevGHDPJ9hjvN3P8TBgNQvaoVPjue31BPEUetGebKci,Arcane,4,HELIUS_METADATA_BASELINE
DufLSw8imgbtjTsMDon8ShuXzpgjf9CasNxpiPg2YBEk,Gold,3,HELIUS_METADATA_BASELINE
Duj6YW3nfncwtFZWV5puWRXSomxLBDSQNJaqnQJjBnBo,Silver,2,HELIUS_METADATA_BASELINE
Dujx5fDkCD5L5TebDx7gdNChQSJ3xZWd2YxDPoHXwqmP,Gold,3,HELIUS_METADATA_BASELINE
DupsyQtmobH3E7qt6YfU2q2UwJQ9EEiiRfoPAwkjenKQ,Silver,2,HELIUS_METADATA_BASELINE
DusTdyZWNw1rdjJ35bBpQQvznbPY5nHwNPKG9hhcJqmY,Silver,2,HELIUS_METADATA_BASELINE
Dut4Se1Qx7Pftfv7z8NS5gcxRFp6JiT8zhhfJDqWA1Pw,Bronze,1,HELIUS_METADATA_BASELINE
Dutbr25kYeSDeKMtauNYcWyg86QeC1jwzqfokZjjG1Q4,Bronze,1,HELIUS_METADATA_BASELINE
Duukb8hyf2r1gdNq6WLdGvUEaxqhwqfN4G4RVACpJ5NJ,Gold,3,HELIUS_METADATA_BASELINE
DuvkVcJ8Vai3nW8PavTAFacGPk4p2xL4i5PcRk1XTdWx,Bronze,1,HELIUS_METADATA_BASELINE
Dv6v4tyn8aAEfjfSZLMRr7d4Pz1S1Y825rUu3R6zv6Xb,Silver,2,HELIUS_METADATA_BASELINE
DvD3ikiBYebup3vv7jLhMXtLURc96bjQoUpqLFpXas4Q,Bronze,1,HELIUS_METADATA_BASELINE
DvDenD59Cb9ZaSuZP9QFaJEwNcVVBEP6PYjHyHT5SuWD,Silver,2,HELIUS_METADATA_BASELINE
DvSp7CrMbRXH1rnYSZDo39QyCLKtVJMW9H73APGvdPYb,Elven,5,HELIUS_METADATA_BASELINE
DvaMxLbv9iK9bxy4iUCi9fRUwrNuZ1PcoucGQW3KsuHd,Silver,2,HELIUS_METADATA_BASELINE
DviwkZdQX8U1tU2z4DWJMNhKQrxQg8mtQC2t67pGCofC,Bronze,1,HELIUS_METADATA_BASELINE
Dvk3N7RpNaXrDZL3KPA4Gz6WKrQpmZjoaPwBJTGtg5vz,Gold,3,HELIUS_METADATA_BASELINE
Dvur1QzKc7hKBBf84d5QZveqQuaqhovnJmVNdhF8sk1C,Bronze,1,HELIUS_METADATA_BASELINE
DvzNTd72XmRdEXVb8K4MJo16uhvLJ2TMBing2ox14SRY,Bronze,1,HELIUS_METADATA_BASELINE
Dw1XCho8xbApmiX3k4XHArCMuGMmaUoFPSxn9EWHWTov,Bronze,1,HELIUS_METADATA_BASELINE
Dw3kVkyZyDqHQSCMyGCiixC9xSU4twf8AoA5PkFmDYGB,Silver,2,HELIUS_METADATA_BASELINE
Dw9Pk7mPyH5LcjL1e2GV87SrBDyp65b3BYyVZyzoo4Cf,Silver,2,HELIUS_METADATA_BASELINE
DwT8ijjt6aqt9qwQKYKBwCz8dq4u6FqYWwXmqxkNMEMP,Bronze,1,HELIUS_METADATA_BASELINE
DwX3cVXngwExvB7PTxbhMrhJm1cQKfqefw668L8Htbdw,Silver,2,HELIUS_METADATA_BASELINE
DwX7ZpoRzkJ2iySsN4Lh46k6rmCjTP52Dz3SpBxxXMbd,Bronze,1,HELIUS_METADATA_BASELINE
DwcSD8WEv5YvTGh2rQh9au7LcnzS1kZCGjggccH3cURF,Bronze,1,HELIUS_METADATA_BASELINE
Dwkd5xR93pZ1bdQdhHKpMJRfZrjJ1dk6tbs9BeEoGqE3,Silver,2,HELIUS_METADATA_BASELINE
Dx2Qq6U3PHxEuaJJgcLfx3kF89mVpGweJ9fNLLCC8muh,Bronze,1,HELIUS_METADATA_BASELINE
Dx3j2eLV5B2yUpgCxu4tTV2UK3k9MJ96qKBwG1YfnnMk,Silver,2,HELIUS_METADATA_BASELINE
Dx94ruZXw2VMCKywrUNjvZL1SDuxWVQcNW21wz3T8xZw,Silver,2,HELIUS_METADATA_BASELINE
DxKLiu4Fu1iFYq6GA7K5CYs2hf2fcCfhNfjz71sy79ZH,Silver,2,HELIUS_METADATA_BASELINE
DxL64qJWCFEfy3VdVEyvVgh7cNbkb4MeQniigTJRSbTo,Gold,3,HELIUS_METADATA_BASELINE
DxLbRmBMQtCgQb4HCdakb3cvrEoxBUVUxtA2yPesShZa,Bronze,1,HELIUS_METADATA_BASELINE
DxPWAhjhN6P7jkHLKNDb3RjfLTVM1fBttcYv1VBpqR13,Silver,2,HELIUS_METADATA_BASELINE
DxVxkfg1bfMtLVtfPugyXPwhcfk2Qjaahqshgkgf3AMm,Bronze,1,HELIUS_METADATA_BASELINE
DxdbGub6HH7D8woX6KWzmrsuNj7VAEctSGXYXC7ffQst,Gold,3,HELIUS_METADATA_BASELINE
Dxhr6h7nsa9J6vHqX4mxZ2bfzZDyDvchK23YvHC3BKcg,Gold,3,HELIUS_METADATA_BASELINE
DxjPHNszcZqW72u94QVzZ2Y4WYU6RETo4LphC7zi3eFz,Silver,2,HELIUS_METADATA_BASELINE
DxkRCaxsPi3pp3enbidA7nYokqBt9gkuDsVMbuDbL8yR,Bronze,1,HELIUS_METADATA_BASELINE
DxxAnBgH661uMdqfw2GPEbDFa76oqQHs23kxgktCGZ5c,Bronze,1,HELIUS_METADATA_BASELINE
DxzRs8FpZyDRMtmJi6v1kuPBP5aKbPRh9o7jqRKkvkcV,Bronze,1,HELIUS_METADATA_BASELINE
Dy35TGqAPHXh3qwakERpc8Hx6dNYDddbW4g6o3Gyit22,Silver,2,HELIUS_METADATA_BASELINE
Dy9EKMWLRuiBri4E6UF56szxCvzD5JuGJr6Kjse7yhGX,Gold,3,HELIUS_METADATA_BASELINE
DyPB93QCB1mkxro1ecTSG5nAzZbcDQQCctsfWbVbQK4B,Bronze,1,HELIUS_METADATA_BASELINE
DyQ3Nr4ANDHKYSwBzZoaMjgjb3TQSnpzhQcihHALYA3t,Bronze,1,HELIUS_METADATA_BASELINE
DySGCMrRS8VBs7nBMgmH52K2TChGhdvAinNYnQ9vMSHM,Bronze,1,HELIUS_METADATA_BASELINE
DyVAm3KeTSvvqAHVUA9yzZWfovmvpdxHbHYaTJiXqyyh,Gold,3,HELIUS_METADATA_BASELINE
DydMZ3wUyL3JidrV4LKwTayiYumLU4q2CfEq5GBJKwfD,Bronze,1,HELIUS_METADATA_BASELINE
DymdiT3MqyZ6NQnJNgvK2hdjUN6YxxfTFcizNLJHtbgA,Bronze,1,HELIUS_METADATA_BASELINE
DynJkifpEQ9unKAdM2Mav13EbHTWCzBMEjHMMdk6Cg64,Gold,3,HELIUS_METADATA_BASELINE
Dys5FiDPnxmiHu6EyMLGggGkRA26ZB4Lnejj1tuwwqtv,Silver,2,HELIUS_METADATA_BASELINE
Dz3EU7XN3GFdFujp4x52M4KvEKrEQQtMSfVYkKS1XXCZ,Gold,3,HELIUS_METADATA_BASELINE
Dz5kPpz7VhtnCmHZdNL8wcDK4fHXW35qNwTsuQ74CT4s,Silver,2,HELIUS_METADATA_BASELINE
DzSRXhVxhcbsMRj8robMBoZWUUFb7wgz2GY9ZF5RrDs4,Silver,2,HELIUS_METADATA_BASELINE
DzT1QgW5peiwN9wohtXYWUUByxtQQADnTxeEyxLJ2sLu,Bronze,1,HELIUS_METADATA_BASELINE
Dznoa5LHHcNyDYJEwWPBeYK2Z5rsWhsEpPEy9mfYyBpT,Gold,3,HELIUS_METADATA_BASELINE
DzoDms8ZeA3NHVtwBwQ7B2ZhNsCwwcTzm8GMimRTD3YC,Arcane,4,HELIUS_METADATA_BASELINE
Dzw8bbiMg7kmpsBfDwfxMLWHWneAiusEYL7EXNUwUbW8,Silver,2,HELIUS_METADATA_BASELINE
E18vhW6K7EFSds4NMByZUUe3EqhUKSttEFatWxwnzyM1,Bronze,1,HELIUS_METADATA_BASELINE
E1QfiMCn96op5XUJF9YSGA3TE5VDTMqdmUzJyDPmqpWa,Arcane,4,HELIUS_METADATA_BASELINE
E1RibF9v65e76XpBgVdK2MFaJStvFg38eUnjew7UBXQ1,Silver,2,HELIUS_METADATA_BASELINE
E1RrGTUFwo15uvhqga6gAFLFeVzTLbgCEpPanLxw7jjt,Silver,2,HELIUS_METADATA_BASELINE
E1UX3wViDontpdUnU1ozrgsiEtM75YXXuXo6DnUQv4xn,Gold,3,HELIUS_METADATA_BASELINE
E1fwRRdPVbau37J1Y9aJAejC9DESVbTQZhg9WoHY6L5F,Bronze,1,HELIUS_METADATA_BASELINE
E1mZhy1QBXZ2QuAfArBE4bDrKyRfZiUEi58RMrwFtcDH,Silver,2,HELIUS_METADATA_BASELINE
E1ppkLfKF1fvBHXrrwbt6QRzGZnVUDvPNaM6NbJ23p9V,Silver,2,HELIUS_METADATA_BASELINE
E1qxhs3H7FP8tSUhowUygweWVsN9piLkHA2orEzGiR2G,Bronze,1,HELIUS_METADATA_BASELINE
E1rsG32Ht1xsRi2vJHXXkyDR65iz755JvHUdgieW7Te6,Silver,2,HELIUS_METADATA_BASELINE
E1xgBvUSPRYLwwDEgu3mQVmDjn7Hf7q1nKDcduqP1pDg,Bronze,1,HELIUS_METADATA_BASELINE
E23Ch6gUfWtNyh7T3r3ki8bHK1hNKd8dFzPyiHtyikP8,Silver,2,HELIUS_METADATA_BASELINE
E28cBQSBYKK3NSeEgnRkgJnCjX9ENTJzfvuVMbRAMTHV,Bronze,1,HELIUS_METADATA_BASELINE
E2MQbfoXPAGJj2iBHhHhwgqF2wvqNTajNhp8zgQGoJok,Silver,2,HELIUS_METADATA_BASELINE
E2RRqB4sAtQwUNmXXQHM4TZ9qfjy3MjzPrf4aYy4EHsa,Gold,3,HELIUS_METADATA_BASELINE
E2ebcjpFHau8xWJKagbQc8VE1Z257mXS5fom43A27rxW,Bronze,1,HELIUS_METADATA_BASELINE
E2iJtWHEj4ret5BDSpFcaTv8kqYFDfRqbAMijDjQCsgW,Gold,3,HELIUS_METADATA_BASELINE
E2jk66cJt8AeFpDynUx5RSiEF9JUoCKxXk82D6rN2QdS,Arcane,4,HELIUS_METADATA_BASELINE
E2q6tyPrhXmZm5DBkQvyhMnjesM8xUH3MebzSaaoPimh,Silver,2,HELIUS_METADATA_BASELINE
E2qgXf52eNH27uv3hYBmKQ5ZhNUGwbrWrNrPoZ1nj42y,Gold,3,HELIUS_METADATA_BASELINE
E2wZXh1dDtUiQBweqD7gaQg4wuvekVZhETdn6Ks5BAvp,Gold,3,HELIUS_METADATA_BASELINE
E31SqfGBb9coBFnNUTPTUA4gRrnGS9pbHp4kfgN3CSSQ,Silver,2,HELIUS_METADATA_BASELINE
E3F41xSswbtnjvfaAC61C5BfKoAQcfPvmT5ME48LzsVv,Silver,2,HELIUS_METADATA_BASELINE
E3HG8iRTcLEHrrfr7a12Ph9HgLdeqwCybe7YGQmd9qB8,Gold,3,HELIUS_METADATA_BASELINE
E3LuYhzMw7ruhD7Uy1ewTp92sVmgwwVdoXHXsR6uqn9Y,Gold,3,HELIUS_METADATA_BASELINE
E3V48xdRS1vVdNi2dDpsVn54ZzyKjPCtwr1pYM1CB8Yk,Silver,2,HELIUS_METADATA_BASELINE
E3WeSGajLvrQAqbZhJbCdwT62vcvfZmNpsVUSa4zSg8Y,Silver,2,HELIUS_METADATA_BASELINE
E3WxWrpbCKyPpL2h7xGeybHoou6ckeosM3Q4eM7xDtdU,Bronze,1,HELIUS_METADATA_BASELINE
E3ZEz9sQQYzQyoQ9s59jSpEgy1Qgqi8NAs7M2y6frdfp,Silver,2,HELIUS_METADATA_BASELINE
E3bayiuHvNPGudabS7Wo2opU61MN2fb4L3aUhRqAqMnA,Elven,5,HELIUS_METADATA_BASELINE
E3ekJwzLecuND2d66zPghhQ2mAwdDYV8jpE7ZhJ2h74d,Silver,2,HELIUS_METADATA_BASELINE
E3fvDbmWNNBzDeJeFFgMVA8Li7c1FfA7fdcS3GvxDHHf,Bronze,1,HELIUS_METADATA_BASELINE
E3gsFTnHMAty6Atotae8SsyQPdfFLxzzm5oGE5F1fT78,Bronze,1,HELIUS_METADATA_BASELINE
E3j3nn82Laz4zqnqmd823udon8ypr7zBsbEzqSeTsRhJ,Bronze,1,HELIUS_METADATA_BASELINE
E3msUaveW2QRECX5xmdFxGUB8AJjcWJ7J1oKoHSj56kh,Silver,2,HELIUS_METADATA_BASELINE
E3xGHxQqcsTf3166Nw55Dv3qPus4CPf5coARAzDWfNMD,Bronze,1,HELIUS_METADATA_BASELINE
E4F55Xy5wjoXfj9Bme9PNkp6WHB7qe9xCScr3ePj61Td,Bronze,1,HELIUS_METADATA_BASELINE
E4P2r31ffpXiH4TPfeGufecoN2M1mVpVVQBNoJTxBDiq,Bronze,1,HELIUS_METADATA_BASELINE
E4VQf8dJ8Lu5aHs71ofMDq9pQsqZQXjJy8UfS1C3aL9z,Silver,2,HELIUS_METADATA_BASELINE
E4XrcREbQKK5o3yrCQNcfUiybSmC2Ku15bKS73Nv4MGz,Silver,2,HELIUS_METADATA_BASELINE
E4YkTD6fsKu8fU1fmpHZUWALFDrysh3SmNJvVmLFb3zK,Silver,2,HELIUS_METADATA_BASELINE
E4i4RrtBTHi4Txv36sgKKGVC1w8w3uFk3wQntQhZbLR1,Silver,2,HELIUS_METADATA_BASELINE
E4kLLn7AcC3dRp11eh4Uwtz5MLUQYit9jPEAqGq5DUNv,Elven,5,HELIUS_METADATA_BASELINE
E4pKrXF4TkRFb3As2yXbCgX21F4Ut7VzeaVwK64XfgTS,Gold,3,HELIUS_METADATA_BASELINE
E4v1QQSZGjG8QLzg1j4PaQNeVXucZmbhUoAnGAuFcdzy,Gold,3,HELIUS_METADATA_BASELINE
E51dZUKSf8As2YQbvhWePAz8wLDBonYnkqyYsQN4rMyd,Bronze,1,HELIUS_METADATA_BASELINE
E59BZpZTh87KhxFBiz6phEZVZv6sBsSqKBM7RnofxQPq,Bronze,1,HELIUS_METADATA_BASELINE
E5PBdpUNPZGrFnqNAEB3VdaVU8LJjHoZdRPBWpWfi7Ph,Silver,2,HELIUS_METADATA_BASELINE
E5TCh4DJxoqS7qBYeYQS5yRSfo23BJGGg1fZqtTgzaAh,Bronze,1,HELIUS_METADATA_BASELINE
E5jbvUYXrvaqiZS8tExtT1hHsDnPntAnLea3Ga84qorT,Bronze,1,HELIUS_METADATA_BASELINE
E5ji3YyNzAPg8VmxKn7uQFGcffQqfEMmeVtVUQyH7Ap,Bronze,1,HELIUS_METADATA_BASELINE
E5qcaXoCUfRBSooWCqPar6vUHcYmzGSB4wdbTgx1Rac5,Silver,2,HELIUS_METADATA_BASELINE
E5ufCa5a5JxePSMxBWQXXNByWLXFShQR2BQp5B21y6ZQ,Bronze,1,HELIUS_METADATA_BASELINE
E5vQXqvPGMmcjDporJkHJEv7wccVi2ZN9AMweKpKbkPn,Gold,3,HELIUS_METADATA_BASELINE
E68PUFDD5dqkX8HRu6VsXGRn9d5Ee6kgsGYwiFJ9N6kY,Silver,2,HELIUS_METADATA_BASELINE
E68n9guDDW4XLRfDVitLcRNcYTw4s6y2gjN3YEs4ymxk,Arcane,4,HELIUS_METADATA_BASELINE
E6Dun2dk9duZHLEuECqyAAQ2LUdtq7UJmCQQQSNjBfh8,Bronze,1,HELIUS_METADATA_BASELINE
E6JdXSvdN1DJnhKn8jizazQJfZWqBwiJNbVYwnYTxs1V,Bronze,1,HELIUS_METADATA_BASELINE
E6MmZUp9WNxdiMn1BR6zohEbUcwnt2tdp7a1eibYpqSW,Bronze,1,HELIUS_METADATA_BASELINE
E6RMHnVwNzipKKB5NYRnPoMz3NSXoPkdbFGzs3gZqQ58,Elven,5,HELIUS_METADATA_BASELINE
E6UX7RCFJGqHcXCKYb7FDNTp5AVvu9YS21MxMiKn4Fxm,Silver,2,HELIUS_METADATA_BASELINE
E6Z4JutyokihFxNh9NZaP1g4hD5Asx71uV8xLdY5F3f3,Bronze,1,HELIUS_METADATA_BASELINE
E73DEquUoDb5AGtG8wepWRXArzA9i6QehtqtyADdDxRW,Gold,3,HELIUS_METADATA_BASELINE
E76YKBqYiRGVY68XH2SpqWpasqutfbb7xry85F7UiaeR,Bronze,1,HELIUS_METADATA_BASELINE
E798ALctyRZ7ALg9DMHAthokGzEATwYKYDQKYpe1szr5,Arcane,4,HELIUS_METADATA_BASELINE
E7GyFm6Li1CeJbR2KjfqN9P5LCjvAim5fdnAbUtvBeJB,Bronze,1,HELIUS_METADATA_BASELINE
E7KXGo5hnYNtnaE2beYKry4YWNazF18hxzjQWnn3t373,Bronze,1,HELIUS_METADATA_BASELINE
E7PPnyjS3NRQJhPgdTKcqEFi6Pwd77UNtpKL3CGTvjcS,Bronze,1,HELIUS_METADATA_BASELINE
E7QxQGVBTP63yKh3wKLvGYQtUDjqoPUC33QFYg8g4MBY,Gold,3,HELIUS_METADATA_BASELINE
E7dVRh1atoVyfDR9cdxKDk3QBNu5miwCfkyYArhyCCBL,Bronze,1,HELIUS_METADATA_BASELINE
E7pAdFwNdVH4qiuicMe1KZ572pKaqqxtLSsBJzXjeLgH,Bronze,1,HELIUS_METADATA_BASELINE
E7y3M1b6a4NcKUf5XZgnypPUEZnXshwWyj7Wws6nh5jz,Bronze,1,HELIUS_METADATA_BASELINE
E81cZJhr2u6MAT2d5HeuzgLgt4NUADguFYnPbAd6Mg7k,Bronze,1,HELIUS_METADATA_BASELINE
E88EA6eHqiEKXWN2JkHNT9fJfMkWQiR8CoHBGwYLbUXr,Arcane,4,HELIUS_METADATA_BASELINE
E8A25vgcEeBi9B7CsqgsE5Gkp5UfQCg3aDCpJ4WFRLax,Bronze,1,HELIUS_METADATA_BASELINE
E8EQgdhSyLTrwjbnuumJ9X9NxFUMpevPFrgdCQoCTzb3,Silver,2,HELIUS_METADATA_BASELINE
E8Y4XcGSfbrrpXAkYnMDfyLjgKaVNTjGaRYbYWyCByBW,Bronze,1,HELIUS_METADATA_BASELINE
E8h5HjXgi8twQW9R9N6Kjfg93ogxWFYNvz1iSh6k5fDX,Bronze,1,HELIUS_METADATA_BASELINE
E8hh3ojXaZs4TaExaEDr9j7zvsumj2tTfHjrPah6DBBW,Bronze,1,HELIUS_METADATA_BASELINE
E8iKfuWGdu1vFxWW2oLJjdfw8fJ6EnUpFrnDiG6bEZuz,Bronze,1,HELIUS_METADATA_BASELINE
E8iZvqoAFCxMmF92t9t6QPJsELWkemsU5cfyNvuL4nC,Bronze,1,HELIUS_METADATA_BASELINE
E8m142YRhB99D8LzGKuFH4zve7hR9rBWfeKGhe947C2D,Silver,2,HELIUS_METADATA_BASELINE
E8odusEaM3FSJFFequ2FLJizeB5xDBaKxKFnzgSvaf6M,Elven,5,HELIUS_METADATA_BASELINE
E8oxhod8AkQaca4WP1rFxhkdWygbss82FwQUJG8h3VqS,Gold,3,HELIUS_METADATA_BASELINE
E8vxvN7pQfRNLdUWDEs9wwxq2AEhubwvv8yj6ZefW3zN,Bronze,1,HELIUS_METADATA_BASELINE
E9BnM7BrQU6gv6qntUHcqhwQxqwrhpErXqnecuZCj1RP,Silver,2,HELIUS_METADATA_BASELINE
E9NSDJ1GT7t7QeURUptiUU9Dx1FSTXZ4HeY8PXK8RZNk,Elven,5,HELIUS_METADATA_BASELINE
E9NWPigngQR1sDjvMLM6h1MVEgCsmG6VrLK48d6JJ7hf,Bronze,1,HELIUS_METADATA_BASELINE
E9Teg141D8yb8eiQGB7rm17xvsP3EiBd6PpwVLusbhVt,Bronze,1,HELIUS_METADATA_BASELINE
E9VCjuu5Ao34x38TwYWHvs22KxMMRWR8TPA5VM89QpTi,Bronze,1,HELIUS_METADATA_BASELINE
E9Xsue6gYnJv5xxRURauJQqHVZQ5o1YCNtWsb56tKozQ,Bronze,1,HELIUS_METADATA_BASELINE
E9bsiYzccKY8jfVesZrzCHBVP4ARSa3vE8fjNxUciVSA,Arcane,4,HELIUS_METADATA_BASELINE
E9nMY1uueEBdX2WbKMCM4qbdfvPt7kRJkKeHww3iLSeN,Bronze,1,HELIUS_METADATA_BASELINE
E9oUs76dAs2ih5CDEVMDKRBpDwfEpJhTUFJ6sLGBzisB,Silver,2,HELIUS_METADATA_BASELINE
E9szSAjpk6e7Vfvv1qjGKQ4e7y2TnE4fLkup5HGcMYVq,Silver,2,HELIUS_METADATA_BASELINE
EA3S3sPxFGjeyHpNdDNhYBjSG1Fcg8TdqhLbpsEsvX5X,Silver,2,HELIUS_METADATA_BASELINE
EA4qe7DukR3DNFnkbvh5tc8kqxJ6HFVzZaxiV52HRToJ,Bronze,1,HELIUS_METADATA_BASELINE
EABwsRvfh3wMhE4HMmtNzE2B951QupYXwd788D9w8ij2,Gold,3,HELIUS_METADATA_BASELINE
EADVXvfUVwRJFVP3nVxCK7APjyrEgXqP28XbbwpRuTJ3,Gold,3,HELIUS_METADATA_BASELINE
EASy4iucR8uT4V5N78iuDzZWws4HHWFEPNAd8iq9hkGF,Silver,2,HELIUS_METADATA_BASELINE
EAUAtuopaUGxnnJizTenPxE2tM97yd9jW83zhiAnjMXR,Gold,3,HELIUS_METADATA_BASELINE
EAx4BPtTMS7oJCrJ15rKYtZ19C3gMuGAbaoPj4ZtPLWK,Elven,5,HELIUS_METADATA_BASELINE
EAxptMhKXLHNmXEAE5A5DQzdJM9qWaJ8Zvb19rhkwYhi,Bronze,1,HELIUS_METADATA_BASELINE
EAxrmJv6SAp31TBfkK1xTv5H5xpCVnWJ9iDdkxEbjmwb,Gold,3,HELIUS_METADATA_BASELINE
EAzWeToTosz1aV6Tw6FfhNSeLZ5HB213bvXin7rvHAfN,Silver,2,HELIUS_METADATA_BASELINE
EAza7RjpKwiecpGneijdBErhdStZmDBzABP9ocN1SByi,Arcane,4,HELIUS_METADATA_BASELINE
EBDF7DYtAANJ2rVxPEBMM35waYdV4aj2JCkQvMkTvPn2,Silver,2,HELIUS_METADATA_BASELINE
EBP8FQQqjoMXodn5x1Gg9vzFhfEjVxhZ92tknVE6Rqx2,Silver,2,HELIUS_METADATA_BASELINE
EBPm83y8gizE6TcKCwrvtFbuFtjWMwaxiGcW6bcjcNmP,Gold,3,HELIUS_METADATA_BASELINE
EBQpBBZ95dgGnf4Nth6vNXX5u4XHqj9N56wxrYL2U7i7,Gold,3,HELIUS_METADATA_BASELINE
EBSAj8PEJ4T8xArsViTiDQ3S51KkC4Wd1Fe1KMaJdskD,Bronze,1,HELIUS_METADATA_BASELINE
EBWRB8n7Bi7T9fUFLuQGSsQNojKeLUbXUjh2JLUv6RYa,Gold,3,HELIUS_METADATA_BASELINE
EBYisxsGpjNcU8ppkwbw5Y4HCGS3LrjdyxZNau6KRFYF,Bronze,1,HELIUS_METADATA_BASELINE
EBbr11nGvSYnEbZoUzAAN9CiYSMzxZ6TpC5KZvi7Adno,Bronze,1,HELIUS_METADATA_BASELINE
EBevuyxYrc7wAC94ikf85migvj5fiUcGkxT7cZeX8r49,Bronze,1,HELIUS_METADATA_BASELINE
EBk8HXKStCzn4y7LVegA1YVcfgAwU9TxPKCSwR2nbsQU,Bronze,1,HELIUS_METADATA_BASELINE
EBkTEF3866dDgkenRNShoy3tA7PsA2HWrbzeyNZAnqct,Silver,2,HELIUS_METADATA_BASELINE
EC14fqBNiCiDtEu5WcEiFkaA52LFDfBnwkRzBAbcqanb,Bronze,1,HELIUS_METADATA_BASELINE
EC3zjMo4BEZAEyCSwP8i4t3Fn1KaS2XAWxUqiKUxV29N,Bronze,1,HELIUS_METADATA_BASELINE
ECMx8L9NL3K3YiqMtBupq4TcZML6JH9fNkoERpPe6PA,Bronze,1,HELIUS_METADATA_BASELINE
ECWP7zPAWt42radbs1mMrkrkhDAjYv2ATry77f1GJFiG,Gold,3,HELIUS_METADATA_BASELINE
ECmNBzriJicvWxJjsgSfNipkmdbuTTaq26BN1yt1DK1k,Silver,2,HELIUS_METADATA_BASELINE
ECrEfs3VzCvBptP7PqijyfaUwktCTUQaf2yPEGx3W52v,Arcane,4,HELIUS_METADATA_BASELINE
ECz5UtdRkaxCp6yQyGZtwT5nuNojZoCNnixgJkY2bXGK,Silver,2,HELIUS_METADATA_BASELINE
ED1Y3aa1qA1j9yBHQvHDDptAcnghSE6XWCzeZ1dV3joy,Gold,3,HELIUS_METADATA_BASELINE
ED4QfsAV8kdC9HbNAzCcuzbWmG9b7PFHM56gDGDnT5CZ,Bronze,1,HELIUS_METADATA_BASELINE
ED7R3VytTZeEe7HaoBwHxiHTTknJbhE3pBzMj8VHSWY3,Bronze,1,HELIUS_METADATA_BASELINE
ED8SUbhosm2kaeTuixzfucrnp8HgC4d9ugFjiSztKn2R,Bronze,1,HELIUS_METADATA_BASELINE
EDEbXKBM12XxuWo4rnnEU78DvNCMsqZu5snAAgwqraRV,Silver,2,HELIUS_METADATA_BASELINE
EDJpDBwLMQj7bJJ7PzfkthqLZPF3xjDhCKAzQ65g8a25,Bronze,1,HELIUS_METADATA_BASELINE
EDSaSumMyeisf9BDzyyExAKr2kUcbUHNejttaGcjeAAz,Silver,2,HELIUS_METADATA_BASELINE
EDVrZ9ZRWStHMJ2Kv8ixiAxbBZ4RQXYNYjTrVPpu1x9m,Silver,2,HELIUS_METADATA_BASELINE
EDY725pHJRqyVKYh4sHAnYfiJfYgfNcVVVk6z874tTNc,Bronze,1,HELIUS_METADATA_BASELINE
EDfBmorZaK59bF7wZ2HqCSWHib3sFS28W5mSMTzUHKb3,Silver,2,HELIUS_METADATA_BASELINE
EDkFpEFtQvv3dcrfdT142EceBFgjax2XvgtaB4YBeXmF,Silver,2,HELIUS_METADATA_BASELINE
EDnEbW4sHLvePrJnj6TTMQaUzbtU6jRi1qUicWesTMBj,Silver,2,HELIUS_METADATA_BASELINE
EDpcyMaWoa3y6YXARY4SoVoYPpoytVYKLAn17doVgTn2,Silver,2,HELIUS_METADATA_BASELINE
EDvaVfahdz52majtANgk3q5nqPNGdur1m3aEJDtSPoK8,Gold,3,HELIUS_METADATA_BASELINE
EDzdVqawa9vpxHJJyaJstZqoPnSi3KVmpCxYsAAqua3s,Bronze,1,HELIUS_METADATA_BASELINE
EE1xbewgnSxg3rS9bJYsQrN3xQRzMXRKr6S99ABoSDok,Silver,2,HELIUS_METADATA_BASELINE
EE95cfM7LJz9t34UXZ8WkiT1CjuTTQJ2nPmL3VM6rbTF,Gold,3,HELIUS_METADATA_BASELINE
EERmT7GkLFNDJ9q4cr9qJnhtkAdnJ9r8Hu8ampbwExJf,Bronze,1,HELIUS_METADATA_BASELINE
EEX16oCwrpscuKhhsF92HErxZWRp6ap6h56FqJwnQzeQ,Bronze,1,HELIUS_METADATA_BASELINE
EEaZbGZhjMV8ofBwT4w3LZY6BwGUuku4BvH2SMotLJWT,Gold,3,HELIUS_METADATA_BASELINE
EEgmkMkEQpj5ezTDUMN5rBmbA2YsSJZgPZT1JujvnHr2,Bronze,1,HELIUS_METADATA_BASELINE
EF5X9aW17v8xTtF2nPT76RsHoeSDSEzPuAngLootKj3o,Bronze,1,HELIUS_METADATA_BASELINE
EFB6mgAqUi6SyGRNdL1QDzcJ1tEm2XXSZzv3x12bQGRT,Gold,3,HELIUS_METADATA_BASELINE
EFH3vbo2hxej4DZ8EXzfQBV6jgYziMyGUE6t7L8Dfzg7,Silver,2,HELIUS_METADATA_BASELINE
EFKP6xJgWPGem7thBK5xLLko4E8RcahPizd7ouNoGi82,Silver,2,HELIUS_METADATA_BASELINE
EFQjkP1CfSb9KKC58zmAGhu2E7bTGNpcPDHnb2NSzsjY,Gold,3,HELIUS_METADATA_BASELINE
EFSMobbBsWcxXeCVUHY69xMLef6L9gdTJSm6B72vSRFf,Bronze,1,HELIUS_METADATA_BASELINE
EFTtjkG75RiVMAZBeKTwEQncmeW6WqnpGzPteeUmEtAG,Silver,2,HELIUS_METADATA_BASELINE
EFXeW63c9F9mxgvWzjRD29i1q8FWY1tmTY4qZaFxumLd,Gold,3,HELIUS_METADATA_BASELINE
EFZzQzCGoDy7BjcsS9Fzp3LEVsk6Lp3FDoYNy6D7HiXn,Elven,5,HELIUS_METADATA_BASELINE
EFeAkAviDkmjFiELKb3JitXTVDL6n5fnK3i5ij3ArHJk,Silver,2,HELIUS_METADATA_BASELINE
EFhwqiMREe667MHa4gm5cPwrY6jWoSZfqu2gnYcwcGcB,Bronze,1,HELIUS_METADATA_BASELINE
EFmy2mEBQKyMDWWVvtwPHrDoUTPPUwxTGttGs9TiZngq,Arcane,4,HELIUS_METADATA_BASELINE
EFoPwPUW7qx37nBzmJk8KXUDLCBrcYGaTRqiybtAX6Pm,Gold,3,HELIUS_METADATA_BASELINE
EFsjTMbNBa54ndbPQRDR31EdFj4ANDB6F2t72oeGZCrz,Bronze,1,HELIUS_METADATA_BASELINE
EFxGS55u6pU1ry2HY3aQAjjzKbPgsU6dgRwmS9383WBb,Bronze,1,HELIUS_METADATA_BASELINE
EG6rQ2QFPFp7iSey68XX9TvhY3vTWNpi9F8s94g35iGC,Gold,3,HELIUS_METADATA_BASELINE
EG7w87MnwZiUcF2qeantSeyceQm1F3bNufuYtc6buSp,Bronze,1,HELIUS_METADATA_BASELINE
EG8iVwHqvNLBRYbJw7SFnLvR3paia7pG73ns68VPicdH,Arcane,4,HELIUS_METADATA_BASELINE
EGCk1evhpSYijhHifi6AaJKXLe1nziZhRaFzrGgHLyv7,Bronze,1,HELIUS_METADATA_BASELINE
EGEnfd9sm1J5uvefjFNUq8nYUwmha5SW2AfotnZfaYL2,Silver,2,HELIUS_METADATA_BASELINE
EGF2wXJYaDNQQny6FHH41y41CR6A4BZnfNwPYjz53aQM,Silver,2,HELIUS_METADATA_BASELINE
EGHrcwo4mExWq4oyn8TAdkhWviTwLb3XSPmVHBLx7oSU,Silver,2,HELIUS_METADATA_BASELINE
EGLDawPaCWSV6gFfJE8F7yVBNDGJEiCqgf5G55F94pf,Bronze,1,HELIUS_METADATA_BASELINE
EGQm7v6kUPdmktz29eKqYbXEqcWgm3t9zNtwvvDNNmwc,Silver,2,HELIUS_METADATA_BASELINE
EGXjR1hLcKa39AAzN8L1s5mYfmmbr8XajgfsRaAu4AZY,Bronze,1,HELIUS_METADATA_BASELINE
EGe61iUppgY1TdTZETtEhpHzZymsGSMueUJT3ujEF1Gm,Bronze,1,HELIUS_METADATA_BASELINE
EGgmwAUgcChYoZZDfiP1Gh6gkg4hPztSChvZWoQMyntk,Silver,2,HELIUS_METADATA_BASELINE
EGvT7xXR88MgThymRxo3NyVWHTJWzmsHvufUm4c3Hd1E,Arcane,4,HELIUS_METADATA_BASELINE
EGy7FiRNzBopDtit2KSvDXYnKu2a9Vy2yxyUjiQV4MkZ,Bronze,1,HELIUS_METADATA_BASELINE
EH1NjrSdTw6nwrLs98NqCt2ggsukzgDibedYMo2MX5q4,Bronze,1,HELIUS_METADATA_BASELINE
EHFjhdtgdRfQNPG48g2z9q4sGeShxNsGs4GujTpn7kB2,Silver,2,HELIUS_METADATA_BASELINE
EHH11nY8E7bx2bGhKcpUi4tRzmNtVDsWwEzsehFy5vWk,Silver,2,HELIUS_METADATA_BASELINE
EHHnXRqoZvqaPxw41ad49GD4omXtCyy1pwmc48S6yzDC,Bronze,1,HELIUS_METADATA_BASELINE
EHS8wrhLdf3J9Ndxy4bie6CGUZpuFwTEUeE2GH5X9YHQ,Bronze,1,HELIUS_METADATA_BASELINE
EHVp2ZZKK8k1TwaSJ5Ban6Kg17uPc84VKM5jQHKkPwkc,Elven,5,HELIUS_METADATA_BASELINE
EHW4imygFfYnyMJV8WzstFnCmK9XyPXefxSh29TLzRrw,Silver,2,HELIUS_METADATA_BASELINE
EHgb8i8ZzzYczs1zd5DVNGrVEHso7MpT1MjrwrogxvL9,Elven,5,HELIUS_METADATA_BASELINE
EHgr2S45jPQww7mLFvuQaPPwa3dtU6mcBUZwN8c5wB5K,Bronze,1,HELIUS_METADATA_BASELINE
EHjrsdFqdDDQVyZXnmBnfNnqPM8QK5fgnUJjLnu3xGJN,Silver,2,HELIUS_METADATA_BASELINE
EHteRJ1upC7TmuzqhP4RaueSxd8xh4yHdcUd4Ku34AyH,Bronze,1,HELIUS_METADATA_BASELINE
EJ8ZgsUUERg19pfkzEm2pffiswugmrVVt48Wm8ucEpi4,Arcane,4,HELIUS_METADATA_BASELINE
EJAZQsGg6muCerTmwvqjRgPcTJ1qjCpUKCUtjFcKwhwN,Arcane,4,HELIUS_METADATA_BASELINE
EJBjLkKq5FrpjcV6WnyZi64Tbyc8ujajwfUWdANLCggi,Silver,2,HELIUS_METADATA_BASELINE
EJD5GbcDHma3XkoDKe769mD5vF4uXZGdhBTyjwEdMhyW,Arcane,4,HELIUS_METADATA_BASELINE
EJLrqnj54xZ43Lva549mxDYDdwrxCC3QsuFbPhky5rBP,Gold,3,HELIUS_METADATA_BASELINE
EJNpz4pEJtsUaGVLPQViUKjztUESqe4nnYzuVQrXVeyq,Gold,3,HELIUS_METADATA_BASELINE
EJX1HbR44dKM9Vr6Y85t3Bymr6rPqDDvEwyrmTzaHsah,Bronze,1,HELIUS_METADATA_BASELINE
EJaEyamdonqEvZPfxjiDekcJTovSS1H2TrsKLeF1KBgP,Gold,3,HELIUS_METADATA_BASELINE
EJeKhJRoMh19XvwT2Qd8NoAm5QSmemZW7ZpdSQYFkMCg,Bronze,1,HELIUS_METADATA_BASELINE
EJn5ULFDmJhVxgy3EpLBUbEcxmLRiDuyHscgtZSVuPuB,Gold,3,HELIUS_METADATA_BASELINE
EJovYCqK3K2LveE5S3GoTWko8H5kmXxx8onsbfZHXChB,Gold,3,HELIUS_METADATA_BASELINE
EJqbYsozwuk6QRzmLjozmBsnJUrsZQNWWot2YCZLtsnn,Silver,2,HELIUS_METADATA_BASELINE
EK7ZqTjUozk8TkmxG3kHiweDA1zWVdoLARUTCiC36Yy9,Arcane,4,HELIUS_METADATA_BASELINE
EKCgvJFg6KQJHcsGuYL2kTT266GbKizFxWJuMNg1o1TN,Gold,3,HELIUS_METADATA_BASELINE
EKFwViPum5gnPWNfDrDvu7NiTymU8k2nhPk71kzPKgiJ,Gold,3,HELIUS_METADATA_BASELINE
EKJiF8MUb4taWzjdYAikBgmon9NH5eAxHocJzoDDNM7R,Bronze,1,HELIUS_METADATA_BASELINE
EKZoKMHfe7k7HaqDAsWyRqBEQfADNNVPZqsHhASLxtVi,Silver,2,HELIUS_METADATA_BASELINE
EKdEf6Ze8w17fp9AY63mJZAJEj3MvgkNdUxgVVCTK15y,Bronze,1,HELIUS_METADATA_BASELINE
EKkaxNmiPWfF6MU6eiXbUry4nFQQbVvuuX7YkDZan5S9,Bronze,1,HELIUS_METADATA_BASELINE
EKrCM7nC6B7zFPLQChkrNpKMoBF2WhVnvQdWTbnpJcFa,Bronze,1,HELIUS_METADATA_BASELINE
EKtNbXwZXHUnTczbP7mA8fEB1AoorZ8ChCYTnBtzz9Cf,Gold,3,HELIUS_METADATA_BASELINE
ELAePNDk7Nc1qgoGSFZwzF8YmYeWhGhRCCNm65168Bow,Gold,3,HELIUS_METADATA_BASELINE
ELGAZt1m3gjwMmB5cpiE57J5xUBp4uKNUhH2Q2yeZ2R9,Gold,3,HELIUS_METADATA_BASELINE
ELRhHUgHmsbfUWGFMX7RPBhG9AtXQQpwyF38o1GpEVq4,Bronze,1,HELIUS_METADATA_BASELINE
ELSw6FguUHoqku1xCfrTL8LRP85VzTHoYV7yJJ9ZFHTN,Gold,3,HELIUS_METADATA_BASELINE
ELTvDySdbLXtVkYxrSvxszfM3Qt5K8fspbHoQ4VSdFKM,Gold,3,HELIUS_METADATA_BASELINE
ELYNqPijeH2eSgFJZ6PnGdT4QK7FcGwwcKXEsjQto5mS,Arcane,4,HELIUS_METADATA_BASELINE
ELhxLEawkb4Q79irk61EG7SyBa8W6tHuUjb4QLqZCTXB,Bronze,1,HELIUS_METADATA_BASELINE
ELihh6yqcroG9aoKBgPX3pzoTm8bvHYGLwFNJ6wNAGJW,Arcane,4,HELIUS_METADATA_BASELINE
ELqZdeqUu2gwmvqqMQ28pGSLQCiRc17wkGto8ZzmMVH3,Silver,2,HELIUS_METADATA_BASELINE
ELri468MiHntLcZ1zCyw3Edn26368kETWhTTagnf7cBo,Gold,3,HELIUS_METADATA_BASELINE
ELyex8zNAnQJwyLPLjKu6CFf89E4WLrB89PW3a6dcjcu,Bronze,1,HELIUS_METADATA_BASELINE
EMGqPmTFq26xvMDxHabDzFujULLmjdFou9cWCMVTi6hJ,Silver,2,HELIUS_METADATA_BASELINE
EMH7otNyH2nDvKLJzLmH1grNTc3JgLBhnUwutEj6FkWD,Silver,2,HELIUS_METADATA_BASELINE
EMLx9HD9dLexAjpvRXMiKbPtVGfHfs1obiw76SHGi1DE,Silver,2,HELIUS_METADATA_BASELINE
EMMUMBH7xpxPpcSwi7XWaZ4D8nks33BamFFdVVHBSJ4u,Silver,2,HELIUS_METADATA_BASELINE
EMQ82pebBBMmt6JsSgAcDP3Gs6ibW91RyoBHz4q8KMan,Silver,2,HELIUS_METADATA_BASELINE
EMQCzzj1hqxdgK1hQAVU1sVNPFi21vXXjxAGUvyZLck5,Silver,2,HELIUS_METADATA_BASELINE
EMQhb59kSpfeVT4CBVsysjsc9YmnpaPyPyPjcXGdAu7q,Silver,2,HELIUS_METADATA_BASELINE
EMSPKUngHoowZZTRwBwnJasKURbvndedTAA4fX2s5D5k,Gold,3,HELIUS_METADATA_BASELINE
EMawcBUJtGNmEnFqyqhXCS8DqvobpQ6bLaoQsyXrLagK,Silver,2,HELIUS_METADATA_BASELINE
EMbJCbVE1Gvk4HkakFyWGB1Eh6vnqUjmMiUz7Ky81fvu,Bronze,1,HELIUS_METADATA_BASELINE
EMvKisdheCC7gMs1JU4XuPdysKT5GDfyFeU6W1EMPRYi,Bronze,1,HELIUS_METADATA_BASELINE
EMyxc13PMBvMZugkT3t928PvtMfJDPHmhm54tMZewbup,Bronze,1,HELIUS_METADATA_BASELINE
ENBak4TzCDvEm3Jb21PMTFFiMAwfV7LwLSk8NNm7pUZg,Silver,2,HELIUS_METADATA_BASELINE
ENDaFkEUut5PJgQmtH5moj3AeBLeMF9uZ21iuVfuW8Vr,Bronze,1,HELIUS_METADATA_BASELINE
ENLGRLM55hrECHL4fXo1yzPYHaZsi54EriLakziSLCzD,Bronze,1,HELIUS_METADATA_BASELINE
ENRLDdCzxzTaBj7Fwt44E9ESyhmH3pU3XDVX9QVbj2QL,Silver,2,HELIUS_METADATA_BASELINE
ENbikayg15mZLsVqm9A3yUUUfA1MpCdzRTMUGBiFS2vK,Bronze,1,HELIUS_METADATA_BASELINE
ENgdgCWfL6WGaq4a29FNb2oHLp4ZX8kbQx3dr6QPhJ2Z,Gold,3,HELIUS_METADATA_BASELINE
ENw8MtpXyX5y83WEep4VKX5FzuhwKkQYVDsexH5SzeU4,Bronze,1,HELIUS_METADATA_BASELINE
ENwaWMJGUkTSb34WxmwkzGSnu8hJBMfGjmuNW4bnYENB,Bronze,1,HELIUS_METADATA_BASELINE
ENz5Zbeg4VUrdMX4tLMPGyrmd2tB6qguB29fhWUAza4D,Silver,2,HELIUS_METADATA_BASELINE
EP1QqvSs8HtR8gC6d2q5QQLK52Z5fuAhVGRi9kG6Hr3o,Elven,5,HELIUS_METADATA_BASELINE
EP5BV9So6EZwR6bxVuJpq1MsoD47jwvzyVfUwMQub2MP,Gold,3,HELIUS_METADATA_BASELINE
EP7QLP7H98bbGBZ6UNgiZLyVc7JupSnxba59PSYpMWFA,Silver,2,HELIUS_METADATA_BASELINE
EPAqbkGZX2N5tsize5RPywZvpZpGeMXUzZkjXkLukFnA,Silver,2,HELIUS_METADATA_BASELINE
EPD5Ckece9wQfozjtkYbkfPGzeTBFWUKRJ1WCjP35BJr,Bronze,1,HELIUS_METADATA_BASELINE
EPJKP8N5TemUaNMcT3GvtA5hjSvcApoNGQBCukH1BR3U,Arcane,4,HELIUS_METADATA_BASELINE
EPaL6pM9KSWKT4aV3qtSLAtnHJC3yNsqjbANfwNXBBaV,Silver,2,HELIUS_METADATA_BASELINE
EPdHmRZjzZn21UhWLLx2oHqHyEsVc7NsQm6hWwBgqsg4,Gold,3,HELIUS_METADATA_BASELINE
EPdV64mAAJQgjvwaSUTQNTKChjz8zKsJYxQfspzsXEpm,Bronze,1,HELIUS_METADATA_BASELINE
EPiN4KwF8HtbpcUBqrjh2iEvdMLsiVQjTKtxx3WRoMFr,Silver,2,HELIUS_METADATA_BASELINE
EPmDfPgoHtYd7vkLmLfn9LQHn2aoWdeCJqrrvyFPTPF4,Bronze,1,HELIUS_METADATA_BASELINE
EPpFFuwFq1QBtjdiuUDayWzRNwxA2psCeCHhWVK4jzuD,Bronze,1,HELIUS_METADATA_BASELINE
EPpddLNSiz4zE4Gss5hvsWGMPdBky4kcGWfdxHdTrLLi,Gold,3,HELIUS_METADATA_BASELINE
EPvWXtKVgqJVqJGqGf4sRM8VYpbbBMaDXusXAAgbUotm,Silver,2,HELIUS_METADATA_BASELINE
EQJV4a4kqs6pFDMVLTFuYr26YibenWV5iegkMCN9qdLh,Elven,5,HELIUS_METADATA_BASELINE
EQdPGzfvMgeK3BgqtNSCivH8FfnAskAiroCpq4DRaZZx,Bronze,1,HELIUS_METADATA_BASELINE
EQhrfAgoNpqe1JBzzkh6vYdF2G1Pj5HB4v1rxNh2SnaG,Bronze,1,HELIUS_METADATA_BASELINE
EQiiy3L1eDP2XgbwmSMBYa3cmy6avy9XU9BtppTrWsF5,Elven,5,HELIUS_METADATA_BASELINE
EQjBsak7mnwz6GmcW4NiV2PQFgZ6e6Qj7HuMX8vGRxxt,Elven,5,HELIUS_METADATA_BASELINE
EQmhJa3bf6cVxNbGrsGmJHSzvmmFjQ8X1BQeTmNTZi7G,Arcane,4,HELIUS_METADATA_BASELINE
EQnbCbUSQTmQVZmhe3RKPZzJ5yXaAsRfypVsCfZmdEie,Silver,2,HELIUS_METADATA_BASELINE
EQqA94QsqdyytzdjPgh3wMTTpm6FJHAKzXCRrp4XbMPb,Bronze,1,HELIUS_METADATA_BASELINE
EQqyKaek39rtRkVruRNvn5Fdn5vU2JDoBBQsFn8kxsMN,Bronze,1,HELIUS_METADATA_BASELINE
EQyDveaz4u3nsGpXmFZR12FYUVfudoPaeWW58hHhsZKj,Silver,2,HELIUS_METADATA_BASELINE
ERC1GPXxnBTRJKnSnXqbTpXXNnq6qVy2J2uGzB6jCezu,Bronze,1,HELIUS_METADATA_BASELINE
ERC63CEazcg6aFyxE8CCQieWFHdWRnr6bNQ92xXr8KMh,Silver,2,HELIUS_METADATA_BASELINE
ERGztnWvtqhmNjS8mB5jNRTsBFobYg9jmhw1kFEkE3yx,Bronze,1,HELIUS_METADATA_BASELINE
ERLkVvEV4FFqTTepdKRKNStR2mQ5vVwq95vRbUNDxiBe,Bronze,1,HELIUS_METADATA_BASELINE
ERMxZXr2hXpmkRuAbDFkVeGt21EjgWdBV67n2dstWdwt,Bronze,1,HELIUS_METADATA_BASELINE
ERbFaK4qFnZ3qzsDg2Q29eqVCYt1VZjANHghRwnTTGHT,Arcane,4,HELIUS_METADATA_BASELINE
ERdGJXxRqfF9W1Mm7oA49V2vmKwxxZn8o13dqi3LQwfX,Bronze,1,HELIUS_METADATA_BASELINE
EReSn334jMU9SLTevrwNCTdothVV8EPtJWXmBfh58JxK,Bronze,1,HELIUS_METADATA_BASELINE
ERgCMCfWhsdKbsz4JRuCdR76cXKpyygyArZPXxLTVi1T,Bronze,1,HELIUS_METADATA_BASELINE
ERhjRfhHp6YxCDjLTY14MnHxei3sjYZiXViCKdf2RbFZ,Bronze,1,HELIUS_METADATA_BASELINE
ERmSDYwzunA3mvVN76w4Lz8mhWWUCPAT9V3ZHSYkCxsu,Bronze,1,HELIUS_METADATA_BASELINE
ERs7tk77VnxT1PpjwH7cj4oSf2QFqJZK9Yc2nEcR8Xpw,Elven,5,HELIUS_METADATA_BASELINE
ERsQPMW2CcD3qC8ZJAm8pF6y2nEUbeKpUfTCPse9Toje,Bronze,1,HELIUS_METADATA_BASELINE
ES8htxQ8pxbVo2u7JB9LCef5bsbHWdvAYVAGEot2uZfz,Gold,3,HELIUS_METADATA_BASELINE
ESDNdxJ2yTYM4QJCki4vAcuLGQL2LM1FtvvgCTjHkkSD,Bronze,1,HELIUS_METADATA_BASELINE
ESHLBhRWyCC5RsXUcZbSgWT1xuT2ZiBhvvr2exKbRRy5,Gold,3,HELIUS_METADATA_BASELINE
ESKuEJFERmQq9PTf3yGWBvf2oHafHPHRfdk9nw5oJsBQ,Silver,2,HELIUS_METADATA_BASELINE
ESRgeNvzp6vmkvomv3UHHuh63TyPuZEdhhn33Qk2irUA,Silver,2,HELIUS_METADATA_BASELINE
ESUAkcLTW7tPyLmS6vr3RvAmCuKA8DdDUJX2rMLKxpNv,Silver,2,HELIUS_METADATA_BASELINE
ESa2cGnEekbeeMatCqFCKBrjVqZW2RiPbJAGiqycuN9b,Gold,3,HELIUS_METADATA_BASELINE
ESafLZQ1JBZDY1sLZZcALsQAHFDDK7epy5DCiSZWKa1,Bronze,1,HELIUS_METADATA_BASELINE
ESeswqLMMAXZcZ7vwYd9CZQyKoXNV9cAHcdvnnRTdnsC,Bronze,1,HELIUS_METADATA_BASELINE
ESfQsvGc2821uYyyjw1sK8sWSK57A4cZGaysPf6Qcgah,Bronze,1,HELIUS_METADATA_BASELINE
ESydMPUAj3KrZYvpwMctC1eaeiU68k9KsxzkaELgDoum,Silver,2,HELIUS_METADATA_BASELINE
ET6CmcyCAoRBorv87Dqs8XcEBxJz7sV9WsxsRpbTgFDZ,Bronze,1,HELIUS_METADATA_BASELINE
ET74gdDwZ5GSXFb6cuKrtKNAB1yCWospwRCQDciv6bAc,Gold,3,HELIUS_METADATA_BASELINE
ETJvpdgB2T5V7kCK2e8AmXMGp6H7Ag6KGR2WV8oNZXHP,Bronze,1,HELIUS_METADATA_BASELINE
ETTFe2FV4khXbktrLEGzphHhsDqStwFfZE4UbkkH8Bdi,Gold,3,HELIUS_METADATA_BASELINE
ETYq5X35xrnKgc5PgHumspm2QN1CWivBgGDt424DCeeY,Bronze,1,HELIUS_METADATA_BASELINE
ETfDsznB9No3WBqZJUNDcEwnargafMuatbPGYzCKn7Kn,Gold,3,HELIUS_METADATA_BASELINE
ETniSuqNpuM9dVD7PeZ6CpKCcAyStWGt8vWjtoZ3Q4Np,Silver,2,HELIUS_METADATA_BASELINE
ETumo3EHLjPgS2mUcSUhuXsTRgBjmzqDCc9XLDAXXoqP,Arcane,4,HELIUS_METADATA_BASELINE
ETyJ541hhTszNhmSm3bRemwT2Kea8zTmmvJtTF2XbNrC,Bronze,1,HELIUS_METADATA_BASELINE
EUR3iBbn758xptv7nRvF7RkK6oqy4E11xdZMy7vSgdXA,Arcane,4,HELIUS_METADATA_BASELINE
EUS8KRHce8YvKeVkvtsTZniYQ1LqLv661NthmdhfBt8K,Gold,3,HELIUS_METADATA_BASELINE
EUkJEEtXTHDezz5TEZUGQXvJdrYFEAvs8JfiTomWEe43,Gold,3,HELIUS_METADATA_BASELINE
EUn9c3rQ7wiL2fQUUxwaybBeHRbW7HyyHdZ3C4ci5kaZ,Arcane,4,HELIUS_METADATA_BASELINE
EUnwMiZMZ3TPxdiNBiHc9v6QrfuhsMNqeuGmwe9gNsSn,Bronze,1,HELIUS_METADATA_BASELINE
EV4929Evs7gGsmBaiq3yQB8WfXgZXnXwWEkEnULUhLe5,Silver,2,HELIUS_METADATA_BASELINE
EV8e2HtoR7q65Mey9X81HvLbhSNPhX9NnKxiQU3Ws5gS,Silver,2,HELIUS_METADATA_BASELINE
EVAwMGmJn13Szjy9AhPQxWsiHu72TAecQ7cqzcVzxsUd,Silver,2,HELIUS_METADATA_BASELINE
EVLaeWn3ubLV6y8kYJRwDCTQSXVYY279pykTZC6TshvB,Silver,2,HELIUS_METADATA_BASELINE
EVcZDNQ72ZJNvmZjEHGt5GTHRWD6DtEm1Qd4oquLha5i,Silver,2,HELIUS_METADATA_BASELINE
EVocnqwDoqDUdZerrFmQqivkwQM6nBDXfQc8aPE94QoX,Silver,2,HELIUS_METADATA_BASELINE
EWJpzPGdKVDmUM6pshPuA3XVA9qesBRfwf9uGWpuw8ru,Bronze,1,HELIUS_METADATA_BASELINE
EWVcbh9sZuQbE9FGgxBpvtZtqoK3WXNXgu2g16TioqLj,Bronze,1,HELIUS_METADATA_BASELINE
EWeDJvtB6RfijNnprCAvfX4i2oo41eRo4j8uysWrEVNy,Gold,3,HELIUS_METADATA_BASELINE
EWiZ5MYg8TDQXdedNN7HwAAbyL3ffDB9Cs7oe97Ldm6M,Bronze,1,HELIUS_METADATA_BASELINE
EWjB5jzc4neAdygreM1YjuEcgVjZL8sJrdJzZfaUqdPq,Silver,2,HELIUS_METADATA_BASELINE
EWqdUtbGHVKc2eCYpegDNex1PwA85qNNSqdKhiUPxAam,Silver,2,HELIUS_METADATA_BASELINE
EX2yzZhdayyDYsde8YbdyGDzsVG8gPqjjorvdfefdtFn,Silver,2,HELIUS_METADATA_BASELINE
EX4RZP8zYBA7H5YKwdiG2V62XZa5wBVFHGsRLBssMDpw,Bronze,1,HELIUS_METADATA_BASELINE
EX4dChZytiquwaWyJa7VU5CaNjjfw4prY4TDs1mPerkc,Gold,3,HELIUS_METADATA_BASELINE
EX9NBsUfdYYLQi9dMgAj6qbfhyAy2KVThXU8RpPpu1dX,Elven,5,HELIUS_METADATA_BASELINE
EXGAGVLhxXHdCVrHuchA9tfwT65j5LFUgXGxQvAwnR27,Silver,2,HELIUS_METADATA_BASELINE
EXJcFCbTLgPvJ2Za4jsuH9JXTf1y6KChwy7sTE4Qm514,Bronze,1,HELIUS_METADATA_BASELINE
EXPuQTGSMes7zhxtRoSXMFpH8MUiiy97Jf5ZzQ7jUCqj,Bronze,1,HELIUS_METADATA_BASELINE
EXaLoV73GqFFwdCf16GeddgqKtrEgqM1r3UyxD4smgdD,Elven,5,HELIUS_METADATA_BASELINE
EXc9YRgtgDN4sT5WZetX4yZ4JVPkcJi5ATrm4iVjUTZL,Arcane,4,HELIUS_METADATA_BASELINE
EXdQM5ddPnu318VannZTMutKnzepm6eLrJjxVyNuPt1o,Silver,2,HELIUS_METADATA_BASELINE
EXnp7yi8gKQ6qqVdLT9ykEt4WPnvjjnzJ9PQwRjEMhXL,Arcane,4,HELIUS_METADATA_BASELINE
EXoHDbwA1v7v1PqyMLceCD9kGWGj2HN4TCq3DncbsmSn,Silver,2,HELIUS_METADATA_BASELINE
EXoQ7Piu5thQXRUM7pzUBT1HkDrhpvUfggWBAjngEYeV,Bronze,1,HELIUS_METADATA_BASELINE
EXqtej1pYkZ4AsonwqKDptZuhmpi5RazzbxDnpJdUjba,Gold,3,HELIUS_METADATA_BASELINE
EXteufWjHzd1RCBnrGRJpt95mkYr2BQg5FWcVrMu9f2g,Silver,2,HELIUS_METADATA_BASELINE
EY2ZQqMn1ei5XPoJjqWXzzRSzw7C8g2PgBqAXAazZHpn,Gold,3,HELIUS_METADATA_BASELINE
EY4BKCqYkX4As3aurvBuR6kZTVjo1XAm3VawsfGoULbB,Elven,5,HELIUS_METADATA_BASELINE
EYFqjenUXZVfgCwyTWbLuHivhoFjSVzYRHGHW3acotPT,Silver,2,HELIUS_METADATA_BASELINE
EYNvCCA1QVjkA6LyxinSuULkDyN5b86fARtF9j1AJU2b,Bronze,1,HELIUS_METADATA_BASELINE
EYPScixCPcvqrrQoLjA8JSNvksf53yrVsceAiftHWA74,Bronze,1,HELIUS_METADATA_BASELINE
EYQDHJRNnEu181cJ68Ddn44cffU9EY5RsqrPgDbfk8U8,Silver,2,HELIUS_METADATA_BASELINE
EYQQ98XUdr6FxjMBGTCdRv2La3F6GVxojDG5zVXocXjA,Silver,2,HELIUS_METADATA_BASELINE
EYYLAmRvgmzwhzB7Qm64jGt7xTAwdcbZrYUtu3rGVoek,Bronze,1,HELIUS_METADATA_BASELINE
EYYwCfbQrjoJwYEWNyMotJ2Qv6cSKmDQfrtHfLuYyGRw,Silver,2,HELIUS_METADATA_BASELINE
EYfemfmZnAxhVZXep5NyJjWyaYcMWQF8QEApysoRpXKS,Silver,2,HELIUS_METADATA_BASELINE
EYw9iBmM9cWiZmy1vWBdDmmvgj5NFZkBpemFQcrJAknC,Silver,2,HELIUS_METADATA_BASELINE
EZBXa9kZoDFFkyhJzuBMmzWKLtYm6tcNpPjjeNKzEBFv,Bronze,1,HELIUS_METADATA_BASELINE
EZEgcLoKoQQviLmAV4SuPKdAVErNcRgCJeQWVnULCgfE,Silver,2,HELIUS_METADATA_BASELINE
EZJMxB1uVutxkWKCRHZodCJ99iejpyCYYrmb5gbJBfuQ,Silver,2,HELIUS_METADATA_BASELINE
EZMPBSN5St9aGAvYHg7b8kvwE6SLJWX7Fo2TTPPUwwJg,Arcane,4,HELIUS_METADATA_BASELINE
EZdYYupKLyiimidjtMbLJpQS3BpgJmfzCHvh1HeWKEwY,Gold,3,HELIUS_METADATA_BASELINE
EZkBnwZLFstBjN2jXvWq27F9zUG2yytnJSCMoRwZjGuE,Bronze,1,HELIUS_METADATA_BASELINE
EZrKmqwjFRHkkNnanNYm3xA6vVzUMSy6Z7DQETpQCYPB,Bronze,1,HELIUS_METADATA_BASELINE
EZyNSszrBBc5CRyxhJpW5ZdkirToWNqRGnReAMQ6Lmaj,Bronze,1,HELIUS_METADATA_BASELINE
Ea9TP9rAXb7D7Spint3qh9QsZZ9gghhRzKPg9U8t2B2y,Bronze,1,HELIUS_METADATA_BASELINE
EaTzfpC5yv1TDV5knXLpgLUySbqRcYL4Zun8hFyrHEYq,Bronze,1,HELIUS_METADATA_BASELINE
EaZEgxwXH1krWafzheTt28DzFjq1TDmQDAxp4rNPFPvt,Bronze,1,HELIUS_METADATA_BASELINE
EaezRuPeTKAgNCviqfKctuK1nnb8GQdScnLac7kAYE1E,Bronze,1,HELIUS_METADATA_BASELINE
Eaf4yeZ9S896da25CAxQ91EdZwFemN3LQPdeoHgbF9kE,Bronze,1,HELIUS_METADATA_BASELINE
EajhfqRHtVQv68PawMyEMkaYkyQM9Qds4VyzHauHrGdB,Silver,2,HELIUS_METADATA_BASELINE
EbP8E8GPijkioxDTLeE5w8YyZC3K1cvW6gggCcPPUqrG,Bronze,1,HELIUS_METADATA_BASELINE
EbRKef374URX4XyU4GBH6K5XLQJjReSuktCEd9S8cG5w,Silver,2,HELIUS_METADATA_BASELINE
EbWR4RVWxG12w69ZCjHUHES7fGS3TV5hWwpyW6zPzqD3,Silver,2,HELIUS_METADATA_BASELINE
EbWnkbw8usWEd8PwD7aZhG4c8UvpabrqZRtyuWPT5zEy,Silver,2,HELIUS_METADATA_BASELINE
EbYRbM2nTFz2thRwzKfH8jfYUjjLcDcD7437DvDhQkJ3,Silver,2,HELIUS_METADATA_BASELINE
EbYVzsKAAtdLeUR1teZaz1BuBJkWpF4qThYmL5x2PvFD,Arcane,4,HELIUS_METADATA_BASELINE
Ebk6hV3tWC9XwG8cJFuoifYYSeWBPUJb2QkCVJ5qDSZ2,Gold,3,HELIUS_METADATA_BASELINE
EbmEqoCCZmvnPo7GXGyjMHpPCYRXquc8mgPwy28A6QMK,Bronze,1,HELIUS_METADATA_BASELINE
EbskEJMvAkj2noPeXLVNZsrb3MWs43WMeA1h8S5zg11e,Arcane,4,HELIUS_METADATA_BASELINE
EbwMnwffDUVzZ6AMu42err1sfUEX3aie7WY6bWZ1p4YG,Bronze,1,HELIUS_METADATA_BASELINE
EbxyLBT7xYPZSpr9VnN7th5ZQ3Ddnnuf8BqJWYsVA8QD,Silver,2,HELIUS_METADATA_BASELINE
Ec8HZw3FopTFDgtPutuYxWgbFhKRYtVk6T2sSfyaAQ5f,Gold,3,HELIUS_METADATA_BASELINE
EcCdq8WtaM6Y43FhEdmCVwsoTXjrBicc1HZxy62sgMtQ,Bronze,1,HELIUS_METADATA_BASELINE
EcYpxrcEe5CLVLWNjhYeaSx4cNCQLVJfd629DiSzcn63,Silver,2,HELIUS_METADATA_BASELINE
EcaYCh3rTzQPUswzN1pec5xfLVzjCjeD8DH4b8e1iJHh,Bronze,1,HELIUS_METADATA_BASELINE
EciHyFgihynFy4CcmrREEcrGCinWt5cWUGhjorXD5Qtr,Bronze,1,HELIUS_METADATA_BASELINE
EcvQKkyeQ9QycRKVNcAJsWR9FMgne8T3hKZ439hA1PwT,Silver,2,HELIUS_METADATA_BASELINE
Ed2QtryfvruJkjqEBrASWZGSCgiqGMfpGMb4Wi8zz9rs,Bronze,1,HELIUS_METADATA_BASELINE
EdChcfcffmqUTXhXABV75ZSbB7ELqSqdDsTPZbo9PFo,Bronze,1,HELIUS_METADATA_BASELINE
EdCrYwpGZ7Mr9J6C3Ei2ZiLpvk5s76MEJ3NWz4itQowu,Silver,2,HELIUS_METADATA_BASELINE
EdELtF84aQYASsu7E3bbw3DYh9XzuyQRtxzJEHNUPpJL,Silver,2,HELIUS_METADATA_BASELINE
EdNe7WnCgyo5NLH1tb1qK1eCLRZ3apQkaZ5igHmrB8bf,Bronze,1,HELIUS_METADATA_BASELINE
EdTSNkE352nDBnywvjX5VrYLNVaozdZKtR1FiVBfo5GZ,Silver,2,HELIUS_METADATA_BASELINE
EdXYmLQadPzvSdZ78UjBm9hhS3483gRHi6WQxzcPwix4,Bronze,1,HELIUS_METADATA_BASELINE
Edh3nhjAFjYmsQ9JFFqQX5GHzziomcs3FrC9G4rrCtTV,Silver,2,HELIUS_METADATA_BASELINE
Edrm5g1LP7MjZfyxnrHcBinftBQbpysVTdSiYMPiVTwb,Bronze,1,HELIUS_METADATA_BASELINE
EdsLzYJn8LDmUDNMoikvi5BMZyaLFGeNaBMxbwksk81m,Silver,2,HELIUS_METADATA_BASELINE
EduwWFWYk5QGT5YNUUZkCMiwi5JPm9zgDEtsY1Txxent,Silver,2,HELIUS_METADATA_BASELINE
EdwjayWoNWkTp8DTFJmGsK8h3GKLPZ3ZJxbe4Ro4Tba9,Silver,2,HELIUS_METADATA_BASELINE
EdyjxYhRfyHnkzEGqXEDcgQ9HLECpFE8ksM5ubx5e95L,Silver,2,HELIUS_METADATA_BASELINE
Ee1QZmUkedLJhdxe2CPkWcQmqzswPC84unTEuh1MPKJ4,Silver,2,HELIUS_METADATA_BASELINE
Ee4PmD9ZFM86QAiqvhyuQNjmTCXwQjKBdHLLRhJderSG,Silver,2,HELIUS_METADATA_BASELINE
Ee4VdwggzT3XMGw4aBUYYjK7PvfqkWbP4EHT4RS7VzAt,Bronze,1,HELIUS_METADATA_BASELINE
Ee4auAeLirSkuKfA6K65Rja7nNPo6wK6k8B772FQE3HG,Silver,2,HELIUS_METADATA_BASELINE
Ee5tRXLAoPQw8kPSZyjFtCaZK9GwM8NBUgY6GJmBMKj8,Bronze,1,HELIUS_METADATA_BASELINE
Ee91XVFqENXzSNoyBQzS1HWV7UjetvBFw66Ufh2pUcFb,Gold,3,HELIUS_METADATA_BASELINE
EeGwjyzswk95hSPvJpvXcWVCVgWi3L2h4RsNubpHddKE,Bronze,1,HELIUS_METADATA_BASELINE
EeK6DCL1bF3oYXUmqTKXHDpDwgGmwrd6RrHtoi8EbVWv,Gold,3,HELIUS_METADATA_BASELINE
EeMPv6Ey5sKbYC5h6ayeRxPCTteKepj4gC5rFhGUN5Nt,Bronze,1,HELIUS_METADATA_BASELINE
EeQp1eLxC5a8CSk9Tt8LFMcknvphN7SVcR4qHTQWngrD,Silver,2,HELIUS_METADATA_BASELINE
EeecbdMEDkwV7GmAM6KzfBxEQLzDMRtLP9Y4vjccPfuR,Arcane,4,HELIUS_METADATA_BASELINE
EeiNSvq4fs4USf2eQoBvJNzqkAdKX2zv54oqT2NUsM8j,Arcane,4,HELIUS_METADATA_BASELINE
EevhVXxHNq7Ktszohy8oeddTJaCZF1Xqt9WVuuivJ3Ed,Silver,2,HELIUS_METADATA_BASELINE
Ef9zJgQrwrb3hwMRwDa77PXpyBxmfuWfgD4LeigFKwAy,Bronze,1,HELIUS_METADATA_BASELINE
EfR7T11QxPeVU1JGhbExDFzfNgxbHxA5PnJdqxu3MgFW,Bronze,1,HELIUS_METADATA_BASELINE
EfUTBwv1LqBzcQqrM17zvYcij15zybRxcHsUw2cbL4CF,Silver,2,HELIUS_METADATA_BASELINE
EfV8bfJDC8akVgPF86DhYDo1XeoM3SwZqRzpzXMh4kM4,Bronze,1,HELIUS_METADATA_BASELINE
EfkxUffcJ56spp7Fn1ZkKbGvm6BMEUr1zXmbvTzCN3JA,Silver,2,HELIUS_METADATA_BASELINE
EfpX1yhNXfBjgUN2M2H4LATvHy33KdHL2sWfTvyi2uKH,Bronze,1,HELIUS_METADATA_BASELINE
EfvHdmNr2wFQofMJ9TFA9bbe2tvSxNC4quX19oSZzk8Q,Silver,2,HELIUS_METADATA_BASELINE
EfyDrriBJywMymfwx7AjaGgGLAD9FKRe6ZXsWppBMWiL,Bronze,1,HELIUS_METADATA_BASELINE
Eg27WcMvrTC4vNXf4z1v8t3RKaBNjBdBGGYBTRpKUzzY,Silver,2,HELIUS_METADATA_BASELINE
EgBTLfxZjxn6ZanfhKmmTH6qZaWfAcX8FabjR2hQiz7x,Silver,2,HELIUS_METADATA_BASELINE
EgCfbWPe6K14kSMw8nvUJ3ouGdToj5DULBjEZw1aEasK,Silver,2,HELIUS_METADATA_BASELINE
EgGNxSKMdsEMvG8CRMpszcSRz6vVba2kJn7UWHYN3Y5q,Arcane,4,HELIUS_METADATA_BASELINE
EghVhiUtpsMqaAp9FpBSf3Xc8Wdu7sZhX6PSNTM5RG8z,Elven,5,HELIUS_METADATA_BASELINE
Egj1BvUHZndRKFu9zGD198aanfsvnG3K6JGvUGuCNKvC,Gold,3,HELIUS_METADATA_BASELINE
Egs2brHXsipuFdGHdFfa2HNviSb3kYRERMvUB4RLkijf,Silver,2,HELIUS_METADATA_BASELINE
EgtVYWBkgCdEA9KB6PbVqCSoHYr5oU13eMVXMwxrGHWf,Silver,2,HELIUS_METADATA_BASELINE
Eh31pyUDL3sLLeEHGm2gVE9ojbSJSFn7iyMpjMeEJbyF,Bronze,1,HELIUS_METADATA_BASELINE
EhDZfKSfsvgsF5o7DUUNoKhodnwNZzTkigWarDAsksVt,Silver,2,HELIUS_METADATA_BASELINE
EhEAfw2VKwKLEc7qaw9b55iSPoC2WS4wUYZYSd6qQrL1,Bronze,1,HELIUS_METADATA_BASELINE
EhLwUn9ZCcjiC1rZ3NgB1H5zBGqSedA56sV6Vb8VT4yg,Arcane,4,HELIUS_METADATA_BASELINE
EhRqb9NNHYZwaQ9sFLqanRB2BEVV2Qyon7Rd7vFm3uud,Gold,3,HELIUS_METADATA_BASELINE
EhYh9ZtLPmWVfPEmfWh1Dt4i485HQRwwvTRpGKXgxeds,Silver,2,HELIUS_METADATA_BASELINE
Ehkmnks7XADMdJrb4TzXxnqwyVbzDpwSrY5VCH9vbwV5,Bronze,1,HELIUS_METADATA_BASELINE
EhqL5BjajBjq2YETzVjdd7yojeuNX5YU8bXb2XVsD4P8,Bronze,1,HELIUS_METADATA_BASELINE
EhuJzVJJJxbHqCx2XUW7Hrx25hejTDX6LdNFfYWKtzSy,Gold,3,HELIUS_METADATA_BASELINE
EhzUMCafk2ZaGbVijyowDUXAxMKNxA2HAXXS2fjdD1Uc,Gold,3,HELIUS_METADATA_BASELINE
Ehzh5qQ3ofS52Yf9XESmydpzBJSsAJcaFHvatpp4KQJy,Elven,5,HELIUS_METADATA_BASELINE
Ei7t7w49wPBM9H7CevJnkgXGo8b7oKBt821VKoJZZBez,Bronze,1,HELIUS_METADATA_BASELINE
EiLe8SVceAA9Qhr5Ldd5NnQcM4WZ8FwrzXnJnZ2TxcpR,Silver,2,HELIUS_METADATA_BASELINE
EiPFojbh21791PSS2DZLvFkMCAaVpTGBMf5uUPqFZSFB,Arcane,4,HELIUS_METADATA_BASELINE
EiPx6kkEouWs5DydLEcw4BnF5n5DuQuTgadVKQgboPoK,Bronze,1,HELIUS_METADATA_BASELINE
EiUSvjGiCWJXRaK2wuK3muy8o2M8ppq9586BRpwHqAcg,Bronze,1,HELIUS_METADATA_BASELINE
EiUUnU9pVAfsmBVKWY6pGHQQqJVQ1jCikd8jiFFEWWyu,Bronze,1,HELIUS_METADATA_BASELINE
EiazuMYM1KvvLJqKv6u9P4ruuroEWZryzJFKuqDhjMye,Bronze,1,HELIUS_METADATA_BASELINE
EibQUQjZeR1rVNq7msx3iyQtkmACwmEYKjQEzx9Ff7dq,Bronze,1,HELIUS_METADATA_BASELINE
EidyHWHGf2x43sCocq32iX6MiwQHsfd7Xf8NwBxKk8om,Silver,2,HELIUS_METADATA_BASELINE
EifDJ2u7dAvm5DKJXkk2mGmdQaczCSo7fx2UwYX82tW2,Gold,3,HELIUS_METADATA_BASELINE
EifRZjVgrHft98d1fwxfngD8Fzjfvmm6kMVFh8Bn58vw,Bronze,1,HELIUS_METADATA_BASELINE
Ej5bmqbR4F4afxDtAEmb45bsWCGPUWgAje3WTS6hoPMr,Bronze,1,HELIUS_METADATA_BASELINE
EjGrdUdr6ReJ1GX6SFZ4iU6TZs9jTBqhqRY1zBBsAcyy,Silver,2,HELIUS_METADATA_BASELINE
EjJhi3Nq2xiwu4466nkVsswCqHbM15yn3rSqjjjDcG3i,Silver,2,HELIUS_METADATA_BASELINE
EjKjKb7kfr2FckvG6v3q8dis8JZ7DpRcb9tGciy3Yj7s,Silver,2,HELIUS_METADATA_BASELINE
EjPyc64JBwPVrnR5pgZ2Bfhg9GwXPujq8ieqpaDYjnXL,Silver,2,HELIUS_METADATA_BASELINE
EjRVHX2EJmgjai7qEMfbxDWYFMrwTTfVhhjU4FtRNNqE,Arcane,4,HELIUS_METADATA_BASELINE
EjZ5fFawTzXjdEF1o7NpoguXFUij9Kwn7aL4yDPJS8dH,Bronze,1,HELIUS_METADATA_BASELINE
EjprD1nmAHAuXnesmcuENFxnqTqmLSYmV34cjk2GPfyR,Bronze,1,HELIUS_METADATA_BASELINE
EjrcX8Nrcb93K5rfzMMwftWUehok7C91xDrPcHUNbVep,Silver,2,HELIUS_METADATA_BASELINE
EjsYyuqbVCBjb2Ls69kqzPWWUJUKo1SqYeeymQALMDTe,Gold,3,HELIUS_METADATA_BASELINE
EkDD8Qfxut2MYwma1NmYGUsaTA6W5qz8WK7JeCT2Eiiz,Bronze,1,HELIUS_METADATA_BASELINE
EkEBb1KW493zbRVoCkpbnbQcr6pPw5VaAfdNvDNR7Tbe,Arcane,4,HELIUS_METADATA_BASELINE
EkEZwKrmTcE2s8DKscCw8zEA3iw4m2NVbYbAeVLomkmj,Silver,2,HELIUS_METADATA_BASELINE
EkExFpPxNCYyD3JdJZjBRjJhEG9LGCP2xLmR2TVgPY91,Bronze,1,HELIUS_METADATA_BASELINE
EkMQq7JjTwSbfew4wHPh6fBP3KtM4n8Ao9L495hBnLw,Bronze,1,HELIUS_METADATA_BASELINE
EkPfNr92sqVMucKbA7zaBurXVYh17PANPXC8nGvUy61r,Bronze,1,HELIUS_METADATA_BASELINE
EkZjRX6BfyHMnpGz4hET3X1i8PwhATuTvr4mFL8qL6gM,Bronze,1,HELIUS_METADATA_BASELINE
EkcE6rERwxgfXcSLcBNHmtvKcdWvuMG5jP1qGsMVvsTZ,Silver,2,HELIUS_METADATA_BASELINE
EkemtrjE6AWxaVYyrC7kCt4dukxnXrN5Qp5LNtxoug46,Arcane,4,HELIUS_METADATA_BASELINE
EmC1JZRjNjpKmeumCZtvUVPt2pWGkkFNhA7AQFDjhPr3,Gold,3,HELIUS_METADATA_BASELINE
EmDutnsAbCPpFAbMyGqAZNvSHs3761jSXvuDmcdZtFb8,Silver,2,HELIUS_METADATA_BASELINE
EmGGBMe7Jqgas4hr1pfJJ1XWSrukmMCUjeVkFi5TgVEY,Bronze,1,HELIUS_METADATA_BASELINE
EmGLSGJRf4X17oCqhTnXTZ2edBPHUs5rUEG1uR9oSg8,Gold,3,HELIUS_METADATA_BASELINE
EmLYXHaRZq2GXogJZVctJu7rNrFbWLxwEXdYVs9Nsgt,Bronze,1,HELIUS_METADATA_BASELINE
EmXzWPwrwqyiABJV3LK7iMVuyk1K9LPJE14A7QiFYFGr,Bronze,1,HELIUS_METADATA_BASELINE
EmivPp3K8qTW7GLTYox8WP3UYp2qkAdiVFya74VjfzXZ,Elven,5,HELIUS_METADATA_BASELINE
Emo4fBJLTNJgkaJmnH2AW7WxekF15H2RPgYgU9tS6fCZ,Bronze,1,HELIUS_METADATA_BASELINE
EmpsVRLybf3VJshAYehsV7hM9awFZ3ZvjYEzuMRBceab,Silver,2,HELIUS_METADATA_BASELINE
Emw7ij5Fc5VwNM4yt1gfGiSqX1SevbMBzUsje8m8NReR,Arcane,4,HELIUS_METADATA_BASELINE
EnH7R6ygY9gScaqucmPKrLNdpnr3Z37irRg9cV2YiFjB,Bronze,1,HELIUS_METADATA_BASELINE
EnLeAJ6yrMsbf8keLhfNySXM7xQSccrcXCrMFThTVGW4,Silver,2,HELIUS_METADATA_BASELINE
EnRuc4RFYfTh2KwHyYYB68S6zHZrn1AX8r4muKPAqxqu,Bronze,1,HELIUS_METADATA_BASELINE
EnVny2ZLwqFu6T8GBkU6qLfT8iMdydLyhfvxZSXdBXbW,Silver,2,HELIUS_METADATA_BASELINE
EnWMKAHEQBamRrbFzupsCcpRyuNdev4hYoqenC1ofWZ,Bronze,1,HELIUS_METADATA_BASELINE
EnYkAH8sCBRRMctMnXtkxVKSzT8ihUjXYf5zuFEG4ouX,Bronze,1,HELIUS_METADATA_BASELINE
EnaVdaVmjeLfxmoKG8fFY3YzMMaiBcGjqu2QmC47KBfj,Silver,2,HELIUS_METADATA_BASELINE
EniyVycvzubRBusc5m8WVLApkDCpWqWwTJy6QyMNEzmv,Gold,3,HELIUS_METADATA_BASELINE
Entoqnnuty2Csx8LpgTgeNuPTJpRWZK6oPWdFyByhasH,Bronze,1,HELIUS_METADATA_BASELINE
EnyZ9ZqsoZfc4eRrC5SFMQZsX2h6h3Sbjc3DJqDwHYVB,Bronze,1,HELIUS_METADATA_BASELINE
Eo8rGux51ahNqyEJkCiGwQQoX7qrTZ7Q2AGDVhCMKnvS,Arcane,4,HELIUS_METADATA_BASELINE
EoC1LwmmerTxRNC7jBsgmLJbi8R8jepPuu46ZgctM397,Bronze,1,HELIUS_METADATA_BASELINE
EoGzEdbSVsAKxkV9SHD4TFkngg33T5fPti1TVUbtqqKx,Bronze,1,HELIUS_METADATA_BASELINE
EoSKNENCcVcMXvY457j3HMCaeyjkcFjkjFpB4FfEAoKP,Elven,5,HELIUS_METADATA_BASELINE
EobH5Mzfhd4FuCsTHf5v28Pdr4kCbp9Pt8M8b8bLQ1BF,Elven,5,HELIUS_METADATA_BASELINE
EohicU8DP13ZyN4o4xsP43vED7QBpbcmpw98jaHooXQ4,Silver,2,HELIUS_METADATA_BASELINE
EomDy6T9NwzEDdsS1WEQubxbwnGGd5Aqw3ubBbmga8BT,Bronze,1,HELIUS_METADATA_BASELINE
Ep2TKQ7cYhw1JVVKEadEYvNmksP3WEAq2WdTTvNhezs1,Bronze,1,HELIUS_METADATA_BASELINE
EpDMvWx363E9R4Pm4zkL4mcuyRyMbTNCP5nabBcY8TUe,Bronze,1,HELIUS_METADATA_BASELINE
EpJh7apGSDeLd2hUkMGrrS4TvQvNEerRwH4h1iipPzUs,Bronze,1,HELIUS_METADATA_BASELINE
EpfQEmhUpcmDw9arwFj64QrNVy3ZbVcgCBo84injMn3U,Bronze,1,HELIUS_METADATA_BASELINE
EpfVQuoFfdjFYGBc7AVKaxvJguvQwXmzaHxwq4WEoZ4T,Silver,2,HELIUS_METADATA_BASELINE
EpkspgiVsLinyS1Kgp16YtQubwnPQexdMjcVw3mgy12,Silver,2,HELIUS_METADATA_BASELINE
Eq8KALJw5zodsC1ay4i52pRhRmp5XWMkhBGLcq2TnF9v,Arcane,4,HELIUS_METADATA_BASELINE
EqFprfr7SmNQx1wibAKcUkzZP4RWt64tSo9GFn6zqFEM,Elven,5,HELIUS_METADATA_BASELINE
EqSQZEH8wRxHuBsSVj2rKzU1Cc4hQ8xdQgqiLVDsGnRY,Bronze,1,HELIUS_METADATA_BASELINE
EqW7mFLux174WDiHdxWxeQBeBf7bpCTRe2Rmycfc8eRX,Bronze,1,HELIUS_METADATA_BASELINE
EqXRgoEZ5kQ1wXGycUwNYRFiPhLJBMuAournUKZnRiU7,Bronze,1,HELIUS_METADATA_BASELINE
EqZ2EVzKmQB94smaXqfBHNRKAjP34kfmwnNhoigKJgRa,Silver,2,HELIUS_METADATA_BASELINE
EqcxVqFFVR3AwpHTHHvNtHr7yMMUbvAvpiuHodPVQbhw,Bronze,1,HELIUS_METADATA_BASELINE
EqqWMeJcSvFDjkzod6N3k3UMcuPhYDtGVpUoibiE1uSS,Silver,2,HELIUS_METADATA_BASELINE
Er7z3Ne8wG3KRH7GqVPGG1T2XEoZLjqYiuT4JDacEab6,Bronze,1,HELIUS_METADATA_BASELINE
ErBwC4XyDdD8x6sts3Tzq3KD57ncS19KKzSRsUaRJJVo,Silver,2,HELIUS_METADATA_BASELINE
ErCUCj26F9KTeDt6CrKPDxf7QsWXcdL3AH5yA6dXudW1,Bronze,1,HELIUS_METADATA_BASELINE
ErFNDc4vsBmkHhQU5ZxS9pksH1TbgL1D8i7H1r9XuZxL,Silver,2,HELIUS_METADATA_BASELINE
ErL8tPW9XPJWGJ3MX9SUqoRLcYHTtDtvYwQYp8E2jbaM,Elven,5,HELIUS_METADATA_BASELINE
ErQMTYVRA2VsXREwBYaAR768GqMtVkRbmDSX3q7rG5ah,Gold,3,HELIUS_METADATA_BASELINE
ErcNRUxNCQhkMGFkryztppVU6hvwb8oa9BdQgJxkeixm,Silver,2,HELIUS_METADATA_BASELINE
ErmotqNJxtarwcNSfcQhoWg9ewv6rG9L4q3Fd64nw48u,Silver,2,HELIUS_METADATA_BASELINE
ErokmhkBBQVZzNWrjDiamarGH2oCjPYZCEE9UgrA8qMK,Bronze,1,HELIUS_METADATA_BASELINE
Ertb9LL485PLL5BHk84DUKzkPPnJumZnShoT3K7pdMAF,Bronze,1,HELIUS_METADATA_BASELINE
Es8TSGNWrwhAmC7vhLqsBphSD8cvM7zoZDJX17gKizDQ,Silver,2,HELIUS_METADATA_BASELINE
EsCjx9Jf4zQebpJAsPFYdjferMsshBkFcQBA7CRP1ahc,Silver,2,HELIUS_METADATA_BASELINE
EsP2ALviMRcP6aME1gmgPCm7LgDmHbVSBpqne5PBKBDP,Silver,2,HELIUS_METADATA_BASELINE
EsTVmaibFgmYf5AYps1MNiRmWnat68Lt9rwdtgYfGXkG,Gold,3,HELIUS_METADATA_BASELINE
EsY8t3gY8mMasSZbViuxBGfUwEJvu88CbRA4FCXbvz29,Bronze,1,HELIUS_METADATA_BASELINE
Esbe5wAZfg5DYJbzPtKLbgu6TPCJzbo6S92iYAkKY9ji,Bronze,1,HELIUS_METADATA_BASELINE
EsinbfL4Nj6aXW5czUo6mcu4E2Uk3mSXLRF2tJbVtK5h,Silver,2,HELIUS_METADATA_BASELINE
Esj4GkCnVPgnaJdZqxTKvsfzUxNvXZmCaFVqgmrGgJaf,Arcane,4,HELIUS_METADATA_BASELINE
EsjghLDX1sFPN1YLwLDbnuB4yDpmZc37SY5y5tiNw7DY,Bronze,1,HELIUS_METADATA_BASELINE
Esv9waBxXpXFGrE7RVBU1qaiJrSTDTi4U7iewqUtyVgf,Arcane,4,HELIUS_METADATA_BASELINE
Esxpvm7Z6FQ8psmAhsfaWsiAWEDyW1qPUizPuAWeU46y,Silver,2,HELIUS_METADATA_BASELINE
Esxs3gb6twBG1R5BG7jw8qqZQ1r9o8DsrWsm255Rib5b,Arcane,4,HELIUS_METADATA_BASELINE
Et2tYq8mBjuzqfzNLp7MC2zFKAPkJR8AheSahSR9DMne,Silver,2,HELIUS_METADATA_BASELINE
Et97JUh1BcQeERPXZmz1BUJLBZYDrA5jzbjAA7PRYzdi,Bronze,1,HELIUS_METADATA_BASELINE
EtB23YDdSU5MA2mXcTVYU6TpgoUEqHR8puAE76AdQZNz,Silver,2,HELIUS_METADATA_BASELINE
EtBA1r8aZvr5c8LVhC23gD8c1ELb24jg4mqeYLWTJDCS,Elven,5,HELIUS_METADATA_BASELINE
EtDGe9vMYbLk77VuXwgSuHT2BhNuTa3pQ6bQEsMurQGG,Silver,2,HELIUS_METADATA_BASELINE
EtFRgJKt8p6oDf8Q5L3hNjxWNd3HrU4tgB2yXBUnVTA9,Bronze,1,HELIUS_METADATA_BASELINE
EtFnPoHRnKKZd82cjuVNNZJM9m9joezEo5Aa7cM6882m,Arcane,4,HELIUS_METADATA_BASELINE
EtSK6aH2n74sVjKgVA7viL5yvTP3cSFoenbSf2tUceoc,Gold,3,HELIUS_METADATA_BASELINE
EtWX9Zsc6P7geAx8AJQBxQ5N1JCRvDG4fFfx2MWuUSbB,Gold,3,HELIUS_METADATA_BASELINE
EtdPEjvqG7G4PJ1eHrPZyakVWPm5PskpKyXyd5oBQxEa,Silver,2,HELIUS_METADATA_BASELINE
EtqzYdkcSi6o8ozKs4HkfnyjKzeVB2kWKmyKFSQbjk7i,Silver,2,HELIUS_METADATA_BASELINE
Etr7ssCULzZoxcUDJhBHeNWYMtfexvTvW9VuKrfMAExN,Silver,2,HELIUS_METADATA_BASELINE
Ett2aSrPryLELvHKNH9pqPtVMyt1zMpdyq3S3MaenQMq,Silver,2,HELIUS_METADATA_BASELINE
EtvAKtroMDMdycEwzKqBEMUMB9Q7sbvHdwAH8e566R5z,Bronze,1,HELIUS_METADATA_BASELINE
EtxaZeVdCLJHjdaq7yeE4kWH9FaJqzV5JCWJiXqXh2YP,Silver,2,HELIUS_METADATA_BASELINE
Eu3wL9CPFpL3eJ8xyMfKT5CkKSRf9hMSGiGLdEcLihNR,Bronze,1,HELIUS_METADATA_BASELINE
EuHeRzJAcLAZNvwQ4oH27jx3QyK5WJvhbVXfgsZqbsXK,Gold,3,HELIUS_METADATA_BASELINE
EuTu4HjJWP1sCTBiTTgVzQfMdwbAooFG2UagkCGpWr58,Silver,2,HELIUS_METADATA_BASELINE
EubJD8MJBbGeWZawEXCopiaju6aA9NzP4np9z6JUkyni,Bronze,1,HELIUS_METADATA_BASELINE
Eucib33gH7RmT16JtJQC3zcu88CXZqdN9CU68FLuqJui,Silver,2,HELIUS_METADATA_BASELINE
EuifVLx1GSdzwyGz8wwPwJbr3k8bvqJ7YQrCGzhDx5H9,Bronze,1,HELIUS_METADATA_BASELINE
EuswLpnr696ypyDHXA4dJWRRBuL3tZ6m1MpbmonVrc4S,Silver,2,HELIUS_METADATA_BASELINE
EuuVqGzA2qrNpoGii7qAYfACyqaU9e5EFrk6DxTyvjdS,Bronze,1,HELIUS_METADATA_BASELINE
EuwSi5tjBieMi8GTv3tTrQ4CwjqBytfPPhKTbLP5orGZ,Silver,2,HELIUS_METADATA_BASELINE
Eux1qSgS3X4v2qEncLPfaTMVz1ch5Q8EsfcFKWjyyosk,Bronze,1,HELIUS_METADATA_BASELINE
Ev1m1LMUn8fWPz17QVB16sqtQxYhujSSUTo325zCePS1,Silver,2,HELIUS_METADATA_BASELINE
Ev3aar5KqRTT7yd3sJWLfwZwcsTge54vbWHc8zJxsd2q,Arcane,4,HELIUS_METADATA_BASELINE
Ev4uheVdVdTQzswhASFpRuMZfgBScNo4szb6tUjPdYt1,Bronze,1,HELIUS_METADATA_BASELINE
Ev5DqXoG2MK6zwbS3QXrVVmKrbMgCxTrWx2zKtfG6iAB,Gold,3,HELIUS_METADATA_BASELINE
Ev64J2zV4uN1zH3D2wXajzxwMQXKEQHWcE6jKdBCnPoC,Bronze,1,HELIUS_METADATA_BASELINE
EvH2fXYxb8zHczigktLyY7vitHGyF1yzWDBMJcP58op2,Silver,2,HELIUS_METADATA_BASELINE
EvH5ZQpGjqkLzoKY6jid9H4ZagWvBH38YcJKYXMShnsQ,Bronze,1,HELIUS_METADATA_BASELINE
EvHgpNpbFy6CKYPmz4h8y5SqG6QeYz7yJvJZ8w41jWcQ,Silver,2,HELIUS_METADATA_BASELINE
EvZLZdSVLDxCXqAjiJpEyfeQwLzD9dQG2x63VGC6b4Tz,Silver,2,HELIUS_METADATA_BASELINE
Evdy3cRzh5Bvk1jPTrDZdyCrWHLxqkKyJW6f24qZeQj4,Bronze,1,HELIUS_METADATA_BASELINE
EvjR33aWWewDS21SLGXGZobaageyQrumgRY3huLKGPVE,Arcane,4,HELIUS_METADATA_BASELINE
EvrT7hb7ZWaCkXVPDBhL9FLNjM2KjY9fFtCaUogG9iXA,Gold,3,HELIUS_METADATA_BASELINE
Ew1aKg5fWFPfqr2D2XXCZwNEkeFM7BDJHhyDX69p799E,Bronze,1,HELIUS_METADATA_BASELINE
Ew25KidFxTuGa7fR9cFNQcwWBJfwfwjiCFzJiANiRoFq,Silver,2,HELIUS_METADATA_BASELINE
Ew3gEiTV7BnvKSSBXkupiveKZSDaExe96Ki77QS9Q6pe,Bronze,1,HELIUS_METADATA_BASELINE
Ew47nLUYfLtrhfbJtfV2eoA6E4fU78KDNkM2iSatyeAo,Silver,2,HELIUS_METADATA_BASELINE
EwDgVNDKRNUfZ3qqcHHLxp3NYTBLwZyddo7k1oWCPn7U,Silver,2,HELIUS_METADATA_BASELINE
EwDn6DWUwExj822FBY8casWhZTvFjqs3KKxB4NDtWFrg,Silver,2,HELIUS_METADATA_BASELINE
EwEAtW5tMZ6tsAxYB1y5VZGwKkqqNQxBt1i1ZEsh3R6j,Bronze,1,HELIUS_METADATA_BASELINE
EwFwNTEpY3zVnH8kG8jiqGTSjw6gfhmD6GAqb9hs8VP3,Gold,3,HELIUS_METADATA_BASELINE
EwKEifBdyc3MUsKdehM1Nb6aR3wkGKwaCZk7AknVHTzi,Bronze,1,HELIUS_METADATA_BASELINE
EwKh6DsGJ1rRCvmoZAh1w6WC7CadXCzuLCTk4Pbymmn8,Silver,2,HELIUS_METADATA_BASELINE
EwLHbmoFeRVpaKy9LYAaB3BDPpvRGxfbTpsY82dAfyef,Gold,3,HELIUS_METADATA_BASELINE
EwRCdGVaqcmX9gt9KYqWhLCiEMQHscTvEVume4kUXh66,Silver,2,HELIUS_METADATA_BASELINE
EwaqSR2dmmphrwLxQwoPCSjTWXnXW3ygXGzVGY1dTBZd,Bronze,1,HELIUS_METADATA_BASELINE
EwdVb1kJKMz5r4QVkx4PhgNwq9n3c7gLBkNWSFj31Y8X,Bronze,1,HELIUS_METADATA_BASELINE
EweXz4w5h4khD1F1oSM3eWyKRFzHNzSFJiiFa2pKM4aZ,Bronze,1,HELIUS_METADATA_BASELINE
EwrANkcS3BQFWiFtbAQxC8sC3AjgtjcSLryuMy2Wh8rS,Gold,3,HELIUS_METADATA_BASELINE
EwrYq7197r29QcH6o8cawkHQCA441NfJSt8v9VJwteVq,Gold,3,HELIUS_METADATA_BASELINE
EwzSbNBWXcRpSM4p9VETdzFJvsiAchW539Wr3vNpeCao,Bronze,1,HELIUS_METADATA_BASELINE
Ex17CopEvPWAQAe8GPmAKriGuwwdaYGnNpYV6MaHrfzT,Silver,2,HELIUS_METADATA_BASELINE
Ex1qRXF6yxCDHMbKCzTmcAQkmbYTSzQyw8zNjiRmYvLY,Gold,3,HELIUS_METADATA_BASELINE
Ex6k9hrw3qs6y9vX1K3sJPrTRCmESro2HwP3fU6ap1Kv,Silver,2,HELIUS_METADATA_BASELINE
ExAZDWZ4mzf1tVQPdPLnZayFuF85pQtgQDh9Z5YJ61nw,Arcane,4,HELIUS_METADATA_BASELINE
ExDkdHuPLmTv425uFWTScV5EGmiEdEo9ei1eg9CEmtV8,Gold,3,HELIUS_METADATA_BASELINE
ExHvNEyZznMKrEcTGDmxZpQvBL2P5EoHUMzdjn6MTh7U,Silver,2,HELIUS_METADATA_BASELINE
ExMHXY8xayuWicS397Tt6cfcn78NHpojiD37pdEVzV2M,Bronze,1,HELIUS_METADATA_BASELINE
ExMmD89npkXEG5ksDz4jYcL9c4iN2VtkAwdbgcWtHh9f,Bronze,1,HELIUS_METADATA_BASELINE
ExWEDKv1Et6Uxzt1U8HNS4LuFouAzZawGNo73oP7uSCx,Silver,2,HELIUS_METADATA_BASELINE
Exfsq35V5MkyuCF87osLe37swe2frLcbFQbpTMD67B76,Arcane,4,HELIUS_METADATA_BASELINE
ExpdgCjsjJvFovy2wQ3Jq6PTTKp2Vqdsqqc1jN28eShA,Silver,2,HELIUS_METADATA_BASELINE
ExpjdfEQDgCMttRM1VEGphzASSitG9RBxNmAzzTk8JyK,Silver,2,HELIUS_METADATA_BASELINE
ExpmSTCGQgbbRNjbW52pZVz4smivt9KiJ76Y649t8s7z,Bronze,1,HELIUS_METADATA_BASELINE
ExtqKSp9aw74oV5vXtVxywg5HoQefAbgrXVPvDRmtbmB,Silver,2,HELIUS_METADATA_BASELINE
Exx97pcHZfxKS5RzvU3BQtTYfVZaPcrjDADMwmfDTyvp,Silver,2,HELIUS_METADATA_BASELINE
EyHkWZPhoGghit22kWssdKhVgb5EbebJVz2FH7eg89Xj,Silver,2,HELIUS_METADATA_BASELINE
EyLTLedNgC1jE8uJYJnSts1hFDDh76CQmCE3KpLue4j9,Silver,2,HELIUS_METADATA_BASELINE
EyN8jRw2u73mmfFrsV1zcqExtaqZC8NX8u9Eb65Ugd5a,Bronze,1,HELIUS_METADATA_BASELINE
EyS5drzPWXcAsn2XNjNBa71GwfCUNQS5Qk6VKK1FbSNm,Bronze,1,HELIUS_METADATA_BASELINE
EyUnTDebNcYrTXxuizLgVqku6ZFzwXwoX3u6484qGKGK,Gold,3,HELIUS_METADATA_BASELINE
EybNiRQhJmFu8VKYv7gE8iWonCurEzn7Ad7NcfiEtyXT,Bronze,1,HELIUS_METADATA_BASELINE
EydYEn7KYfjUXHnwJVd9haKhC89Yx43AoEnt2MaJU6D3,Silver,2,HELIUS_METADATA_BASELINE
Eye9RCFpKicYqg5Dtvwu81qUyLLmT4LJNWBmYWWYRGK9,Gold,3,HELIUS_METADATA_BASELINE
EyjLa8UXcnpwAMgvCmJLcgueiaSFzb2Z1jVPbshcNqRX,Silver,2,HELIUS_METADATA_BASELINE
EyrTF9FGHN6QGfDYeganRNc8T6gN9Bto1BdrcFLZrfXZ,Bronze,1,HELIUS_METADATA_BASELINE
EywJ6MEtVaQeGnzTtxydB5USHcFmBjoGPNjjFekvfBge,Gold,3,HELIUS_METADATA_BASELINE
EyysWyB3ikAmTAmyZJPuaBRPyjse7GvJAsFz11mdcgBu,Arcane,4,HELIUS_METADATA_BASELINE
Ez9VsmyApUEnHYTvpbTJnRpceWDLQsHQYaPF4CHfUnRG,Silver,2,HELIUS_METADATA_BASELINE
EzJZniEN5KG6vsCyBZajCJ9rGoB1pgoJoF2XiFdimyiC,Silver,2,HELIUS_METADATA_BASELINE
EzTcK4KC8BH46kEeEn9W4sav6LmSPzuEWVernw9gTkKq,Elven,5,HELIUS_METADATA_BASELINE
EzaBZhC5xbG8ui8sAXKcKzg6T7aKqA5rM9mizck3ABc8,Silver,2,HELIUS_METADATA_BASELINE
Ezifk7ZmteAEemfA6A4D1UKomDHXk3dCjeCdwDJRAeMY,Bronze,1,HELIUS_METADATA_BASELINE
EzjQ8dtVJiUkJwcsobNCgK1BjDMfeGXuVnKWPQyGtJFC,Gold,3,HELIUS_METADATA_BASELINE
EzoPjSaaCFwhcF3q7snhBaF4hJ7bMcgK6fhLU1h3GMKn,Bronze,1,HELIUS_METADATA_BASELINE
EzohS9cCPv7rGxx7LEf7pTSpkyBqbsgyDrY1fr3kyVPD,Silver,2,HELIUS_METADATA_BASELINE
EzpxwyJuyZ9KxZrcS2EXx7kes7pGECKLfH3CAmPyWwpj,Bronze,1,HELIUS_METADATA_BASELINE
F1AN2BBzzyi2wQu3rqdZPNH2SAQgLU2M3L61nSAqPotK,Bronze,1,HELIUS_METADATA_BASELINE
F1An9zcHch76d7mRa5PGnNn81vAhAd5zwAffEAZ1YYC2,Bronze,1,HELIUS_METADATA_BASELINE
F1Nod5CCUiU6aJYaap138uCB4wJBUgDLgpdVgQcBWFmW,Bronze,1,HELIUS_METADATA_BASELINE
F1ZpUS2ATo3cWHY6vvnfjncNYpNU38LXCxzMY8ar3xjg,Bronze,1,HELIUS_METADATA_BASELINE
F1gbEma9kuKFpfSLmJuiq33AFyGrcVF95kQBcHzfCT3n,Bronze,1,HELIUS_METADATA_BASELINE
F1ov4ke4n597bjkC5HfPavbXQWdD8SFg5wWz1HiAXceh,Gold,3,HELIUS_METADATA_BASELINE
F1qnHduQhv7UgzStxbHd7qh7L8CM1RVUq3aBeruaqC75,Bronze,1,HELIUS_METADATA_BASELINE
F1sF4z44eq9kczvoEpiCD9Ps7s9iHGn6z4YmL2DdBqh1,Gold,3,HELIUS_METADATA_BASELINE
F21BJ57XBonabiYr2KSAunM7HcSMXLZaXFLXsiEvvUTE,Bronze,1,HELIUS_METADATA_BASELINE
F2334HrboeYM2kN51Pbw5qedbeDEScgzMcwaAYq2u5Qd,Bronze,1,HELIUS_METADATA_BASELINE
F24EWyapqDpfEkT8tVzJUJa9rWb2nMHdqr3Rf3sYHbcx,Gold,3,HELIUS_METADATA_BASELINE
F2Jbed5fdWcNPAYBogXY7yoqDWmd4UXvvCW3boCdT26N,Arcane,4,HELIUS_METADATA_BASELINE
F2gcBmEqoh7r3aJXXvTm8LzwzPR4ZZ9Eg7Fawdrrs6bM,Bronze,1,HELIUS_METADATA_BASELINE
F2hMuufZnMoGvUfQbVmC7eFjHa21cznunkcGzf4hn1Jr,Gold,3,HELIUS_METADATA_BASELINE
F2xL2dJPBoB9bMb59NKswGcyn3hyotUKyAXmxTQ5vicf,Bronze,1,HELIUS_METADATA_BASELINE
F3LtQrB8r2MmctuXZAmVUTEmF5Gv1pFmpQPK62n7EQT2,Silver,2,HELIUS_METADATA_BASELINE
F3ShY2iYv3me9nY7EemJdNYD5bpXYMgEEwFCWigJTaXn,Arcane,4,HELIUS_METADATA_BASELINE
F3efmJmBWGDqnnAABRCN1bmcGyi8XdNxCN7Q99Qf2jmN,Gold,3,HELIUS_METADATA_BASELINE
F3hhTKXpFTToH3ab8dXjJYJ8vNiWJnpvNKHDutLZwgeB,Silver,2,HELIUS_METADATA_BASELINE
F3iKoh6twwvAsg3pi3LTQTghEcGqN6rnChGed12gG3SW,Arcane,4,HELIUS_METADATA_BASELINE
F3miUcXbTv5q15qYtJV4Qq7BPzkjjReDRXSJ1wFJzERu,Bronze,1,HELIUS_METADATA_BASELINE
F3pweG4TQANhSgd2VpVCzpC69F59sRitojnr9Y5BUSxq,Bronze,1,HELIUS_METADATA_BASELINE
F3vYnVr99KPN1TW3pNkg9F4Wx2xHHtrGqHWXbJ9LxFh7,Bronze,1,HELIUS_METADATA_BASELINE
F43WwdreqUzurH1EBWH3fkcXMZbWQPGcGSdjGTzeDA7E,Silver,2,HELIUS_METADATA_BASELINE
F44pwovLSTEvViseDNqRVNz4SVHnUxfQPnqD4vmbc8fo,Silver,2,HELIUS_METADATA_BASELINE
F46HpRzHmSPj4ch33kpxXCEAkSqX7e8ozG2yyiFR5jRg,Gold,3,HELIUS_METADATA_BASELINE
F4BZeReUp6ndcCgJ2of3PoB23RxGbjqtthTmR6NCTiew,Bronze,1,HELIUS_METADATA_BASELINE
F4CVbS3M4GQ1X6cqfFPB1cFqPzXyZ74C4sxwEMkoWTZE,Silver,2,HELIUS_METADATA_BASELINE
F4Dh7EYnqN8pNfQQfW5dY8Bsm77S2TjQmnVXHrun3Sk6,Bronze,1,HELIUS_METADATA_BASELINE
F4PvSsXYqprZgtvR9Fp2E3my1VG1yQzFZYssfraWARGD,Gold,3,HELIUS_METADATA_BASELINE
F4Ry1ZaJZLB339LfVVm7uHHfgDSCLCYq6tcrXWqBpqt1,Bronze,1,HELIUS_METADATA_BASELINE
F4YBGSja4TFbfuKFX3vQ9YMWxVZnEQcJofa3ejkr3Hqg,Silver,2,HELIUS_METADATA_BASELINE
F4ZSqYVu1adRwTNnzPQmScfPtPZHc6VNbejrEFc6MHRo,Elven,5,HELIUS_METADATA_BASELINE
F4air7AoB3H4gUaMg1AB54iQ5Pnk9J15dQmuSXrm2r4w,Bronze,1,HELIUS_METADATA_BASELINE
F4bbb4hgyH13KmRJHgJY9ZeXXvT9sYrW9RiJ4emHJNZC,Silver,2,HELIUS_METADATA_BASELINE
F4kxGAbTdZP2xjHusE5W5YG9Ccn18Y6Q58AomQK98xEB,Silver,2,HELIUS_METADATA_BASELINE
F4oGSAjLp1hfrtyV8DW8m51TMTz1wkKc3eB2JE3iW1dN,Bronze,1,HELIUS_METADATA_BASELINE
F4oKQpS3Q61CKdFyPVz87sY5g8byGg3PTZcaUbPBkAoy,Gold,3,HELIUS_METADATA_BASELINE
F4p3yLsap5DuX8ChhvQCbiYvFJLe1XdKveBzHSecQKWa,Bronze,1,HELIUS_METADATA_BASELINE
F5FoVcbE9CeWpNC6A8RtmySS2qApJrjrtLoWHNbDYiF,Gold,3,HELIUS_METADATA_BASELINE
F5JxdJdHw7mZkDPYvNEWU5iNUtru2s8B7uPR3xYyFYMU,Bronze,1,HELIUS_METADATA_BASELINE
F5Uc4qYSrFvPurZuJuXxCYEd6VgovFMd6anycVf3MxXo,Bronze,1,HELIUS_METADATA_BASELINE
F5fStTdz2T26oj758Je43MXLgupHrDAgTo9J7rQGNb8Z,Silver,2,HELIUS_METADATA_BASELINE
F63Ux5ihZarxUbxuSSKdKi64VuueeZfWizsLTtxS1wRX,Bronze,1,HELIUS_METADATA_BASELINE
F63XoCmTtmuRYTfQM8tDBSnRiYjuCRV2r4j94UD7dsT9,Bronze,1,HELIUS_METADATA_BASELINE
F6AzKNipPyz9b3Zqs24TsmPTVRy1HrtSFa2sRu5BreG1,Gold,3,HELIUS_METADATA_BASELINE
F6N3pcgRoXDn5wBQ2Yw8AcJptYYRW9VRPzBJ8YRWCC7g,Bronze,1,HELIUS_METADATA_BASELINE
F6UzMQx6pdHCL3mHVE8m5QJBNkZ8sT1JakjnCqRQBbPR,Silver,2,HELIUS_METADATA_BASELINE
F75fgUKrERakY1vR6vE1a5CAt1wJECCMHcYWiNbTqMCB,Gold,3,HELIUS_METADATA_BASELINE
F76jZuv1LHJcxsRHwubL5dQ2JdWDPvFVUTs3fmqiBNaT,Silver,2,HELIUS_METADATA_BASELINE
F7CkttY4SbytXRh87Bp147YNTWR6GabE3tXaB39AYePh,Bronze,1,HELIUS_METADATA_BASELINE
F7J1fH9jL4P5ExY4PPd3mv9AnjMh52PAJ9gghrwafaNC,Silver,2,HELIUS_METADATA_BASELINE
F7RNBHGUA79nqByB2qz9ZSwoMLBwr6fEGwh2t2WxFnhV,Silver,2,HELIUS_METADATA_BASELINE
F7UneAJJkvVPn67ck2x9a7aMkujd1JNT57kkAQWKmHTM,Gold,3,HELIUS_METADATA_BASELINE
F7VKMxDVzu4fkSB7KQCmxuYUb9WF5SS3TyfGgNFSE6Gx,Silver,2,HELIUS_METADATA_BASELINE
F7WrgzWkRa2f3pJ7Dj5yk3NmUvjtthrdB54hKKagWeHX,Bronze,1,HELIUS_METADATA_BASELINE
F7Y2PDLV4QvN9D6JUgTN2yWwB2PYKmAs2LKfPQKisk1F,Silver,2,HELIUS_METADATA_BASELINE
F7ddTxi38mpZsubUQsD8zmWVgcHPBAkscgXuqr7L6sGK,Bronze,1,HELIUS_METADATA_BASELINE
F7nhaMc1XoRhTEi9yEwniuTpjdwmmL9rM695bCRz4rCC,Gold,3,HELIUS_METADATA_BASELINE
F7pUuz6kKCQZnWdYBqWvcseHUjin9M1MRvncQYnNRsx7,Bronze,1,HELIUS_METADATA_BASELINE
F7u4zQPssEXfhcKiwN96P1B29Utyj8c73hrTec3o7uGy,Arcane,4,HELIUS_METADATA_BASELINE
F7yj5AxHAv3UGrv6phLdaxgfpWTxa77aSM5RH1oYmAqZ,Bronze,1,HELIUS_METADATA_BASELINE
F836g7nmH4ZKh8Pu8tNBJ8DrN6nnKAtNmoQzEoeTNBnS,Gold,3,HELIUS_METADATA_BASELINE
F8Hix9mxobWhCUKczeYTS9HtX5pmqrqyTJuG1Ru7WhJF,Bronze,1,HELIUS_METADATA_BASELINE
F8fj1bSyBLxczrqGjw7hTbujDmNR6CbtbUpN5aqsJsw1,Gold,3,HELIUS_METADATA_BASELINE
F8htxjaGNS8pfB6GxP6JYJYALCEdxhH8BWwr6EJu7mLv,Bronze,1,HELIUS_METADATA_BASELINE
F8pMk9pLRkZ4XQVfdjUGyp67a8XmBGR38GzT59uXT5Yd,Gold,3,HELIUS_METADATA_BASELINE
F8qRgQDUcpBh3ia3nqzMA6S8gJC2zNjD6iTGfmoB5rh9,Gold,3,HELIUS_METADATA_BASELINE
F8v6oihGuiAmmwLYQc57niQRqwf8ARc5BQ93TjXEbNs5,Silver,2,HELIUS_METADATA_BASELINE
F8wmwU2a9FBsuFEAjWScENd3jY47er4Yrix8yKREmWT7,Bronze,1,HELIUS_METADATA_BASELINE
F8z8PSwHJprEMQwDQF3SquWZtEQ2bAYy6n6qtHX9h9fJ,Gold,3,HELIUS_METADATA_BASELINE
F97dP9k7KLU6PmUhXoDfTMsSZvFFc28YHUUa1fpNScnR,Silver,2,HELIUS_METADATA_BASELINE
F9C2GHmyXRo7pGEWNzrqECsfuNW29UDwiBF23M7SqKS1,Bronze,1,HELIUS_METADATA_BASELINE
F9MxmAet9Sik3saaUrEgUCLbryCdrixoSGNipDnaRHaK,Bronze,1,HELIUS_METADATA_BASELINE
F9RR1iYTcrXefRmSSJAorX6a212EtATDhhBhXkvE11p,Bronze,1,HELIUS_METADATA_BASELINE
F9X2JYjvQ6Le52XrG62QHnQQbKP7W4aec4kBT14Yzx17,Bronze,1,HELIUS_METADATA_BASELINE
F9XgMwRsbJexJd8vPnEfAw3bgRCKPXjYivBH7RTCv27H,Silver,2,HELIUS_METADATA_BASELINE
F9iBKuKkwmh3rhuNFmPSJrNZSwe85JAv3zmysSihyVn6,Gold,3,HELIUS_METADATA_BASELINE
F9tUjFqefi1zREJnpMe9qKg6CELbEcJiArYKajqFhiiX,Bronze,1,HELIUS_METADATA_BASELINE
F9tdCuubJinyK5obLPfyQro5yKLcMyca2esP7ctC1uL9,Elven,5,HELIUS_METADATA_BASELINE
F9vgSfewS21nEXg5YC6r11hrHiGXX222cDwRpcWbC62i,Silver,2,HELIUS_METADATA_BASELINE
F9wRdG3wLV8nZeWZiQRaHiyzzLNjg9mqzQEgnKNWokzW,Silver,2,HELIUS_METADATA_BASELINE
FA6Ed24FvWWYPq36Q5CxKM9LbEoPtDEqy7SReEG7Jfni,Silver,2,HELIUS_METADATA_BASELINE
FA7yXU2GGWtLCnHBTMZmNWa1go8BxkmNh5qxwFLwjuWn,Silver,2,HELIUS_METADATA_BASELINE
FAAne5kFwWdEhJi4zzWPtk9SvEa2JoCgJ82smtArgLSe,Gold,3,HELIUS_METADATA_BASELINE
FAHPLTb3GwdrSkJb9VwtcbvVJWoByT3y7eaCSVsZC8PK,Arcane,4,HELIUS_METADATA_BASELINE
FAME1Lvo6juz9nk662fU9a6yksXGBhpVj4WzY2NvqS6Z,Gold,3,HELIUS_METADATA_BASELINE
FAPkNEdVxQqq1km1oNUZRby1fFdwZ68sq4XYZqznJhgB,Bronze,1,HELIUS_METADATA_BASELINE
FAUKNDrfo5JT37KShhDsik2PihGBb6AGux586sVTDJHx,Silver,2,HELIUS_METADATA_BASELINE
FAXf11HuHY1dMTZ9osKiW9PC1zq4hzN7x5MPC3jV3Asw,Bronze,1,HELIUS_METADATA_BASELINE
FAhgHwPYMf91rgHqocEyr7EoUY3RQWs5kTyzzdxC2jqK,Silver,2,HELIUS_METADATA_BASELINE
FAqputcLQRHakUamRJWpcgv9XEmoWCPqDYLj5VF2CFU4,Bronze,1,HELIUS_METADATA_BASELINE
FArCcVN6oBvH66ZnjZXEXtGpspP9prHJZzBTsKG48Ezk,Bronze,1,HELIUS_METADATA_BASELINE
FAyM7HyjfeT6mj33WG9GQkTCvgLt3BogrzqZNdpkCKgy,Bronze,1,HELIUS_METADATA_BASELINE
FB1aFzd9ns9vqxgzTDJgwSWiyjbj2oDRou9wgty8BoP6,Bronze,1,HELIUS_METADATA_BASELINE
FB226kQFUfsPFdhoVMF6c7jvPehH4wBS1twUwi8vJcY9,Gold,3,HELIUS_METADATA_BASELINE
FBAXbbVj3NJvPVZ1BQVs2TKGzuzX3B8GnxPLphMr2xd,Arcane,4,HELIUS_METADATA_BASELINE
FBDGu3fLWESL1eCUcHkKrxihk5H4qcMY6ce6GsXVJ6R3,Bronze,1,HELIUS_METADATA_BASELINE
FBU6oHfXejRg2ry7EajdJZzLgxexAw6ZPKzzyp9xHifY,Elven,5,HELIUS_METADATA_BASELINE
FBVBJruVgn6KGN7P1oDQy13xTuiGvvQbDjMt22W9MN6S,Bronze,1,HELIUS_METADATA_BASELINE
FBWFdeipWiDTutMCLqcYq4jrTiZ58PpoJYXJgu2GouQr,Gold,3,HELIUS_METADATA_BASELINE
FBjmTS1LpbqV6YzAQvpucCpNxJ2iYBzgsMY2GeoremY7,Silver,2,HELIUS_METADATA_BASELINE
FBm6zbDZNRhhMkLYxYcNV6vznnxLxWRDpyB3FAMDsMvH,Bronze,1,HELIUS_METADATA_BASELINE
FBxAo8ocqiLFyi44X37qDFkTEPtE4NpSzVQ8EYJEzCWj,Bronze,1,HELIUS_METADATA_BASELINE
FCA8NgfqSy1Q3qEvASrCKJuppjqNvgUzTFNGipUJkawG,Bronze,1,HELIUS_METADATA_BASELINE
FCDAULyXiAyjSPVo77iA1MYF6Ghrx2Gwj4yph1VHHkdm,Bronze,1,HELIUS_METADATA_BASELINE
FCJgqn254MVZS9x8xDUHq6BET56b6DjNVmyLZAQ9DB9b,Bronze,1,HELIUS_METADATA_BASELINE
FCK8dEhidZj6MCxCKugBMWYs83Sc9WdBqb9BMKuV1dRq,Gold,3,HELIUS_METADATA_BASELINE
FCUnd8XgZgdL1ZukkE6Lq8f2DczCh93djYwAuzNJ6MhU,Silver,2,HELIUS_METADATA_BASELINE
FCthoMMDNEQbCGLBQf8cpt6PAPf3rAku6aumWrzkYAXJ,Gold,3,HELIUS_METADATA_BASELINE
FD7GH66nLnfpAUUCDBUjm5MYWs2N3unE1YtFB75d7pc2,Gold,3,HELIUS_METADATA_BASELINE
FD8HgWhoe1x5knMYPe3CUDnK7ZK3zwqmJ3XCr6k7Rs4w,Bronze,1,HELIUS_METADATA_BASELINE
FDBLNioPRbPQSViD1chsQ2ohM62a53MZ2j6J8bxcgiPy,Elven,5,HELIUS_METADATA_BASELINE
FDYsXsm3QV1QQMpBGFDSkieQ4jxq29w9kwUf8hGsnG3q,Gold,3,HELIUS_METADATA_BASELINE
FDcaGeUQ2Qp8hDond11PoHX2viK6ymLx39WKydxAAtcj,Arcane,4,HELIUS_METADATA_BASELINE
FDjZ1V14j4cCuUrAKjHCToWVW7zeUaaw19nHoqCQkhVm,Bronze,1,HELIUS_METADATA_BASELINE
FDzbh9g1yqwqSY1yzFkjeGYaL2y7v7HP1kWGC9hN5FUr,Bronze,1,HELIUS_METADATA_BASELINE
FE4GDLxoARH4c2n2KpTeS2ANmukcUGLxwvaCjrGDCeci,Arcane,4,HELIUS_METADATA_BASELINE
FE4knCJL1DjtmiPcnZNVwDHcdbcTuw4ngT4La9Zes49J,Silver,2,HELIUS_METADATA_BASELINE
FE5uq6naJQnJ1DreYwtN8izedcdDhrjCjyk2qRA3odVq,Bronze,1,HELIUS_METADATA_BASELINE
FE7rD51uAuSzLiBTmMf89YxgYa5hGzNcUWYKtAys49DJ,Arcane,4,HELIUS_METADATA_BASELINE
FE8MRkoaeiSBYkpkVU1hwFQqefv88g6L8jw4LKrpmeTg,Gold,3,HELIUS_METADATA_BASELINE
FEDf5HimeBTUxfSEU271hnB5d1SMJW4t14sidNWn635V,Gold,3,HELIUS_METADATA_BASELINE
FEEhk9Vd392rKJ8hvN6363A8EpM7fwTqwVfqPR5yGk9w,Bronze,1,HELIUS_METADATA_BASELINE
FEKrxonaFYWKrKkBEiFY7QbRLrdMcuHSmS8DnjMjDvJK,Silver,2,HELIUS_METADATA_BASELINE
FEM37uKtNpsBwJjiDa4oAzqS57nsUPd3GgMdKhafzHJG,Bronze,1,HELIUS_METADATA_BASELINE
FENLg3J951kwtAC1L6auPrVssD8PLpJ7nq3VRpuGwdov,Bronze,1,HELIUS_METADATA_BASELINE
FERcEv5SpjZ2kj6R3ZFaWTAPxQGCajgaKYWjRXa89SjP,Bronze,1,HELIUS_METADATA_BASELINE
FESXfrESMwV3kAfdkYLEVzZnWKSGSGB5pibdX1QmNPrr,Bronze,1,HELIUS_METADATA_BASELINE
FETgHccxNfHnW5w6vm5tUNtkp24JdNxKvTgzoixSfJhJ,Arcane,4,HELIUS_METADATA_BASELINE
FEV1NZoc5iijbRFSvgRGAkSUbom2uY8nNbRosRZStaM2,Elven,5,HELIUS_METADATA_BASELINE
FEWCGXivDiXy6SaUfd9kG2vfZde9YfdRiRhpfw5tX9yp,Bronze,1,HELIUS_METADATA_BASELINE
FEaF7FLK71pFASeMyBwRnvyGG9pdr2YYn7BM6oPMQu4L,Silver,2,HELIUS_METADATA_BASELINE
FEbxxB3bNFQRAEGz6LNdMprWvMMT4uue2mjGuBE4B1z8,Bronze,1,HELIUS_METADATA_BASELINE
FEfjzU5jGdiY5YB66yemTcu2xLad7nme4U793YjjCUZQ,Gold,3,HELIUS_METADATA_BASELINE
FEke1nuYNo38msdGmq9Ckia6Pf8AMejuTerdMJYb8Yfq,Gold,3,HELIUS_METADATA_BASELINE
FEqkVrgwinM4H1P4cG4CXx6RJzx3AeZou4ZMNocg1om4,Gold,3,HELIUS_METADATA_BASELINE
FExWT39CJJS6JmKyxXFXU3xLa9Be7WhfQjcjpdAS6mLk,Elven,5,HELIUS_METADATA_BASELINE
FF7YQYRm7gzVrLnSAe4MaHYn9MADnMbEtRZdtw9aroMM,Silver,2,HELIUS_METADATA_BASELINE
FFLaRSpWdFSNa2C1bPUW4vwUqYbVVzENzcA36dcaK9a8,Bronze,1,HELIUS_METADATA_BASELINE
FFMKtnrfmC76sHEuetAAmWB3eK8FT3vWjo2JabapfsHA,Silver,2,HELIUS_METADATA_BASELINE
FFS3bBdL3grs32MVvSaBswxEDciGtSrNRUawoVLtqZFK,Gold,3,HELIUS_METADATA_BASELINE
FFsTjyHs2GhkciswTReYGvyWH8UfEsTgob42wg49CLMf,Arcane,4,HELIUS_METADATA_BASELINE
FG2nYw2WEVGe969roeY545db9rHrHHDDPMWnwP6KDn4j,Bronze,1,HELIUS_METADATA_BASELINE
FG2syVsoCS59WuR9bJhxmnCwu8rgQC8pWKbPCPVVMLRA,Gold,3,HELIUS_METADATA_BASELINE
FG6Ltb12zKTuP5BcNQaARsNkFeVhtLZVeqpoyDwhwfkw,Gold,3,HELIUS_METADATA_BASELINE
FG78Z7uN7GaBMxQZ7dkykd28vzgeiA2pc4o81wxEaviS,Bronze,1,HELIUS_METADATA_BASELINE
FGJc3rqNHLUWpfxQyRdxkFWeK2ewW11eKrAsUPT3fb56,Silver,2,HELIUS_METADATA_BASELINE
FGRnNw84GxN8iv2xpNzk2JC7havgZuYKXvFmGcGu4Zq1,Bronze,1,HELIUS_METADATA_BASELINE
FGU5xZ3oB866ugaqtnb373Yx3cKrZsfk3kpPEoQ1gMCE,Elven,5,HELIUS_METADATA_BASELINE
FGuWPVaMGTCtZxyisYJ5koiSWSNMNaFjPiaZjzW65NoN,Bronze,1,HELIUS_METADATA_BASELINE
FGxpTicprj6343NrczicRHMUL61ceqnqEEiRD4ax7W5s,Bronze,1,HELIUS_METADATA_BASELINE
FH21vWAvV1cTqNfRa7QKtnGJW7eJjXYTpoKexCzogcTU,Silver,2,HELIUS_METADATA_BASELINE
FHATGC2SuvNBdyWxeJg8NSnd1Mg36GkauDwMbRrZHbCG,Bronze,1,HELIUS_METADATA_BASELINE
FHKgVNHssnhyJNNPHpr6sKpE56WXn8kN1ECjQhHgdnju,Bronze,1,HELIUS_METADATA_BASELINE
FHQzUU2fHWFUg72PfHXfS5rTiRcLJTgY8AZzedyGAgn3,Silver,2,HELIUS_METADATA_BASELINE
FHV744uVdBSAhq4s63qKmKxF1GNwcJrh1Fmgur6g8S5G,Gold,3,HELIUS_METADATA_BASELINE
FHjntJnJXvh68xCKYsHDSwbzywcyfjCLDd151WVSp81x,Bronze,1,HELIUS_METADATA_BASELINE
FHvios7bh2c54vSJ8eWvay33bJyRCm4wWnaKEoJsyiFQ,Gold,3,HELIUS_METADATA_BASELINE
FHymXZ8zMPhWT99MyrtocLwqj1yenm7ZuXquTiMtnP2C,Bronze,1,HELIUS_METADATA_BASELINE
FHzTYLyKAGjQSUhTDEaZAYcNGnEKGNBD9KJHYoPTwtoM,Bronze,1,HELIUS_METADATA_BASELINE
FJ1EK8v1WNNV4HkbeFP7SS6dUgnWnwJKRoomqPvAj1MK,Silver,2,HELIUS_METADATA_BASELINE
FJ3fu7riRrh42hQ4WRu1exzf64Vd6a2dyC5ZgJjMrwaj,Bronze,1,HELIUS_METADATA_BASELINE
FJ5aZnYVBzrMKP3vh6XSf74K2z2AW7itey6MhahxPN1R,Gold,3,HELIUS_METADATA_BASELINE
FJ7NKnFij7z5RRJds6KDjyf9sgmYcNHS5Z7saMzDqVAz,Bronze,1,HELIUS_METADATA_BASELINE
FJQUPAfV2HC6y1YNqo2MQTX7frK9PHt21oX5v1uWaZi,Silver,2,HELIUS_METADATA_BASELINE
FJT5k9UrPS5HXKkzB6r3povW6R3G2YB96wqqbFAhbEMg,Silver,2,HELIUS_METADATA_BASELINE
FJgP15cAqDXaQTYyw2uujgFJaLeYQaKBhfeAkJeefBK9,Bronze,1,HELIUS_METADATA_BASELINE
FJmLw8mFPLJwjHq4RjLJW31P4PUSiUXUB49bR3QQd7d6,Bronze,1,HELIUS_METADATA_BASELINE
FJnCge1qQc5HR7H7sgAwmkYT6nqG5KHLEUXxtx7Rt2cA,Bronze,1,HELIUS_METADATA_BASELINE
FJphu6ZnZmAEmdnE8tEjxrXuWMceSomqSDkHifWbh1Ea,Silver,2,HELIUS_METADATA_BASELINE
FJs5FYG2weTrXzcctvQyGef7PFrvyrcpRCUa1Uscgkmj,Gold,3,HELIUS_METADATA_BASELINE
FJu7L5ycDxi9uy5HZPTybYtah4Vn82TqSLT9tmrZLawg,Bronze,1,HELIUS_METADATA_BASELINE
FJwWkdhHVUx8TTk9F8cEzptL9QJcbcAM4H75RFQ2tkcH,Silver,2,HELIUS_METADATA_BASELINE
FJwtHU11gZ19FuohrJYLTPjWoNvCCSwmiBvJij2gL7wk,Silver,2,HELIUS_METADATA_BASELINE
FK628TLF2J1J7FN9HWDBfaUJ3cbL8pPzUMpCjgd6Y1bx,Bronze,1,HELIUS_METADATA_BASELINE
FK8FqXdvsH75GiscXtW45ftNUXwR11txFRTpUPWb3zYq,Bronze,1,HELIUS_METADATA_BASELINE
FK9YDQKuKQvH8u4cnrErZ9VJkKid4SxKexuKeir1CMJy,Bronze,1,HELIUS_METADATA_BASELINE
FKNNZL2UFWY2nP8h8j5KurpAsW6fXHZ8Qs17Jg3niBYm,Bronze,1,HELIUS_METADATA_BASELINE
FKSUTpoTb3CTxJApjnWxwPricBCuowUSb1x22NF9uvkf,Bronze,1,HELIUS_METADATA_BASELINE
FKV3eiktrqYkW8NoApwasHLoYTBFjhiYBC4RnBcXNWJE,Gold,3,HELIUS_METADATA_BASELINE
FKZjUiMJppk1hdonY4jSopdSJ8gfebBa1Cu7Y65M7N5A,Bronze,1,HELIUS_METADATA_BASELINE
FL4STRZ1NmqU35xRgDT47CoQ2TbtDm6BCaxnv71jqb9J,Elven,5,HELIUS_METADATA_BASELINE
FL8xhHDNyRWtZxXPtDMtJx24erqsfE8ZmxWe2qb8Jx4N,Silver,2,HELIUS_METADATA_BASELINE
FL9G3bg148FiD1XnADDUkzdSQY9h461YH1pgGr2Ujya2,Elven,5,HELIUS_METADATA_BASELINE
FLAAzfWah9JNyv6wqjW6WCBfo1ELKS5Tkkkiiz4AS6Mj,Bronze,1,HELIUS_METADATA_BASELINE
FLCp2JCi24g29zqeUFQywA7P7CACtRRZcFqbwwgDjHoG,Gold,3,HELIUS_METADATA_BASELINE
FLS9vqks72buLbohe98ndiLwfjVak1EuY9G5NXDyeFt3,Silver,2,HELIUS_METADATA_BASELINE
FM4etYCqEZM2wnkJSwF2YMbAFcDucVsds3yxgYbdmfKM,Silver,2,HELIUS_METADATA_BASELINE
FM5sErW7cyh9serJdDLVLsnU3aX1Vtmf6cKEXYup1NRq,Silver,2,HELIUS_METADATA_BASELINE
FM6ArhUPQdHQWRCSHGG8PL8LJWG3Veo93hB6RkYSpsZz,Bronze,1,HELIUS_METADATA_BASELINE
FM7hgYeug91BncGbxrfVxWKjET3nMw55oX37ixdBdMdk,Bronze,1,HELIUS_METADATA_BASELINE
FMBoPKRsWvrz8VE7rA1KrMH8mMq7GR1C7mnFXqm2jpar,Bronze,1,HELIUS_METADATA_BASELINE
FMLfu6ryv3hjn6rJfrPFtN1VzZhYcMhPenmSx7gYZ2W1,Bronze,1,HELIUS_METADATA_BASELINE
FMNmT4X2KnEkUFMt5DrjfFv29VRbsRTPGksWSkBugznK,Silver,2,HELIUS_METADATA_BASELINE
FMeJqsmH8TVY64yymPGHfYWsUQBSc8SNN5gmosLuL9MR,Gold,3,HELIUS_METADATA_BASELINE
FMf9rT8TEDRmXZu6hkJmZDL9nBMBE8Gs18obo3zrHuSj,Bronze,1,HELIUS_METADATA_BASELINE
FMhvA1Asikegcp7hVGJBeRSkDNPvqhcYCpD8fzZZRnfF,Bronze,1,HELIUS_METADATA_BASELINE
FMo3PXS6uUqZpa9RwWvUd5iybhFgZ57Bn4qidhqxDgWv,Silver,2,HELIUS_METADATA_BASELINE
FMrhyGShefjsQcuG77ez6ipLCKW6HsYMYcr5PU7m7e1r,Bronze,1,HELIUS_METADATA_BASELINE
FN9mwuS8zuN4Fd6cmkqK7fvNZzMDFxjuiUVrPp8WL2uT,Gold,3,HELIUS_METADATA_BASELINE
FNEFvGSdEpfcjAYbRmwFw6e4cAwpNaUt2wSSq2zHvdD2,Gold,3,HELIUS_METADATA_BASELINE
FNMSzEbDyUp2jXjcTHeCyCstMBYByhR4ZyiTKSY11PPj,Bronze,1,HELIUS_METADATA_BASELINE
FNN9pmBSSrY8Ss5AksDsYfwJXocc5DMav9bM4KFfBwMD,Bronze,1,HELIUS_METADATA_BASELINE
FNYcB23UUTsDLmJhYwsv8oQrvvP5Rd5L3mWxo1bLoX4S,Gold,3,HELIUS_METADATA_BASELINE
FNcPnhSjbGwu2Q3UfzwA1MqFbQT23Herb2rYDS716Wip,Gold,3,HELIUS_METADATA_BASELINE
FNiWxrGfAWejBXyAEd4qnoXdfQ3fkZsZF6A4ZNaxFRuk,Silver,2,HELIUS_METADATA_BASELINE
FNmacAHSx6qsEGnTjhpUuYgm2BFPG423ZkJx99AgzPeX,Arcane,4,HELIUS_METADATA_BASELINE
FNpXh2oVu4Hw9AQkrNNzaWekqPiL4qU1EXpyNq5kn6MT,Gold,3,HELIUS_METADATA_BASELINE
FP2nmYW2YAy137sZyppskuYsjFYx3Hu7rzfN9bdBibPS,Gold,3,HELIUS_METADATA_BASELINE
FPJyDSKZxWn2pQSihQRU2Hf9CeviBM46RbjNf4aoCQXn,Silver,2,HELIUS_METADATA_BASELINE
FPKw4TDvZz1Xkeu44Hy2DVzfBsXHxUUNYDttk4iAKYPZ,Silver,2,HELIUS_METADATA_BASELINE
FPLfrupTStDUbkKGy6Cq6KXNNpoXoLANHXoSxdU54saZ,Arcane,4,HELIUS_METADATA_BASELINE
FPLmNbh7qd6Q9mrvXC5kSXgqwok6rYNf4zG5239pDgSP,Silver,2,HELIUS_METADATA_BASELINE
FPNjcXbS7cwpbioVGcz5x5FZ1HJDggtUt1HegGJCY2LY,Bronze,1,HELIUS_METADATA_BASELINE
FPSuBy5fijfCtSXMdHazoe5TL1sL9UAYZD4D9Y5NvRDC,Gold,3,HELIUS_METADATA_BASELINE
FPXhmYbEeyJkUkHRSgXACKD3UZpBHBtYUHW9Dss7pFGr,Silver,2,HELIUS_METADATA_BASELINE
FPqJ2jfE5Pr44UbyfQ7suGqXYRqZrvGTBvcx8hyCV3zi,Gold,3,HELIUS_METADATA_BASELINE
FPqkxEceABnWnQVGRLmtfa1d2NdUcjkoNj8C5LhaLcaK,Bronze,1,HELIUS_METADATA_BASELINE
FQGSWoYCwvpg2poEmuqeaBo6UC2NUKkRt4ns3qvVJuH2,Silver,2,HELIUS_METADATA_BASELINE
FQJtPu6jNWBY936dWXgJWJTfaeaE5fmpbN66ZUyadvet,Gold,3,HELIUS_METADATA_BASELINE
FQNHgrrCcxe5X7vZzcJ6uvrX5MGt5ywiK5DgArBTYfkq,Gold,3,HELIUS_METADATA_BASELINE
FQPWRAJQMS32mhJ2bco6uQ99Fk8eKoKNmQVFV9rG1P5k,Silver,2,HELIUS_METADATA_BASELINE
FQTosmfxa6us5TZgpHtDv21eGsSW6CyzpzXNCkNTk5CP,Bronze,1,HELIUS_METADATA_BASELINE
FQVUE7ZfJdoFugVH2xX4hr4eTmKZpGaKdSGW43ZgFk9r,Bronze,1,HELIUS_METADATA_BASELINE
FQXZVcCyxzjzSXdBPFJNR6YiHdEigKY8UNoAv4VS9R59,Gold,3,HELIUS_METADATA_BASELINE
FQZEunSffErXLQw4UNJ84Y9MXLyejcuBK8LNZy8a7uzQ,Gold,3,HELIUS_METADATA_BASELINE
FQZkFK5mQtXFz5GRNt3XwHmBRH7Qojm8qD77dX4FPBjU,Bronze,1,HELIUS_METADATA_BASELINE
FQfjdxceNJfhaQDtz946xfeRRR5XAopZeTZ2QnHboVgz,Bronze,1,HELIUS_METADATA_BASELINE
FQiopMAN9BLr9YAarVnCqeq3xiXn7o5HiQs3cLLJMRt3,Silver,2,HELIUS_METADATA_BASELINE
FQnYbNeScy7r716B3hPYcKX2gGMSaNPkDn3KWjsS97MK,Silver,2,HELIUS_METADATA_BASELINE
FQpGHhWNDxbZszGzUyHHCKZ3cF3uQRZ9sXLRvEUjH35A,Bronze,1,HELIUS_METADATA_BASELINE
FQrcHnZrqsJ72ue7gaVP3T4Rb7qvdeUsJEmPo5LRLPzg,Arcane,4,HELIUS_METADATA_BASELINE
FQtB3QW6YUXB8yokkRV2qnoyioCCY9mdAFkuHguJWPWD,Elven,5,HELIUS_METADATA_BASELINE
FR1MV9hsctSGfkSJytwuHzBMjMXSAHtHmD4PCw7a3eVu,Elven,5,HELIUS_METADATA_BASELINE
FR1eVY1aVdmyo3XZPfd3yS5YtjZFzAEJuRCXy6VHBsS3,Elven,5,HELIUS_METADATA_BASELINE
FR4fGS1WWmGKaGnZ8VLfsNEJoH6mrmZ35J2ztWYQuzyb,Silver,2,HELIUS_METADATA_BASELINE
FREvwVeZo6PmRisJLgW7huMiDNaAg1nQqLQ3XVTPNeQW,Gold,3,HELIUS_METADATA_BASELINE
FRViK7ZQRSxpevEShKXgaokEtxY5CMtbT3X5WV8ymKhc,Bronze,1,HELIUS_METADATA_BASELINE
FRgqYmmrXTA3zDy2sDDGVoFaTNsu3oCHgm1GRu2q4QrH,Arcane,4,HELIUS_METADATA_BASELINE
FRjr6VdhTyEfCCxpxNAjGdDK8gq9BuJRJ7T9drznfD2A,Bronze,1,HELIUS_METADATA_BASELINE
FRtdNi4nJHBffTTzmKKm1DGZGkUzkjU29rUMFKEdxmRc,Bronze,1,HELIUS_METADATA_BASELINE
FRtfFuk3gRaCFoUB8YK5ZTss89j84HEqvU69S5BkEFHL,Bronze,1,HELIUS_METADATA_BASELINE
FRuDp3wZ9QdRN9W9fv6RPSxDWAwJ8fQLhKjJ1AVKR6xn,Arcane,4,HELIUS_METADATA_BASELINE
FRxcENSYAg7uJnFRbL53eKzto1XmfcMFf1AzWFTzcoTM,Silver,2,HELIUS_METADATA_BASELINE
FS7RiEmUciXQVzfPYs6cLZnDdhjoesZvY9d7BfnwQS15,Arcane,4,HELIUS_METADATA_BASELINE
FSSQdyoPgK5vNihRkPo6DHtqahfqUH9CGBAELzm2kkYY,Bronze,1,HELIUS_METADATA_BASELINE
FSUNGPyTL42PM5CrjkC5a4ELtxjanxpBmLE2d1LmxpUb,Silver,2,HELIUS_METADATA_BASELINE
FSajtTbv9ng4XNdUyubJ5i1mtDKMTA85rR4uCMrAAWdz,Silver,2,HELIUS_METADATA_BASELINE
FSgJPtaMC1rp8YDX5kgLB2fRVYWuinLgJHwnhE1mqW9j,Bronze,1,HELIUS_METADATA_BASELINE
FSofgSeRtVDY2NQRJFpAScgvWLjn7WApkucLZHsc9JDq,Silver,2,HELIUS_METADATA_BASELINE
FSpRXzeC1abUeG1tA2pDje7zzCuzsLaPQM4zkd4uPHwq,Bronze,1,HELIUS_METADATA_BASELINE
FT4EUubg1ytzSZNpF8jEZ1djFHeUGR5mtNqiiQTCUY5g,Arcane,4,HELIUS_METADATA_BASELINE
FT6eo78FowqwqVNaWhHGhWT5odp7gwixR1MLjAo5EuYJ,Arcane,4,HELIUS_METADATA_BASELINE
FTGAtfQ1Z7xzUzyek2RnqkF4YQj4bonEjKj7ViHnpfz9,Silver,2,HELIUS_METADATA_BASELINE
FTUQJ8KJp8sPmwsK2UndztG7rH7E4ZzwbzRz3R3juoBU,Bronze,1,HELIUS_METADATA_BASELINE
FTaHagPSr3ZgXPgehwpVyN4vF2c7jGorRoisVVphos95,Gold,3,HELIUS_METADATA_BASELINE
FTowTtV7jnJw7iks6RGKSN92mbQvJxK7gDRAUUKDMi7X,Silver,2,HELIUS_METADATA_BASELINE
FTqo2qnDuVNjUyjHqWVqUGRymhtPx5XtDzufeUszn4H7,Silver,2,HELIUS_METADATA_BASELINE
FTquHeANji7VQUxw4uBspeUCdDKKhddg6XpMrhjoKMbt,Silver,2,HELIUS_METADATA_BASELINE
FTsvyjULT9naHNvZfKddYTcs7xT4kuxPNAXYjEZ5C2RG,Silver,2,HELIUS_METADATA_BASELINE
FU5mifU1oivucfufgGgoRPAuV1fegjJq7Bdv7oAzfnLp,Bronze,1,HELIUS_METADATA_BASELINE
FU7FcC4FNFhaFzMmrVMtmkj35C8RURCuiGJM179bgn2D,Silver,2,HELIUS_METADATA_BASELINE
FU7JxuhNGr1Sr5a5zqnPQKr39FP76cNzLf8kQP3Fn521,Silver,2,HELIUS_METADATA_BASELINE
FUAGU4dKCD54RfUW1qkGXKye2UDi63EK8bZBbTxz5sxz,Elven,5,HELIUS_METADATA_BASELINE
FUMCc9h61hhJHpNBj3ykksgYozms9hSnz8r9WjqUbRkZ,Bronze,1,HELIUS_METADATA_BASELINE
FUSucu1FqYbhYR92nzAdgTGMw131vz4Ue6ZE17nmyrK6,Bronze,1,HELIUS_METADATA_BASELINE
FUdj55oPjgqkHePpPkEVJ3q4Sjf6Ary9sLbc9YFaVQt5,Elven,5,HELIUS_METADATA_BASELINE
FUepFagnzuCB7Rid52V9J6VN9VpEoqmL9J3p1h8aSmiq,Bronze,1,HELIUS_METADATA_BASELINE
FUjnLthZ9TyetZmAfssrZytcpq5krdJnnoG6PxiUqVsQ,Bronze,1,HELIUS_METADATA_BASELINE
FUnLfJCsCdbqToSXhEov5A4sXbQuKba3VrPThtr4F2aU,Arcane,4,HELIUS_METADATA_BASELINE
FUoxQDEzikvCe64y3zro6SArBnUZYaq7MT75N3YkJFNP,Silver,2,HELIUS_METADATA_BASELINE
FUwCZ6BbcaasT7gKty3HdDJ38277ddrB117oZUoXnUZN,Silver,2,HELIUS_METADATA_BASELINE
FV3GB4pLvpMCB248eMjycok1w1CHGEgP9wR7Y2dmrDtL,Bronze,1,HELIUS_METADATA_BASELINE
FV5UJZ5YBUVdd4fxE6j7PJu48BK89nyM5TGj7A6afM6V,Arcane,4,HELIUS_METADATA_BASELINE
FV896rzikkxdYNoSDnvxsHXfxe9TYbzyk9vjKm9eCD8d,Elven,5,HELIUS_METADATA_BASELINE
FV8qc2aUDzHhqbv9CFjdwxaSUhEAAUEY8joMewsqAaVi,Silver,2,HELIUS_METADATA_BASELINE
FVK69FqMr3n3tiTyJU6AbLKqmXp5bLWyUkaMumSv2RX2,Bronze,1,HELIUS_METADATA_BASELINE
FVRSwzXXryPLijLakK2rrqQwT6NU7v7dsNYPA1ou5Eo3,Bronze,1,HELIUS_METADATA_BASELINE
FVUwApEY1jJ2ZEMrCeUp7ydJaSwsRWVBZM5SR6MHt62M,Bronze,1,HELIUS_METADATA_BASELINE
FVXti8gpkzdLYkep7GVqSoRy4NyzT5PfZcKLk3xF969Q,Bronze,1,HELIUS_METADATA_BASELINE
FVjGT8bwtmjQpWNh6M73CZ7Vpc3cxFTRQ29qNwPDx5Ju,Silver,2,HELIUS_METADATA_BASELINE
FVwvmr4KGGUk8zJsGJXiUyR3EmTjjiS8gddLhkvrisL8,Arcane,4,HELIUS_METADATA_BASELINE
FVxVtcs5EWS6wGkwuYhEAmUW1T7HkWtKi1zJ9jgbdp2x,Silver,2,HELIUS_METADATA_BASELINE
FVzz4oq9zqGfm3dPqUExSM5p9JsofWotcanLuxX4icSK,Bronze,1,HELIUS_METADATA_BASELINE
FWADNvyyZ2cHmbHjXC4PRx2SPYd5T3LooVBrXFHYLJcP,Bronze,1,HELIUS_METADATA_BASELINE
FWCjanTkJKSPJUcecS6URFxUDraWmtgUqoStD7LaRgnz,Silver,2,HELIUS_METADATA_BASELINE
FWSxKgbEhKHFogYWVBjzUjotV5618ZrWwki6GPZV8nSa,Silver,2,HELIUS_METADATA_BASELINE
FWdemh2qve4Je5eHTrGp4qR6WafBxiRogRsUJod2Bvj7,Bronze,1,HELIUS_METADATA_BASELINE
FWeZUhf5VTwVSRkm3LeAcGp6tputukdqaPi5NTh6HKPd,Gold,3,HELIUS_METADATA_BASELINE
FWgyyxe5c8K36fXzEsm4zpdFdMYEV4LjP31cpwtht37f,Gold,3,HELIUS_METADATA_BASELINE
FWjQ3SetfeahY6d4KihAQWtHCkF4Hz2ZxerDPMpRNnkA,Silver,2,HELIUS_METADATA_BASELINE
FWmXKabfyXic3RcLtyw7wwTnkNQ8i2NNdBJVuZs9csvW,Arcane,4,HELIUS_METADATA_BASELINE
FWpxmJEMCaiFnsUD1WHLeLPFFZimqA7553ZJP2vQ1Ror,Bronze,1,HELIUS_METADATA_BASELINE
FWxz5XHtbqJavWvgoDo5Ly4VNX6MmnPTdkJFDK9HCRZd,Bronze,1,HELIUS_METADATA_BASELINE
FX4TMoGtkFLb4ewrZXFWRxMUCkrwkYsgRU4YzSzH36rX,Bronze,1,HELIUS_METADATA_BASELINE
FX888J25WWiQmpyngUc9sb4EPnuGLEeh6GYHd8ft2Axt,Bronze,1,HELIUS_METADATA_BASELINE
FX9CvQRDugF1h84jtrrGqXYYDvEKTGbXiLJ35jgWzzny,Bronze,1,HELIUS_METADATA_BASELINE
FXEs1ht8dJX8wf3MKsgwhnQ4NCHFMYTB4Wo1UcsJ6Wsu,Silver,2,HELIUS_METADATA_BASELINE
FXn9AMrYeX5pqGckjG8Rva6AVkYP6qxt3Xf3oYzpGhVm,Gold,3,HELIUS_METADATA_BASELINE
FXvnK5UJs6bGzKTwAi9u2gPoWaEJBuDoBzCfQUpmPTKm,Bronze,1,HELIUS_METADATA_BASELINE
FY1FUzfrkmbrm1XYWcrqeNGEXHrp96uVuCG14Q8ptPdB,Silver,2,HELIUS_METADATA_BASELINE
FY7eJFopGtWgb87WqtLceJpYSWp7yXsMzoi5tXN6xkFe,Arcane,4,HELIUS_METADATA_BASELINE
FYBjU9b89JJk84ta7fhGgLY38x4TvTzUkpCfUk5ibrHU,Bronze,1,HELIUS_METADATA_BASELINE
FYBx7Tk4Zxgn7VXHEJHymUCP2mxo9EsnGZNBDbwj5Ym8,Bronze,1,HELIUS_METADATA_BASELINE
FYCzpf16EcCUzmRkb4QENwad4be6rF5XsMXGEpGrDEfJ,Silver,2,HELIUS_METADATA_BASELINE
FYDvW5S8dSk5Q2endspjGkx7U8Hq7qkFTwvJLTbx1Y94,Silver,2,HELIUS_METADATA_BASELINE
FYZzorKLJJ6hdcDSceR6sXSkPTDp2db7ZGuih7nWvhvG,Silver,2,HELIUS_METADATA_BASELINE
FYiC5fEdzNqQaCdayxNUBFcQZRHKXYnGKdXxvn1eeko4,Gold,3,HELIUS_METADATA_BASELINE
FYr119xyNydQxaTmCoxycCJVeeDP9KYEGQTkBwZANBKB,Arcane,4,HELIUS_METADATA_BASELINE
FYyB9V6SEvpmrXWbQF146nZoQwFyEo2vPvcFm4jPz5Se,Bronze,1,HELIUS_METADATA_BASELINE
FYzUYiUCeLgi9XNyPaAsDKqgwL9eJ8nY41Vt2DH4AHGU,Bronze,1,HELIUS_METADATA_BASELINE
FZ4UTKGuwr4xUBgmgyCPqoqEk2j88dck4vEWAZ1cVMCx,Gold,3,HELIUS_METADATA_BASELINE
FZ8VGKDdYfLSXFxniiBuRRUYKJeht3g5PVdX26fURtb7,Silver,2,HELIUS_METADATA_BASELINE
FZDUKpEDwrG2dPoT5S1fghzqkagfQPNQBNzBam1whvNL,Bronze,1,HELIUS_METADATA_BASELINE
FZELSGxTNmGJUS7UPGTgQ9CJPuXatUAKzJtfGDqp7Fms,Bronze,1,HELIUS_METADATA_BASELINE
FZNe3q9Cu2ef8xcCCYiQucPMWP71KFQWQHtt3cjf9JNM,Silver,2,HELIUS_METADATA_BASELINE
FZTWyL7w7LgGuw83fGqab1bsD3dr7goyenVLEd25PSTW,Bronze,1,HELIUS_METADATA_BASELINE
FZYrsi2SvmG5RyHpwJvVyN3eF7nJYS87NgPUtgh83s6Q,Bronze,1,HELIUS_METADATA_BASELINE
FZemxETprWesXxVvm81nk2xQhBZQsRpAhBKMEKVifGry,Bronze,1,HELIUS_METADATA_BASELINE
FZfyE8vj5GUHTE2JrzxQecoBRS1fJ1SuHLPo8soZWqU8,Arcane,4,HELIUS_METADATA_BASELINE
Fa4U3pjPycybHnK5xKBCAKtj47XfaYb92ea7ZtAWTvhq,Bronze,1,HELIUS_METADATA_BASELINE
FaDYpykrNAdN1W7EbM3e1rpcCZ9pk6DBoWh78uN4XFFT,Silver,2,HELIUS_METADATA_BASELINE
FaJjehGZ6wYdviCTEn1DSJNFye7zbnYPCgMJduAdox9T,Silver,2,HELIUS_METADATA_BASELINE
FaKB5pB2vUa2vkrcNxUE6MjbBKFxEuRYNRGFXLYrMte5,Gold,3,HELIUS_METADATA_BASELINE
FaSyFoYtmimyK24DMAksLfuP9Dcwf7xZ3LqaUrq75MDz,Arcane,4,HELIUS_METADATA_BASELINE
FagxWSpARh931n75SXy2wwq8URkixEWgfxQn8NtLEj5i,Bronze,1,HELIUS_METADATA_BASELINE
FawerbGx2Q93xYi2WoGZwr7FEHVDvxwKdnPP7EE5f8Gj,Silver,2,HELIUS_METADATA_BASELINE
FayXkvogMnY9BMP2XCCcm55ePpvfqhAR92NkQQob8aUe,Gold,3,HELIUS_METADATA_BASELINE
Fb6nDMrPaQMmu7gWn6CDGavbXSqDTdgbwHkT4Ywhm3sW,Gold,3,HELIUS_METADATA_BASELINE
Fb6tPSpEXQpoYZskwEio5fQxPoUhCFiE1mENjMmTVWFB,Silver,2,HELIUS_METADATA_BASELINE
Fb9NBe1i3QRw73YVFNvnZLbbxeWFeXZSkNp9NiBSVas6,Silver,2,HELIUS_METADATA_BASELINE
FbCBsBaStQ11RKqHRtbApA6V7xf2RFUCeP9UCyEtrFkg,Bronze,1,HELIUS_METADATA_BASELINE
FbD1kfGRpSgmvvPK55KrEpsB82qohZ7Y5UuM1YX3Kmc6,Bronze,1,HELIUS_METADATA_BASELINE
FbEXDrCVZjNnYPnEH4mcWNVoHZXfWV8geQsKBt4XeNUj,Silver,2,HELIUS_METADATA_BASELINE
FbHyQ7ak4nn9CGNiAbxzgSt3xkCAC7spWfgooL58P9U4,Gold,3,HELIUS_METADATA_BASELINE
FbMhJkbjFXAzhdkhTHjxE9rGrHEDhvBPMFym4qcYfNgX,Bronze,1,HELIUS_METADATA_BASELINE
FbQPjD9UPPbvybBZC2vFXEtSag8Lr8jCWPJxZxdzdPsX,Elven,5,HELIUS_METADATA_BASELINE
FbRniWNQQJNyT7KSaqhDtR3N8N7Z2qLNidQBRGmK3Ki6,Gold,3,HELIUS_METADATA_BASELINE
FbaPLyYwjBwWmtSMtLmf5weHg9bgUkjECT14aMCTzrzW,Elven,5,HELIUS_METADATA_BASELINE
FbbBFyNyFNMYjAJA3wwLvHemvhHNZRwcxSG4Jr1C2wYA,Bronze,1,HELIUS_METADATA_BASELINE
FbmJVLZwkaLuafNZE2fErFToSBL3fpQDgstNMDzpRJsS,Gold,3,HELIUS_METADATA_BASELINE
Fbmg6ieNFi4qpDQSnv9exoEUvPF4BEcES5mGxaN7D2mb,Gold,3,HELIUS_METADATA_BASELINE
Fc5ummzsf5CG9wiXk72AgDhfM9ePiPBD9sZXpouKWwQr,Bronze,1,HELIUS_METADATA_BASELINE
FcHLJGaXk192ffNWnKmszerDLbTLx8zmgzx8YMyQmmPT,Silver,2,HELIUS_METADATA_BASELINE
FcPCbyiibbJ3rnqmQ4mAPSnWKG8sV4DXZwNke8NBi3ue,Silver,2,HELIUS_METADATA_BASELINE
FcPLhJnDKEEEsuVZyB7DGAnhmDPPeD9WZsREGbj7URq3,Gold,3,HELIUS_METADATA_BASELINE
FcUwkEnGj6hJ1bJbMpkpPwFWqivP48SJoZfmzYr5LGNr,Bronze,1,HELIUS_METADATA_BASELINE
FcaUwQBLRbGdwbfmXwj7VxZPfLomgjiGHaDyZ2i9jtPt,Bronze,1,HELIUS_METADATA_BASELINE
FccyeYxu6XUtZLvmVjunCAyCZKPcjg3hM23TSziaD7uB,Silver,2,HELIUS_METADATA_BASELINE
FckweuvfdeeqBw4jpbrsqjvGXY2aJ25Xc2Sbz3B5eMqH,Bronze,1,HELIUS_METADATA_BASELINE
FcmevuSTd7WUHjsB3dTTWNmcA8xDnzXEEu8CHAQCDRXP,Gold,3,HELIUS_METADATA_BASELINE
FcpiDRJw1Ui5U5cQJZ4CkzFVxbQdnNv4X5ubE2MBxUee,Bronze,1,HELIUS_METADATA_BASELINE
FcuJYBf6fMdc2DtpsrAWxSJSfABV6GGna9iQvfdEXncQ,Bronze,1,HELIUS_METADATA_BASELINE
FcvZsFyiyEhUpNjayP9e66iQjpH3f1wTx3eNzQKAmanq,Bronze,1,HELIUS_METADATA_BASELINE
Fcyt7QNyuAkEaQuvHTQNBf3Lv2sFzjhzBbQL174cvaSa,Bronze,1,HELIUS_METADATA_BASELINE
Fd1DbCqYxA8jzx3YosYXsotVDRiJrHaArNGQjpZGQ86J,Bronze,1,HELIUS_METADATA_BASELINE
Fd4osnPGfjmshNqjBuHRYVFoFBzaB1omQ3gQH9tVdWD8,Silver,2,HELIUS_METADATA_BASELINE
Fd7SHuka5J9RX4aMn8c99vokWynJndBAXtH88LZpnE3g,Silver,2,HELIUS_METADATA_BASELINE
Fd99Da9Kh8ntAHzv43rQWvBZCDZPbtEPmbBFmdVgyQic,Gold,3,HELIUS_METADATA_BASELINE
FdACrEhJ5BM4xwdJq1ttvGwD3vrEvRJmmSc95yFGuKfj,Silver,2,HELIUS_METADATA_BASELINE
FdMuokPoy7KfngZitNrohkMknvrW6MhTz9kaEqxwZE8C,Silver,2,HELIUS_METADATA_BASELINE
FdNis8BuW9uzBujbJ6PLCPxZzgUmvB24RxZK7RwY7Dms,Silver,2,HELIUS_METADATA_BASELINE
FdNq6Fty7MmGJhXnuisffy6MLtmrEJ7NPinxemjsLxWx,Arcane,4,HELIUS_METADATA_BASELINE
FdRainWSMEwd8Bsz9d96Jxk6A6CJU8VqKz6iqVewjJFs,Arcane,4,HELIUS_METADATA_BASELINE
FdffysrjxTwZfA9ck7q6FwKSWVDJESFh6s7Ek1FJZC9P,Silver,2,HELIUS_METADATA_BASELINE
Fdi8CrcrYetLNVkrs5XaKryKxokoprMAFzKMgUEmzAXk,Arcane,4,HELIUS_METADATA_BASELINE
FdwXceJSJ24rgivMFmLB1FxvmMT5TpXRvgeoAB7F9yBL,Bronze,1,HELIUS_METADATA_BASELINE
FdwrmMkTBYQ4QPnHfB5mowMD5orLPz34wMUeRgRTcQZC,Bronze,1,HELIUS_METADATA_BASELINE
Fe4JUZAePAzsSzfV98ZDKyZMK4hymeWXyS5Dyy4mmwFC,Silver,2,HELIUS_METADATA_BASELINE
FeHgVbmz4qDxBLfrXuX1FRgtZ5W2YxGJXy3b645Y1qCk,Bronze,1,HELIUS_METADATA_BASELINE
Fecz8873UzKxitegUU78K4fobXwA9RaZnhcS3g6WHTqG,Silver,2,HELIUS_METADATA_BASELINE
Fef4ci4DCH259xr4MYQcXayfLtmGDdDaGnsjC6dyLT23,Silver,2,HELIUS_METADATA_BASELINE
FeiaHdiMaoDRaUFhDDbPaJHcaQRLLFmGyiWi3zHJx9wF,Gold,3,HELIUS_METADATA_BASELINE
Fej6DmiDbNv5KKrLw2ZitPbWAjyweJMCdivPS8nrsShQ,Silver,2,HELIUS_METADATA_BASELINE
FekDJr2S2gJNErJqcaDWwQNHV82q6VDeWF8ysnB7q5pD,Silver,2,HELIUS_METADATA_BASELINE
FenaRH311mSdn3hRpkhncBsq6s6N7uaW66VbM9mZYR4F,Bronze,1,HELIUS_METADATA_BASELINE
FeuzfdrJ8zsHxyTtsdbwgjN68BcKNqZXruCkNArLt6pk,Silver,2,HELIUS_METADATA_BASELINE
FeyQjcYYtqghixBbFZnjM5BukJtS9zXbbdSV8aAqCe39,Silver,2,HELIUS_METADATA_BASELINE
Ff2nwoLCXvDXKR1sLfGcqvx94HCJ47HsWbiTWwvbKkDQ,Silver,2,HELIUS_METADATA_BASELINE
Ff8ZAWUZdNkT654FgXSCt9FjXm3uFcu4jbnhcWSkbw7X,Arcane,4,HELIUS_METADATA_BASELINE
FfBH2EMaC7siPuKkmQBgh5ZAsTrw3MycQtNcSTHdFJGH,Bronze,1,HELIUS_METADATA_BASELINE
FfFus3B7NNcRKjP58QzjfPhYkhdDgcG9fQ2QBemwdhQe,Bronze,1,HELIUS_METADATA_BASELINE
FfFwCMMHnNA5uRuywmUVDbsvqMvpk4q73gaPsfs7mfFJ,Bronze,1,HELIUS_METADATA_BASELINE
FfH7PCtWEMhpSQke46H1W4F2dXKvVbR1rvDYmFmo43m2,Arcane,4,HELIUS_METADATA_BASELINE
FfZrypxmcBjfNxY6HVKpgAC4EAvYUgag1BUnt5d6oUB3,Bronze,1,HELIUS_METADATA_BASELINE
FfczF7UKDxJzRmpEDPHPDcbob7qn94GDetgxq4iS4VeP,Bronze,1,HELIUS_METADATA_BASELINE
FfpUK3ADSJ81YVGdMoKXb9yykxyqbhMUt4JoB7kwt9VM,Silver,2,HELIUS_METADATA_BASELINE
Fg9hRjBur4xv6xPhiVERHJy37RADMwsfbN3Kdm7xZdUH,Bronze,1,HELIUS_METADATA_BASELINE
FgKNE5AVyDM1FaUu7UY84MMyaLrinN6SysdvcxBAZECQ,Elven,5,HELIUS_METADATA_BASELINE
FgSeoJCdnXqTbTtPZj4Z5JUCGSho3sm17mFb7766UfXE,Bronze,1,HELIUS_METADATA_BASELINE
FgkYyPobWydnpZUrz4WaS8SeD4Nvh6G2GrbL9CTkCdE,Silver,2,HELIUS_METADATA_BASELINE
FgtzRHJBSfrN1eYgcoeBmXhNVA2rPWG6NqxD5LWU6TGk,Bronze,1,HELIUS_METADATA_BASELINE
Fh316Y7AfsacWimDLhzEU7AngabkDb3uj5fmLwkP29yD,Arcane,4,HELIUS_METADATA_BASELINE
FhK8qCq8fGiTMVMwGuzDMiHyppCA4Ajevz2BsKvYUa5E,Gold,3,HELIUS_METADATA_BASELINE
FhMmNPfqHHud9sPS7WKoJmzzuckGUg1PFCKCTitbAc9Y,Gold,3,HELIUS_METADATA_BASELINE
FhfzVFQMjoTzU1PwHo3EqgtokcLWkPm8gX1dMfFSkedv,Bronze,1,HELIUS_METADATA_BASELINE
FhxN38NELEZgAg8Ud2MDv6YQMpCVov81szhsvdVAbCV,Gold,3,HELIUS_METADATA_BASELINE
FiMccBG44PE5RcA4rAFWKskYS7GBFbfMGWfbtenYQaB4,Silver,2,HELIUS_METADATA_BASELINE
FiPsEdvYe2edLVK8S5PwefWV7j5EnXLDCQhf2UG3S1xq,Gold,3,HELIUS_METADATA_BASELINE
FiZf2gTRTX2PBYmqdaQoqYZCEMGE8ucihH3Q2KYMtsje,Gold,3,HELIUS_METADATA_BASELINE
FigpmFeGTyyPJDuUao3R7oAidyvAsyQxeRaKrJQ8v6rc,Silver,2,HELIUS_METADATA_BASELINE
FiifXR7tjJzokL2Npf97bgbLVQSh4BHTTAhWD6KaLuXL,Bronze,1,HELIUS_METADATA_BASELINE
FijqFa5PNZ6oNbkiYwSmdbEAMP4F8NznCMjjMuJ9DsX9,Gold,3,HELIUS_METADATA_BASELINE
Fitx3Sv54cUwHBYGygvXMLGWabMe1qZYrDnrMMRG4kRR,Silver,2,HELIUS_METADATA_BASELINE
FjW79K6WuRax2oijG2gdnzG3XmbR2tMnQ1mKkqGfdf9w,Silver,2,HELIUS_METADATA_BASELINE
FjYWHRpy7x7PhwJcvWCAwR6i6SwPoQWnLcayuKCNu5wV,Arcane,4,HELIUS_METADATA_BASELINE
FjbBRMGSaDBxEqT2bcgkSG4Z3TxtZLFn5jyHtUj2oV6F,Silver,2,HELIUS_METADATA_BASELINE
Fjexgb6Fb8y1h97n3Vit416qciMGhuKf8pWp6MAbEupZ,Gold,3,HELIUS_METADATA_BASELINE
FjgQ6U4yJULvsUzdwpGMsXVyV9ZR4G1qSM7pcwXJtxm6,Silver,2,HELIUS_METADATA_BASELINE
FjkWEHJiXmiXjMVMHoSsbzRDsQQXuaW8ARKYfN6nEnmF,Gold,3,HELIUS_METADATA_BASELINE
FjshuWBMCbQVeS2vERWDhuLsPPx3PM7CnFEQCYA7xSBb,Bronze,1,HELIUS_METADATA_BASELINE
FjxgGxzkDx9Mj5Ngycdm73KpcQ7QjCmNgV7bf6dGCaFQ,Silver,2,HELIUS_METADATA_BASELINE
FjyXXgLSUcarpJMfzay7SMQaNLG83DGKKVux1oC95hNf,Gold,3,HELIUS_METADATA_BASELINE
Fk215bXG1HnFAawxTmnkXVbj7G5hYncHrNhJ33ZBZRjE,Bronze,1,HELIUS_METADATA_BASELINE
Fk79vqdUj4JUUvU9kHnZGrtr4B6FP4tkP2SmGrMohNJn,Bronze,1,HELIUS_METADATA_BASELINE
Fk8YtQkVNTJnw468dJ2pW5r4iQ8bL3TxsPYntiZSjX4U,Silver,2,HELIUS_METADATA_BASELINE
Fk9zyT5p3dcd3tezCBjcrwcRVpqVXZkw6Ah6DWi9jWbT,Silver,2,HELIUS_METADATA_BASELINE
FkFZ2CqKu6p6NgKfn5PyVBF7VcdmUdFagJ5VjY4e37Go,Bronze,1,HELIUS_METADATA_BASELINE
FkFijTSD93L2cV5KqcEMLR7gzQvMTxb89634gEwQ4Nks,Arcane,4,HELIUS_METADATA_BASELINE
FkHwuxv8T8CYKeWfzxeaDrDra82ziCWGAKTjjtjBqbcJ,Gold,3,HELIUS_METADATA_BASELINE
FkKfgGEoj23hnKX3PxZsGtpTH231cyqmhDv4CxoBH9ub,Silver,2,HELIUS_METADATA_BASELINE
FkKm11uJUonaoEnThBbgMha9GbTtZFELRSEjpXCVSfrF,Silver,2,HELIUS_METADATA_BASELINE
FkTqTtnyZM4TnrWYHiFfFaUaSx2aayZz48dnhFD2XrmY,Bronze,1,HELIUS_METADATA_BASELINE
FkUGN61dsUjZtMFPfVqXdYm6XHAoQbj3KZsjSwneCbDb,Silver,2,HELIUS_METADATA_BASELINE
FkcndpAK8AEu9GEskS7Ro4gAh6vbHJJtxeDhGpqJF5By,Silver,2,HELIUS_METADATA_BASELINE
Fkd9aXcVp32r3g3zfQQWUjsY2wCbwWPGAHouTaU3Qrso,Silver,2,HELIUS_METADATA_BASELINE
Fkn3Crtza7yJPNGGs6JXq7hakdLhQtoVNZjxJrsHPLhD,Gold,3,HELIUS_METADATA_BASELINE
FkqoosYAfMx8LRTrkt517r8xv3wSWCSar6bM8SpS1bDB,Bronze,1,HELIUS_METADATA_BASELINE
FkzDLXgbhVq6z71WndEX3aoZVaHNYqxfF7VrXTPvUA5T,Elven,5,HELIUS_METADATA_BASELINE
Fm28r8J2CH8peRX5Gvco1mQqW1QWQuJXFEVghcUVanQp,Bronze,1,HELIUS_METADATA_BASELINE
Fm4G86pHXc9qNyDrWJpFGnCqJwtNi8gayFuWxYmUCyKh,Bronze,1,HELIUS_METADATA_BASELINE
Fm9L4i1kCCQ5mhHvmgNMFwYWSwCCKZZy5Tcy329AroEr,Silver,2,HELIUS_METADATA_BASELINE
Fm9i75evxkpX1cfGq2owKGYjqDbFiSbKjvRFFPHZBNRS,Bronze,1,HELIUS_METADATA_BASELINE
FmEhXEoksbbqRsfQnxbTJgsH1eW3TDxB6u3x61WMgnNA,Bronze,1,HELIUS_METADATA_BASELINE
FmHs6FDe2QJ23PZfyzegwGLCNDPwnuRGequEKgXy5Kde,Silver,2,HELIUS_METADATA_BASELINE
FmKqhoAHVfs3afFAdrunkE19KgNzstuYfRYnAN7cn1EJ,Silver,2,HELIUS_METADATA_BASELINE
FmQ4JManXBRmTWjCHz8GgaKWD4ayZACe4zWPpoJjPyUr,Bronze,1,HELIUS_METADATA_BASELINE
FmW7oJVq71wUcPiez5TQvDLjaNWMAHu7jy6ihiTMowBr,Elven,5,HELIUS_METADATA_BASELINE
Fme6Zf8giCaKRLN6SnBhcThYthCfjBAjU9Gip2fUBDPU,Silver,2,HELIUS_METADATA_BASELINE
FmyccrhHpd8bNYHfKHZeFSkfKJk4ckjpRCbWj6fUBTcp,Bronze,1,HELIUS_METADATA_BASELINE
Fn37cCi3p9yf7snxrBeib3bXy1YTfvv6b2uMepcoZGXf,Bronze,1,HELIUS_METADATA_BASELINE
Fn3J8LHWcSsj8o8jonnedXny2Yjos5YKpb4UGbB68VD7,Arcane,4,HELIUS_METADATA_BASELINE
Fn8SMd4M3TPAtSfmLuU9hW9aBM5SomSyPkfgZ5E9dJRw,Silver,2,HELIUS_METADATA_BASELINE
FnGQWZXbxdKnaL77kiHVFDo2pFt1Pc8iizY5imQdnSrh,Bronze,1,HELIUS_METADATA_BASELINE
FnJxeFKGpiYN7VbrstWJmW4cuf6AER3KE1XJso928rd3,Bronze,1,HELIUS_METADATA_BASELINE
FndY9LHkC6R2JTpduVQPoqbTnJ834EHjVPgmQxMUwZgw,Elven,5,HELIUS_METADATA_BASELINE
FnfhVVNHLS7MZaiLpvQzYwtYXfjV9ywJz8NBFNz1er9J,Bronze,1,HELIUS_METADATA_BASELINE
FnpM9TGcsY9S1C7rsW6AGCCw19c3werbza2yUk81xH6H,Bronze,1,HELIUS_METADATA_BASELINE
FnqmXbACaoB9wQy2A3AJUW7t4XaCpK4qQZvqW1CN8DxY,Silver,2,HELIUS_METADATA_BASELINE
Fnt6315GKvZ7NaYSXmmaP4H7kAr4hzhJhFWhwmMCnVL8,Silver,2,HELIUS_METADATA_BASELINE
FnwSps74PzVLnMSRh33s5ioG2fnSL6RdL444hB7SgbB7,Silver,2,HELIUS_METADATA_BASELINE
Fo3SWMfPkhWQ9xLG5VWoBouWjYFA3fv1HfvZBzjA4EMf,Bronze,1,HELIUS_METADATA_BASELINE
FoBRUPsjaWvGztqDkDQdjUZoUAuwmdKr3T4tEmv9fnpz,Bronze,1,HELIUS_METADATA_BASELINE
FoJF81k2G4w34tK9H5UH385KkNhiL2BrwuWkRXAVgbUo,Bronze,1,HELIUS_METADATA_BASELINE
FoNZPbWgCezKyKdvjSjtgptkhoLqd8HHXKbR6TFnJqJc,Elven,5,HELIUS_METADATA_BASELINE
FoQGnGhVFhWksapsQLWqGud27gM6WC8r9tfKueDdPGcU,Gold,3,HELIUS_METADATA_BASELINE
FoShzES6tt6KmX87N5t3qNQuGgK6zSS9UbjwrcH1Xe2h,Bronze,1,HELIUS_METADATA_BASELINE
FoWJrANQ37qoGxEWBegoEBeiDnJoYNevnnTH6Fke7nFR,Bronze,1,HELIUS_METADATA_BASELINE
FoWWrkBLkB5hVn5znt8NwECGxKCfazUB8YdR6qPZrnaL,Bronze,1,HELIUS_METADATA_BASELINE
Fobtwj7x6sni1zUuAuNYbUq895g8xAh2qLTbYThHsWaW,Bronze,1,HELIUS_METADATA_BASELINE
FoeZCWokEGPKs1bkLMDKwpuCy8ocyi9Rfz9phEouGxpD,Silver,2,HELIUS_METADATA_BASELINE
FomrwEXykXKDZwef1rJN8yf58fQd5TysdiyLJ1F9egZE,Gold,3,HELIUS_METADATA_BASELINE
FoqSV3yzzbgffihC11EMczwmrF2kxXSHsKJtna7bc8RJ,Gold,3,HELIUS_METADATA_BASELINE
Fovd5CS8aRCNNae9hvSFQLDic1NMMT5tgzaDKo2LhAL7,Bronze,1,HELIUS_METADATA_BASELINE
Fp4DKidn2w5x3Xo2xvTcbodEGRR4mZwVrXDG7VBCRTsG,Silver,2,HELIUS_METADATA_BASELINE
Fp9FVaTYbAhGNXhfkAhhy4M24rCwGQwE8ESAu6eaf8Vv,Gold,3,HELIUS_METADATA_BASELINE
FpDZpKQUe3BxuqDqfzRqaFHs9faAtBBpKFW4LtqUrw24,Bronze,1,HELIUS_METADATA_BASELINE
FpKxAjcNn5RemihWut4h7y6Tup4HrSf5b47cDWLLhzjH,Bronze,1,HELIUS_METADATA_BASELINE
FpKyHRPk55RSaN4pZez55qd4ctkFdCBC4qngXxrDHCms,Arcane,4,HELIUS_METADATA_BASELINE
FpMYYLVz1NzHR21YkixbajnsDxju3LR1euB7M1ZtvTX7,Silver,2,HELIUS_METADATA_BASELINE
FpQWoaei1q559xTwA18oYD7hJpdFuFuGWRKJSb6hKuti,Bronze,1,HELIUS_METADATA_BASELINE
FpZGQtmfy8xXPZHbY6LNwcEt87xUaxRCThegpAjhnq5V,Bronze,1,HELIUS_METADATA_BASELINE
FptdqzSfKUzQCqm2D2nBYaaL54NGGVRpp2ni2yX7UoUi,Bronze,1,HELIUS_METADATA_BASELINE
FpyMtayELhYSJ98oebUFx297g8Edvx89P7x9PdTDJtyk,Bronze,1,HELIUS_METADATA_BASELINE
FqK9hDHuQiVCWpH7jaqFA25tRfAxj4zduz3fP8V9Kegn,Bronze,1,HELIUS_METADATA_BASELINE
FqSFdE42SVQAtQd3VcZAhZbzKRCJRCv5CatwBXAGBNDb,Gold,3,HELIUS_METADATA_BASELINE
FqTGJd24jDeAyfc1TNrYWJbfw11rs3nkzbzovcb4Towd,Bronze,1,HELIUS_METADATA_BASELINE
FqWQY5qr6df4kYvBNNjMoVxamvPcAxBZTjogLQLQTkoB,Gold,3,HELIUS_METADATA_BASELINE
FqcCXivqAYWzz4HW1BPu86Fu9waQnFLboyG22c4ixBVA,Silver,2,HELIUS_METADATA_BASELINE
Fqe9fXTLvHaomVx2daKuykQpudSwfJMENWzHmEW3JA62,Silver,2,HELIUS_METADATA_BASELINE
FqiuFkYGw8R29puwj8rqoTAzkKGWfkFt9RY7ovLs18YH,Arcane,4,HELIUS_METADATA_BASELINE
FqjuTGkzpH62Hp5P5kUU47sEMnHV2PfMyBjypEQCJBGf,Bronze,1,HELIUS_METADATA_BASELINE
FqvGrJMC6h1QCqkEJrANXKnVQDaYZNkq2qjenwvi2b4s,Silver,2,HELIUS_METADATA_BASELINE
Fr615fkYnDxetdK6mdJKHURskAT9oMVwsXxvVaWVJ1p1,Silver,2,HELIUS_METADATA_BASELINE
FrANrgSX7UiHsyfG24E19xxy49SGLP1zfz6EHF74Csw8,Silver,2,HELIUS_METADATA_BASELINE
FrAZBRPUZS6ss541nhRBZ53DVf2gAXjszMamVUsafB8w,Elven,5,HELIUS_METADATA_BASELINE
FrHhwFLMEivvr5XKMevbuYtHAmLCDFif2AJJ3eFWCves,Bronze,1,HELIUS_METADATA_BASELINE
FrP8cisf71ko6fULYQushSyN793CYYRg9d7Tr1cENeKg,Silver,2,HELIUS_METADATA_BASELINE
FrQbRZL7jyTHQd6iVv4GgmYbT29jyy3vurhf775NR9GQ,Bronze,1,HELIUS_METADATA_BASELINE
FrUhHhQopHiFidWZfg3UE3ZuAkPAMpJ74DCq5NDfxtk,Silver,2,HELIUS_METADATA_BASELINE
FrgETJ8BBLFwJCsXemXNRTYUfe1vtjAoxLYDNwGNguUb,Bronze,1,HELIUS_METADATA_BASELINE
FrmLsCRfboNN5JLv1dM1ofZH5B54hkhr5wFJmZ5jE7Qf,Bronze,1,HELIUS_METADATA_BASELINE
Frp79UFkzsWGRqEVXJ4bMkdJ4WdGtGT28EyT3VLBUrLF,Silver,2,HELIUS_METADATA_BASELINE
FrqKqFryJA6dUyHtkvtwHFFex3zhkMCxYFWDU4AK82Mh,Silver,2,HELIUS_METADATA_BASELINE
Fs69nDNQrTksVgLdprujrLTfhDDLqMP2i3EWaBvpxr2f,Silver,2,HELIUS_METADATA_BASELINE
FsEmdatfLjnzSBw8pz3MRyzPETjKfV8t7dpUBAw1Xgex,Bronze,1,HELIUS_METADATA_BASELINE
FsaDJ1r7nbLgP15pxjx1L49bfe4W6Q8v4E1XmNG2tVKE,Gold,3,HELIUS_METADATA_BASELINE
FsdMH6NfUbK3YKD3aSfU6Rpci5ZgcmtqnqnWv8SbumNZ,Bronze,1,HELIUS_METADATA_BASELINE
Fsg7uNWC5Ge3KToU3BnCCv2TDSo4qxqcdwdZaqXH9tiD,Bronze,1,HELIUS_METADATA_BASELINE
FsrNp992MARNkGChtG4GbrumuhCS9c7P934rUcVkN3sY,Bronze,1,HELIUS_METADATA_BASELINE
Fstvo7NjxgCD6pKUtW5Hnk4Zh3wrmCw8xxA6TJzSGcc3,Bronze,1,HELIUS_METADATA_BASELINE
Ft3xCcXG3HdxwvDc4UY5NZGJVw4YTjmLGEbVuKbFLqaB,Arcane,4,HELIUS_METADATA_BASELINE
Ft8hW1jos1NiHajF5NWG1x6mdAuqW9tVtmpGbxFvPHqH,Arcane,4,HELIUS_METADATA_BASELINE
FtP7z4CkUxSGNJ4W93rykAkgEgZczyJF8PSFCrPPik1G,Silver,2,HELIUS_METADATA_BASELINE
FtPugw7vWUrtbxVWYkGP1q2923dmU6zxr7XcV5VgoCH7,Arcane,4,HELIUS_METADATA_BASELINE
FtUrfKUVBQV8BmReK1RF2oSzbPnJogdRFFE3s8rp1tMk,Bronze,1,HELIUS_METADATA_BASELINE
FtUxmvLwK3ZEha1FWkyqviYseLXCckdwfcSN1BnpYf4y,Bronze,1,HELIUS_METADATA_BASELINE
FtfxxGD1CG5jLdyMUHi2wpoGN7tKLZBu7XQ6M5CwfE5p,Bronze,1,HELIUS_METADATA_BASELINE
FtgLscAeVTPS4PfPKRDujeE1M3VUwoCEYTKzqxmGn7N9,Silver,2,HELIUS_METADATA_BASELINE
FtiYZxNVDjb7C4eUtQAm2mNHSVKoEekuytDxaHbfzL2x,Gold,3,HELIUS_METADATA_BASELINE
FtpTydzQZAsLw2DgxH5sAtG7oTPWLKL95nGGG3FA8cwr,Elven,5,HELIUS_METADATA_BASELINE
Ftvab6nntvVux3Q51uNoyM9CQqxrTzFrxvoDvyoqF9bK,Gold,3,HELIUS_METADATA_BASELINE
FtwD819X2G21Hypy6biPRN56ZL3FVe15bqj9ZKuFzBnR,Bronze,1,HELIUS_METADATA_BASELINE
FtzZBbvusdizs8v1g7UaZijBt9faKo527XM5ey4aHDb,Bronze,1,HELIUS_METADATA_BASELINE
Fu5UYEakgDbt3V3pPiGAUjKsWTEtRuyJoimCSWhAds1S,Gold,3,HELIUS_METADATA_BASELINE
Fu62wV8nTWpcb5iPojFfgaRo5M9hNAP9qP3FEV4Qyydo,Silver,2,HELIUS_METADATA_BASELINE
FuATAAsUPKHiaB7SnLnDgxLVp3sryLmKGSQKdZyVJVoq,Bronze,1,HELIUS_METADATA_BASELINE
FuJrErdVjJKyixQjSK9DmSbuHejqJRfGLA58TkmGtotU,Bronze,1,HELIUS_METADATA_BASELINE
FuKphDrRHukjkAegZp4VW6sUCnf8XHPa7rk5SUuVqiHK,Gold,3,HELIUS_METADATA_BASELINE
FuMWdB4v97VDxnQaZXLqQsT74DbJmqmosjSPLNTKqrEH,Bronze,1,HELIUS_METADATA_BASELINE
Fugft7yEoi5KpxkEFRbCDqs55AFQD99ECpack1zfimeD,Silver,2,HELIUS_METADATA_BASELINE
FuhbyujArqiDwH8cAmYs8WgZRr3av4Zw7T619ZPn6B4x,Silver,2,HELIUS_METADATA_BASELINE
Fut8uhpfP2ZordwmC1p5p3R9KPz6TEfp4D4z4n5ZpEJv,Gold,3,HELIUS_METADATA_BASELINE
FuxU2uzgkUA3H2WJSE6SmZUJKRtSZZj5q7c1kRj9grbz,Elven,5,HELIUS_METADATA_BASELINE
FuzZZi1MQTKGabi5Qrzv3iN8fPFYcb6LtNQzU5QQfvSz,Silver,2,HELIUS_METADATA_BASELINE
Fv1yicwRcThSLBFQRQ4Ynd4B4bFBzYzffEeno9nW7UzA,Gold,3,HELIUS_METADATA_BASELINE
Fv6AKkBeUXLThXf16BQFyiVtccsLk4XoyPLyEPCm7GW2,Bronze,1,HELIUS_METADATA_BASELINE
Fv9ANiKnLjDVrd5Pdffw2yr1QuXsvR1PNMU6KVCrsuT9,Silver,2,HELIUS_METADATA_BASELINE
FvKH16vbWj2nqCFyghjwuHkfeTQrLWvR2fFwtA25AWAm,Bronze,1,HELIUS_METADATA_BASELINE
FvbSUyTUhrLeY5WugWbQNPk6eKLkc3eDN7Tw39rNXWRx,Gold,3,HELIUS_METADATA_BASELINE
FveYHJYq3JHd2d96ByzeDR1LqvQo9PYwvnzvYqajGo5g,Bronze,1,HELIUS_METADATA_BASELINE
FvfHYxKmr31jxBTkj1xsfgGkXsWur53dJ9dXFauXo84E,Arcane,4,HELIUS_METADATA_BASELINE
FvpJb6fyiMXzKy9zDHjUsSRKkZ17anRk5VajtQTvdrHR,Bronze,1,HELIUS_METADATA_BASELINE
FvpsQ26hJecX6SdSV2EcdZq4Wpzenqx7usLu2kHz5hvk,Arcane,4,HELIUS_METADATA_BASELINE
FvsgxAqQRJMuaCfzpzCgS677xM5JbiXcPS2xrTdhVVE6,Silver,2,HELIUS_METADATA_BASELINE
FvwmvbjYZ4CeRovdETCRgNDzaazDVFDKw4qRc3eCicKB,Gold,3,HELIUS_METADATA_BASELINE
FvxBNVWxjNJbwH62cCVUoVdc8m6jQ54WZqhSjzRXRXwH,Silver,2,HELIUS_METADATA_BASELINE
Fvxwhj4aJvVgFooy3BL1V112hPEuinELYBxaRmVJB8Ar,Bronze,1,HELIUS_METADATA_BASELINE
Fw1ezxuQwE55hvQd483ieUtoxm7Hr8qSjdTWQUG7Kymp,Bronze,1,HELIUS_METADATA_BASELINE
FwBQF2P33bdYGdT7c4KsKR5BtgZNQJ64sMb7RspQf4J7,Bronze,1,HELIUS_METADATA_BASELINE
FwBiPnqTVbMbi3RBgRfxNLPBP22jyBDKbFhZ6SgsPbsq,Bronze,1,HELIUS_METADATA_BASELINE
FwU9U5ovE1NsEDWiyPx137eMc41hcQadqjowKRmgYw3t,Silver,2,HELIUS_METADATA_BASELINE
Fwm65tbNx8zWNHQ7xS1u2KRm1fTLX9EAdEWJxXUUyVj3,Silver,2,HELIUS_METADATA_BASELINE
FwmFZinJfdgq6suzNPysvFwMfqg7QQdRyWneWJcYBvv1,Bronze,1,HELIUS_METADATA_BASELINE
Fwqp8nWmiaV6naN1Xo6uGcbmhn9jwQBu2CRYwkAyqTWX,Bronze,1,HELIUS_METADATA_BASELINE
Fx2tc1q3CLUdWSYyzHyUCs2bdL6fHYQjoHuLv1YowM9v,Bronze,1,HELIUS_METADATA_BASELINE
FxCAgsv2y4nQhuWUKhaxRGqM2g2ntvf5KtW9YMDEQdZ7,Bronze,1,HELIUS_METADATA_BASELINE
FxTu7fKmUK91dqJBx8r4vHLVykf9FLfJsXhSosRwQgsf,Silver,2,HELIUS_METADATA_BASELINE
FxgxNhAmm7C1kvXUc84G1K3Z9PwgCXhGcFzk5QuKJngb,Elven,5,HELIUS_METADATA_BASELINE
FxzwqkwhD7R5Q83yuz2CHCdDFcPSNMWLjinWznnHXRCP,Gold,3,HELIUS_METADATA_BASELINE
Fy1ARqYcGUYnCZZHjLhAKaLMgg9Ci7Rs7URj5GizRNQR,Bronze,1,HELIUS_METADATA_BASELINE
Fy7H8DGnhtqWCD8karh7ABa9XRAXqdnipPaAmQWmQ7Qt,Bronze,1,HELIUS_METADATA_BASELINE
Fy7NkdTgaUKC6yWEe6FxbbevgxAjfHahGyqt8Rrv8HG5,Bronze,1,HELIUS_METADATA_BASELINE
Fy8D4SMGS6ZKYy2M397dCPox9PHd1mn16UDBnEr85YS3,Bronze,1,HELIUS_METADATA_BASELINE
FyBEagZsYbQFRucNRRF6q3noks6Rrz6UGLzLWjZ3c6Dk,Silver,2,HELIUS_METADATA_BASELINE
FyHQeTpWtMvKX9VUhwRWEAjYd3ggifE8k4vtaQFcuXqG,Gold,3,HELIUS_METADATA_BASELINE
FyQLxSn1ZUEC6GycF1uk2rqWAWkgtVtMxyJLNdPvzBKM,Bronze,1,HELIUS_METADATA_BASELINE
FyZdMx3NxEthJbZr6F5c6xVKPgXqXhwXYeDdZrQNKsLR,Silver,2,HELIUS_METADATA_BASELINE
FybL3bqoVPmCL2BtznWNyCx4mAF4ybxnpn82JY5dPWXg,Silver,2,HELIUS_METADATA_BASELINE
Fyf7LJV5cVaV8oGAYzHuVdVtgW8wnT6SXNzWwHacVu7g,Bronze,1,HELIUS_METADATA_BASELINE
FypbKZfbWHZozhHzWQckTS2SPnRctqF2ZnqzgmFweNX8,Silver,2,HELIUS_METADATA_BASELINE
FyqY7S41xV7diKJNroLjS18ZdeEMdLif2QGMHBW45cKN,Bronze,1,HELIUS_METADATA_BASELINE
FzP8G2927t6aSnmbajCriYn6UHXrdwYitLu9hetr2r6Z,Silver,2,HELIUS_METADATA_BASELINE
FzUGqr21upTfjCtNbRAGtydek28ZNhLD5WtKRjA1zEBs,Silver,2,HELIUS_METADATA_BASELINE
FzVCTzPNMjMwJwivkmDR5aMNNW9kfteK64uq4ddpfUfP,Silver,2,HELIUS_METADATA_BASELINE
FzWp4sYY3Q9eSgiy3pbTutfjkCEfphuDxkeTK6D5FXDb,Bronze,1,HELIUS_METADATA_BASELINE
FzfeemYzq1KwznaxUN7UYH1AqmPokBcAFeN8qwUh8Zvh,Silver,2,HELIUS_METADATA_BASELINE
Fzj1VTTL1a9ZLSX1L2cx8iaQHnnJELbEVHTZ7X9KnfgP,Silver,2,HELIUS_METADATA_BASELINE
FzrLYKHXVzRBJPUZGAsUeH4nBjZVEFBXoqbw4XRNsqR8,Gold,3,HELIUS_METADATA_BASELINE
Fzs4ifa7hUr5G845XYbDAdbaQj5D26eUFumXXvAPzBjZ,Bronze,1,HELIUS_METADATA_BASELINE
G1BnDBKSoHaFLsA91eQLnx8n83r5Cd7ExF2NA4qZ3SEz,Bronze,1,HELIUS_METADATA_BASELINE
G1Eb16Jj4nM5s1tpUKAJbZYZJpyKi6ErueHX96EgVeU,Bronze,1,HELIUS_METADATA_BASELINE
G1FeAREn42KxyPLDPXfsZncNNY7d6cFoEaMHBdHkjUko,Bronze,1,HELIUS_METADATA_BASELINE
G1K8Em6tFBVJBSwiEj2T9DXsxmjDLoPj7a8YnnxYdTRJ,Bronze,1,HELIUS_METADATA_BASELINE
G1KNqSvjQzATtMhwqV3wAscUjLyvC45emvoih6rsqMUi,Silver,2,HELIUS_METADATA_BASELINE
G1W5mhFGnbguXcCS826nABBEeWfAmkdvWwymtQguUgDM,Bronze,1,HELIUS_METADATA_BASELINE
G1WGa3zSQXzoPL9Hzyp7Fn1mTtnTBUJTzqQzo35FAYa4,Bronze,1,HELIUS_METADATA_BASELINE
G1Zz2mobeFjcLcJnVeGpVp4n8rpsA2xuwE2PFdzGiYK1,Bronze,1,HELIUS_METADATA_BASELINE
G1oMAXqzTWun9YjH7YGR3Tic557jdB23icXskpexpMiQ,Bronze,1,HELIUS_METADATA_BASELINE
G1sXbwngkBYZEzEjgXxdWsdho5SwEQsSZSQGjDgV2HW,Silver,2,HELIUS_METADATA_BASELINE
G1tGNi5HLMCuVbYezQ3KBtHtS5srngWhenFzaiXKUE6w,Bronze,1,HELIUS_METADATA_BASELINE
G1thF3w7ksij8BiMAif5o58G7oy75aMETrUAqbyNkjE,Bronze,1,HELIUS_METADATA_BASELINE
G1yK5e1PrRauoWrUBwRNmFdCqJ75txTBdN1438Jns4xA,Bronze,1,HELIUS_METADATA_BASELINE
G1zLsV4tRASt7GntyJMQ6QaUMhG3HBp1vEyJynzurJY,Bronze,1,HELIUS_METADATA_BASELINE
G28SK8Ld8HNZDvJKsoCQZ5ekkn3DUvDWDqtSEsHX1XNR,Bronze,1,HELIUS_METADATA_BASELINE
G2HNdb5j9HnrdknVEqVeqKkTCfB57CmUrPcSBiHa2ZtZ,Bronze,1,HELIUS_METADATA_BASELINE
G2YkyNwLmp2GQN2YmeTzzVv4N5ztbC9s97RKoqhv2BgG,Bronze,1,HELIUS_METADATA_BASELINE
G2rtGF5AiasybtFBKi9HCmc8787ipuqVasxdqw3DMKpD,Bronze,1,HELIUS_METADATA_BASELINE
G2s5w7rQCFugP4Fc6HDfeAVooG7HYhEdA9V3sNAktnow,Arcane,4,HELIUS_METADATA_BASELINE
G2xHCkGd8jTghoXwEZogSRYjCrazeJ7qBbvxYdzD2Udh,Silver,2,HELIUS_METADATA_BASELINE
G3CP5QBnaqNscKZi4Rf7wmeZJyj1wDWmC7QodQszUDfC,Bronze,1,HELIUS_METADATA_BASELINE
G3F9yTAfnAW9YqR8X4qGnr5unmAVmQEDEr1KH5ZUFZqZ,Bronze,1,HELIUS_METADATA_BASELINE
G3RhhTyf1X21WHyq6DxDzAuZX8wJR54kymWrf2qwzR2r,Arcane,4,HELIUS_METADATA_BASELINE
G3iU2BqAhkwqsdZ6VUQze187TU3GrTsYDDjsHWgxttEg,Bronze,1,HELIUS_METADATA_BASELINE
G3jCtLJEvrTzfrPByRueG1kttw5FWFRPWkBJH3fXAVoG,Bronze,1,HELIUS_METADATA_BASELINE
G3qyPooZN5Jk1wbzQd71nzk65MAZkYLVDxFTTM8gk9gu,Elven,5,HELIUS_METADATA_BASELINE
G3sUW4K9pK1UzA4N4LNsPmy64B2urMRAXCPeN3b36vyY,Bronze,1,HELIUS_METADATA_BASELINE
G3yz4d2PM4RgBibYc5HjBdov9y32maQdJa6SLsTj3vCF,Gold,3,HELIUS_METADATA_BASELINE
G47qUFYBzeNqvNKd3Ha4KTiJcVdbd6fScfBXRRuLAfWW,Gold,3,HELIUS_METADATA_BASELINE
G47sAzHEgrb7JQFZ9TvvoPVJRJCsT3Bpuqi4brjV42ta,Elven,5,HELIUS_METADATA_BASELINE
G4Dmn2B12yFrM4XF6Q1zY3G43V8Avpp2Fe3HdL4YzpA9,Bronze,1,HELIUS_METADATA_BASELINE
G4FdetJ6DJyV5yEPTWVefgpUwxEPJVPCKXfR5KpsdwH7,Arcane,4,HELIUS_METADATA_BASELINE
G4gMugG8XhtyFKbNsg242U2H4yT9VRC5beNoqSsCFGNL,Silver,2,HELIUS_METADATA_BASELINE
G55eT6c6E468337asSpKWTZNgTRRqnyxtpTLKrqrCKG5,Silver,2,HELIUS_METADATA_BASELINE
G5JQj3GvapmVrJARYtndcHfbyeFTtDKGWmUVh9XeGNhM,Silver,2,HELIUS_METADATA_BASELINE
G5MvJeKdqM7RjsHrbFLJR8RhPc2hD1wSMzSXCZPBjJTN,Bronze,1,HELIUS_METADATA_BASELINE
G5PxC795Hn7iAQ5Ti1mxZcbePJsbXzEfsEQVyLeTbGD,Silver,2,HELIUS_METADATA_BASELINE
G5RXRb3bX173qRmdyGxgVFEHcNckuqjfZE3CEYXNLkXD,Silver,2,HELIUS_METADATA_BASELINE
G5XAqVbgf9dqh81BYmxy6mFoFxfnENJBmjSSL3QG8Trq,Bronze,1,HELIUS_METADATA_BASELINE
G5a48rjuFzLTYyA65paq7pDaoxQjWoWLqmaKuYvWE45N,Silver,2,HELIUS_METADATA_BASELINE
G5ioteJ1YSie731R7cjbM2r79Rbw3HUuvhJ3CiPa2PaY,Arcane,4,HELIUS_METADATA_BASELINE
G5kb5FHov1droh1TDnXbMAkWjPMTnbNUWswbDGPzy9of,Bronze,1,HELIUS_METADATA_BASELINE
G6ES97RDVRTjpjBqC2DGhuWgkh9kW3PD1rGvUcabhGtG,Silver,2,HELIUS_METADATA_BASELINE
G6FzRWpbUDZvNqkGyrhksYEM1kLFcSGSgYT1aHj4NVgT,Gold,3,HELIUS_METADATA_BASELINE
G6fN6ZyduvEujvwsMeuGM5QDqNdKziZcA2xcnRQ81k5b,Gold,3,HELIUS_METADATA_BASELINE
G6iJYwSkUhu5Vps1CSYtCrf1EPKL6iEHEbuLgwYZwXkG,Gold,3,HELIUS_METADATA_BASELINE
G6jCMN7E7gQLU16d3gEFSsWhTYFxG72XHW26ypFVBSNq,Gold,3,HELIUS_METADATA_BASELINE
G77DGVSetQLP9AQLVshGBRbZy2CpAxx5DMBuooBM1Mn1,Bronze,1,HELIUS_METADATA_BASELINE
G77FmsV8jTgToRgaHiYPyb2WeSoGpTGcTV9A4DymRbG1,Arcane,4,HELIUS_METADATA_BASELINE
G77y9fC6dLGYVF2YsqVX7Nb2heNRzAPVi45hEGLKziwg,Gold,3,HELIUS_METADATA_BASELINE
G7Cg5rVm1qr4RrxLhpcwgmt3TYtsFUaAuEp7LiiW98Ei,Elven,5,HELIUS_METADATA_BASELINE
G7ESbX5AFYVTaJHpd5VVXDYh3VpFZWBn1uCoe9w8mzgq,Bronze,1,HELIUS_METADATA_BASELINE
G7PvA2ZjC8mEXzz6mQJoUs1BgBpSLuyNKUA4uUXZEwzV,Silver,2,HELIUS_METADATA_BASELINE
G7QGajhAiMdSeiWgK9DcyrRuD9Kboxh3UqALGJ44yqZv,Bronze,1,HELIUS_METADATA_BASELINE
G7S5yVBYfeHRjYXeGGMFYMrv7mS8aFHNV2K9q3nhwqw5,Bronze,1,HELIUS_METADATA_BASELINE
G7UGPmPP28SAN3S7g3twhF9jwrzGoA3mNVuxFoNhFQLi,Gold,3,HELIUS_METADATA_BASELINE
G7bMRJ83Pt6oDEfEZu3k2p45ChxKFMN9ovKU3KDgJdXt,Bronze,1,HELIUS_METADATA_BASELINE
G7doFK53Au6pnRzJWN8PZZNxKb5A52Tzm7wAwME4Bqi9,Bronze,1,HELIUS_METADATA_BASELINE
G7hfZaxRDALvH1vBJjCfxp6jUy3NozQxKivme1y8YfTx,Silver,2,HELIUS_METADATA_BASELINE
G7oMyNCYeETfWERevdfSrQd17xbGWZyZ1P6kEVShPERE,Bronze,1,HELIUS_METADATA_BASELINE
G7oxEyvEkHSGBrzoV3zEheh3tZgB2V6Ukbr4hxVNZ7qD,Silver,2,HELIUS_METADATA_BASELINE
G7zVJLxxRQXzCvZXDHB4HJzDxLYQofQFQhnnkVVh8mk,Silver,2,HELIUS_METADATA_BASELINE
G85LKPgfuuuyYyexNGgXZRLRLgUeKSgBF4S1KHYJbYXH,Bronze,1,HELIUS_METADATA_BASELINE
G85QkJ25d2YuDyfEF4hztyjsnzx9TrWjxiN3s1Uiznd9,Silver,2,HELIUS_METADATA_BASELINE
G87VeZog4mgJJSSJdHDLrpoeei6WE7yfSmDH8sVLgjkL,Bronze,1,HELIUS_METADATA_BASELINE
G8NyQejLK1GYnnhjcVWMzDYo84jFa2xk2yQXrDA9erfD,Bronze,1,HELIUS_METADATA_BASELINE
G8S4V5wb3VKpmg9SRAYw2E2d4HRoVs1XCR9Ftf39q3CD,Silver,2,HELIUS_METADATA_BASELINE
G8WMTiH6topKmxjaQ3hpYHAS9z9qJrriHY6bm8GL2LVp,Bronze,1,HELIUS_METADATA_BASELINE
G8YszjXBQqyY5N4tFkbMMTewLY26mfyo1GiMb5UFs7kP,Bronze,1,HELIUS_METADATA_BASELINE
G8hGJdDZ3tuqQUtXzc3ScWWEjzhs7XfbgNfNkc9vLPYW,Arcane,4,HELIUS_METADATA_BASELINE
G8mLZyb1Cx3j8XaPKVZ5NAquGbG8mxWE55QnkEcnzKfK,Arcane,4,HELIUS_METADATA_BASELINE
G8tKyPEsFvvuTxYHeifRhQFu8vK8SeJYK2m42qD2hi1g,Bronze,1,HELIUS_METADATA_BASELINE
G8uAwG9ETjVS6L5ABALVqFQVS7mZ12Zojsxyx9SqhQwN,Arcane,4,HELIUS_METADATA_BASELINE
G8w1rAUSJDyMxGsqHSC3jAMgNk5GFyQ1VBtejJDbPmxm,Gold,3,HELIUS_METADATA_BASELINE
G8xy5UrDb59NBLWwUE7D6WwngmMU4FcgLgYeMi2g7o1q,Elven,5,HELIUS_METADATA_BASELINE
G98LWXXqxRarsuL8J3K671yVjJTrg65datGHn8Ye9vbN,Bronze,1,HELIUS_METADATA_BASELINE
G9G6BigTDiEnbRg78Vc4hZLrb3zo6wLxNtHpAFHwDwt8,Gold,3,HELIUS_METADATA_BASELINE
G9PMN8FkoPZSbpbXZVhiUCEesP5CmnHttPQEb45Cs86T,Silver,2,HELIUS_METADATA_BASELINE
G9X64Bz1ff1zRuGobfiGa1kW219Dg8KuC91KLAhUFxzw,Arcane,4,HELIUS_METADATA_BASELINE
G9tZTv98Msn3CkPv4AHZw2UuuGJsR46PTVtijwTgojpq,Silver,2,HELIUS_METADATA_BASELINE
G9yX7NvPgYo7RugghUZ3RDsT9xcbFfHLQR95kSRy1cH3,Silver,2,HELIUS_METADATA_BASELINE
GA3Mbf5fQ1gvwK6Y7Xoorqpm8KESmsRjMSbLC5eJGVbN,Bronze,1,HELIUS_METADATA_BASELINE
GA46RuttDwmHh8JxKKVHGsgknX16XmZ7F3vvswm2Fpxo,Silver,2,HELIUS_METADATA_BASELINE
GA5ot9G4vWyXVjBgnsiLEN3VT6NRszVpWUAasyPaw1yA,Silver,2,HELIUS_METADATA_BASELINE
GA6ktP57KGbyTSF5FEDHwokYcBv2TpLC44QJoXuHzPCN,Bronze,1,HELIUS_METADATA_BASELINE
GA7k5xQ5WPZsXBhwismfoCtV4wef9dLc2bdEPyX3BcMS,Bronze,1,HELIUS_METADATA_BASELINE
GACvo9ssTQBi7Ras8aLHKCyqNwkrywmSymTpHWnbjAnQ,Elven,5,HELIUS_METADATA_BASELINE
GAGHyAD98BW8rciqUghabQxXd6EQyWB6RxnLtbFrHbXh,Arcane,4,HELIUS_METADATA_BASELINE
GAKUSskcC4EDAWEcTUwr4677i83pdDox7TMkEZ6K8q8c,Bronze,1,HELIUS_METADATA_BASELINE
GAQvsKh7RbtpyQSgSVJJfNneYsyP4EZFjhLXHFuUd5UC,Bronze,1,HELIUS_METADATA_BASELINE
GAbUrGQBHijN81Sr6trztXsKiQuQaiSU1ehLWYJ2bEjd,Gold,3,HELIUS_METADATA_BASELINE
GAgCCEFkEvbf78oJ7eganvzQZ7XsSCXfz3QkCmE1KA4q,Bronze,1,HELIUS_METADATA_BASELINE
GAjjA7hZ4eSmnELfEsN4JNTwVZoMvpt1zgWPULxenEHX,Bronze,1,HELIUS_METADATA_BASELINE
GAkP4dpjYh3u4WdGYjupWDmz92oxjm74KttbuZovsA6Z,Elven,5,HELIUS_METADATA_BASELINE
GAsWVtYBmw5V6Ljv9gK3FecXa45xfeWgYrHrU3SzXoGZ,Elven,5,HELIUS_METADATA_BASELINE
GAv8yoSBp33ZiotudGarUKfuFfdzUmvSBAzSbaJrQQkT,Gold,3,HELIUS_METADATA_BASELINE
GAybH3mCVn16LaVzDiWh57f7yi5bzQucJXCjJn8LjuVT,Bronze,1,HELIUS_METADATA_BASELINE
GB7gCMc2GNwXs34DiEReUCZ4yU597aWUKER9zvMxRCUa,Bronze,1,HELIUS_METADATA_BASELINE
GB96JsaexahPP2D7XRUMTp5CNoi6rLSkYXEeQN8SsFqX,Gold,3,HELIUS_METADATA_BASELINE
GB991Aw4BtjeQnMhbVMUXDXCZnqSmR3Md8vMEA8dpJVY,Arcane,4,HELIUS_METADATA_BASELINE
GBTSdhEbgsxXR4w7591BbktxGnzs712gcjtT1qZt2eps,Arcane,4,HELIUS_METADATA_BASELINE
GBmxuYjxzv5dcQmKj6vo4p4EPa4m6ksrw5dE2juBg8f4,Bronze,1,HELIUS_METADATA_BASELINE
GBnVRbZQZt6B4vsnuhAaNkoHsytDzX4MQ5ydZGHKwkyh,Gold,3,HELIUS_METADATA_BASELINE
GBriRmrzd4ZUkU4unJnANnFX4KuLH6Jsnpx2QUVzWrAx,Gold,3,HELIUS_METADATA_BASELINE
GBt8jwugs3fvEbQsgnxBsTHZNJK3NozsxubmexHehhzt,Bronze,1,HELIUS_METADATA_BASELINE
GC6ufrRysJAwLJa1Sz6cQwZAhgEQUwd6NjF5i5MTRAsV,Bronze,1,HELIUS_METADATA_BASELINE
GCDy89c58RpP2E1HGuBizsPr2TAhSfNU36pVUFcJMVSu,Silver,2,HELIUS_METADATA_BASELINE
GCMad2WVcgn29nGGhcnS8E1sbCSoDvX64EWRHQcBpUET,Bronze,1,HELIUS_METADATA_BASELINE
GCPuxaszWjziqKYJLTpy8tVHf8y5L8G6B9GMToXe6pxq,Silver,2,HELIUS_METADATA_BASELINE
GChCzCqRNzZbxmh58rj3x9hYPCvwZCbutUd8XvUQZtBv,Silver,2,HELIUS_METADATA_BASELINE
GChotq92J7hDpngMrepFwnCV5hsT9qTKjjJycc85RVcx,Silver,2,HELIUS_METADATA_BASELINE
GCrZiWqpwN9P6UKjB2khSes2eTr8Uprz5kkwQsw5Y57g,Bronze,1,HELIUS_METADATA_BASELINE
GCzuVgubUJ8qkAFgZo6UpZFizn9X6ALEFAuaAtjoxWBT,Silver,2,HELIUS_METADATA_BASELINE
GD5QxYTqom7NMv3BCN1vAWTVauyWRoyK8isepTu73Map,Bronze,1,HELIUS_METADATA_BASELINE
GDBhfbBW2myYthXYbsiFu5t1DnG27XHdXa8eXhKuKHVt,Arcane,4,HELIUS_METADATA_BASELINE
GDCpryuks4p6qow7SpKJBDHvAaNBeydQvHTpUvQvSQ3,Gold,3,HELIUS_METADATA_BASELINE
GDFCGfGGhqNgX5whuL24WSWBjjhHX9RP4KWzzMXRcrGL,Bronze,1,HELIUS_METADATA_BASELINE
GDP9YoCjYbQqFYcRSYG2RRR8vqkxRbE3yQwcDPtc5gfE,Silver,2,HELIUS_METADATA_BASELINE
GDQW4KAEdaGYSvKf9STrptZ3jf2692rKzYTojfxRZPhG,Silver,2,HELIUS_METADATA_BASELINE
GDaur13sFHdW4XtfzNrXhAZoW5TBD5u4WcfwJpdc31Ss,Gold,3,HELIUS_METADATA_BASELINE
GDdZBZ6ENfDQEWmeTHwLJ2x6XXhmxFMV49X7sXXFEgoX,Bronze,1,HELIUS_METADATA_BASELINE
GDnRTfrabT6LCoHXYeorwrzRQu4eSheYh3ZELT1qrWnb,Bronze,1,HELIUS_METADATA_BASELINE
GDv5prp6q6F4FPVj573JYKYQAZXrkWBax7xvBdj5D5tC,Bronze,1,HELIUS_METADATA_BASELINE
GDvPhmG5zCstoVHixoeGvzvox5B132PUCNTYAbYifGWN,Bronze,1,HELIUS_METADATA_BASELINE
GDwBz8MtAGziRCpUjU8QrxCfxJPUaMNDKHAWwg1AWKT2,Silver,2,HELIUS_METADATA_BASELINE
GDzo7mRZp2XSfGa5jsXNagWjJgLLZKLkAQ7asMdWo8Vx,Silver,2,HELIUS_METADATA_BASELINE
GE9CDofYZT4hYtdYE7ZzUtriR8MFeWKuYiP9nQYK2deR,Silver,2,HELIUS_METADATA_BASELINE
GEUcf2wkCg5KdzGUESV4yurPB6DwMw8rbnT9SVkGEb2S,Bronze,1,HELIUS_METADATA_BASELINE
GEXAXW1hPB3NzhKUGMUtxWhKqUk8f281G2kAsjdGCtPj,Arcane,4,HELIUS_METADATA_BASELINE
GEj5oF3vAmP8zUrsN21cUyfydKrk77kxbNxpvTw87SGZ,Bronze,1,HELIUS_METADATA_BASELINE
GEohCR4N7B6r71TLY2V9VWDsgXbQ8SYZGAdReuVZGBdx,Gold,3,HELIUS_METADATA_BASELINE
GF16j3W5rGrd7bhZo3XPDax4dMvwCKF9J9gxzrppf73x,Elven,5,HELIUS_METADATA_BASELINE
GF3VoEquGtKg7CqxYEwYfbibtTabFPS8HtQanSJLrcoY,Gold,3,HELIUS_METADATA_BASELINE
GF6Liu8y4jgEf4D4XvLyVfq6Noi7WEJipBWMsb1kpSSK,Bronze,1,HELIUS_METADATA_BASELINE
GFDTppcuVFFEA9ebWgS3BJT5SSpDpHthd9WuZRHkotbk,Silver,2,HELIUS_METADATA_BASELINE
GFLboaMJL1uHodd6WFRv5qAnJu7oXL7U7d5zztUsD7Pf,Bronze,1,HELIUS_METADATA_BASELINE
GFRMEy3ymM6h9u3sotvH9Bpb1PD4gqtbhws557AGcmQ5,Gold,3,HELIUS_METADATA_BASELINE
GFRw5GcbDy5jjd2sWQ9YdqQNKh9PaLun6fqoFRzbjB72,Gold,3,HELIUS_METADATA_BASELINE
GFohy3H3UGKTFyxyfHm9bib9rXvyqPWtjh498cQPBWxu,Bronze,1,HELIUS_METADATA_BASELINE
GFxTiRzMUmZED5PkoJ3FJyy8WdrB8tjaX9x885uBcQRZ,Arcane,4,HELIUS_METADATA_BASELINE
GGJxEnreyR7LEKin4fKzBVf765GGh3rthByjUMidTCYP,Bronze,1,HELIUS_METADATA_BASELINE
GGP8SqxTTa5pyoUeEK61o6Lcrs4nukiCUarMESJBnbrs,Bronze,1,HELIUS_METADATA_BASELINE
GGYjprCh6FinTBxiG95TxCJtsVHSrJUqAhZnMGsQdWWY,Silver,2,HELIUS_METADATA_BASELINE
GGhF6wApLRpMDncjim87McbZTFmSfdgeQHbDj76Btq7F,Arcane,4,HELIUS_METADATA_BASELINE
GGhQxkamNt5xgDY7R82MkMdna8XZGGPVtkGKCPgWhAi1,Silver,2,HELIUS_METADATA_BASELINE
GGmezNasddQXFptYcaUmc2B3uk9zmn2RbNRSkteP8KgA,Silver,2,HELIUS_METADATA_BASELINE
GGqEM1tEiU8gDeyWC2SHmvBzs6ZAx5EWUQvTeEWYtUec,Bronze,1,HELIUS_METADATA_BASELINE
GGspx2aY8ni8Ls95iuFn9EWhJ9ECgvZzf4rRW3QvAoF1,Bronze,1,HELIUS_METADATA_BASELINE
GH1reE3eT4gGTTNuAFcJpwsiFGZuR2QYZRkXJWwsbTSv,Bronze,1,HELIUS_METADATA_BASELINE
GH8k3Vn9xUvQxpEzSwqoeox5KchX5FCq1WCNwiFciXnR,Gold,3,HELIUS_METADATA_BASELINE
GHEyxmuoP3LLGtY5rQzgvsTQzqrdX3oHYEVy7ofAXALF,Bronze,1,HELIUS_METADATA_BASELINE
GHM6Xx8PdVnUoMfCVPDq8M25WMWKqUH6r27Eq42r8G5r,Gold,3,HELIUS_METADATA_BASELINE
GHPgcqtdfDYsEZHcPQoYWsm7d6HZemjkbpwBygkQNt13,Silver,2,HELIUS_METADATA_BASELINE
GHTnBje6HfZ7SLGiNfpJBpkVFDKspoz9n94qJANanBER,Silver,2,HELIUS_METADATA_BASELINE
GHV7yEeguNgaD9ZBTtG1HGKce4m2MPYZhAgMdSZKBBc2,Bronze,1,HELIUS_METADATA_BASELINE
GHqd5RChFM8b3T8inotwHRYs62QacZezo3dRHvVWpYcL,Silver,2,HELIUS_METADATA_BASELINE
GHrGoDErrqkHSYpC5oS15YQ2WsNMUvgyqyX9kLfbmjqV,Gold,3,HELIUS_METADATA_BASELINE
GHtdRyrYL4tjDj379V9hWHsCh6ubLcdqfPTnUKrGMf27,Arcane,4,HELIUS_METADATA_BASELINE
GJ4GAFnjRkvo6iKeo4Z1xSxzuymnYQNgkxn56eW5iC3q,Silver,2,HELIUS_METADATA_BASELINE
GJ5AzD67Lzw82qtAYGyw2RCdnjnMKMRmKHbqCGK3oKSx,Bronze,1,HELIUS_METADATA_BASELINE
GJAGRzwKjCPqA2m4eTiinYjpmSfrHCzUNHP3xiUb9XW4,Bronze,1,HELIUS_METADATA_BASELINE
GJC5G8Jg5Uherw6xPxykn7D4Shv3QYkgPWnsponB4Qt7,Gold,3,HELIUS_METADATA_BASELINE
GJDXmZz7yXQwF9NScSnTzizWCdZqEcChsSHeA2Kk1snf,Bronze,1,HELIUS_METADATA_BASELINE
GJG63eemaHqxYooBaUp4V5YRP6PTFD1w2Pw8kXdyLjxC,Silver,2,HELIUS_METADATA_BASELINE
GJRi3AieBrkMfWRbMJuvVgGuCY4y6UDC2JBGajpDuTrr,Gold,3,HELIUS_METADATA_BASELINE
GJTgAiM58xa81BKFLvX3LqazD8cHxoggqtzsswsHnKet,Bronze,1,HELIUS_METADATA_BASELINE
GJX99cy8xK8TvR9foxVH3LiPDBUQ6kTEspLY5t9QHGfJ,Bronze,1,HELIUS_METADATA_BASELINE
GJf2GeXVid7rXuhEMvtzfPjcpermJjpGTY8RhTDtLEB4,Arcane,4,HELIUS_METADATA_BASELINE
GJht21ta12hdUYfi6pmo7BXFqKv6FiVuAKGjfkv34zZe,Gold,3,HELIUS_METADATA_BASELINE
GJiMU2nDcrwZGHWLgHhtcE2PsBjkgJGYcPtjhPzkreZf,Bronze,1,HELIUS_METADATA_BASELINE
GJrnGNwUNJHouVXPRhbHKqbTHevprq3gaCqgoUNwqFs6,Arcane,4,HELIUS_METADATA_BASELINE
GK8BttCWX7Fg9QwSkg9wyfY4aKdDynFX5Pw9ss9g4jR3,Gold,3,HELIUS_METADATA_BASELINE
GKNQoNBfdwUKLYyaUAKCSzx3t7Ggn7M57gzuZkKWxKxs,Bronze,1,HELIUS_METADATA_BASELINE
GKNvse47RiDGQv6Uh2nAj2wcc2vfqPpCv1NgWHCXWBrB,Arcane,4,HELIUS_METADATA_BASELINE
GKRc7ZVUBbciuJWG3hxnGd736VhWgBUtDThzVMxYhhkZ,Bronze,1,HELIUS_METADATA_BASELINE
GKTP3QHVrGrEyP3c8EfHeFopMH2J8HQou8LtHPQpFKoZ,Arcane,4,HELIUS_METADATA_BASELINE
GKWgG88uTCY7PRv3imKTwtHJQPmbRDH8VtTgK25R8jb7,Bronze,1,HELIUS_METADATA_BASELINE
GKXEL9LHwyjNXosnJsSs4G34sSeyontRWyJCzeEEv2jc,Silver,2,HELIUS_METADATA_BASELINE
GKZmc7QKxTCVuYa6sgpMvxufAhqsvkcmGUr7AFK9G1jm,Bronze,1,HELIUS_METADATA_BASELINE
GKc4AUQ8nxNuKQrFxTFymhgUAc9QzEmh9yXsM77nGZ95,Gold,3,HELIUS_METADATA_BASELINE
GKe2tsKJ1YHMUhKYNriDGMdbcZojtT3u9Dcogu36cL3F,Arcane,4,HELIUS_METADATA_BASELINE
GKfhLYVGjSe9LpA35KrEhvJeFFRz1dzggwG17mRuZJYP,Bronze,1,HELIUS_METADATA_BASELINE
GKhftAfwH5kek448nCqf2FAobL3qJfK5q9H3eHyfjbfS,Silver,2,HELIUS_METADATA_BASELINE
GKjmT17SQ8Ahd1kcsBzdqpBNmkac3EeAXJE18GZF46XY,Gold,3,HELIUS_METADATA_BASELINE
GKkHgLtWBWW74RjB7hEEQmQV2p3QG33TEpC6x17LBdJn,Silver,2,HELIUS_METADATA_BASELINE
GKmzgegurgiSnzSyA6HwWnAmPcdqttNWeAvhTA8vm5wf,Silver,2,HELIUS_METADATA_BASELINE
GKpWKaGzhjYeuzZYSnFKs3mBqh7Sf1PEhDvzUhtHrxM5,Bronze,1,HELIUS_METADATA_BASELINE
GL5XwnQXj2iBZYCX9jg5w99wmUbB7X4nQ51jKhxE6aTo,Bronze,1,HELIUS_METADATA_BASELINE
GL7mrkFh4stXpheNAkf3AExqLSu2T6FMq3KB9mQqn2iT,Bronze,1,HELIUS_METADATA_BASELINE
GLGsPTCXdTE9BtiXWgY6B6wpW3riQ9LVEz6qm8URNkfD,Bronze,1,HELIUS_METADATA_BASELINE
GLHUbMfEJomLNHCpW6vniySVSazmf1SUWpHjiwXU8FZW,Bronze,1,HELIUS_METADATA_BASELINE
GLHmkNQ63kDashDzWqxS1eN8XFVMoeYZgUvauhA9LTsR,Bronze,1,HELIUS_METADATA_BASELINE
GLaxof9o2cvGGogB8t3ntPwrUH8n3gWuUZXDQV55cvgK,Bronze,1,HELIUS_METADATA_BASELINE
GLbc1j5CYj4T6dojDcnNLi7phQUPEa3okEPMZSuVoXNf,Silver,2,HELIUS_METADATA_BASELINE
GMBk5dFp69tXhW8TyTKyFJH5Lq8SAqmuEGejtSFJ5UQC,Bronze,1,HELIUS_METADATA_BASELINE
GMBzqHwgdyNEAM4avLU7eFZXuN6KfNxfNdrzrbRGbp8D,Silver,2,HELIUS_METADATA_BASELINE
GMCXBp4Vu6Hpzuh32CVL5Wxr6vWqTxDHvemh74cqnFru,Bronze,1,HELIUS_METADATA_BASELINE
GMDHFfhr2uaLgh1oKEE8tiKy6xkGB4c5HyGVkh2pESGp,Gold,3,HELIUS_METADATA_BASELINE
GMGJju9fChRNzxJrXgmq2xHknPLvwR23gQSTXU5DFZAz,Silver,2,HELIUS_METADATA_BASELINE
GMGvejwbZCH9AbUF4k8CjqYvQEVjugRw87WNJk6TEeS8,Bronze,1,HELIUS_METADATA_BASELINE
GMHrKWAvZVPnF5jmhbCcAdp4YrhUrDQa7UuvUFe3k2CU,Bronze,1,HELIUS_METADATA_BASELINE
GMXPjFzvbr53APhu19Q8xwC8kTYzWrt9jT2v2HCtaGwg,Bronze,1,HELIUS_METADATA_BASELINE
GMXUdGEQKxR6TqmdMYfbfFMiiKNRBYRY4sYi2x1UVUzP,Bronze,1,HELIUS_METADATA_BASELINE
GMYcTqowv76m24wCf4UTemCcKtKdkfUtQQtYNrHZDWFQ,Bronze,1,HELIUS_METADATA_BASELINE
GMYis8XJTU239LMs1MeKxy7fNfpoadjKM8N2UeGe14ox,Gold,3,HELIUS_METADATA_BASELINE
GMdhRmJ54cnSBeBLMvwLLq4CQWczYQdrVCZorLMmCFVA,Bronze,1,HELIUS_METADATA_BASELINE
GMjBBLxL6dTEeb2Exr3VZwvP35WWNsJrMidGE1jN6PaV,Bronze,1,HELIUS_METADATA_BASELINE
GMwKTCJRRzQ7DFRbu9NjEWFC5iLtdDejbAA321kyPSkW,Arcane,4,HELIUS_METADATA_BASELINE
GN669gMB65921n4nv5fUTn39JPmLk4eAk1BLDb9MxH5h,Silver,2,HELIUS_METADATA_BASELINE
GNCMdrmVs2UcjD9TXrVvTHxPf4GPxoctAPjQP2qG3CQ,Bronze,1,HELIUS_METADATA_BASELINE
GNKWVJ3LfWV2kxwfntjxoyXxRKRiBKbSx3moBTPj95Yf,Arcane,4,HELIUS_METADATA_BASELINE
GNVpFPuojhk97735iedxLK95PpMLE2cSHpKzZ4f41D5E,Silver,2,HELIUS_METADATA_BASELINE
GNZ24p4dNAfEavc4yiecdZZcy2oYN4PtRRDH6mHAjJ9N,Silver,2,HELIUS_METADATA_BASELINE
GNaWjZ14cvYvGUc33EDAVaaa1LRihQfU46kZcjG7vbBc,Silver,2,HELIUS_METADATA_BASELINE
GNb6bgZ7H4GUd66rqZyjAkeHga1K7Ft9q7tmPcyqMSdL,Bronze,1,HELIUS_METADATA_BASELINE
GNdH3E5CiTavSpTF6YVhbFqARFNjoG9NGVUcbzjq4JNw,Silver,2,HELIUS_METADATA_BASELINE
GNf7p2baaSwhKHbGKfeVYmXG2wGK8MAcUkTE8GLaqakB,Gold,3,HELIUS_METADATA_BASELINE
GP1hsDhC4eBvYWt76TEqqbmjFruXGSkFJ2wd7yRnNHoG,Arcane,4,HELIUS_METADATA_BASELINE
GPAyDnPCJDDMwxPYnfU5tkvhvUZWaZeZvUHPzr5r99qX,Gold,3,HELIUS_METADATA_BASELINE
GPJjsqQCzKesTLoYz6XDAbw7172BaHKsAt5U3nuRnHXD,Gold,3,HELIUS_METADATA_BASELINE
GPMrnRUtvbvZhFTBtKGUhUEwTUmwfDr7Q4N33zaCvS8b,Silver,2,HELIUS_METADATA_BASELINE
GPVWtKJHHrnBV85ZYVdt5n7pE9wpT4qv389NKJ9zb7zS,Bronze,1,HELIUS_METADATA_BASELINE
GPXP1Sk4mEfBuYqP4eT3vWyLh8gDX5fkXc9GfZZrUTCH,Gold,3,HELIUS_METADATA_BASELINE
GPhBpLAKiJyhLyJnQcCz3XVNZ5BwuNK8TMHMzeRmEWcX,Silver,2,HELIUS_METADATA_BASELINE
GPrBUjYzaA8Y59UsUrSMAbH8bmYej4RqyQBJWMKUJFpb,Gold,3,HELIUS_METADATA_BASELINE
GQ3Yhp89oxz3LtZVCkkuSYdEsiPxNFCqhnNkx9u1GgUj,Bronze,1,HELIUS_METADATA_BASELINE
GQ8AVkCcZNpC7jPZVNN28GUk5erRRqftRZGndPeb82mT,Bronze,1,HELIUS_METADATA_BASELINE
GQ9atTtaCSACPes2SL2cFGTxyRLuP3sdRV78se5AwxWH,Elven,5,HELIUS_METADATA_BASELINE
GQRH37aokL6kfVs2qmUfvzb3ZGuegpfNTBWyqMNmLGCV,Gold,3,HELIUS_METADATA_BASELINE
GQUcsvhUshj3LMbdWFjNpQf3q7SPGjrt8y5V8MqyPGXa,Bronze,1,HELIUS_METADATA_BASELINE
GQVH2sCXEtVWXL4LmnGcyLXXvzbXbUK5r4ZH62XwG7Ko,Gold,3,HELIUS_METADATA_BASELINE
GQbK8RV1aX7R6LZMMqpc8k9BHjCSPLAjXGYrC4SynP8W,Gold,3,HELIUS_METADATA_BASELINE
GQgang7UciYmiU72tZLnJovoZhwfesVWnmCbh375awbX,Bronze,1,HELIUS_METADATA_BASELINE
GQgtoBA1mTGKmK1tPCee3yDKKuiYBsGp3ha9gaLywjj8,Bronze,1,HELIUS_METADATA_BASELINE
GR5x33xwFq39DrrcFbNfyEtMbznq6MvoWJ3aeq7q5GW9,Bronze,1,HELIUS_METADATA_BASELINE
GRA5xfVuTT8GsnTWDcttgzLsjHGXBiGczPLHkxzk3AAD,Arcane,4,HELIUS_METADATA_BASELINE
GRFtVFV4AnzR9fDAHqiGkKg7Cq9RzHzdeecHb1VbTw84,Bronze,1,HELIUS_METADATA_BASELINE
GRJTbGxaPb26BkCtoQR6xaY955QbxL6Z3keZ7pttqgmQ,Bronze,1,HELIUS_METADATA_BASELINE
GRM6j42Z8erGVGQn4sbDdtBzn1viDMjKCU39DXbW2EA3,Bronze,1,HELIUS_METADATA_BASELINE
GRZvbwiWT7TAbneD6QVVg6zSW6aFsccRwx7MYswzF73C,Gold,3,HELIUS_METADATA_BASELINE
GRgcvCEzAHaBojmeARZAQQ1McdSF39WqKRBDP1f15Ugj,Silver,2,HELIUS_METADATA_BASELINE
GRvQcpfPACwtqb3YC3XQcPsofhK8eVCyAvbsPBEviDuY,Gold,3,HELIUS_METADATA_BASELINE
GRy8HSYTo5i8M71WKMkzvTvK5Mn4yJA1K2GRa4CKGigZ,Bronze,1,HELIUS_METADATA_BASELINE
GSCKuEkUKXnqpmKh4ZEA1VMiYy89wXfWR2qQTWMi1YEe,Silver,2,HELIUS_METADATA_BASELINE
GSCnQfmHquLK1bU2AQmn7cabV1Gc46izJZUEXixPRnxg,Silver,2,HELIUS_METADATA_BASELINE
GSQd81Yoga5QvV3gT3TBAVH7gfe2iTb4AfcRJECtEvJb,Silver,2,HELIUS_METADATA_BASELINE
GSYMnmoMmXDqSUXsjtJPceaWE4bJBYvyyaZGWPdQKnmE,Arcane,4,HELIUS_METADATA_BASELINE
GSaDU4u4fHYYdznXCPwT8t17RUQBgAiVXVKgvis39bFC,Bronze,1,HELIUS_METADATA_BASELINE
GSdzPMfLSh7UcZMy2kdCFcQ1t8xCdTxbQXTtX6VnzQbS,Elven,5,HELIUS_METADATA_BASELINE
GSgrdfYSHTnRQia4kBnV93ctwL1AjN4kfG4CwndrB7XQ,Arcane,4,HELIUS_METADATA_BASELINE
GShFjEney1dRaMJ5bUyuTCBrauevdkerUrYzcG1DkxMn,Silver,2,HELIUS_METADATA_BASELINE
GShsAZrK7KZ1yt78zhiUtzn7YBW2MPLrA3XsRuaNAaBC,Arcane,4,HELIUS_METADATA_BASELINE
GSnYbwWrvxHAVdbQSxeBXUXmzUz4Q27xQd8BuSJ3Nc9V,Bronze,1,HELIUS_METADATA_BASELINE
GSx72biPLGysoT4rdDDke8a7VGgq4rsNARh2NBr6egWc,Gold,3,HELIUS_METADATA_BASELINE
GSxotHRRgzLVf3daTCk5mpRNkNJa9qkoxZ2gDCFmeFZw,Elven,5,HELIUS_METADATA_BASELINE
GT7iAHaUbhnh6KkuHETTjDRKoQT2H3KKKdbig4yDc3bJ,Bronze,1,HELIUS_METADATA_BASELINE
GT9nwSEo6guWbHCyRmLtD94LcGqn5FK5JPtg2ttxayx1,Bronze,1,HELIUS_METADATA_BASELINE
GTBZZxtJvH8NWtss52KzBi5HXfyHtUvWz4Yi5WFXgZAk,Gold,3,HELIUS_METADATA_BASELINE
GTEMFaqiMzd16vTZA8udUmuefdFw4bET9zhuNVQFuVUb,Silver,2,HELIUS_METADATA_BASELINE
GTPADb3kHfmkwQoHwaoerSAeGRyFVnMWvhUgSxxnnT4r,Elven,5,HELIUS_METADATA_BASELINE
GTS5Yp6k7SQCa5hPnR3cLN2eAL9vKHjULdHGmKe9QPgH,Bronze,1,HELIUS_METADATA_BASELINE
GTeC1bq3AJkLruFx8XyoZJs8XiGJbRL9UuxkHm3HNfRe,Gold,3,HELIUS_METADATA_BASELINE
GTw2FH3FAxedBCihpsJB8YoxhkmS7SPyatQpsQoCnVzW,Silver,2,HELIUS_METADATA_BASELINE
GU5mjudgD28AHC2pNu1y6Pv8tZuYRtoJNCSztEuN2cYc,Silver,2,HELIUS_METADATA_BASELINE
GU8fd76UqsMmKzbuxtChNR3fVZyE9xn7FxoYzbdzz5j4,Gold,3,HELIUS_METADATA_BASELINE
GUA5SaLdokK7HHAxDKoFvDdJaiDLMn9bopGuLLxfZ4uv,Bronze,1,HELIUS_METADATA_BASELINE
GUGrMtA1JF3sqtoXnMW8KbJQ13qxuXjYuHfg77y8MyCi,Bronze,1,HELIUS_METADATA_BASELINE
GUNpTXYbL52gdcX4F6co5xnoLgVVsheJiAhhMAAYbqDU,Silver,2,HELIUS_METADATA_BASELINE
GUUM2kRvW5PJvPY66Cb6hWSrbCzSR9uXPF8SZSL7xbEd,Gold,3,HELIUS_METADATA_BASELINE
GUbFLF3gqr51DR7nkaQrQqMCUv1DSKhFwyEuPeUVxaHc,Silver,2,HELIUS_METADATA_BASELINE
GUexEyksuzX8X5Dtt1EZqeG81EiG38FnRkETkikYjxgQ,Bronze,1,HELIUS_METADATA_BASELINE
GUfHteBsM32HnUD7VwFEbU3sA8M9Z8HXn8G4gd4ViArc,Bronze,1,HELIUS_METADATA_BASELINE
GUvwJz4e8GjFWg3PVgXyzktNwBCYuSsV3XACMmmBmNzV,Gold,3,HELIUS_METADATA_BASELINE
GUyb9916EVAVpLxGgBB7BtsbDGtYUMTcrDZcpACihL45,Bronze,1,HELIUS_METADATA_BASELINE
GV25ziyCu15WkHQ5J7w3S8wwxLg5ymREp8ekUxNpEqn3,Bronze,1,HELIUS_METADATA_BASELINE
GV5rn7cQohP4RrLderfhJnWzPNDNr8tYg2rDiUb1HyWY,Silver,2,HELIUS_METADATA_BASELINE
GV6qXcYVSxHJGfTp9r9SoSnUieuHQStfDF4dHPxPgMXX,Arcane,4,HELIUS_METADATA_BASELINE
GV6rX8W1ak7dA62gpPLkyrAeLCDybLiEUv7azGXs1s3X,Elven,5,HELIUS_METADATA_BASELINE
GVTQAaBbu66KkqpgpvAce4iVs7nP8zfNSsrj1EuQNKBq,Bronze,1,HELIUS_METADATA_BASELINE
GVXvAktozDDAWhYmS522NeSvaNHm4SLGjfjZRgqJZVp1,Gold,3,HELIUS_METADATA_BASELINE
GVjWjnZQxgpM9ogCS6qaVazY2swnsqF4RjkHj1vFtcmC,Gold,3,HELIUS_METADATA_BASELINE
GVkmUbLrdDnjN5K2VqwzCuuyaEUN1vxA7LYMpVuxhHjD,Gold,3,HELIUS_METADATA_BASELINE
GVneJLksjL1Bysa94RojZNBQCwtXm6RvnW9P3tk2yegr,Bronze,1,HELIUS_METADATA_BASELINE
GVoLmQZVmCWDUDV6NDyf638tyGo5RCBQE59RaQfqsvtu,Bronze,1,HELIUS_METADATA_BASELINE
GVrwZYKK4MjYvoowZZfS8Wg3DHeYMZ4ax8nBbok2b38u,Bronze,1,HELIUS_METADATA_BASELINE
GVvcwAaaxWscFVi73MHu5SLHdTtHrWJXQZMbgg5AA88B,Bronze,1,HELIUS_METADATA_BASELINE
GW3G4vQ7WEhX9Jzjd9PLLCxHFBk3TAdAScdwTrvyM8im,Bronze,1,HELIUS_METADATA_BASELINE
GW4mL8TSUvr3NxEDzmTWFRYN5u5G89ztWv39cwU9xq6Z,Arcane,4,HELIUS_METADATA_BASELINE
GW75VmHnB1Bki183VM5Q722KjkZBsXq6PL3WVXoFojQJ,Bronze,1,HELIUS_METADATA_BASELINE
GWDCFSBRtrKjvk5fsmbDaAoGtiYUCcFWWaNBZBapPvoq,Bronze,1,HELIUS_METADATA_BASELINE
GWMG2YkSh1pKHo1faX7ztJ3Fgp2y1ijBJAnczDtWVHC2,Bronze,1,HELIUS_METADATA_BASELINE
GWSFjauhTe5PSFXrnwvWw9yb36FSDNXSro6c6CpTdf9J,Bronze,1,HELIUS_METADATA_BASELINE
GWXjLHvgcYPHzebD5epJ4GaribAN1L8XX2g6njoLvTfe,Bronze,1,HELIUS_METADATA_BASELINE
GWdp96GrLGpqyST6ZnS8K8KMobAXoQFQvHH9nTufpyv5,Gold,3,HELIUS_METADATA_BASELINE
GWkBK8N7J8yCfg4fPddsefR1xFS1XJ5cQMbS29BuJK2P,Bronze,1,HELIUS_METADATA_BASELINE
GWnVLprMTca7zUZo96Mzo3EsCMrPWqobgJQunuqR26Sc,Arcane,4,HELIUS_METADATA_BASELINE
GWxmZ15YmP7WtBiVBjgag5rbHtgAYw6yKKdKErMrMGZg,Silver,2,HELIUS_METADATA_BASELINE
GWzwjgK3p8pwwDofpFXTyHSAELMuVCj7wz94vaeErRB4,Gold,3,HELIUS_METADATA_BASELINE
GX2UoJeV1iQMkRvVpE77MhW6bYdB5nb44fCwPzXh3kXc,Bronze,1,HELIUS_METADATA_BASELINE
GX58zGRkZBcEmVLXNpy4mQAnrJ5xNcst1cKKAPbyzEd8,Bronze,1,HELIUS_METADATA_BASELINE
GXAGM6VEJsgnfyCrUmpq8Q2fbmF49SnKR9P2iM3KRmya,Bronze,1,HELIUS_METADATA_BASELINE
GXAfRFzYBuFRNzTNUzUpvAV2vLeeJ9YbPxqEKG38AuUG,Gold,3,HELIUS_METADATA_BASELINE
GXCdzmsQgg1bT9tjd1AqV7X9x9Y1ciiuoXiAXjjfXLc5,Bronze,1,HELIUS_METADATA_BASELINE
GXDyRkXKrM1gUjJ8yrWnSNJm7B444VpHRQxL3MpvfqcY,Bronze,1,HELIUS_METADATA_BASELINE
GXLB3stAiJh5jZCN8pxYWHHsfFT7E6a1R2KqfubmjWXS,Gold,3,HELIUS_METADATA_BASELINE
GXNQ89XFXWUbyqi39v9DSfzeramG9GottRVP1uqH46s8,Bronze,1,HELIUS_METADATA_BASELINE
GXSRZ5qBXWb2rkumCBUH1XYbUAKWfAj8AsEgCCiESPE5,Silver,2,HELIUS_METADATA_BASELINE
GXSWVNZkfeT9MTvHZnNgsrah3hUJWTZAkBEMem8eXSz,Silver,2,HELIUS_METADATA_BASELINE
GXTHnBFP5w5LXMrQ8ddssU1pDtMR9q6bVz7RokwSn9qe,Bronze,1,HELIUS_METADATA_BASELINE
GXcfeA3eGPZmP3wFSqzHMcVa2uTNPwVBRwbwusdh9s2n,Bronze,1,HELIUS_METADATA_BASELINE
GXe5zLJ6NemDwgCzwXbTvVcW7nYrTJmgSXgiDkW7NzJQ,Silver,2,HELIUS_METADATA_BASELINE
GXeRMCPWRRtKzsT6bhKwbGyQJ9Kwpu2HbZfrAQLuoswH,Bronze,1,HELIUS_METADATA_BASELINE
GXiDPC1z6S73G1UNAt32aqmPcv7wWa7HbBzDdk6udBw1,Bronze,1,HELIUS_METADATA_BASELINE
GXjHpaNw6WwkjAP35XyzGG4FcXTRYEFcMG8ijzzjDaZx,Bronze,1,HELIUS_METADATA_BASELINE
GXtNYsRW1JQ4eLP3ayvN7agX8LrUZU96EbtSmRsNL6PR,Silver,2,HELIUS_METADATA_BASELINE
GXvEEG5cfch3tpomY3czeMRyPBX6wRhwwZ1tpUnyMXGW,Bronze,1,HELIUS_METADATA_BASELINE
GXvc5bs61hdk6yZtKdFMcZBTiZrXVV9QgXX6DdvDmzuH,Silver,2,HELIUS_METADATA_BASELINE
GY2kKncPMPzSEbKx6ZdUwRwuqk14jwYqHaGdNsamGBPW,Bronze,1,HELIUS_METADATA_BASELINE
GYJEog3BvpAKjoQpVdMdnKdpdnLKeCQEARL1278VmTt3,Elven,5,HELIUS_METADATA_BASELINE
GYN2MbStceWEKzucyRuoNGAR44dUrW1WhX4eCDz3eMGF,Bronze,1,HELIUS_METADATA_BASELINE
GYNTDubfQMYMkgucaLX2B3oihg8ozGoZHpAmMePzzTpb,Bronze,1,HELIUS_METADATA_BASELINE
GYWqBgEZ2KiR6GCXhyRJMw29Rytsa5jhWuQjUpx6Cbku,Bronze,1,HELIUS_METADATA_BASELINE
GYXQDHkwxubfkNAPnT1sA8Tbmnmrs4uzK3CvLiYRMyHQ,Arcane,4,HELIUS_METADATA_BASELINE
GYZ7Qy9quavaMeg5wyNxQgMmkQXGKjSEPtbMCf2wJfKg,Silver,2,HELIUS_METADATA_BASELINE
GYkKsF5zJ8qMrAwDNq9kYHmUwVS1fQWWktFiLUEaikGm,Bronze,1,HELIUS_METADATA_BASELINE
GYkt6qUE3bjhp2nScQFVeeT56hwdQrKRSoCwSTBMLQtu,Gold,3,HELIUS_METADATA_BASELINE
GYn5UGG4yUhjyJmFdcoorUVWo5LJ42b5PiLR9P3AyAip,Arcane,4,HELIUS_METADATA_BASELINE
GYrUQFAbR3BhbwbXJZkPTNMAk5wvtJKCQrsYDAcyAVVG,Silver,2,HELIUS_METADATA_BASELINE
GYrbdJWkCwvsjwmgWFvtqp8oAEkfz9MHTzAjdoSuNB9p,Bronze,1,HELIUS_METADATA_BASELINE
GYttTvxGb2Tp4mwqa79jWs87Wnx2BbeLGtvDpsRgfLt2,Silver,2,HELIUS_METADATA_BASELINE
GYw1t3LHBUnkLnGt2Fcz32XSwCE5MDi62izQKUZus8L9,Bronze,1,HELIUS_METADATA_BASELINE
GYxJ9QBp5AWEToz8WKjCakFs8VfEbfiybkoCfsPUqgAH,Gold,3,HELIUS_METADATA_BASELINE
GYyKUjHfQsYCqSuzUYw6R3fnuFMBwXKEUJd1Mpqrsf6P,Silver,2,HELIUS_METADATA_BASELINE
GYz4TaLP1CSaN9PbExSjrKGR3eN6YF5mZCEJdcgt4hLZ,Bronze,1,HELIUS_METADATA_BASELINE
GZBfHiaze1mTMBWSLnicrnKic5eEC2aZrU4NuqjiWU5T,Bronze,1,HELIUS_METADATA_BASELINE
GZDLy2dM3cXDiQ3gogeerB629runruncZXY3ULVcmXak,Bronze,1,HELIUS_METADATA_BASELINE
GZKowKPRYzLY5VVpjbXsnNprGh5S4vECh3riSsGFDATv,Bronze,1,HELIUS_METADATA_BASELINE
GZNctfjdFQQXnRHkLV3NXAz4EntWEx9MkSLyMXoz9Sjy,Gold,3,HELIUS_METADATA_BASELINE
GZbqwHz7HNGjACF1aRfAjnAcbqGWoVD58onZG1ynipWo,Bronze,1,HELIUS_METADATA_BASELINE
GZd1gmC7T8WvtRxo9JcHUtTZZELibF7NNAj2vVuAR3Cf,Bronze,1,HELIUS_METADATA_BASELINE
GZp6VW6qj1n9GA6AzppJhFmKFX3ABSBeZTHYhT2JA98s,Bronze,1,HELIUS_METADATA_BASELINE
GZsmNZQbjpbSGxtwiK4rcs2vAshAoBP54PARGCNhnffp,Gold,3,HELIUS_METADATA_BASELINE
Ga5BWcmCWz4DZaPEpyEdvC7xoemjpePXaNc2FDEy1WVJ,Bronze,1,HELIUS_METADATA_BASELINE
GaBoWZy2DaSacquUZFRgG38BLtZbVa3AAmMt5hsNkwQE,Arcane,4,HELIUS_METADATA_BASELINE
GaDHZ4zpxuDhRgngtB2dg8HyPKHVkNxB5micNjjEH3cR,Arcane,4,HELIUS_METADATA_BASELINE
GaDrGeowsA7tq4Uq6Z7VRwwpAN8MdU33Wgfnouj7TUVo,Silver,2,HELIUS_METADATA_BASELINE
GaDzkmEUewzrCYTL7Su7jZG5txVy136TQZS8Y5fFYXfZ,Silver,2,HELIUS_METADATA_BASELINE
Gag9B4LRa1ukepDMNKac6c6aXE5yDThAGhgJ5KWMcbKH,Bronze,1,HELIUS_METADATA_BASELINE
GakU1H2DFkSzfGZqYtpA8fbJQxB2GNnUYpCbaR34BMLu,Bronze,1,HELIUS_METADATA_BASELINE
GamZRzxqVK5EA1sM5CHMAWFk69GGZfV31KGKoLW1KQzR,Elven,5,HELIUS_METADATA_BASELINE
Gamg2PdSyhmmbaR5fGKxEbCSYnHJHWJqbqsJpFTmk9cv,Bronze,1,HELIUS_METADATA_BASELINE
GaxNw2Tse2wUFPDGCSvigeA9jdZArzZj1du4r2GujCHy,Silver,2,HELIUS_METADATA_BASELINE
Gb68UJRqA1SkB1tnSzsP4kVzWrQvUd5YxHa5aGfhinRk,Bronze,1,HELIUS_METADATA_BASELINE
Gb74Hcca4KPxSaGCfSRhxeHMtCB3uQbmCtvjZgYdCsTP,Gold,3,HELIUS_METADATA_BASELINE
Gb8YVPNXyo9fe2p2owupPD47eYwCVBrN1xnignsw5bwE,Bronze,1,HELIUS_METADATA_BASELINE
GbBstY6PWah6HWw5MmgYJZAaRBhSLNenk67LpmDNVJ8G,Elven,5,HELIUS_METADATA_BASELINE
GbSuobyr21i1TVEnVki1NHJW8ypC1dMhG2mpWHQ5HurR,Bronze,1,HELIUS_METADATA_BASELINE
GbbYzirEVwkYFgZCprgDJuXddyJvNR8RXzESAqQLZ1w7,Silver,2,HELIUS_METADATA_BASELINE
Gc6igtNeMXVuApKvW2scpjdN5aATBkAnnReComTNgYqL,Gold,3,HELIUS_METADATA_BASELINE
Gc8p12yikQKWm1Lr8o7BiTpMyCTTznJCtsxQuMwJYRir,Bronze,1,HELIUS_METADATA_BASELINE
GcEZkf8Tg7dP3AZKLSJYzjaebrV4JEAzGRFVPkW7EWmm,Silver,2,HELIUS_METADATA_BASELINE
GcJxYdsi71TfRejup5rpW8YzYq1TLqogFj52gZ9p2oHY,Silver,2,HELIUS_METADATA_BASELINE
GcMcpkhLkjLNgVthnRyJiuueiEyfgwQS6vbgb2VYGwuL,Arcane,4,HELIUS_METADATA_BASELINE
GcT5RFZTFHypP2tJXaGXM5fE2rrtJUAC6tMxATWgC2JL,Gold,3,HELIUS_METADATA_BASELINE
GcXozxWKCqhDbLchavkyYPfQoBT4pub4L6C7xbw3S1KK,Bronze,1,HELIUS_METADATA_BASELINE
GcaLaetGAS3ttnBCspXWiiVyEsM4FjS4Y1SR8pYM33MH,Silver,2,HELIUS_METADATA_BASELINE
GcgCW3oaqV7bJpnfp7vBUGXxriuDVtLrwGjfotqXMgAM,Bronze,1,HELIUS_METADATA_BASELINE
GcgxqGQayfqd6heZGqSSE1293XRhMA2h3oBVyur4S6CS,Bronze,1,HELIUS_METADATA_BASELINE
Gcs5uvXiLE7eEyokQ7f2mSNMhpPaku2nGBKP5Swko5XL,Gold,3,HELIUS_METADATA_BASELINE
Gd2MfdQXcksjdjshgNEVp6Jr8i5FswY8w6DJNKonKSb3,Silver,2,HELIUS_METADATA_BASELINE
Gd7EZtomqt2dCWAbqA8oQNLtxjffCzZHtGourQwWHfht,Bronze,1,HELIUS_METADATA_BASELINE
GdGRTjcCX9Zdcaybfm5gWBhqpo2nCkVGcu9Afygm7Y4b,Gold,3,HELIUS_METADATA_BASELINE
GdUDHcCdSx88x5gV7ftUmauwfpzDF4vjwRyDMBwpHdCb,Bronze,1,HELIUS_METADATA_BASELINE
GdY4MyuvUqZGPcWWH6mQscvyAYHgHHecJbievJtFarK1,Gold,3,HELIUS_METADATA_BASELINE
Gdd1Z8LgpuUw98sYeUfJpjo3jRiN2j1H88gmkEPgdRQE,Silver,2,HELIUS_METADATA_BASELINE
GdhWbKc4aZ4T9PafSJ5BksbCLso6BdAs2ZfmWEpCUHiX,Bronze,1,HELIUS_METADATA_BASELINE
GdokBx11vFe9QPYeyoLeSWZnanbVfEr4Bu56zeEFspFq,Arcane,4,HELIUS_METADATA_BASELINE
Gdsn38Y2rsFtD3mtn2fxrkoMPevzJZ5fwn7kV7vzN8TS,Elven,5,HELIUS_METADATA_BASELINE
GdtBaK2Y6Z6eUsB7JzjifJnpxdZF6d7D8tK51Lau1JUN,Gold,3,HELIUS_METADATA_BASELINE
GdtcbZa6N5dhs86MLaYxWZeqpoU3mCEzBuot1oihBWqW,Bronze,1,HELIUS_METADATA_BASELINE
GeBHpn3DnWt2X59QHGMgS82WD8vuau5eFZS2RYzUkv8r,Silver,2,HELIUS_METADATA_BASELINE
GeaE3vFPmqVhKs8e7jN2BGFDBzELMy3Psk61FaNSBKYb,Bronze,1,HELIUS_METADATA_BASELINE
Gegjo5GUDziQmpDLJ9aYhj1KSKif4Hbni7v7ejnzh7C1,Bronze,1,HELIUS_METADATA_BASELINE
GejGe5YyeG7HPSNsGD6sst4ddLLuhQbDn35zun3iNn2e,Bronze,1,HELIUS_METADATA_BASELINE
GeusW4tjPsXw3RUg1UThzHR9uYbiJExspb4MMGVW5nHo,Gold,3,HELIUS_METADATA_BASELINE
Gew5wgkKv2ygQTwL9wCB1BonfpZcJG8KmvsTH6cAkxAD,Arcane,4,HELIUS_METADATA_BASELINE
GezNMv4oALNXYyM9iKNPkoqSCVB1nh43w33c2c5TFd7P,Bronze,1,HELIUS_METADATA_BASELINE
Gf2ZavrMn1tGhp4jARbynCsBzzHE9CqCzPGvJd3FUAZp,Silver,2,HELIUS_METADATA_BASELINE
Gf567kz495biKQ1GGsqVJN99RveBd9HuA3qW7gDpXq6j,Bronze,1,HELIUS_METADATA_BASELINE
Gf9saHLqg8vh9XcEHB22HMho43uGA9ouUdjB9zvcXwWx,Silver,2,HELIUS_METADATA_BASELINE
GfCZmdsv9oHDWB6rADzqb4qaDZS8VXRZRdK4k1U4ihTt,Silver,2,HELIUS_METADATA_BASELINE
GfDnLKYwCfuEp9uo6xaj5TvkWGnXcZaeen9VbMPXMJiy,Silver,2,HELIUS_METADATA_BASELINE
GfSvvbxcg6ATAmaANBzkyH6b7BuKThDPYHSNpdj3W5iZ,Silver,2,HELIUS_METADATA_BASELINE
GfaJRf9d3MgC9Wm8xyNL4gPe2RxfxGCfbLpX9Ekt4f5o,Bronze,1,HELIUS_METADATA_BASELINE
GfhoDnK8cXj4fcdH9Vm7gpPfDYYj6PyVgATw2GQGAPRC,Arcane,4,HELIUS_METADATA_BASELINE
GfnguE4B9rVawiwdsNbMoD9te2KfSiGsm3gDwqgqbj9b,Bronze,1,HELIUS_METADATA_BASELINE
GfqmRPxb5Ykg5yc3aTZVFZgDEFfSdEFesy8BLsqGVqXz,Bronze,1,HELIUS_METADATA_BASELINE
Gg4dq5uP2yEQDUeVncxSw59C4JRNKakLKdEsWRfJWY9m,Silver,2,HELIUS_METADATA_BASELINE
Gg9tBRe6QFn7mvjuPbJ8apbvFsGwsBae6aw1jhSYG5t8,Bronze,1,HELIUS_METADATA_BASELINE
GgAvmi8nS8JsWo3UHe17fNJRPUw8jtM7H33eKwcYp3di,Gold,3,HELIUS_METADATA_BASELINE
GgG1S9poSpEqy57LFSNwkcFGvS4hkWFGaw1US4gvWKsp,Bronze,1,HELIUS_METADATA_BASELINE
GgPe19SaBsc3dhLKBHHdKe44w2u7LaHexXvAohKFvMUi,Bronze,1,HELIUS_METADATA_BASELINE
GgQyCTR5qMCio6UssckLd5k1bioB6c38nBiYDz3UaGsU,Bronze,1,HELIUS_METADATA_BASELINE
GgQzQ7qxuSqzQao7kZ4RZrhHYGj7S8dyiN9wE3ZuZEt2,Bronze,1,HELIUS_METADATA_BASELINE
GgRP4yGhfjhaHyPGamTYxrxrqEo3Rbr7v9qk9dSh44zm,Bronze,1,HELIUS_METADATA_BASELINE
GgXxwmmEg3y4igz3S1WwSHaVAGSgVqWm9T6HtoZKzLG9,Bronze,1,HELIUS_METADATA_BASELINE
GgdDXw26QvVk18BFvfBnAnGMZ4u62K1wKjYyERoXAuaD,Bronze,1,HELIUS_METADATA_BASELINE
Gge2iHVHGutSoAqf6txYajgtgjC1oPiY24JQJCyWQqM3,Silver,2,HELIUS_METADATA_BASELINE
GgmbjXNKAG8Jemtb2cXFm3ZzTrdNszuoYgLJoR7AzmTP,Bronze,1,HELIUS_METADATA_BASELINE
Ggsan8EAPhKPCreYso94smwaFKWGGZsvhMQLxfmVh6xy,Silver,2,HELIUS_METADATA_BASELINE
GgvzMZPsvqygyeZATcw3Fm2GAdWhb9DrkupYAB5UyNHU,Silver,2,HELIUS_METADATA_BASELINE
Ggz9b4F8ZMNq1c9ecEtjWuCMJv1ohBCyy5WR14LU2b39,Silver,2,HELIUS_METADATA_BASELINE
Gh3kRsyAaxuRMr5TDTKXK2mQXcBkgmVkS9uV9AxyWukp,Elven,5,HELIUS_METADATA_BASELINE
Gh5B15eERDdHHmiV8SWArwRaaswrDTvusSPDrufp3aup,Bronze,1,HELIUS_METADATA_BASELINE
GhAPkbj4RBpnu1ShsYrJChACS3r6tetg11hhaYoBUqEH,Arcane,4,HELIUS_METADATA_BASELINE
GhDsBHV3PXGGSTtRXREZwotLyGV3jkfMNhmwRXfniYF9,Bronze,1,HELIUS_METADATA_BASELINE
GhKT2mxwMKhs4AWfUcpSTkULdLE6xsn6BSGjXBbo5Krg,Silver,2,HELIUS_METADATA_BASELINE
GhViYtyePC44kRV9iHh5e5wj6u65u1WW3m5jrtj4mFQP,Bronze,1,HELIUS_METADATA_BASELINE
GhW9dXN9XYoQvhFjoMUa244Rnwv2ckB35c49tr78EYRR,Silver,2,HELIUS_METADATA_BASELINE
GhbLTEeANPwg4XNqKD4dUWo87LLgYDAZXZtAFKJLe1fh,Gold,3,HELIUS_METADATA_BASELINE
Ghct11wYS56ocoXv1b4wzCkdbgwWLBckRc45yLbBCDwT,Bronze,1,HELIUS_METADATA_BASELINE
GhehgqUSez5QvH3tZrYwmzWnik92T5q5dNZGVrF5GmFR,Bronze,1,HELIUS_METADATA_BASELINE
Ghh9M27bamPU6rcpcy2DZiQ1WM7wRmJ4WUQPN2M7HGEo,Silver,2,HELIUS_METADATA_BASELINE
GhhtoFqYA3pxYg6ZbfxXfnHiNHB634dCw6etRJAT98WG,Gold,3,HELIUS_METADATA_BASELINE
Ghqob5Q6kyaJ4RrWLsN7FUsVhiYFZLUswPSfyPPQpwrz,Gold,3,HELIUS_METADATA_BASELINE
GhzKLXMVdWkrRpY6v3uFWWNiJC6ps7F8A4UeRbfTVZZp,Gold,3,HELIUS_METADATA_BASELINE
GiNnJkEJ5xgeYhrpzbfVQ1SawzX33v3DJewg6NUTSfTh,Elven,5,HELIUS_METADATA_BASELINE
GiTagy2cLt94HrgjbpPvVwabo55UH8JFkvTi3s329c4T,Bronze,1,HELIUS_METADATA_BASELINE
GiTyAy1JhkjAiDov5sfp83YQGrrZYUVG3asRhFsJx84i,Arcane,4,HELIUS_METADATA_BASELINE
GiWoqdpn1DvWAgPzvTtPwaunFEGUTDn8HxowcS7CK7pM,Elven,5,HELIUS_METADATA_BASELINE
GiXPWSMBiNqTkHCKahzERkNvT6oeQqoZbAR6o5GPbjpo,Elven,5,HELIUS_METADATA_BASELINE
GicF25vUXE7r7f7KogeexLVtLo9p3bxrVUKxJXi1xx2V,Gold,3,HELIUS_METADATA_BASELINE
Gig2nWBouCZYz8q2M8YiMqVv4QbdWxpU1ZHLEkcp1AM1,Silver,2,HELIUS_METADATA_BASELINE
Gig9ayskPWttaSCmGBrdY4ye6DkmGzJkz8uQx9V2Hs5U,Bronze,1,HELIUS_METADATA_BASELINE
Gip4VQScB63PcVMto8q6rgXfMvnsECLgEoBCK8bUu5w4,Elven,5,HELIUS_METADATA_BASELINE
GirQaqDZLp7UEocBKrX6wC3B2DBddNLrHgDYFxa8j8sj,Bronze,1,HELIUS_METADATA_BASELINE
Giwm6KCf8SVKLruSZiCYqNcMXogeiy3jAKx85Bk5xKRX,Bronze,1,HELIUS_METADATA_BASELINE
GjMGsuGK6wsPKQABABxExBuESdvaGfrHpK4Sf1HjJh2P,Gold,3,HELIUS_METADATA_BASELINE
GjR4YtgZeKmQPoScApY1brmJLrzGFJiWvHcenhn3Z4kP,Gold,3,HELIUS_METADATA_BASELINE
GjTV5P7wg7BBxZ8ZqREANksZfWMsWDs9To3B9wgRmnVx,Silver,2,HELIUS_METADATA_BASELINE
GjYsTLnGHFqn6ZczcYPQnhTbPhtGMkJuz7nNbJrVScx9,Silver,2,HELIUS_METADATA_BASELINE
GjqQGLKGqd461CktgLUDMgwbdzXR7pCwZtng5kRV22VB,Gold,3,HELIUS_METADATA_BASELINE
Gk47TzaKPNztzv85kmkUuRSHTqdnNh7nmoS9GgNpGL1c,Silver,2,HELIUS_METADATA_BASELINE
Gk8bhLiyHY6PExsV7ySEfmUcZWdAVcvB3g3bDsu2Bi51,Bronze,1,HELIUS_METADATA_BASELINE
Gk8igkhyDHpFb5TbPPj4CnYHSqeACNf1XVf9ctmSkqNS,Gold,3,HELIUS_METADATA_BASELINE
Gk9zDDKdTx5xjpRk6tg7pzhkMwNMroHE2gAvKqU8dQxx,Arcane,4,HELIUS_METADATA_BASELINE
GkAvL2EE9UzUzE69S9krwXnMujq3mGHahp64jgRVqinc,Bronze,1,HELIUS_METADATA_BASELINE
GkHo1w4CKRcGfpbDLQeuK5XEv2EWf7dKT1wJ9zyhor2Q,Arcane,4,HELIUS_METADATA_BASELINE
GkR3jt9SCxHLgWpXs6SDFnGdXs9uPoXGsgffA5e5AdCE,Silver,2,HELIUS_METADATA_BASELINE
GkhvHAXiCmcf3H7jboUxxAevektaVxspAPZpJ29JGhQa,Bronze,1,HELIUS_METADATA_BASELINE
GkjuRj7kx7CpwQ2YCfzPCQpAQKkuLPUPwN4rcBoybiRV,Bronze,1,HELIUS_METADATA_BASELINE
Gkman2MTSocs9FmG9sdpqy3GCB8LGsPuAVU7gr9MeWDy,Bronze,1,HELIUS_METADATA_BASELINE
GksGoLoMQ3guTCatYfpXizqAzAYT3VoGWf5XMb2SoUt5,Bronze,1,HELIUS_METADATA_BASELINE
Gkx1q3xUZmxVJK8mV2fS4JXzxYgtVFKU48qcbUuwAYzm,Bronze,1,HELIUS_METADATA_BASELINE
GkxvhHPBW8zeiM6sAG7XVdxZQzCLMjSt11eLQSjTQ4do,Silver,2,HELIUS_METADATA_BASELINE
GmBXmqxKXTYNBikP6RUMUP9fqLctvVFSH2Hy6eJk38dP,Bronze,1,HELIUS_METADATA_BASELINE
GmDvirhhJ55D3oVLYVSyL2o5VQXmxycvmN4LZLPGQwG3,Gold,3,HELIUS_METADATA_BASELINE
GmGfASjBqqeKj4wfkJiKsv1RbvWBLgAYpVCFSqHnGYnu,Elven,5,HELIUS_METADATA_BASELINE
GmGhxU5REx1fJwAUM4VFA2cD7LvDffKFicSnVVdbnpeG,Silver,2,HELIUS_METADATA_BASELINE
GmQiaTT8LPFYhbGTirimYE99AM5jsqUG9zT8dh8WkPXq,Silver,2,HELIUS_METADATA_BASELINE
GmVTrPwgUUY1fB7MHKBubGjWYtD6XoJkhRrcyZfNvAJx,Arcane,4,HELIUS_METADATA_BASELINE
Gmex7WANVxwdWs2sMDanvhwHRYJXoepaqePhutPrSfuw,Arcane,4,HELIUS_METADATA_BASELINE
GmgJEbGzUFUENym6mGyJC3Q2L5eLKzPY69Eiv9PbaDeZ,Gold,3,HELIUS_METADATA_BASELINE
GmqaWGne2kbejt5yh5KcRXRxNzmEEshGjs9RzvvgUmkk,Gold,3,HELIUS_METADATA_BASELINE
GmqkaACqMVCr2tDviYvo14BpurukcXPggLgb7Gq6g5WM,Silver,2,HELIUS_METADATA_BASELINE
GmrFzt267odwQBexVRiBwTzPR2Ghu7vtvBH5M6DY46Mq,Silver,2,HELIUS_METADATA_BASELINE
GmtxDE8ucGtes83jvJMTswcHGsosKqLNLF13aru22dmH,Bronze,1,HELIUS_METADATA_BASELINE
Gmzevrsf8K99jJqHeXQFAJ8kJcahoKRFgvkNuXaSqrZG,Elven,5,HELIUS_METADATA_BASELINE
Gn8VuMYqecv4iqmNRc9GRfr1fiQ1qZq1hDu3mCmsXSWB,Bronze,1,HELIUS_METADATA_BASELINE
Gn9qs5x2mE43gY17REfkSEUfSutNAzk4ptYr5vh9gaxC,Gold,3,HELIUS_METADATA_BASELINE
GnCqNKJGrXu2jGGUWsNVQVvNqm7R14BPUVY8HbEwAZdQ,Bronze,1,HELIUS_METADATA_BASELINE
GnGMrAstuWmcnrQd2d3Bc6JyFJZpbT72cF8PZnYfkAtB,Bronze,1,HELIUS_METADATA_BASELINE
GnH9ZhSE8p7wVDhjge3WLZSiEpeFyF1YRg4qHpBcmU4g,Bronze,1,HELIUS_METADATA_BASELINE
GnHKhef6aq3N7rb8UtGZC5Zuw4YHZEYQnYCetHhdHWbH,Arcane,4,HELIUS_METADATA_BASELINE
GnJ6Xfthf87YWZon61c8T5ZTWo6yoLwQkufLcxHmGTeh,Arcane,4,HELIUS_METADATA_BASELINE
GnPYieDUUyXujnayfVQZvmg7NFbW3wNVmTzRMX1AGfBp,Gold,3,HELIUS_METADATA_BASELINE
GnbgCZn3rKd5YFjzVURhHX1toh37t3jJL6j2RBjvN2Yr,Gold,3,HELIUS_METADATA_BASELINE
GnuHsjfyKPiQGhwQBhJuRCHWxg5WPZ5PT2LNzPSyHNHE,Bronze,1,HELIUS_METADATA_BASELINE
Go4VvHq42KKupaxrdNSNC1XfU1dVmbFdEozfRhVGXpdf,Bronze,1,HELIUS_METADATA_BASELINE
GoRQf8WFGykVTP2Ez3E6MygQGgagnY4PTcFDd5hy5nV3,Silver,2,HELIUS_METADATA_BASELINE
GoXyQ1RFY4tJ5bkYbamfAXT9JrxfgA9Fuq15zzKUKuNR,Silver,2,HELIUS_METADATA_BASELINE
GoaNy9r4kjeDExC5VqboDdbiyJq1NyG9SW8fRaidnsTH,Gold,3,HELIUS_METADATA_BASELINE
Goejq9yaNqSKyEkdQdB9QPwEeHPGFhGXkTughv3kvv8B,Gold,3,HELIUS_METADATA_BASELINE
GogBefNbo6JiNHEvnmEMq7gALk3dPizD1vXtDmGfqGBr,Arcane,4,HELIUS_METADATA_BASELINE
Gp6HjiSN2NFDpQRWYhtmE7B8fmNd7Ka2j8dAAF3f3vhP,Bronze,1,HELIUS_METADATA_BASELINE
GpJAZez3VGwAukSv1MfLLvQis9TuSpRDkEqH8WGPeBCD,Gold,3,HELIUS_METADATA_BASELINE
GpRn6dDnkG2jrKNBK7ETLBaJLdE1Xn4iHjkXdYHkjD9b,Elven,5,HELIUS_METADATA_BASELINE
GpS27UmkH8TUcMVj6fXczNScCFejKo5MoxsiZHDdRTmC,Silver,2,HELIUS_METADATA_BASELINE
GpXv3qnUrxpMf8Dp2kRxz7K2ootqy15sGVAGKcFGouB2,Bronze,1,HELIUS_METADATA_BASELINE
GpZJbtjEz3qV9hqff2oVD5ogx4q3eqvbAkdQwz12chPt,Silver,2,HELIUS_METADATA_BASELINE
Gpbq3p7YPCSGGC9Umd7fK6u43SRmyDNteFwpVEBP5417,Arcane,4,HELIUS_METADATA_BASELINE
Gpc2dMm7S34pKcijRxdT8rS4ji6JNWrEnAfY1T3fymej,Bronze,1,HELIUS_METADATA_BASELINE
GpdN9GBcmburU8LE4p6UU4ChJN4DMmgMAbVAwauf79oq,Silver,2,HELIUS_METADATA_BASELINE
GpjRHqVUYYuKHx7hLoBNS43ZcSUojS94MeJMbufLdwMz,Bronze,1,HELIUS_METADATA_BASELINE
GpzeZvu4v96AunNKxWMALdF1wxVsYds3BxTxJKYWY3zT,Silver,2,HELIUS_METADATA_BASELINE
Gq171zP7qwCkSdEbQeqAfWsnvWDKHJ59u7juHD39oQqu,Bronze,1,HELIUS_METADATA_BASELINE
GqBgoZbNnf2umQGGgQvGxGVR3fJD9RAdA974kdhpVgMx,Silver,2,HELIUS_METADATA_BASELINE
GqDUKrRNVjiBgDvnkFBRqQ1a52EGAY1hbJq6Rr2KoqJJ,Bronze,1,HELIUS_METADATA_BASELINE
GqHCDq3CAeeo4bi3j1P68hJxhX4qYJcnA72ofiWi6uEp,Gold,3,HELIUS_METADATA_BASELINE
GqHKH1uxNFHEHDyKVerzETJXNWGVQxvUnnbR9VBtwRcE,Gold,3,HELIUS_METADATA_BASELINE
GqhLMjHBnYPWHMqmo5UzgeUuqvYAEdDbcJhRDRUc6WQb,Bronze,1,HELIUS_METADATA_BASELINE
GqpeZjq8reEKfHDKxtD925j4pnd9KUG6gf739UK4GD3x,Silver,2,HELIUS_METADATA_BASELINE
Gqy4TkkxbGkKnjqPLsLfHzgATUEdDcypNayiuWV2cpD4,Silver,2,HELIUS_METADATA_BASELINE
Gr2hECQEGH7yXCZPQvdQLo4TkQrPgWPj7xZnhja7r8jK,Silver,2,HELIUS_METADATA_BASELINE
Gr484NsXtB23SWqtRWPai329UwpJAzoMjofV3Bo2ZwTv,Silver,2,HELIUS_METADATA_BASELINE
GrFHMWgq12VgGj6Rf1ronFszNsNC3dSrZ7W2RUaSNCKW,Silver,2,HELIUS_METADATA_BASELINE
GrHCRuv2cGzXyKFTUEhMZKS4ntvzykgJkbgM6EgspGD7,Gold,3,HELIUS_METADATA_BASELINE
GrQA5jc1Fud8wKAP7yKUtjw6omoj8cK3bSMC3smMx6LV,Bronze,1,HELIUS_METADATA_BASELINE
GrW4FU2sSyw1L5JyLcZS9Q5WdNTYwEoVXa9rrS9ALWee,Bronze,1,HELIUS_METADATA_BASELINE
GrX8EtU8CTnh43PJFQr3HxbXjMEQjoTkxwqd1iUb6d8i,Gold,3,HELIUS_METADATA_BASELINE
GrgubvXWusXx8d8ecddtPAQa2mNGfcArbCWtd3PfsCEa,Bronze,1,HELIUS_METADATA_BASELINE
Grm9x4xEtRSKUSkh7DrdUvBVYVmo3ZFwRvCf6uXYQq6M,Bronze,1,HELIUS_METADATA_BASELINE
GrmaUfJyZ1U3jpLMrRCFZHTqhHHerFsin5JKXnBncfWU,Silver,2,HELIUS_METADATA_BASELINE
GrsWRk5Gh1EhPkR2cgPBuJ476hpo9JFkiUCo1vPccKBF,Bronze,1,HELIUS_METADATA_BASELINE
GruCRGLucyvNFW4uHsEvZSnziNG7oHpwK2mD2wvPcdDC,Silver,2,HELIUS_METADATA_BASELINE
Gs3unqeVuB3VgDKiJKg6sseWFsmG3zPkxAdgevadBdhY,Bronze,1,HELIUS_METADATA_BASELINE
Gs68PYUbYfiopdgEgNoxpSHYhzV2vq6oPosvm1kcAQKq,Arcane,4,HELIUS_METADATA_BASELINE
GsAQEfi5typN58fBjGPydBcFvDbD9ySAbhd6gSJH5jCs,Bronze,1,HELIUS_METADATA_BASELINE
GsLNANRvA6SNFfZwsfbuqxC63shL8AYb6AhmFVXw1dCg,Bronze,1,HELIUS_METADATA_BASELINE
GsPYT5VDLGtkPtcdJBpTaxDkc8A7xEeZYvi9dNG9QTb7,Bronze,1,HELIUS_METADATA_BASELINE
GsToJnDgfmgjpBzmdbXLGLHFKZ2ZfeTxRa6EtLTFqMmY,Bronze,1,HELIUS_METADATA_BASELINE
GszUqwRqFVWTaJU5a9DqhNRRJi1DVA2sHx8BL2XdyCeU,Gold,3,HELIUS_METADATA_BASELINE
Gt4MPcsdykn3QW7bffXou2MHBgY3gTriqDCobhC19zjS,Silver,2,HELIUS_METADATA_BASELINE
Gt4qSQM3hENnyag7ji7gsiMyGkUxhWaoyMGfZntb83RE,Arcane,4,HELIUS_METADATA_BASELINE
Gt8JrE1yBF12Goq9ddZRF41a5ngpvPZToPyD2Jddzos9,Arcane,4,HELIUS_METADATA_BASELINE
GtKjyTwxTUwJpKDj5N8fDTdcB3jRvGgAE79io6YdtbDP,Silver,2,HELIUS_METADATA_BASELINE
GtXTTDg14zeUU77Ug4o9BmpLLC51aAKh81gBR71rZmcN,Silver,2,HELIUS_METADATA_BASELINE
GtXUA2v3iTP6SjCVeTUMTFf1ZH6wQSoF5kZ31nTRy5Lj,Silver,2,HELIUS_METADATA_BASELINE
GtXmmomzTBJuhL8MGdeVCwziZhJEETLSQ6dfQiELvxP1,Silver,2,HELIUS_METADATA_BASELINE
GtoNrmu5hKSNJDa3yTKsStAxTzcQv8kp2huArhSsxX1z,Bronze,1,HELIUS_METADATA_BASELINE
Gu7EpiBZGCG5tvRFas9UKZZ832FD8iNHmXXAXJBykqPX,Silver,2,HELIUS_METADATA_BASELINE
GuSHSbHxVJ7RskeuDfmfWD7Zoy92qCtSuYza2LBchDAC,Elven,5,HELIUS_METADATA_BASELINE
GudCXfmVSLH7EqFvyz57GHBg5uNudv6PWPqb2zVgARVu,Gold,3,HELIUS_METADATA_BASELINE
GuewqAEyw4MZs5AZqqENmh3qNg3JVjx3At3H8pfp2sWq,Silver,2,HELIUS_METADATA_BASELINE
GumC7vGvf6ZXdqQxpWyG2CuPUGq1xBBVXRAmudRyNyvb,Arcane,4,HELIUS_METADATA_BASELINE
GuvGPqwoNbtSYLqXruHkb9UumeVDJWLnUZxFo8EnuSN1,Gold,3,HELIUS_METADATA_BASELINE
GuwXYCWXx3r6mYxR33S3FeojdDWhcVfims34JVZ6Reed,Bronze,1,HELIUS_METADATA_BASELINE
GuzsQWU3bfQmYZKWV6tf5yKhqvx18Hc3P9N7kUhsriQf,Bronze,1,HELIUS_METADATA_BASELINE
Gv2yTad1dtiw1uZFdx9VcLoSawLHfCWiiLienQ6hiS4n,Arcane,4,HELIUS_METADATA_BASELINE
Gv8N9r6kZpHpVXfgtEtMSYNnmu4M2DYKiWoPzCPusNkB,Arcane,4,HELIUS_METADATA_BASELINE
GvAfdryq5YTGfYi3YttRgcrFZgDdwD3Lix4KiY13sQuu,Bronze,1,HELIUS_METADATA_BASELINE
GvAxYMu7Q8yvXn65P1jvbaaVCjiFmozqZgD3D2HNMezY,Silver,2,HELIUS_METADATA_BASELINE
GvKhzFVGD1y1799Tj16SWpg9UuCLPMvPHVRu5bbG4BSX,Bronze,1,HELIUS_METADATA_BASELINE
GvP7yU5QzjktqZi68NkPEEVV1AwJn4sUK6dzyF8MFgAb,Gold,3,HELIUS_METADATA_BASELINE
GvTyA5Qvp9Rdd6LuCiaZJu1gvAvLtTgZBsHEPiawRdx6,Silver,2,HELIUS_METADATA_BASELINE
GvjmvWzTv5JZCjjeXbCmY4RK4VYZiT53kVR8Nnnzj94S,Bronze,1,HELIUS_METADATA_BASELINE
GvkKL1yUKEXdgYFfauBJ89DKif38GkWBCPX28Za7CqN9,Bronze,1,HELIUS_METADATA_BASELINE
GvtQCcvKv7bwuN1Pw8w38wvBMPsHs8cHrS4VhDjz9W2w,Silver,2,HELIUS_METADATA_BASELINE
GvzYZF7qgPXEAdHeLuMmHFdin5JYpcjNeMLPURUoJbPF,Bronze,1,HELIUS_METADATA_BASELINE
Gw3LXx6AyxW6h2Tnu2E84zCCse5XFp3m4STLNQzA2YTK,Bronze,1,HELIUS_METADATA_BASELINE
Gw5JdJjeonTqWU4DyfUovVRBtLxUHxcaCWMmsXD3sNxM,Gold,3,HELIUS_METADATA_BASELINE
Gw8hBVCmyyv4XJbNMpW6PopnCmi1BQjFD6RgnFrvksQs,Silver,2,HELIUS_METADATA_BASELINE
GwLXUXZqHMPHLh7DyRa1Uq9AuMpNsddPpcdc6i8qTf7v,Bronze,1,HELIUS_METADATA_BASELINE
GwP2JeXDbPgqKbdyJAA9hghzDEXFkosX7MAeTFKLH21f,Bronze,1,HELIUS_METADATA_BASELINE
GwRgmBqAzWxa4DVYNgC6cMX6jRuaxRH6WAFJFV3kYjP9,Gold,3,HELIUS_METADATA_BASELINE
GwTN7yoix1aA6Zv1CK5X1M86v2uqkwdihck7kFHQ6PJw,Bronze,1,HELIUS_METADATA_BASELINE
GwVSfMKCsewyoA1rfWicmJezEHjUH1rKAcCxZKygQNEu,Bronze,1,HELIUS_METADATA_BASELINE
GwWb94MPtEwxYotWkWc8ELsNvwYi7WWfUHbiyWUCibyC,Bronze,1,HELIUS_METADATA_BASELINE
GwajXcPFgKFyHcCaVkMEL5cCPdouefCTjJBeakFm1FxL,Silver,2,HELIUS_METADATA_BASELINE
Gwc79MULnykYCfCSpS5GxTeETvhk9LMfkZR5HmXAjhgm,Bronze,1,HELIUS_METADATA_BASELINE
GwnFuayo4CUf6E5g3mhcR2iY5WaAVNgmYq4GNqWApNjL,Gold,3,HELIUS_METADATA_BASELINE
Gws6zbSkwDsjtCqw3SvYzMeKyWu7EdQK23vjczfTBicK,Bronze,1,HELIUS_METADATA_BASELINE
Gwz163NsQLLzHfeTP4YaJX79i1DnnTfGyoyxexzHfUD3,Gold,3,HELIUS_METADATA_BASELINE
Gx8S5zTkUqTX1csLnMsjXfXutoK9aHv5tvTgYHvWimjH,Bronze,1,HELIUS_METADATA_BASELINE
GxKf8mRx7wjcBMN6248W6hzrPYWaoyX2HVoAC5wvcoaQ,Bronze,1,HELIUS_METADATA_BASELINE
GxQDCeT9XZ9QDycJxtwn4gZ7yedt3QFSm566rYjD146n,Bronze,1,HELIUS_METADATA_BASELINE
GxQwubRVMfrZ9nG9HPxZ4rjdMyzKcm2xgXbcdwCWD7gK,Silver,2,HELIUS_METADATA_BASELINE
GxRysQPVds21CLuATvkMEQuXfeNERV4RhjtfvtndoWMM,Bronze,1,HELIUS_METADATA_BASELINE
GxVcw1RWhot7L2QBFBFoEwfs7L2WXJHEd8YvPEdPaMgQ,Bronze,1,HELIUS_METADATA_BASELINE
GxX1wpf4EbKJsyKqw9gbnAkuSgb7TgwKvJ6H7MKiGcny,Bronze,1,HELIUS_METADATA_BASELINE
GxbsLYEsSqzfx78t57tapffQLAxURK5TJxG9HnKYMkZJ,Silver,2,HELIUS_METADATA_BASELINE
GxnbLUfAyXK6DbmCndZwc1ZWvaU3ZapivKitWiwbXDZk,Gold,3,HELIUS_METADATA_BASELINE
GxrJCRPwZJR2GTpE4VP2ppFyqMR3i2A7DcYR59iq6mhR,Bronze,1,HELIUS_METADATA_BASELINE
GxstrZiAkU6C34EhtKnjLqMFNMrcxn1XFkYp7h4aYwzh,Bronze,1,HELIUS_METADATA_BASELINE
GxtEzweEtXGT9gQCFxSpEjxoHPJbxvUZKKufYEnEfXw8,Arcane,4,HELIUS_METADATA_BASELINE
GyHuMKn6eyDVqThDkUc84RKSTc5XA1ZKhft9rwFmSc4s,Arcane,4,HELIUS_METADATA_BASELINE
Gz326ictQmwAkuNY1Fb51Gkg1QJEuG9Xy7rY5Pagv362,Silver,2,HELIUS_METADATA_BASELINE
Gz5eduXjFCZSPjjDcfeW2TYMWQ25gHLrnZp4n2nFNf75,Bronze,1,HELIUS_METADATA_BASELINE
GzHHzFyCXYPg9Efm3KnJadUVsMV5i6xXKWmw3ivYNYYe,Gold,3,HELIUS_METADATA_BASELINE
GzJbZzuwSf15myyQvhCoaRMydEi4dK9u5hXEMN5heF6W,Gold,3,HELIUS_METADATA_BASELINE
GzLD7bZoqa6Dfvj9V9KH4CkSM7aJe8Qp81MCSdpuuu78,Arcane,4,HELIUS_METADATA_BASELINE
GzRsWVYtE3PbYQCTwXuf7FLJVJMQRCRJRJx6xncEgD3b,Bronze,1,HELIUS_METADATA_BASELINE
GzbMUd2kWAT7onjk1ZXzgpF1WeYx1YQXYdLuPdg5yj32,Bronze,1,HELIUS_METADATA_BASELINE
GzeuihDFqtrpR8X3DTXtVcbAiHaPxGCFXSoZ3yKenHLs,Arcane,4,HELIUS_METADATA_BASELINE
Gzm3pq8WSN9TP2ad3LryKzLbUCqy9Znig3d4GuqHidKn,Elven,5,HELIUS_METADATA_BASELINE
GztvqXj7Jbu8R58LtjGr3hMwPKaPoV6VJNMQtCjy4tac,Silver,2,HELIUS_METADATA_BASELINE
H128EcMSLMhs7LW8eWe6p2NhT74anKCJvzrprD43twwb,Bronze,1,HELIUS_METADATA_BASELINE
H13ic71edhudQLRC5CBvK65GiG6fEnqUVPyrVtypM2h8,Bronze,1,HELIUS_METADATA_BASELINE
H19qukNotNmGczFJaJy9fAf6uoGVpC4ALdeARuVwTK43,Silver,2,HELIUS_METADATA_BASELINE
H1B84nK7rq9BZVPsiJYs2kCPiqvfoCsWigKSgzcat67X,Bronze,1,HELIUS_METADATA_BASELINE
H1DFLxy9tpdzTxJVeuRKUyRWFMiKF5K7K53c11TaEEip,Silver,2,HELIUS_METADATA_BASELINE
H1KoQsv7LCE7KKJSRiJdpAbkMEYhpGE9Vtt3f1aM35o5,Bronze,1,HELIUS_METADATA_BASELINE
H1QvXnNBaUP9sJSzUn7BcRjYLjvhqxahvMD9RRjH44sB,Gold,3,HELIUS_METADATA_BASELINE
H1cC7quit3iwyhBooqcwieBTQQ9VBjd9CAuLvGbqk2uQ,Bronze,1,HELIUS_METADATA_BASELINE
H1hFokDEnK7YvP9oh324W7vQ39e9pXNPtgEk2X7NtMbc,Bronze,1,HELIUS_METADATA_BASELINE
H1jUSnjhMpaVsJBHMhdAFi6YuTu9SeE2AG3HrLmY738G,Bronze,1,HELIUS_METADATA_BASELINE
H1uUZMRMay7QQhXLLY4Pnmmv1W5F5YXM3FLTEmVxineM,Bronze,1,HELIUS_METADATA_BASELINE
H1uYmWzGvDf4G59BuX6TKYjZujXCgcH7K221dceg8yjn,Gold,3,HELIUS_METADATA_BASELINE
H1vjrXFV5m3bhE17SncuTcf2ap7rCgBEvo3nAtnB241b,Gold,3,HELIUS_METADATA_BASELINE
H1xvdQxw44kVzR8krsrhCLinmuUBTY5pNFrWvRDdPUUg,Bronze,1,HELIUS_METADATA_BASELINE
H22vXoMZjN6k7sYCXRe84WRwxptncZ3pSZyYSzB76eJX,Arcane,4,HELIUS_METADATA_BASELINE
H2638cMYnD5jTjYa7DJoxrXgq7JAxb4zHSRHNsyfNyMq,Gold,3,HELIUS_METADATA_BASELINE
H2Pi6cYuJoeXtopeyaCPVWsxCWjRd1GovvPros4D7ePa,Gold,3,HELIUS_METADATA_BASELINE
H2QRC2SJ1BQWVLfKcSStxkDbzwZeMw45KSLenRVctJ4c,Arcane,4,HELIUS_METADATA_BASELINE
H2SBkf2HbrMbFbuq9j7wRgzQf4ogxsd8RnTGjmp2uMYd,Bronze,1,HELIUS_METADATA_BASELINE
H2SPaxmPXUHSZingX5fQDTzLADBVR9CkVnhosBiU1y11,Gold,3,HELIUS_METADATA_BASELINE
H2VxfJinXf8SAYmthysvQx4FboDLG3MA7hhzZXqttHYp,Gold,3,HELIUS_METADATA_BASELINE
H2YXtu3wn1vsmnNZ5GrezQ1DZt4bnx3D1uUG66uKDhTJ,Silver,2,HELIUS_METADATA_BASELINE
H2cvYkCFA41UX9YFBpPbdSFqja3SPXED7W2bk9VjpxeB,Bronze,1,HELIUS_METADATA_BASELINE
H2jijVLMuRQsUFUwprvfrt9ULJLHCMycrC8Kf5gLckqx,Bronze,1,HELIUS_METADATA_BASELINE
H2n73Ni3HLfyaV3DuW9BGtuVHqXLmWakGhwTtfkMrnK9,Silver,2,HELIUS_METADATA_BASELINE
H399uhSuvVDupDLEu362p6PfMb5iLz6qvj8BNi1SHaVq,Bronze,1,HELIUS_METADATA_BASELINE
H3DW8tYvM3QaVhQfGoKieYynH5RBY2dkj9CMfwaWUhNm,Silver,2,HELIUS_METADATA_BASELINE
H3JtBGfSteweSE8bMp83L835eJVUvF5wPkouVdArLeri,Gold,3,HELIUS_METADATA_BASELINE
H3LkyaMXrq1QMiyu12C6CH2a53U1T9hjxS6JcoBjvGo2,Arcane,4,HELIUS_METADATA_BASELINE
H3UuJHuL6eXm9uEX41pvX83eVuBZVcGvY5xNceCRSQ3c,Gold,3,HELIUS_METADATA_BASELINE
H3h3CRzaWSrYHRRCRYkfvFVjdnLsvxzR3KxJbGBe4kLX,Gold,3,HELIUS_METADATA_BASELINE
H3qmv6XyN7aCxcKs1oEMuBL6VW84ZYZVhrRcQzecQNpm,Bronze,1,HELIUS_METADATA_BASELINE
H3sNviENhGcpWr5XXyY4eudRDdBodmpqUurKQR7VxqWB,Bronze,1,HELIUS_METADATA_BASELINE
H447ETT4Dnw92zDuLEQgux3NwWN7PbyKsj1yt9MgaX7b,Bronze,1,HELIUS_METADATA_BASELINE
H47RvZFzba4eiD8s3VoHHw1Zjua7SZHq2oarv4dW3gYy,Bronze,1,HELIUS_METADATA_BASELINE
H4BHkt3Dxbg4hh8vzMEzbjYdummXMa4wuvJ6Z8D2gtsE,Arcane,4,HELIUS_METADATA_BASELINE
H4EKM3GGqxDGkp8ZifwDCyDV7iMDLdmTeqpf1zWDWfgx,Silver,2,HELIUS_METADATA_BASELINE
H4TNuUpUBba4zsngeihiU6BCXn7tMNtMT2pVg2gGARFy,Bronze,1,HELIUS_METADATA_BASELINE
H4UoY15Cp49NvjpRhXVZ36DZEsNkAM1SHjLDBRudLXJd,Elven,5,HELIUS_METADATA_BASELINE
H4WU975dcpYzW78HzvA5abeVPmSKbuHnVwL6oc7Wd2Mo,Arcane,4,HELIUS_METADATA_BASELINE
H4WY31RN6r5KB98zq3ePzgYMMn1bjxUQyN68TKCzZBi9,Silver,2,HELIUS_METADATA_BASELINE
H4ZyHSAAZV9g9bm97yJ9TVFXQixw6hvXCVHNPBjiC4v,Bronze,1,HELIUS_METADATA_BASELINE
H4fa5F7Ppiin7MUfevitQ5VguRtuSiMu99GSqFhfER6z,Bronze,1,HELIUS_METADATA_BASELINE
H56aXeFD1dQUXeisnoRw4nS86eH9Z6XMaHg8UMQkho5z,Silver,2,HELIUS_METADATA_BASELINE
H57jBkfCM2bD5Ua7J26zSs2GRgsixmguEHhJ2dGoVJYk,Silver,2,HELIUS_METADATA_BASELINE
H5CEBxRtSxAx79qWbT7XYPwwKSyMTSnTD6PPjGa9QYGG,Bronze,1,HELIUS_METADATA_BASELINE
H5Ez2bTTja54Mba36pg7iaRcvuCRSN3bY1CBzQc34YT5,Bronze,1,HELIUS_METADATA_BASELINE
H5KAKZFQGX96zcFPs72dYuMiNkCTYDwZegNMDEfJUf2v,Elven,5,HELIUS_METADATA_BASELINE
H5KtTttWfrU1yfuSfS9CpPGrTkDdWbTx4xzjeuTYcU7G,Gold,3,HELIUS_METADATA_BASELINE
H5MhxsLU5PgrKCga4asw33vTSxuqHUADH6xqubixUZRw,Silver,2,HELIUS_METADATA_BASELINE
H5QvAQcztcUjK5ZDFxqiTAW7onc5D6WT54NGZpz4msFy,Bronze,1,HELIUS_METADATA_BASELINE
H5hXGh9iEsp7r8Giryw6Y1acSdcSybiftKn2vDb6KVgd,Bronze,1,HELIUS_METADATA_BASELINE
H5kX1SCrz2ZxUwR5Q55AdKg2expie7NtaTfW8uujxBCh,Bronze,1,HELIUS_METADATA_BASELINE
H5qJZQGcysNbKohn7kxwkdcbKBL8MENzjvaosEmhnbJk,Bronze,1,HELIUS_METADATA_BASELINE
H5qoQMvk3PWT6mqJbjEqfNhf5QXkJsQQTRYHHkJrtv8S,Silver,2,HELIUS_METADATA_BASELINE
H61FGerA2GEFMEJgNfFarq6RLK7ns6yEqxigSZmCVEkc,Bronze,1,HELIUS_METADATA_BASELINE
H65Q4gxLm9rmkxFMzSD2Lhkpi8QgChaZo5nZuRHWGqfk,Bronze,1,HELIUS_METADATA_BASELINE
H6DMaZV8yAtDfj4CK86imPJp8UmP5avbpLmUdM2Ao6aF,Elven,5,HELIUS_METADATA_BASELINE
H6DQkjVQG74uMSMRQveVrVvRYLSXAFa4WGQdgkpjJ3BF,Silver,2,HELIUS_METADATA_BASELINE
H6Y4tcVHP7cFP5x7yXS3MZgD643NiTw4xrcqRVFfaADm,Bronze,1,HELIUS_METADATA_BASELINE
H6YWvwyMXF93Mp139T3xhMZHRkL4nDQu1TrzXWFUytfQ,Gold,3,HELIUS_METADATA_BASELINE
H6ZaZUrtLVtgBxYrHjJTYk8jMak11xfsV51scjgxUyRr,Bronze,1,HELIUS_METADATA_BASELINE
H6qQgyizgViXqmCwKkUDZnAfZGuDC7mo6yaUjErDUXF8,Bronze,1,HELIUS_METADATA_BASELINE
H6ukFwAVHGAoYeEe783tE1a3Yj3xTGu44Wjqx5RAYw3s,Bronze,1,HELIUS_METADATA_BASELINE
H6yxGMnkhUwFA6CLQLhrXiCx7EVrSdT4YbiwU41gDkgN,Gold,3,HELIUS_METADATA_BASELINE
H74wyzdWXLBSGp5wdMBehh4SEBW1a2t3QdpzWsYUPQ31,Bronze,1,HELIUS_METADATA_BASELINE
H7AGYXu6iTSgSxBUotUR9maPLWy1rk9775srUQre2vb2,Bronze,1,HELIUS_METADATA_BASELINE
H7AZGmr7HKZDScbQcSaJeHCtJCYqhzesoV1PGABB7GBa,Silver,2,HELIUS_METADATA_BASELINE
H7BAtGwwkvZfLagtRZirjx3nVMY1SEJnosTsWW8dVyiY,Silver,2,HELIUS_METADATA_BASELINE
H7hGTb3ebyfABPwCeWJ7ijEuHRiHFUNCoBSNt1iqTUo3,Bronze,1,HELIUS_METADATA_BASELINE
H7jKPT4geJ6nTdQhuz2MzBhE9VC4C2Qt8aWZ6VSNBNES,Silver,2,HELIUS_METADATA_BASELINE
H7mQDtCHkgPLdzKvNEsAje6S1b6LUgnynn8JnSCkVoNr,Silver,2,HELIUS_METADATA_BASELINE
H7tfwCBfCh5ChpiJ9zfmr1SrJUP6s1pmYVPZcfouhM6L,Gold,3,HELIUS_METADATA_BASELINE
H7za7t7jRDbCQeRm7Hj5gpjirZFqERnCd9LRaPK1zT1F,Bronze,1,HELIUS_METADATA_BASELINE
H81kcxbpVkMHnMMipf8C58X7LWKkEMepHwU1G4cPZrwb,Arcane,4,HELIUS_METADATA_BASELINE
H83xZMKsxt2m5GUBgRNyYVQPFGVciS2XpkcbvjqD6dCi,Bronze,1,HELIUS_METADATA_BASELINE
H8BJBsMAturfuHxnrbfo1dt4H4u1zDaf2teg7NPCqT4n,Gold,3,HELIUS_METADATA_BASELINE
H8XaFkfgmfqi6nhfW4QGk5aMnLbqEhZ1rbzyNF5aoTWn,Arcane,4,HELIUS_METADATA_BASELINE
H8YdmZ83qTVWfftR5fTHP6hL4k6AW9qZM9nUMCP6YNUy,Gold,3,HELIUS_METADATA_BASELINE
H8oLcP4tdbv1s2tX7SFr32i6TdHiEiK93Z4v63Pp6rw8,Silver,2,HELIUS_METADATA_BASELINE
H91yTGCya4MqKkMKz7KFQtonNM4oWEpu5a2xaPiFECEK,Bronze,1,HELIUS_METADATA_BASELINE
H9JmCiqqVmJ7BrzDhG86trj5RzigwimzBaxURc3WhLYZ,Bronze,1,HELIUS_METADATA_BASELINE
H9YDcomWbLXbVZDrUpiEkSP2r5cg9n3R4HSSQRBmCaEx,Silver,2,HELIUS_METADATA_BASELINE
H9hpEFD5P6YviprV2ijxcVXzT2vYKkCsuR3TXA9X32R8,Bronze,1,HELIUS_METADATA_BASELINE
H9kpHMmPyC5THhYmqNYGPG95UTXKyAQHgNd9KUijLyVh,Bronze,1,HELIUS_METADATA_BASELINE
H9p5otzp5BHuV2y5aAoi2UGVSbCgFANU8X9Ak1u5FdW8,Bronze,1,HELIUS_METADATA_BASELINE
HA6G7Hz8k9aCyPpu61q6GZtCBFnBdjz5DEzjHzexgZz5,Gold,3,HELIUS_METADATA_BASELINE
HAAsLEXbD218gmoRMavG3qs1UWstSBNGG8UMQZ3orZyQ,Bronze,1,HELIUS_METADATA_BASELINE
HAbmJqnfnWFQ68AgoCmZgxscXYcdkwziJXhWyGzgSRVi,Silver,2,HELIUS_METADATA_BASELINE
HAhM6w141MmgHWaJ1XgMiQcjkFGvsiaXnERZtxR5AcBZ,Bronze,1,HELIUS_METADATA_BASELINE
HAqtF4unHBtbL3nBNsEpuz5JaBnmPQXDTmmFz3agYK2w,Silver,2,HELIUS_METADATA_BASELINE
HAsSX19bS9csTWuioM6PnLseVD4YskLDGVT5tqSvdjKu,Silver,2,HELIUS_METADATA_BASELINE
HAzAEGACgMmwzzC1YTeabEN73eJtTcxEEX4cXXSnQySt,Gold,3,HELIUS_METADATA_BASELINE
HB4VtS4wqYVB8z84Hip9he7cejnURcjFaGse9f7Zokku,Bronze,1,HELIUS_METADATA_BASELINE
HBBDNH2zqUC2jMgBqVu687R3ab1z9JsefLTCRNMYKtbj,Bronze,1,HELIUS_METADATA_BASELINE
HBD2MCrogn7Dpz59XopyxZGC4SDLpjnkzXvEFHfTvN9c,Gold,3,HELIUS_METADATA_BASELINE
HBFP2iFvLMhL62hWZixL8vKyurkShVsdH5bH5Hg4yAju,Bronze,1,HELIUS_METADATA_BASELINE
HBG8RwgaTXp54qmZdhss5YRMjBcykhkNuYc3f7kpXgrZ,Bronze,1,HELIUS_METADATA_BASELINE
HBMw3LLUqLjQS1E3ZNenbPPydc736VyksMWAFpXvfYFe,Bronze,1,HELIUS_METADATA_BASELINE
HBRKDgyG5gBLzhL5Rg5ypSsJnCNUy2DUkKcLtxYxP5V7,Bronze,1,HELIUS_METADATA_BASELINE
HBUeMDkri34YU24gF3LZVadCBwqd8PF7BU6neigs8VFq,Gold,3,HELIUS_METADATA_BASELINE
HBZYE4gdPHr4YhB4bm5j4as6tbgm8BFAAJWnfkVt4mEe,Bronze,1,HELIUS_METADATA_BASELINE
HBacpkHbsya1Ud7yXFUy7vomXpohzFX5CTKHUpfwV6rz,Elven,5,HELIUS_METADATA_BASELINE
HBdADSVUGFX4UVPsxGq8qShRjAgwUNu9D3M8vyqBENWd,Elven,5,HELIUS_METADATA_BASELINE
HBdnneHwua1TjxaptDzJz9K6uUDQdF24X6Kbeu7DwZgu,Bronze,1,HELIUS_METADATA_BASELINE
HBfMNsj61WegwLNijp7y3XWmNxWfi9eD6rTEWRpHzpR1,Silver,2,HELIUS_METADATA_BASELINE
HBitp6n5bZdqHFL1zLqJxFzZAjCX8JuyTz8c3s6upXeK,Silver,2,HELIUS_METADATA_BASELINE
HBxLzos85LCHDjxNfenKqJVjfkHZZHmyKtygwCR6eDv3,Bronze,1,HELIUS_METADATA_BASELINE
HC1zUWg7V3i8dm9TUAKTsdTYovgiwGSeafZh28CtrdzV,Arcane,4,HELIUS_METADATA_BASELINE
HC7SPX915FtVoUPquJKT4ZgwfMxzrVP5t2taTb1rLWU7,Bronze,1,HELIUS_METADATA_BASELINE
HC93PFyq65tmALcLRkQDLXkCYbUL5sWEJdTaXA38UcNd,Bronze,1,HELIUS_METADATA_BASELINE
HCGuVR3DbqXP6iBVK9nzyhUcB2TKppuJvrLvM3wdmsJi,Bronze,1,HELIUS_METADATA_BASELINE
HCGxSgK5auPMyxaggF8SDM7eXhye1oZj2Vysz5xd267x,Gold,3,HELIUS_METADATA_BASELINE
HCYRykv3BvXsxNL5FbHqEm42bxq1nofiWgRDiGqHt2R9,Gold,3,HELIUS_METADATA_BASELINE
HCZkYbawX2qncw2FTu1TdA8uSt7dWSCtkiFZdTAsHfDR,Silver,2,HELIUS_METADATA_BASELINE
HCdwApzpH1AWhByc2kmLf4cULb4BYMJ86pB43b7ruucR,Bronze,1,HELIUS_METADATA_BASELINE
HCh7emsL3aBQY8gTfE9ppQaCMTC53MnH6z8KDnq5KSo1,Bronze,1,HELIUS_METADATA_BASELINE
HCnCmz9oB5GS5MfgnA3sboHJZEKAvZNTHnPH3SQ317Xh,Bronze,1,HELIUS_METADATA_BASELINE
HCsMFUavp4drPH5WSPnkqqmZEpVQiuiGepVVjrZYh21z,Arcane,4,HELIUS_METADATA_BASELINE
HDVYWdobvyJ7Q9VQcJMGfbmGctqRJL1nFa6HuY1obXtP,Bronze,1,HELIUS_METADATA_BASELINE
HDjicykWYTvkunCzXqxd2oE5quCvUgh3idaomZsCLwT1,Arcane,4,HELIUS_METADATA_BASELINE
HDw7gPgbhKUr4Fc9VMUHURPja9KofFizCC34eigLMxdN,Gold,3,HELIUS_METADATA_BASELINE
HDznw7CXbvoyhgtS3b4o6tvMjkhf89nWUA3151g55258,Silver,2,HELIUS_METADATA_BASELINE
HE3W4q7MpCBeqcYkccUZWELP4YihrfwVJbj4F6jdA7gx,Silver,2,HELIUS_METADATA_BASELINE
HE85WfAJeGX3H8o3GQtjMeXaYu2ijwFJgcdMsNwGKfx,Bronze,1,HELIUS_METADATA_BASELINE
HECzc88Nn3WGXSmap63uZ3esHrVdypDzzB7zSyimXR2c,Silver,2,HELIUS_METADATA_BASELINE
HEDwX3ZMuT6H8cE6utDKcsALYnNgEtAkwUUx8f9E5WDV,Gold,3,HELIUS_METADATA_BASELINE
HEF69xsWskHvGKqCixrEectarTZChruNe9EQSmHSBSZR,Bronze,1,HELIUS_METADATA_BASELINE
HEFwmikNdiMWVj2Bo4mLLBQosuRF1uPRCuYYxPNQTqrM,Bronze,1,HELIUS_METADATA_BASELINE
HEVpLoGMrP4B5ArH8TwKh66hpxSkEMQBw9aYLKZuL4r7,Bronze,1,HELIUS_METADATA_BASELINE
HEW6pfwCHqd7GF4pE38C7FZ5XYA1nKnrKyPPRwZJLVq,Elven,5,HELIUS_METADATA_BASELINE
HEfhLRHfH47mPZ2LFxhXPLpUB1uuqcnZihJ2qvK8FDGE,Bronze,1,HELIUS_METADATA_BASELINE
HEh2FapfuHUKc9vEvrJB1PQjwanDqVUBHAhuUXiETWHm,Bronze,1,HELIUS_METADATA_BASELINE
HEmRCR9838yTjsi3Gy8w5P9hzhKEtCL4gDGYHRxR8qpw,Gold,3,HELIUS_METADATA_BASELINE
HFEtdwtkQPEqpHHNQbXEBfRAnhFX5h6NC8tsuZtjroar,Bronze,1,HELIUS_METADATA_BASELINE
HFUB2gQ28HR77FH2GJTjJpNKPgzcTy4apC4Jsat7m84U,Elven,5,HELIUS_METADATA_BASELINE
HFuaXFjrsYCNLfHtoE9yDQVy4K9rkR96n3YEoArrkwmo,Silver,2,HELIUS_METADATA_BASELINE
HGBdA9jvZ3yyPhfY9WaxBNUZtof9nWER7t2fp1FApwXY,Silver,2,HELIUS_METADATA_BASELINE
HGK2YpWzvcvSZK1wBLtAZzH194xvzFSE1YEXKQr82b7s,Silver,2,HELIUS_METADATA_BASELINE
HGZE2mgRrkz2M4duH99efqLrbQ7CsNLw25GgjnfrGG1f,Gold,3,HELIUS_METADATA_BASELINE
HGZdPmHT4PSJ2xKK6RP3zSB3Qj4xAnXPnsa8iv16M4se,Elven,5,HELIUS_METADATA_BASELINE
HGrZhFTsos2Nw5a4soxySSmdX9n2yZnnicx3486xqnYR,Silver,2,HELIUS_METADATA_BASELINE
HH8oWCpxFgGUA8TnJCaAPJcjiY3uyHaY3oNX49Em3JXd,Arcane,4,HELIUS_METADATA_BASELINE
HHAL8DLUf7ckT3g1Tz8Jy21eqTGzk1HeQZAhQV6wwTe6,Silver,2,HELIUS_METADATA_BASELINE
HHAnZ21uD4AG3w26CAA5t9NhX3uCbUUVDueURraUKiCW,Silver,2,HELIUS_METADATA_BASELINE
HHCdB8V9rAqFpQ1NbCmSG1aA5Cx3HjcjYydEfHSkcxYh,Bronze,1,HELIUS_METADATA_BASELINE
HHF2joL1w2nB3UDdjbb4MGwyoLp1FPnsAFHhsqXh6iyr,Arcane,4,HELIUS_METADATA_BASELINE
HHJX6irgWJjjau7CiDSieDbiSd3b9LGv4w58hnTZNTFA,Bronze,1,HELIUS_METADATA_BASELINE
HHL6dF8r2SxqhzMSMZ7XQzBbmA8pZ7vDARLuiD3RRsaB,Bronze,1,HELIUS_METADATA_BASELINE
HHMP8snbXX44271qAbpe9fEH7UgHZcFa5QXtLBCJnBrz,Bronze,1,HELIUS_METADATA_BASELINE
HHaSp8tZFCAP2GKEK2AdstbkZ3jFWFA3cAKRUtX873pX,Arcane,4,HELIUS_METADATA_BASELINE
HHnA6c8pKTEmurJaAEorGccUCWJpHkZw3MsD4gFbZrHR,Silver,2,HELIUS_METADATA_BASELINE
HHx1hWTRw2dSfd52kqx5YdJ7L7d9paDmVYWzyiP153Tz,Silver,2,HELIUS_METADATA_BASELINE
HJ2TwNNGJPFg5MEZGePHfkpjc5GmjjeJu84YARijvq3S,Arcane,4,HELIUS_METADATA_BASELINE
HJ6ukasHjp1CLdbzZFRvw91kp8T1AoFBA9S36akS3Xcd,Silver,2,HELIUS_METADATA_BASELINE
HJCuJ2asuXrPfyaxDX48CcroXA8h6NmZ1EXtrofVbiQQ,Bronze,1,HELIUS_METADATA_BASELINE
HJvy2KipWs3bkjkQdArBvHNjmrw6zALCG11aD6bw6x8E,Bronze,1,HELIUS_METADATA_BASELINE
HK4nLXoghsdqCPyZPy3Fick4JAsbz3inLdruEcPgSP2W,Bronze,1,HELIUS_METADATA_BASELINE
HK5VVkNmUo6Hh8RPA2d5QBj7Fb3Df9nNsxfH4DPbaGT1,Elven,5,HELIUS_METADATA_BASELINE
HKCUwAU4HrvTSrkwV684qJsRnRUqDYBjY7VZbjf1Kv16,Silver,2,HELIUS_METADATA_BASELINE
HKDtki654SNX5Z5rQxd2RkEwdZkgpooDFrn8io9fWz15,Silver,2,HELIUS_METADATA_BASELINE
HKP7VZNMC4mwv9ut1J7H5bmfRD9iWA6QyvDKqFtyWZbi,Silver,2,HELIUS_METADATA_BASELINE
HKVpsijnfUfTZaMVi3PFq6ZfAfZf7fZEcZ9FsDkLfDWG,Bronze,1,HELIUS_METADATA_BASELINE
HKYjYwJWtsJEuGjPVSo8Gscn3iVvRAhcgDtuKMZhsbnR,Bronze,1,HELIUS_METADATA_BASELINE
HKZUyZA3gL5cHxQJvV9TifWbELC81To8mN7WpHH1Rxup,Silver,2,HELIUS_METADATA_BASELINE
HKf7zQEjM6YyKVyoUb8os1kCANGnsMb4YyrUJMh3RB2b,Bronze,1,HELIUS_METADATA_BASELINE
HKgMcXw16XjSprk7oqkMvYBaCV95YhPpEem5XBfApW2e,Bronze,1,HELIUS_METADATA_BASELINE
HKvcceNASSNBV6szos2UGTngrZuzMd6jb7RA9n3vBTZY,Bronze,1,HELIUS_METADATA_BASELINE
HKy3JN9ntNmPWqzCPEScCoDTSWYDX28JPmCoy4BLHfBJ,Bronze,1,HELIUS_METADATA_BASELINE
HL5CGTHwzCJ53UdyYKvF1vyjb8nAx3fioDWj3jEfF1Xi,Bronze,1,HELIUS_METADATA_BASELINE
HLH1P3S9a6Pc9rSDKSusysiTb7ug2M8JhyRQCVHuKJ6N,Silver,2,HELIUS_METADATA_BASELINE
HLPBKNrY2N6VrxG3ZTkzNpfc5Bk8vrNknmbEG8f8jJ57,Gold,3,HELIUS_METADATA_BASELINE
HLQGdJ6frepWfTew6JVg379qUcqbfHiqTPUcUg2rGXnz,Gold,3,HELIUS_METADATA_BASELINE
HLRVSV6i7ggfVaXUmb4sCmi735g4PXGkRkqQj5Gn9FKt,Bronze,1,HELIUS_METADATA_BASELINE
HLe7f3d48Gh2iM65AcKGVFpUhFHfHVHeYoV7BssmvRkJ,Silver,2,HELIUS_METADATA_BASELINE
HLrdkkTovgdt5CZ1xaiy7AXvUvRSZn1z21dUAFypEZkZ,Arcane,4,HELIUS_METADATA_BASELINE
HLwnm7BNAT2yfCWE6s4preMjr7XeWFVPeiF58YfkkFXe,Silver,2,HELIUS_METADATA_BASELINE
HM5EsYfFksRbmrx5PFJD8Wqf2cCr5GkZsfggzhZTN3Dw,Bronze,1,HELIUS_METADATA_BASELINE
HMAAiU8VHpNnWwnJtc5nRBeFAdpC8PMu4SLsbA1u6zzq,Silver,2,HELIUS_METADATA_BASELINE
HMAxi8f5tfs5CY72ATJmKSJFBS8RXgGEtQarN6smZRcG,Bronze,1,HELIUS_METADATA_BASELINE
HMCkNeh2Rh75jrG1JQNrgf2G2dioqJDkvns8Rqf8fcAB,Bronze,1,HELIUS_METADATA_BASELINE
HMDXSuw8YdZuf1ov4or6KTVR8PYYKpREx1zmDwpLChfC,Bronze,1,HELIUS_METADATA_BASELINE
HMDp7nTaEoz511r4JahqcPaMFaN5ieFUvYYKHCep7L7T,Bronze,1,HELIUS_METADATA_BASELINE
HMEKtVJjYkhCsLamHcM3MMuHCKFVY3Wa2ohrVcSeXnYB,Bronze,1,HELIUS_METADATA_BASELINE
HMEgNu5JBibRdsByuUVZ9SRCK6WyKAZKYL6YCihtHVd8,Silver,2,HELIUS_METADATA_BASELINE
HMFPp4kbRd684oYaUA839R7pDnDNVgSv6hnzCADwqkn1,Arcane,4,HELIUS_METADATA_BASELINE
HMPh7Yszqh1rjTzJ5qekzgtn6E1gDYhnRaS25KE3a938,Silver,2,HELIUS_METADATA_BASELINE
HMStN4GgcVYP7GT59UP5RHRxZi3EsoK1DRk4kmdqTrtS,Bronze,1,HELIUS_METADATA_BASELINE
HMTzDvKpKoHPibsYFPLtbS5eGnCDBq94PtYToCzrQLeF,Bronze,1,HELIUS_METADATA_BASELINE
HMWaYocRFxsPyidNwskuk2tg7k2HTooRsVVnVUPmEZnF,Bronze,1,HELIUS_METADATA_BASELINE
HMe87TcCPeAAcVQbimw7t8jJn8EGcS3r4eDhV2Th1qkW,Bronze,1,HELIUS_METADATA_BASELINE
HMeSopXiLjL1prSpdUvaRJcg3fgekNeMqzyuZnnFKz2v,Gold,3,HELIUS_METADATA_BASELINE
HMkjGUeWNXQRHCyQkYwvtXwT189ywCxkaETp85fvwgoh,Arcane,4,HELIUS_METADATA_BASELINE
HMpv9vtLf5NFUJfpyYDgv7ELhoyxRqy4gK8iwfj3Wwa8,Arcane,4,HELIUS_METADATA_BASELINE
HMrbxfnuYyhtBAQMAADR2KFd1svD8KsHnK3uFNUJB5dC,Bronze,1,HELIUS_METADATA_BASELINE
HMsyXUSUmAqEwpMM8BDiRbGEPmzGPvrKfo6h4YUXQciu,Arcane,4,HELIUS_METADATA_BASELINE
HN4Nw4juRi9ZyYcSjKfErrMicc8VRHW64emyJDSS5tKV,Silver,2,HELIUS_METADATA_BASELINE
HNTht9xwMSJvsSoJU86aUXoHHQbV24AMQJHm8mYWcvbb,Bronze,1,HELIUS_METADATA_BASELINE
HNa8Tj46JNDiYPJLCnieQp8c5rUurYdhg2jyVuTPRLtd,Bronze,1,HELIUS_METADATA_BASELINE
HNcXK1yrSwCeJJPosNf8GEugEwNg4DCaUZir43AWkE5n,Bronze,1,HELIUS_METADATA_BASELINE
HNdxujva1vP41HhyaUArGSY4D2nBBh3AbpXoKmywznFe,Silver,2,HELIUS_METADATA_BASELINE
HNg1MgNLei5G2BwHECwECmoaJQnUvnFizjqTCDM5WKCR,Elven,5,HELIUS_METADATA_BASELINE
HNmKYzTNkAfgL8qdQCXVmKXgLjVQL1NA9XCNnoS6fazQ,Arcane,4,HELIUS_METADATA_BASELINE
HNqhv6TbQ6GCR54GprJN1tfx2vMK2cPfTpbBTfi2NFZT,Bronze,1,HELIUS_METADATA_BASELINE
HNtoJYpAjMiWiZdqjp6B3fGqNaMFgwKSYTy8Uggo3CmM,Silver,2,HELIUS_METADATA_BASELINE
HNuLi3zdAiDQUVXkPqNdboMPAvmcGtfoKDz8e9aQbw3n,Bronze,1,HELIUS_METADATA_BASELINE
HNyDPbX1K7MGVxwThmMJ1kZXctcozaeMCJudaFDuJ8AC,Bronze,1,HELIUS_METADATA_BASELINE
HP6HyjngD9KKBCRjPCXouwwk68SoWtG1YgFSCARhLoEj,Bronze,1,HELIUS_METADATA_BASELINE
HPDSVxxRA93oREwppjVwtRJ24m7rTdMgTsrmweEXYomH,Gold,3,HELIUS_METADATA_BASELINE
HPE9c93KsnMKzXXtvkryt4aqBAZk3vjdKYxh4KVNWAwK,Bronze,1,HELIUS_METADATA_BASELINE
HPGBCKNgf6tWbNgw36U9tGiGZncJ3iodJSQNzp2dwxcs,Silver,2,HELIUS_METADATA_BASELINE
HPHG9mx5LmaFFakegX8hBrDvE5PEjJVojndFD14ey4r,Silver,2,HELIUS_METADATA_BASELINE
HPLER2EZDFErJkk6myW6GqJxnknmDU6ow8BSqHnuTEAH,Silver,2,HELIUS_METADATA_BASELINE
HPUri4uzA3ZWwFF1A6BKEawpzCzmvfnd644TAGpcNAT6,Silver,2,HELIUS_METADATA_BASELINE
HPYZdHFRU5TAH64JbKbYB7iGDoQE12nZRnKCmNA48ykQ,Bronze,1,HELIUS_METADATA_BASELINE
HPZdpnkhHC5pmFeuW55GTTTsuz8ScZwsY4PqVdeBu6oV,Silver,2,HELIUS_METADATA_BASELINE
HPchaXiaxkjxCPQDHevBpUvHTvp8YA6rqCUaDjGmXPEW,Gold,3,HELIUS_METADATA_BASELINE
HPfUDd8qn1RQpNd6Kzq3v8oDio6LNm3oxDBDDQpyWf3B,Silver,2,HELIUS_METADATA_BASELINE
HPhnL1Hz9pyxUqwbDxy9Bv9q68KpwBVg4pkhxUq7qkFj,Arcane,4,HELIUS_METADATA_BASELINE
HPjc5EbsaEdr6kz1ujBaezkWTK7k9vyTKPPysmBu2hMQ,Silver,2,HELIUS_METADATA_BASELINE
HPxdKgeryzQ6Qzp9JxNNEafbdiChTDRZPpYBbt42yYXL,Bronze,1,HELIUS_METADATA_BASELINE
HQ5kLkg2W7Bwb6EG8CQEANVKSaqus5v5e3bUgSDkbLDP,Bronze,1,HELIUS_METADATA_BASELINE
HQAb8d9WNw1XRZMpRkixF4cvFGjGR99fZTRR36xqdeJf,Gold,3,HELIUS_METADATA_BASELINE
HQFBsEv9FWZDBhevMNbxZefkxbXpvzRYkK2y1MjPuJMf,Arcane,4,HELIUS_METADATA_BASELINE
HQGZ4XVEjooD7Fnci9nTBQiGLsyrufg4avM9MDRYht4D,Bronze,1,HELIUS_METADATA_BASELINE
HQKna5R2SQ1Zzb6WrULFjBQ1zJa2o7hYdKFRMix3AQnQ,Bronze,1,HELIUS_METADATA_BASELINE
HQXzSqKukx7oM32FKcnDTvP7iGU93Hr27vBLss236zHP,Bronze,1,HELIUS_METADATA_BASELINE
HQYipYvNMfpQ5FH8LCQDD6LbYf8Thca6oD9yRF4KYzcD,Silver,2,HELIUS_METADATA_BASELINE
HQZZZhbcPDcFvqZWKUoruKdEfwzr256Difihi2qUGqf3,Gold,3,HELIUS_METADATA_BASELINE
HQeNJAXFq4MmbFFvtFLwF7gdJo42qdZjyk5G3j9mzs3z,Gold,3,HELIUS_METADATA_BASELINE
HQkqWB8PzaczdaVQv3B2LeRKXgLvkFBoXZrfJb7bRmH6,Bronze,1,HELIUS_METADATA_BASELINE
HQnAcu1b83mPQK8VXHp8zsCn3yDT5v88CgRrVyq6HY8b,Bronze,1,HELIUS_METADATA_BASELINE
HQsyyMjUBq8X1cmbrdcSv2FfCbucVXPUnwVZWqX6xRzh,Bronze,1,HELIUS_METADATA_BASELINE
HREsXcFC7z6H35TpBEZByvbL6rvnZebxyamadmdNRwRF,Silver,2,HELIUS_METADATA_BASELINE
HRGwpfkGGkBpxwcYB2RQmTnVBF41N6P3NqDXy3hmXWGS,Arcane,4,HELIUS_METADATA_BASELINE
HRQu1Ko7z3C2mHVVDwGa3EUrQEEcJyHDpVqGKbMNwssL,Silver,2,HELIUS_METADATA_BASELINE
HRRE6maprVQXWVd6gMkmDVi8ZsBeXJPUkGJyaoETq3o4,Elven,5,HELIUS_METADATA_BASELINE
HRRVQNM3rm3r66EFMeqQD4nsyeFmTuBLLicee5HhmSbq,Silver,2,HELIUS_METADATA_BASELINE
HRVjKxpidY2hvwKPeTsXWdRJyTPWPa4KphjdVBvHEnQ9,Bronze,1,HELIUS_METADATA_BASELINE
HRaCQ8gzQNexyzXJeJU7DfrpxfaN7jrEgjAqZ1xdqWnu,Gold,3,HELIUS_METADATA_BASELINE
HRase3VCn8vZmiF7jWVJSHTyej469jVfw8EqQxJ36jD8,Bronze,1,HELIUS_METADATA_BASELINE
HRcbUQQzhftpQ1rZCEodiqAoFiyvyvEquknkiC9oGnSu,Silver,2,HELIUS_METADATA_BASELINE
HRrSW1EkPhpNwV6HZet9qMyh6XPvAyWQYS67Jk4dwbUe,Gold,3,HELIUS_METADATA_BASELINE
HS3i4N7LZ2sjB4TJVpTT8nRtgzx9QZDys1iWrQEY8MXY,Arcane,4,HELIUS_METADATA_BASELINE
HS4kHaBHPEDmequfKCvnjPME5hUJkJxShwX5Hr5nmk8M,Bronze,1,HELIUS_METADATA_BASELINE
HSWgreDrjHRERZy93xsvVR374z7ryfprwPRBEfJDErrE,Silver,2,HELIUS_METADATA_BASELINE
HSWpHADJbXy3MG7iAcgVtocadD6PXPAkzvsqWtVYuu8s,Gold,3,HELIUS_METADATA_BASELINE
HSXpQBoFTCi6XJ8DqWGcMBduuyTYgg7RUr1u1uMaz3wL,Bronze,1,HELIUS_METADATA_BASELINE
HSYXhD4G4kd2vntJ1ojdcRoWDawspnkcfxSLB913Zhsp,Silver,2,HELIUS_METADATA_BASELINE
HShLL89pm6sYJxwDNiffhopAhQuWPz6Gzxj9rm4pAJTr,Bronze,1,HELIUS_METADATA_BASELINE
HSu5JSRRY2tTLqBqyuaGVsRESx7aMG1Wvb18he5PB8Yw,Gold,3,HELIUS_METADATA_BASELINE
HT2ycjWGSmwvUiWE9Zr1Gq7Adv7qe4WFnszKCPcujGkU,Gold,3,HELIUS_METADATA_BASELINE
HTFMW1zeX1h7RKSbjUxysoCbxFQDawH7cN3Le6M2nUu4,Bronze,1,HELIUS_METADATA_BASELINE
HTFSSjdzbNKXqYNXyx8gUKthHYYEvYCxhZgSDiEWt7nd,Silver,2,HELIUS_METADATA_BASELINE
HTH54YYCJqaQS3Doow23nsFUMbj9b97fbZ3JDkCJ5UdR,Bronze,1,HELIUS_METADATA_BASELINE
HTMkBb8Lo6Y3tuFUsgaVAkUJ4L6chYcUXtBrYKzU92ry,Gold,3,HELIUS_METADATA_BASELINE
HTMwF9XhGqVZLqZejUUk9JsXycy9tkHmpeFUK3JMrSxt,Bronze,1,HELIUS_METADATA_BASELINE
HTQRDZd6GvARjZF3511RmE6CByqgRgSy3BT4DqjCvprs,Arcane,4,HELIUS_METADATA_BASELINE
HTZB5QjidD4ZB1jbXnExLzTxsi7iWHnSR4jyuKiPZVra,Arcane,4,HELIUS_METADATA_BASELINE
HTa3hUpBqwE4SEf25wpCdiewBCV7ZCiZXSLJrU9KhBEv,Bronze,1,HELIUS_METADATA_BASELINE
HTjm2nmohfs5Vkm6JS6DcJrHb7ns1azGXJaFtjaHR3r2,Silver,2,HELIUS_METADATA_BASELINE
HTr39YsGgnh2ZwvYD9st2ZKTrFaV1Mrm59UkhbGE2r9f,Gold,3,HELIUS_METADATA_BASELINE
HTtx5CiiUfs7keEm9eyrEzi9uaYuYeYNNpv4FDse43eZ,Silver,2,HELIUS_METADATA_BASELINE
HU3KM3ZiRuHsDYJwKgr824EGS4anW9QGfqcabkPo6Dw4,Silver,2,HELIUS_METADATA_BASELINE
HU843CNj5tffKWrgCjTAnyi4FBeFLBCLdnxgpk4fJ2BZ,Silver,2,HELIUS_METADATA_BASELINE
HU97RjD6GbMkECbRqwCMMVmeEjuCP2QBuarWydFKheDd,Bronze,1,HELIUS_METADATA_BASELINE
HUBjJ8YRXv4GzpbCSCXSwsqXkEF1MggNvknmxP8GHLVj,Silver,2,HELIUS_METADATA_BASELINE
HUE8ndQe8EHVCHHb3JB4JdhgSUiT4vTjmHrHewDF6Kce,Bronze,1,HELIUS_METADATA_BASELINE
HUEgzrjsTkX7cqBo4iyorFKNbaWYaYZfLGGtyF13gGKJ,Bronze,1,HELIUS_METADATA_BASELINE
HUUxEpSrAM7RvgUQxojb5XZN5UCiZiZGEQzRc4YwYaL5,Arcane,4,HELIUS_METADATA_BASELINE
HUbyAJP1R8jKwv7UScwK57i9ozLVmwJd3k8ugvXnetV8,Gold,3,HELIUS_METADATA_BASELINE
HUdzsUaXgkCG4yZifXqDFMgTMXweU7FP2pRfzBT8vBTC,Bronze,1,HELIUS_METADATA_BASELINE
HUh92RUSFptbmyQJcXVjcUh89DshHYxoRTym8MmSJNjV,Elven,5,HELIUS_METADATA_BASELINE
HUk2pXRyyggwZAyctv2caNdEQ2iHPQCPWajqHA673Kau,Arcane,4,HELIUS_METADATA_BASELINE
HV7GGXApxk3ksGir6TAtKJyHUt3BVNHTzVSBjKQz2YkD,Gold,3,HELIUS_METADATA_BASELINE
HV7RgtfMkjCXGC6JjCY2yDPi7mx16t9BF6Xd2em6T7Ka,Bronze,1,HELIUS_METADATA_BASELINE
HVHLuAvpU3EHNLwqyCkqwVrB64QgXdJt87YNEhRY2peq,Gold,3,HELIUS_METADATA_BASELINE
HVL68DyvFFDpfQNEG7KdQtJVzRvkYv6Hk4cZhi2EEyPp,Bronze,1,HELIUS_METADATA_BASELINE
HVSKC5F2a7UaH9JBm5Bi9yF5bC6UYGCuZTQfmyJiZ7jJ,Bronze,1,HELIUS_METADATA_BASELINE
HVYTaDjnF9hQx2pKDJJwzqdmY4hqp3uMeJ9hGzVKcDtd,Bronze,1,HELIUS_METADATA_BASELINE
HVbA78T4hCnA5wJ1N5F3RwDrQJBJ9diSumYYMwiwFmHZ,Gold,3,HELIUS_METADATA_BASELINE
HVdyTSsJMvY1LZyVEdEZKrFWRET1VTxQUkgEzfJg78uL,Silver,2,HELIUS_METADATA_BASELINE
HVgPzFnK66M9XxhwW2LwddzpYi3VaDDZh7NfMWTUpHn9,Arcane,4,HELIUS_METADATA_BASELINE
HVnL813xwSqjk1aZET3J82EH7XJm87wbWG4422CZDJe3,Bronze,1,HELIUS_METADATA_BASELINE
HVqSDFQ4bTRFHrYxQtFHyfkcMU7yhauzfjnwzwyqxSbu,Gold,3,HELIUS_METADATA_BASELINE
HVuSv1S1pbK1fydkPUiYTF8kprVm29qimDsAGgZ7sSdh,Silver,2,HELIUS_METADATA_BASELINE
HW3XLfSX1YhsGLN5uiWTscaorKGHcXcThPS8kPq764s1,Silver,2,HELIUS_METADATA_BASELINE
HWCBbKEkmC6LnvaMdQkAGDJjm4K85kfk9ZscR4dHoBtY,Bronze,1,HELIUS_METADATA_BASELINE
HWGHBvjGZ64nX2EKwDiCEmMBZAJfoktmqpZ1wMrX7M4Z,Silver,2,HELIUS_METADATA_BASELINE
HWJyt4CzafUFFL69NJ8y48JBdMWsbDGN1QXjikNjrS1X,Gold,3,HELIUS_METADATA_BASELINE
HWL996XQEz8ncp3BHiaYkNdQ9As9SDtnsCKxffxzaTqZ,Bronze,1,HELIUS_METADATA_BASELINE
HWQCFWiexJKqwmAZT2hLbt5SRc2zYBQwweCBeDUtz8cH,Gold,3,HELIUS_METADATA_BASELINE
HWRZkKkwLrmR42YvD7ePVt41FccmjG7RRYU8t38JxbpK,Bronze,1,HELIUS_METADATA_BASELINE
HWWccMobvtSN14zKFZ63f1TAuikEkkE9T6pVQjdGisoc,Bronze,1,HELIUS_METADATA_BASELINE
HWYkPQKxZ9ZVnvNUUw216sGJ6TT55ox8SPCiUM6jrh7e,Silver,2,HELIUS_METADATA_BASELINE
HWaSY1yH8baGKUhP53rhkV4xK5nxN74v1BjBsXwi11F5,Gold,3,HELIUS_METADATA_BASELINE
HWaijRQ8cNWDVRopzEL7br7wGb5tBezHrcbUsU1f2wh5,Gold,3,HELIUS_METADATA_BASELINE
HWjVEzmubxVfpPmQv1Fjd32cLrreeYfF9JdYWfGw8rvf,Arcane,4,HELIUS_METADATA_BASELINE
HWmAux5T83F8ZjMKx5LTptivJDTMq6dFx19ezLQ8TXSN,Bronze,1,HELIUS_METADATA_BASELINE
HWnE1Wtdix3L6KjsY851nNxchV1ByeTshFGstWSVjGJC,Gold,3,HELIUS_METADATA_BASELINE
HWpKA5WLNyhCVqshWP7w78Uo2oiVbxCF1y4pVwTFXWBr,Elven,5,HELIUS_METADATA_BASELINE
HWqc9ZvVu2USdRhohgVRuLw84wPZx5P7oFUbpj8RGEwM,Silver,2,HELIUS_METADATA_BASELINE
HWttx9t5TLG6svdcZaLeVvtzgqXTLo6coNb5G2wKLydE,Silver,2,HELIUS_METADATA_BASELINE
HWuGs4EfuDVKPPoJNWSVbxu8ftSFoow3dcyPKdYhbidu,Gold,3,HELIUS_METADATA_BASELINE
HWvMSgWj7MJ7H9U8eeqgV3Xh3aU2yonDKGS3q7ds6vrZ,Bronze,1,HELIUS_METADATA_BASELINE
HX4Y11Mjrfodg7GWqHzB6A1u6kJuuGm3JnjMCUPs4tTx,Bronze,1,HELIUS_METADATA_BASELINE
HX4wXPV1WbizSBdwBrmrwskykBm5ncdfXCjnbmKaxUbc,Arcane,4,HELIUS_METADATA_BASELINE
HXEQEkjH9hwGTqJUVc9GhrbdYhuZ7Wa49kbxUwBhEjtZ,Bronze,1,HELIUS_METADATA_BASELINE
HXEYg4zsMGC4f9ehShiczDHRyxPerC8NseWb9saMYSy,Bronze,1,HELIUS_METADATA_BASELINE
HXWBBtawZb96vuwgnb3wDXXLgAWbKztLXq69SobBKUN2,Bronze,1,HELIUS_METADATA_BASELINE
HXWasjKANEHbR96MrnUhPAgLet1g7uoG8yHDHdqJqfnz,Silver,2,HELIUS_METADATA_BASELINE
HXYbVtmxfFu74mVHxx8VD4S4L3oxHnEHKUB83vaodytx,Bronze,1,HELIUS_METADATA_BASELINE
HXijRs7dbLANQDpcynE98ZCZzGR22jAG3ZKuF5Vtq9jz,Silver,2,HELIUS_METADATA_BASELINE
HY9qRCk6osecHBV8j2UDSyecRWAbozo2NkEAXKp4Fe4,Gold,3,HELIUS_METADATA_BASELINE
HYCMgfhHN8BPgFx2Qm1WdbSdUUXVqQfPcjfCGXKHEB17,Elven,5,HELIUS_METADATA_BASELINE
HYNN9DmMiZgsKjbTg94FuZiWtckbKnY9y93VSr7KyDp8,Bronze,1,HELIUS_METADATA_BASELINE
HYZHvEpGMmDsRVXeXoorzMFhpD2Yvb2L5Sca2x7Sa69b,Bronze,1,HELIUS_METADATA_BASELINE
HYevrX6EfutSys4SYWZBcjpiQioBmLczVkq3bX5aGEzj,Bronze,1,HELIUS_METADATA_BASELINE
HYodXp8JDNUqkLcpLRsa9BouSUFV5Fqh59qWTTYXZiH1,Silver,2,HELIUS_METADATA_BASELINE
HYp9LWptCXGFx4RKboe5hDJCxiZPubRdgLWy1GVQMESM,Bronze,1,HELIUS_METADATA_BASELINE
HYvrgq8HjGMWWdV6jCJoxEb4SjCSB6W3f1KP32QJikZT,Bronze,1,HELIUS_METADATA_BASELINE
HYzoPYthr6mV3pRaqYd2cvyiSZjaEitLaT4C3a9Faq6N,Silver,2,HELIUS_METADATA_BASELINE
HZ15fgDWwsrcvJeA8evWyFXe5wJUBXKE9bhCqHAD9VHq,Bronze,1,HELIUS_METADATA_BASELINE
HZ36nCfm2ztfytofuPNJnndjS5zzbBBwmNefRq7q4WER,Silver,2,HELIUS_METADATA_BASELINE
HZ3DAEHyKJMgxv3g4PVxTZicqYscMEq6n6EYaq1hBNnN,Bronze,1,HELIUS_METADATA_BASELINE
HZ6Rn8DUU7G28UFuu1wfT2GegrtBYGDkakgtxWjDARM5,Bronze,1,HELIUS_METADATA_BASELINE
HZ6aajTXHZakG82C5vYq3aajF6pTrtdR1WLQW16EY3nN,Bronze,1,HELIUS_METADATA_BASELINE
HZ8sLPmAMo9kvNaXDGfkBEh7QkgLUVSpixW9mCzmztyb,Silver,2,HELIUS_METADATA_BASELINE
HZDFAHV7u8SddAznoTsg9L33krhQTLaGHLryxD13TdtM,Bronze,1,HELIUS_METADATA_BASELINE
HZHdqSF4dtVXmjG5ubTeXpgTbvDUrgzTXRMBqhCQpETu,Bronze,1,HELIUS_METADATA_BASELINE
HZNBMoTs6wH59kZZWBbro14fjU1QbhRYrbEaWak3HWkb,Gold,3,HELIUS_METADATA_BASELINE
HZQjYYQoHRER2hjjHY7xLnKK2P2PRZpbAZBdbBZrEixX,Silver,2,HELIUS_METADATA_BASELINE
HZm1mNzmKnKieYZjytyXxvo5bGmRmB2sAdUqMxLEnZxB,Arcane,4,HELIUS_METADATA_BASELINE
HZovFwUmxXLJpbXbnud6SiVezTLjxVfQ4XibbDRMaCxJ,Bronze,1,HELIUS_METADATA_BASELINE
HZpqrz4FphhSwtaWcSH6eLiK4qbRgbarAmZ9D59Z6uos,Bronze,1,HELIUS_METADATA_BASELINE
HaGtj8YMag1afMorw5aSHYqTWQZ9ADrbhgxQUY3YsLEZ,Gold,3,HELIUS_METADATA_BASELINE
HaUgKB8bsTHBBJjQcE2pZUFTWiYkjisgeqpnmM9joxNk,Bronze,1,HELIUS_METADATA_BASELINE
HaXHewBQ2vTzrbNJ1wZxj1DZx2L1f1qQj8DNTSGpFFoE,Bronze,1,HELIUS_METADATA_BASELINE
HaYorCUgsukzWEDo5ZZfvLWjFqqugacMV1ziLpAjKW9r,Bronze,1,HELIUS_METADATA_BASELINE
HaaYexv7zuD7BfgHq9UK7FC5EnL4MXFqXRYQ5y7PpJzf,Bronze,1,HELIUS_METADATA_BASELINE
Hac6BhpuCX3DnyTfgfz8hf7CZ43SE4n2Xo4ts2DFLPQf,Gold,3,HELIUS_METADATA_BASELINE
HaegtQvdhYF4t6NXNgiem1DXNXZmjpXBTXZFcSBUhi84,Silver,2,HELIUS_METADATA_BASELINE
HanRC3FYMsfAwQWJ5Xb5ho6kYwSw87ydCtKasn1EqNaC,Gold,3,HELIUS_METADATA_BASELINE
Hav17U3MzBBRnqtdWszwEJCJNbTYSxN6Wg9RLHRxNAhh,Silver,2,HELIUS_METADATA_BASELINE
HavLnC7VTtybFdbiTv4J77TxkhFHQt1gn6CGYiMLJ8kB,Bronze,1,HELIUS_METADATA_BASELINE
HaxMwdb1SuFTgntw7bG6nHcKzCK6ere4hEq72BCRsRRX,Bronze,1,HELIUS_METADATA_BASELINE
Hb1u8kYx6TVCRjadhZXnbv57DwdetgTqmyAeB6vWuN84,Silver,2,HELIUS_METADATA_BASELINE
HbAjEY1LR7SnbiZ6Ewx19UYvCFusrVurQckB6YGzDw8h,Silver,2,HELIUS_METADATA_BASELINE
HbHpJnhwPqiaZPKPyWTBpvBsEujsjMYfTeV7ezms5hNg,Silver,2,HELIUS_METADATA_BASELINE
HbKX6qt9Neuf2sfPCFd3XFGRVUHDDykAPequf941YKBW,Arcane,4,HELIUS_METADATA_BASELINE
HbV5E1q7ZKUF3Ra27M6kDibihQm5byT7ARK1VYfPEQFs,Bronze,1,HELIUS_METADATA_BASELINE
HbWojNZ3nM4w6aoYTY69ddzQpXQBv6iZiecmL9KYgEmX,Bronze,1,HELIUS_METADATA_BASELINE
Hba5qJXhb9X52jQPkFBDn4ZeXq9gL8qywNJbbv7htemq,Bronze,1,HELIUS_METADATA_BASELINE
Hbc6Bn64oyhrhcLdNCk7abjg4Cf4jg866BUz4jC2qzqG,Bronze,1,HELIUS_METADATA_BASELINE
Hbh4TCRjzPRFMCcGjJikYnNXjHfou8N2Z7mjmuqvRCWU,Gold,3,HELIUS_METADATA_BASELINE
HbmaRL7RMeV6i2xT5GUbCkrH3EwA3mKkNdTPWUApUWJi,Bronze,1,HELIUS_METADATA_BASELINE
HbnLF7zc6EnfUVgm5A14e61rXUSgdmsaSUCmPahreaQz,Bronze,1,HELIUS_METADATA_BASELINE
Hbp25Q6x9155z4W4pP9W6fKFi8VnbcUCkyx4uhMGPCnS,Bronze,1,HELIUS_METADATA_BASELINE
Hbr2ojan6Mhv8NitmW6egQxC8ZUBXE5WFnRJxiExduG6,Arcane,4,HELIUS_METADATA_BASELINE
Hby4HFzyUMCkBghyCmUcVtGavTeQ7bowHFKjxEbWcqi1,Silver,2,HELIUS_METADATA_BASELINE
Hc1YAq1AkweKnaFRiSqa1E8LaUaNNUDYqjH7eiT7grT5,Silver,2,HELIUS_METADATA_BASELINE
Hc1hhBHPefLWYbAyPFHVcBR81oHSjctWC3eGGBvbv2Vd,Bronze,1,HELIUS_METADATA_BASELINE
Hc3BSJxbMKrvfEuXXVX4YhVwEmexDqNzqp6rPr4TV6Qa,Silver,2,HELIUS_METADATA_BASELINE
HcE89VXGodrXbwLoPr5keoQq35z4LN9GXM4WjrAb23db,Silver,2,HELIUS_METADATA_BASELINE
HcR5XWXFRBWSdU6f7ErbEVMEh97rJ6Yo4S4HKPCqyCcX,Silver,2,HELIUS_METADATA_BASELINE
Hcjpe4WFf7VVm656j4aVE1pZsiFFkPkjrQTMkUbZrqrP,Bronze,1,HELIUS_METADATA_BASELINE
HcozivTW2Xeuoxn3vwfSaHzjbpYMjcrrBhTBcknfNtXf,Silver,2,HELIUS_METADATA_BASELINE
HcqVBsYLJnDT9etBtXEkaBFdZCfLoAQ7qiFAsfnJv7px,Bronze,1,HELIUS_METADATA_BASELINE
HctTBassV7aUNVxw4oTeGthJMZkZHruTteyRrBy4qfc6,Bronze,1,HELIUS_METADATA_BASELINE
HcteCkxfJy8UgBiwyGPGrhKRazXjKzkH35ovWBxgnFoi,Bronze,1,HELIUS_METADATA_BASELINE
HctxAa85tgzsM8QXZeRYwJc6eS9jVqCNnUGFu3hgD3CN,Bronze,1,HELIUS_METADATA_BASELINE
HcxHFx4ZQ2Q1HBpvXKk9qdPNHRBFKFosxmDBzZ2EurZQ,Arcane,4,HELIUS_METADATA_BASELINE
Hd5AfsPmWkx5EoNb37dAshrj7LBQLAMk7rNBQmjJMbiE,Gold,3,HELIUS_METADATA_BASELINE
Hd7o6T33xGc2DhoPi73DwLeEHdVosesEtmtZvYHzQPWK,Gold,3,HELIUS_METADATA_BASELINE
HdAe24KxdDBonuwbrN5ZXnHLKMRsFMUCfvV5iK8FCETr,Gold,3,HELIUS_METADATA_BASELINE
HdEwrXRRpJhmTyL4h8trDTCU8usr6gEEx4WSsid2pWky,Gold,3,HELIUS_METADATA_BASELINE
HdSyo8WMsHYQYoFNGsP8MrtWmf18aGCFqyWRDdcfewHH,Bronze,1,HELIUS_METADATA_BASELINE
HdaJudRavDdM97JcvaZn63zwA2wfw9GN1p58wUbVZ5mk,Bronze,1,HELIUS_METADATA_BASELINE
Hdcb4YyZXgiU7y6mQKfHDWht6fS8tsGvn4UXG7q7ciSb,Gold,3,HELIUS_METADATA_BASELINE
HdgaW8fnM3q7qfQFcLAKEfNY2gztgB1ZvmAQkEt5jrhd,Silver,2,HELIUS_METADATA_BASELINE
HdmpSM3tsrMux9LoSPBHoaSpm4Nvmt5HzJQMPmFkLJ6E,Bronze,1,HELIUS_METADATA_BASELINE
HdqxJfqehzsMM3GAqCwm6fBf9hMaUaahc1qrLj7burEq,Gold,3,HELIUS_METADATA_BASELINE
He3a55u5eREuEXfJ9hbssX6XsEUca8XhKSibngc1isSH,Elven,5,HELIUS_METADATA_BASELINE
HeDh1KSfzx3YqxV6yjs4BLFgJmW1UzUFmWXpd6xsBdfP,Bronze,1,HELIUS_METADATA_BASELINE
HeViPvc3oZ27RwkVwLisnoBL8kAGCNqVZJSbwki3VhBb,Bronze,1,HELIUS_METADATA_BASELINE
HeZC7zs8MPyS1zWegMVZhuBV6qAxXp8R7BAr88ftzh9f,Elven,5,HELIUS_METADATA_BASELINE
Heg57hdzdcaCG74j8bxRWGvZakSdBkqkA3VTHWdmjAHR,Elven,5,HELIUS_METADATA_BASELINE
HegBHG72jWYS6h1dousUfSdk4rtXd1XPBWuXVr12Wd1a,Bronze,1,HELIUS_METADATA_BASELINE
HegJTw8Tu1HFeEoTNRYfpzUmiJGbnuanE9fKyzEFuBH1,Arcane,4,HELIUS_METADATA_BASELINE
Het13rc5AFxjrhZubqEqUhpaVSwpU3pk6AXB2dFkG8jT,Gold,3,HELIUS_METADATA_BASELINE
Hewh1MSqbREHeGkiVC5TpxFhTGMB6DwPtd1YtAKiKamy,Silver,2,HELIUS_METADATA_BASELINE
Hf4N2nbByFS3LmVDXCZEToEReEq8p1cneT1L6tY2cHD2,Arcane,4,HELIUS_METADATA_BASELINE
Hf6puEdpNeW2FmhFDtZYwUW8KsgexCWnMfhF4sZRovho,Gold,3,HELIUS_METADATA_BASELINE
Hf8gsFthjrqCHggJjKEWHhkMZFinhXzwAbY3roEzMAMB,Bronze,1,HELIUS_METADATA_BASELINE
HfDrT4xb8xsRmAKFw6pnMC8PcQW9JvTE9pVCLR8uS8wk,Bronze,1,HELIUS_METADATA_BASELINE
HfMJhxPZNWRdpGz5fuCqGEUJ76yoLinn4DeQvAs7T5n6,Bronze,1,HELIUS_METADATA_BASELINE
HfMjBs7gQ8m8JdkHJ7uiRwqoMh3USdz5in5J45Ejb3oR,Arcane,4,HELIUS_METADATA_BASELINE
HfZhWibegBCbFDEcjQfZxmcgQGdJ6Y6ChianFrhn5N8X,Arcane,4,HELIUS_METADATA_BASELINE
HffQ5kv5YfHuQvrZpPpHm69cvg1PJd3QZLW1vSeDzwNS,Bronze,1,HELIUS_METADATA_BASELINE
Hfimnk7tgXyExCvBKxMVZU4wnsj3KWF4E5FarjrX3CMn,Bronze,1,HELIUS_METADATA_BASELINE
HfjQ4egsUJ1Ky2JSnbsmu9bMPKTPjQdd6hzmfZ499pmj,Gold,3,HELIUS_METADATA_BASELINE
Hg3ht6LpZC1aPspB46Asd55yAU7yMdznZNhX3kCYoW3G,Bronze,1,HELIUS_METADATA_BASELINE
Hg8oKBYcBM1jYdVu9TjvxJa9GzC1kg56RtFtMrCHviSU,Bronze,1,HELIUS_METADATA_BASELINE
HgRA7TJAuy4XW9hxjX2aetkAgwfATYaNRT3UXHbrxpxg,Bronze,1,HELIUS_METADATA_BASELINE
HgbbHVrtXDEZw29q7rKxsv3wiGChsKCJhuHyvdkvi4sd,Bronze,1,HELIUS_METADATA_BASELINE
HgfgnCbs18LBY1BP7jAREkhF4yqwZYKWEQyUGUTibXAV,Gold,3,HELIUS_METADATA_BASELINE
HgfnSrBjjhuNZZjzCvHUbAtAS7F19PGAu9YEDosZyfFD,Gold,3,HELIUS_METADATA_BASELINE
HgkJSneVMwbcKFpzB27HCe81H3VK6pkWvFQKjbVzzz3R,Silver,2,HELIUS_METADATA_BASELINE
HgmdjcvRWZeaPggtAee1UN4bzhmYyr3xzomACEYvSXTU,Bronze,1,HELIUS_METADATA_BASELINE
HgoNeKDVfeWh9xtXRoTEYgsWfC1SmP4ihUuK2rufZtph,Bronze,1,HELIUS_METADATA_BASELINE
HguvptTfWvKMvak7LdzQE2MaDgo4VwEKFUFUGZ9QU628,Bronze,1,HELIUS_METADATA_BASELINE
HgwTEXrsSE5JnqQERMH2Y7V1rg4stztoYm1vjCKk5D67,Bronze,1,HELIUS_METADATA_BASELINE
HgxB9TMACsHrXD4Ek8g7Qpickq4WqMmnhrgcfZCitAPa,Bronze,1,HELIUS_METADATA_BASELINE
HgxD8CD1SjoU6awhd9fW1HWn1K8njLTm7debBq76WEKh,Bronze,1,HELIUS_METADATA_BASELINE
HgzkfdRLSjK6qyxGpNU9rv4SpxHezoqvLiU1f2oH92x,Silver,2,HELIUS_METADATA_BASELINE
HhCuiTyxNUNiSz7amESu9fv4PS7JnU86DL7CgBfmhQVW,Silver,2,HELIUS_METADATA_BASELINE
HhJBZppW4oLJ89NrDoDf6nu6SkLhZagWfsL6gsLTdrv7,Bronze,1,HELIUS_METADATA_BASELINE
HhQHwoKf4uh8gK6dAsSHU5F8hf271My72bRvQmGdGfao,Bronze,1,HELIUS_METADATA_BASELINE
HhSML1UzbAP4J5yBLnaKRLEZfWKgsBpahTQhjzVkHR2j,Bronze,1,HELIUS_METADATA_BASELINE
HhUNb5XiCZRGxv9RnorzGuvGgDz4zX9zjo2cEveM9rTX,Gold,3,HELIUS_METADATA_BASELINE
HhVhLjzGkYW7rSDEPfLxbRpgiwF97nXCdQWSnFjtkzQj,Gold,3,HELIUS_METADATA_BASELINE
HhdNj5qna1YY8voSRP3Npmu426heZhVyBwbLZ2TH8cY1,Bronze,1,HELIUS_METADATA_BASELINE
HhkLrNY9Vzb8UtvyfELADoNhWmqP2eGbH22jbQkDg36P,Gold,3,HELIUS_METADATA_BASELINE
HhrQe1jjdDWyQtcGSZUph1t6d8ir8AzYyRKFwNX69UWm,Bronze,1,HELIUS_METADATA_BASELINE
HhsVM537ZsnCa8w7bae7aCTioVw94nn7SSnicKuhyXbZ,Elven,5,HELIUS_METADATA_BASELINE
HhyN77uCiopjJ2bKU2pAqvc5JmVrm6drin72d1JFgD2i,Gold,3,HELIUS_METADATA_BASELINE
Hi8erJCA6MKLujR4iPMfvJw7SwxUm3FBDgcGu6kdQfHB,Bronze,1,HELIUS_METADATA_BASELINE
HiFWwu4TYZCvUZkUTAAnVz4ogUrZSsRwiM6wbidRnzdf,Bronze,1,HELIUS_METADATA_BASELINE
HiPHsNJp8XoGqZtzmrbZ4CW7gtYXN2pk5d6KCjtpJm7u,Bronze,1,HELIUS_METADATA_BASELINE
HihYriMYmzgusqLEWCiQkFMk7aCKY14N1UDDTJ9ERNhB,Gold,3,HELIUS_METADATA_BASELINE
Hij6Aj235CAwYUwD5p3sjXSqxEJpwtSBa9JJ3U6ejNUg,Bronze,1,HELIUS_METADATA_BASELINE
HimJ2dXYtv1nz4chAu87kzYAJa2oVyz18D3RuvMpBPrC,Silver,2,HELIUS_METADATA_BASELINE
Hiu4EXj1PG1MEmhXZCDbDt1Dk3wgMYuRNb2sMux4ioG9,Silver,2,HELIUS_METADATA_BASELINE
Hiwwiee25BpUht7PNgkNZCteXJpKFpG88zqakTtX5PqT,Bronze,1,HELIUS_METADATA_BASELINE
HiytmZ8SMoDv9VC6nfCCVxdgHm1AuLkq5uAWDagUTccV,Silver,2,HELIUS_METADATA_BASELINE
Hj6cwMGJKbYLeHBALLYyX2c1GD7QcPoj4FgsftqqCEaK,Bronze,1,HELIUS_METADATA_BASELINE
Hj9HyhHSNU7t7VxXR7xdJRBH8Y8F8wD3uwshKtNQhxTs,Gold,3,HELIUS_METADATA_BASELINE
HjDzq4JUT4veZ3HQg8qyBtVTuTwTmgoqm2MUXyhas3yJ,Silver,2,HELIUS_METADATA_BASELINE
HjL6GC6cAW98PXYSnfWnCSbWbbag9BK1crJCXw8qmQTd,Silver,2,HELIUS_METADATA_BASELINE
HjNbgMQbzCqGQ6jMUmoqNJLXFGp1nKLkFF8JarTELrdK,Silver,2,HELIUS_METADATA_BASELINE
HjRNkWdphf2hKnUCMBcTHMKjAWa5cmoABsLvG5WRwWsu,Gold,3,HELIUS_METADATA_BASELINE
HjRox3CVVFGN2A2rwZXdP7w7TieFNTmBxBQQFAi8z99Y,Silver,2,HELIUS_METADATA_BASELINE
Hjb4c9xqBsVVDhrwuh9123zMRVmQwhgrgTQDQ4dAFbjh,Gold,3,HELIUS_METADATA_BASELINE
Hjg8r2kBozntCW8sVYseNMwJtG8xRH2pFupgFwSnL88J,Bronze,1,HELIUS_METADATA_BASELINE
HjgKrACBZfL8pJFnbPSRyyF8EHJWg2io4YgU1LH3wwvm,Silver,2,HELIUS_METADATA_BASELINE
Hjh2PNCpV4ZoFePwBUML8PY5aatsVoSzHr2YPJqkKs4h,Silver,2,HELIUS_METADATA_BASELINE
HjheFZyy5hqFNtr28q1mzbJfRaohcTmeX4sfkRK9TBba,Elven,5,HELIUS_METADATA_BASELINE
HjkGx7sVa4qvRHNnGMHRE57djiKQKzQ14LzURc9TY5Qe,Gold,3,HELIUS_METADATA_BASELINE
HjpZFrfbXVY2qgyoikAqLkuTNCbaa9fwEMVr4PKF9rjN,Silver,2,HELIUS_METADATA_BASELINE
HjvDQXdjFx8qbkN4syf4AftRgL6EUkiDxBYFZ2ESRMyn,Bronze,1,HELIUS_METADATA_BASELINE
Hk16TzkZ5NDL77BdnALD6xs3y7X8v5DyP5u38EVN7whL,Gold,3,HELIUS_METADATA_BASELINE
Hk2XVNMTdLGjEwhLN4aywViXqJyFguVTCNMhcPsKqn9h,Bronze,1,HELIUS_METADATA_BASELINE
HkBFwC7sKC7PAWSidWo7p17ow2nWAWGbc9bqpt2TCyKG,Arcane,4,HELIUS_METADATA_BASELINE
HkQ6FHiBgV1P8xjqk8iFfVxD5yJKt6MA1M2GvXj9yj33,Bronze,1,HELIUS_METADATA_BASELINE
HkTMUoqpdGfSmE7XrQETchEExFPaRq85GTATMeaZTLor,Bronze,1,HELIUS_METADATA_BASELINE
HkWWi6FN3mLghfWN9dMAZ1iwnff3epH9rqcug4svg1aE,Bronze,1,HELIUS_METADATA_BASELINE
HkaccjE6o9r7z2aWdskJZpRgzz54UcpvxNCEtw2V9zGh,Arcane,4,HELIUS_METADATA_BASELINE
HkeJ5XFPMtwBiEpe9dJL1B9YsEDNzcC1DdAFthkNozBF,Elven,5,HELIUS_METADATA_BASELINE
HkiuG84AU3qp69z1FLsgPjuULJ7eBb2ywWXZyJtiVWo4,Bronze,1,HELIUS_METADATA_BASELINE
Hm4RGqyLYf6CAtEZehaAuRhXZ1WgEZ26YFW4utRjBzHs,Gold,3,HELIUS_METADATA_BASELINE
Hm7VzRZH9yb5LzqsVtPXdEqST1V5kuXUxFiuUDsbLB8r,Bronze,1,HELIUS_METADATA_BASELINE
Hm9q8kNkaRrENssXeVgSGELXucXxkgaHro4VLPjFZQpc,Bronze,1,HELIUS_METADATA_BASELINE
HmAuMbtbLcAXgCnzyJvicMEQk6cHwRsokRQ5dcdY1oYk,Silver,2,HELIUS_METADATA_BASELINE
HmBFm4WPG8Tu3e5wJmukxqWTcd3btCNBn8R9aePuSASb,Silver,2,HELIUS_METADATA_BASELINE
HmD8FY9KwNL5dgcHX2EVXmmYwdjSy3hDAWDnangeMnB,Arcane,4,HELIUS_METADATA_BASELINE
HmHprs9BwJSrQW9bLXd7GkTZBz6vdERKqLwsSFgasuhS,Elven,5,HELIUS_METADATA_BASELINE
HmJ1QpPpAnD9vmHvGYXYHnmkgmu2zZsjDArgkMRF79eV,Bronze,1,HELIUS_METADATA_BASELINE
HmR5dxm8hHb85kJn9wVjgBvwPrpifJb9EcjNGtZfJscX,Bronze,1,HELIUS_METADATA_BASELINE
HmcePaZbJdyqKLr44Y4a9hEHhmnbGipff1XZFK9Lr2HF,Bronze,1,HELIUS_METADATA_BASELINE
HmfAWAJ5cY6Crp4d2SNmvyMQUHfBpWpA8SoqYNe6S94R,Gold,3,HELIUS_METADATA_BASELINE
Hmks565ihzAZXWEpGeNm4eezcjybgvRvdGA773qgW2xC,Bronze,1,HELIUS_METADATA_BASELINE
HmmvFDBUXpDGyAY5EXquC6cy1p8eRwUwtgVLK8kivBWs,Gold,3,HELIUS_METADATA_BASELINE
Hn6WoppAu43CoszPYRmqoFM5s6M2xDnRbCrxbW3HUbAK,Gold,3,HELIUS_METADATA_BASELINE
Hn7YpCek6qXSDYWQ3Q4jT56PxSNR6YGk3Fnmmu7fUTBe,Bronze,1,HELIUS_METADATA_BASELINE
Hn82Z7w4vYGSapWc5KRxzP5gKDP1MVfNfU5sWnvYQTkh,Bronze,1,HELIUS_METADATA_BASELINE
Hn9GZf2TTqYDAu6caq8Vo1aifrmmsFdsBhoyg7Mv5H23,Bronze,1,HELIUS_METADATA_BASELINE
HnJzZbgL4DPRCsbhWkL8DH5PuaFCZMezfaxJqJxbFfgF,Bronze,1,HELIUS_METADATA_BASELINE
HnTnAK8E9ffe45C7AJGzfrxDcPL18deuZLBNmpJ9LBKq,Silver,2,HELIUS_METADATA_BASELINE
HnXSjVGE3stMVR1XwQKktC6jsN7sdZtxk8iiKy1PDLvJ,Bronze,1,HELIUS_METADATA_BASELINE
HnbUCrh6AQGiyo7jKCnU3FLq4ZFmm7Ri7CuzpimHDrVR,Silver,2,HELIUS_METADATA_BASELINE
HncQPpNZWq5JNHgZMt78SnZRfrDULypKJE8QgkVyHUi3,Bronze,1,HELIUS_METADATA_BASELINE
HncfhjAVAiSVAsZd9zBirdi6HqsBZtcpGo3kfm79J9ok,Silver,2,HELIUS_METADATA_BASELINE
HoAS7aqrfkJzXGC7bLzMocWUdmV8QJkBH2cLi7WwGBjD,Bronze,1,HELIUS_METADATA_BASELINE
HoBM5fC3vuEpBHrLGfSCwaGtE1TvLjhMequXRDhrvFNW,Silver,2,HELIUS_METADATA_BASELINE
HoBuDYiCKP25PDttGDnVj1mSicNVKJepxxqF7oHkaLvE,Silver,2,HELIUS_METADATA_BASELINE
HoCb1CSmBYzw8CkuDqaZuEL2WPn2qRrJnVFmPC8hppiz,Elven,5,HELIUS_METADATA_BASELINE
HoL3tTSqBJnCTX2foQNMNmDBDd1Bo2g2XVAxw3qAQ9q5,Silver,2,HELIUS_METADATA_BASELINE
HoQpjiRJjxBTXyUrjt4w6n8y5jsHXiYZEX83o1n3NZxF,Gold,3,HELIUS_METADATA_BASELINE
HoQu6eXdePW5tDs9fpoqtUHZsY2r5f3fnN7cLURaTe7b,Bronze,1,HELIUS_METADATA_BASELINE
HoSYrWuevg1Xe43LUzB2qoXXUuuZW1ufGHw4sW7x3dBa,Bronze,1,HELIUS_METADATA_BASELINE
HoT7HA6rmD15oB1E7c7BnqU9VXdg5Ap5p66ZDcEtzWoj,Bronze,1,HELIUS_METADATA_BASELINE
Hogtyg59QpurfGSUPHnmrGiiPj9z95ZizARuvwgGeSmA,Gold,3,HELIUS_METADATA_BASELINE
Hp6MqBHAjCz48icevFuPpHMtQomVHAkZbz8ejnwKqqj2,Bronze,1,HELIUS_METADATA_BASELINE
Hp8JSZ82it4jvnLru3L98njp1ccwF8Ba6bcaiP5GQiU7,Bronze,1,HELIUS_METADATA_BASELINE
HpDJ7ekyMYo2wvKb5aDL6TkKzCg8cM8MJMkS7ZH5YZhe,Bronze,1,HELIUS_METADATA_BASELINE
HpFakzmpTQv3NhPomCi2RXVFaRppQ7ZfjMsMhyQZ625P,Bronze,1,HELIUS_METADATA_BASELINE
HpGdqFoyXcETii6cEt8xKHetQt8wRmUyQcPsygo54NDc,Gold,3,HELIUS_METADATA_BASELINE
HpTaH492rzKsuoicCLFDrdzxTYyH5NwZ2QuvoQy48QT5,Silver,2,HELIUS_METADATA_BASELINE
HpVhxH6YAe3RN9JUqziHqqCCDkCnkjJLwmjDxdwS3Wgz,Elven,5,HELIUS_METADATA_BASELINE
HpqUW3ub8m6YiM5ijefZKDGnvyG12f6jbbGpfG65dTNz,Arcane,4,HELIUS_METADATA_BASELINE
HpuG6GjqG1QcgzwtgKWssfodDEVXUZv8MTRBs8WU8Gxs,Arcane,4,HELIUS_METADATA_BASELINE
HpxdTQ11qAx4VeyDeWhQzhis3zN1rCo27UjMxpexcXTG,Bronze,1,HELIUS_METADATA_BASELINE
HpxxGgan7MXBSxK4TTjfBPrimvqpz6nvjEquHZ48LYQF,Silver,2,HELIUS_METADATA_BASELINE
Hq4e9eSfT6T1h9xPquyCEc29ZRkzUsymLFhuaNBB9Gkt,Silver,2,HELIUS_METADATA_BASELINE
Hq9tU9gNduevXQsvjzJsjsWpH4GH7E4GDkjJ1qARdzs1,Bronze,1,HELIUS_METADATA_BASELINE
HqEHRyULaKm8TUsQp24CayGJKa4ikYY91c8wzHwijU7m,Gold,3,HELIUS_METADATA_BASELINE
HqJ1R93AvLfpq7ukyHV3s7ka2fy1XniRRHg1NVj8yA6W,Gold,3,HELIUS_METADATA_BASELINE
HqN8tBQwAjxhDRRG5kUMqe9YwqstT7cRkFrdvJqT9u4b,Bronze,1,HELIUS_METADATA_BASELINE
HqRYJiB117UjhMxmA7YFjRPZ9UjRWAqDWG96S8fdBRZb,Elven,5,HELIUS_METADATA_BASELINE
Hqfmg9Ngsxh65kCSfy43cQjmq67FgeUjYN6wEimLk13e,Bronze,1,HELIUS_METADATA_BASELINE
Hqhvj4LFmvvUSeznAYnB9hxeW877GXkF2APFisCB5r6Y,Gold,3,HELIUS_METADATA_BASELINE
HqmQDEWsaQFAfFXt3xzbVt37EpUwyGwg618kAPFkKNts,Bronze,1,HELIUS_METADATA_BASELINE
HqphYZESgSYZqTh3fM2Eg7md8SwZ44Z7Am63VEBJdpHR,Gold,3,HELIUS_METADATA_BASELINE
Hqxc2kgBNLcGvSr3GPxmnEaqbGZaMfuvn5bVhWdP4Msx,Arcane,4,HELIUS_METADATA_BASELINE
HqzgDtykMKjxZXFsdGbTeywk747xKjpXAwLNoxLut9zM,Silver,2,HELIUS_METADATA_BASELINE
Hr1A38MwQrMh458Ur5CmsdX9wpB82t1upUrkid8NCJoe,Bronze,1,HELIUS_METADATA_BASELINE
Hr9X92uoQkwho9QxX3EzqbZUKGbW5KvYANVYPSygQ4xV,Bronze,1,HELIUS_METADATA_BASELINE
HraSUX3Ys544H5tEGFddywvi3Bm4XdBBKz2sq444sz6d,Silver,2,HELIUS_METADATA_BASELINE
HrkhmNPyoDymTkUpN1bcnCuw4XjXn8PbfPMZoiBa4xsL,Arcane,4,HELIUS_METADATA_BASELINE
HrytiQVRvVV2UGK8ApCPG4oHzY3gPYp6rs6Ah3kwfmeC,Bronze,1,HELIUS_METADATA_BASELINE
Hrz5hKM74BF5oXywQy2NkyB7PedKAVFi8RaDHtDUowos,Arcane,4,HELIUS_METADATA_BASELINE
Hs992AXSU5Qh9V3KTdrMzFxtAqfDhwkoYbufC8wcuCoW,Bronze,1,HELIUS_METADATA_BASELINE
HsBpdV1TvAkWUxDPvuopyonPQiQ9efiNNrQMi9f99a1y,Silver,2,HELIUS_METADATA_BASELINE
HsJXFSg1zFwqacWQ63zUYdWrEwM7N5CdS7rj21XGbVmz,Elven,5,HELIUS_METADATA_BASELINE
HsUMe7Kx2jVfcZxo8p5rh8FU6YTkfYgyvgPDQXcQTLGG,Bronze,1,HELIUS_METADATA_BASELINE
Hsb8LrqKD6EM4Mv44APgBKPCwKXstdG7r9JEUoG4n3JC,Bronze,1,HELIUS_METADATA_BASELINE
HspYajzw6VsUct97vadE5Zs2YS91dq7QMw8LEhXLR5ff,Silver,2,HELIUS_METADATA_BASELINE
HssMhzzjQeUWWeViohXFNjsnN5WwL6o6Qsk5NzqcfbeC,Silver,2,HELIUS_METADATA_BASELINE
Ht5xD5qirzkwVw5w1WftqEyfESiWv6SuR4eNdQCfKZbk,Gold,3,HELIUS_METADATA_BASELINE
Ht8D9fqfTs9WETHjEUMQ6XSStcnkxb75xLTkHDT7H6hW,Bronze,1,HELIUS_METADATA_BASELINE
HtFPmaWfc2EJWyNevwYrYpsKC694PTUDhgUZz4M6e9sV,Gold,3,HELIUS_METADATA_BASELINE
HtFSVBg78xkHDFuBsbYoEXBgaB7xbCKtGg9dwzSWAJ7C,Arcane,4,HELIUS_METADATA_BASELINE
HtLn18QUxm6Xk7oojQDMQXsBBFbP72h2qCCQwwxyDBAB,Silver,2,HELIUS_METADATA_BASELINE
HtNtdVGcnd5Emeo3Jv3nPVYdTe21nwBDc1Up9acUM8Rd,Silver,2,HELIUS_METADATA_BASELINE
HtPpM3XKPEEbdNfG1XaEE3ywWtrFD8GWdHWa1etEkurt,Bronze,1,HELIUS_METADATA_BASELINE
HtX96w91Abi7GzKGwNTyNUmDxEPHXWLUFZ78YRDBysQX,Bronze,1,HELIUS_METADATA_BASELINE
HtgHBKGpcahtSjR6vjyNKX9HjDkTcboqmidrgZJjgLQ8,Elven,5,HELIUS_METADATA_BASELINE
Htj1LSLrjHG4wpPdAhCXH6gzkZMKp75k6g3R7TabTwPD,Silver,2,HELIUS_METADATA_BASELINE
HttQJYbHUthtFaXE6YZzpB7BH9yry2Gzgwkxs4bbFUKR,Silver,2,HELIUS_METADATA_BASELINE
Hu2duDg7wgUcJcSZWQKHtHHPcXPJqSYX3rUsmgAe43jE,Silver,2,HELIUS_METADATA_BASELINE
Hu2jnX36iNqPLhaRNG2r4E4JHL37omjd4jgDbT8JqMwh,Gold,3,HELIUS_METADATA_BASELINE
HuCM1pZRZhJugFdaJjC4nry13Rq8yQtVrNXe12LaqnzM,Bronze,1,HELIUS_METADATA_BASELINE
HuT38YwiwrFoCc2muL2T9QMFindqXTuCkShvwwgziCyQ,Bronze,1,HELIUS_METADATA_BASELINE
HuVmqnB9rieWnZrD69X7V2bhUxivzX6G2m4BGE3pbHwN,Silver,2,HELIUS_METADATA_BASELINE
HuaqZznouu9vvXj1WkpkvRqAuSoxZiUwhsgqeJxMap47,Bronze,1,HELIUS_METADATA_BASELINE
HugLqYZoxdz3MKgNCnx2hLZ47uFTz2jc1hv8VvbFDaQr,Gold,3,HELIUS_METADATA_BASELINE
HuoHfXkUJfo32GvnmUY6k6YTxJ285U2Jy4Lj7E7kFraS,Silver,2,HELIUS_METADATA_BASELINE
HupcpEaesHatcXcmKcZHJX69waLfbbYvrLNkpQyJKv5d,Silver,2,HELIUS_METADATA_BASELINE
HuuB3YKSYtPvfYKorADt2TqoJVmV2UH9BhSKvPUGwS3b,Arcane,4,HELIUS_METADATA_BASELINE
Hv5yFvzgsKZVXoWuuqWSZz9ZTMKwb2GA9JHRCrm2DTV3,Silver,2,HELIUS_METADATA_BASELINE
Hv9wMFcgGECpnrJNmfMzqQD9LAoZqGxiUh7rnbLjJsDL,Bronze,1,HELIUS_METADATA_BASELINE
HvCaAvAXLqesiN8KqFZ3kUrhrbAF4SvvXvHQwudZfsq7,Arcane,4,HELIUS_METADATA_BASELINE
HvKdhjMHDPoGXhxX7Dtvbf5EkL5Hj7s3YXRm9wMNQE2S,Gold,3,HELIUS_METADATA_BASELINE
HvPJmu37XE5P1KA4ecozzWLsjXZp9xtkvzp3Rd8KxXjC,Gold,3,HELIUS_METADATA_BASELINE
HvYSDinjbQGSaRTrE3E1cFM4U9vzTTq2qeabmaSQwLZ,Gold,3,HELIUS_METADATA_BASELINE
Hvad8rWBLybyg1XqynFMiRc6Wbde4zFpa65GYh7iajhv,Bronze,1,HELIUS_METADATA_BASELINE
HvdsLHo8cxfMdewjsntSCmRasjg5G9zRzT3Gyq56i68e,Bronze,1,HELIUS_METADATA_BASELINE
Hvsfnc5LtDvpbCCTxGSusNWJrPFnhZXpDChtE73kd7Wz,Bronze,1,HELIUS_METADATA_BASELINE
Hw1YoDoyEBsyX2gBvipnqrQMNKeiWb8noKrWXGViz3qW,Silver,2,HELIUS_METADATA_BASELINE
HwEu4UmyizMLXBSKE2GaZPMoJLLhxxbJbjjzLouCrt6y,Silver,2,HELIUS_METADATA_BASELINE
HwVAXjN2myrQAGSpHjJSbvVWBimGcUwB5QUrRMPwovac,Silver,2,HELIUS_METADATA_BASELINE
HwZ16xA4ZFAAVBEkLjbuc8vU24MiKXk4v6mc5o5bjnJv,Bronze,1,HELIUS_METADATA_BASELINE
Hwf65md81pfNUpBPUHgWhh9dbpzhfDEZWfKnTpcz76Au,Bronze,1,HELIUS_METADATA_BASELINE
HwiLY7nZGzuago8hkJVXxirrRyXKWCYvsvysVWinMBKC,Silver,2,HELIUS_METADATA_BASELINE
HxBwWkBBkghfLSZEAWRL4c5FJLvwUPHna1L6C2JhzPfM,Gold,3,HELIUS_METADATA_BASELINE
HxEYLSF3QFxyrxNgkGWhZWhognUosYvzvWxpozZFPrGt,Silver,2,HELIUS_METADATA_BASELINE
HxHM5r8wcAHZzzzoKvCMmj6ZbvhRMgsAXYpp9eEPx7j,Silver,2,HELIUS_METADATA_BASELINE
HxTzvXQfcjQLjDZkKw6wGsggc3Jjhgz7FidFoCRuhJpH,Bronze,1,HELIUS_METADATA_BASELINE
HxjfhYQ1zk52RcopbbufBoMnSgqZpuFCKSwM3M12iSX6,Bronze,1,HELIUS_METADATA_BASELINE
HxjguQ6bwnRWy2aN2Utmpr4bdWXbWKLCiUHuV9UDotK7,Silver,2,HELIUS_METADATA_BASELINE
HxjvrktAbQtR7aYJQMcM2odE1CPJAAb8cis2p7mQCJ3m,Bronze,1,HELIUS_METADATA_BASELINE
HxpifGXfTxRPfyEKdFWC3oRyfmrDu1B6JrknuDZjqK5o,Arcane,4,HELIUS_METADATA_BASELINE
HxrkVNm164J52fscRzdDKowWfu4pRb4Yyc4VbkKfznh8,Gold,3,HELIUS_METADATA_BASELINE
Hxsk1Lg6QLEsWznjwr6vCreUqQyzmH36fDTQQTZzb9K,Bronze,1,HELIUS_METADATA_BASELINE
Hy2phPwBGPM7eq3hBQmvGAo5XFmZJ8aqWzqvVeyQkFqL,Bronze,1,HELIUS_METADATA_BASELINE
Hy2uoqWhRabZh9KbLGJP8V23DWg8xb8NtXR7JMxs1hsW,Bronze,1,HELIUS_METADATA_BASELINE
Hy89spHNStBNFLUP7CYsWzBPTdcANzNnSFCVbGJexm57,Arcane,4,HELIUS_METADATA_BASELINE
Hy8ER74fMNn5E11T2HZ4e7Yjr8hSLhXYbt1TrTsvgEo8,Gold,3,HELIUS_METADATA_BASELINE
HyGJPFmhsD3ovmzhhGAeWSfxLpWCMEbYDchEGeD3uBH8,Silver,2,HELIUS_METADATA_BASELINE
HyLsUswRaJBaw5CkfRdrJ3nrGR1ueVr8cULHGAk6ERRz,Bronze,1,HELIUS_METADATA_BASELINE
HyNohxrDHi6XRyb7vxFbiBBzUiKZb8YaiKQWMyBzzj65,Bronze,1,HELIUS_METADATA_BASELINE
HyT8svcP23kh72ubosWZv6wVegKQmXsyWnHrCA2Td9M7,Bronze,1,HELIUS_METADATA_BASELINE
Hycd7wDSv84F2pFZAxcyi7fmEgtgTuUbqHR933SKS79v,Silver,2,HELIUS_METADATA_BASELINE
Hyz7ieAP3Dz1rGc1cRMe3FaDc4T5DJ8mGf8sBGJsEHSz,Elven,5,HELIUS_METADATA_BASELINE
Hz15sh6BZ2Hn6na2XtCoWe8iWXAdLkG4kHYjKrjQAgCU,Silver,2,HELIUS_METADATA_BASELINE
Hz81tBiT9h5jHWYBKCp3Szxxyst7uCUHKqsphKmZ1oAz,Gold,3,HELIUS_METADATA_BASELINE
Hz8dMXWCvgr63j8reCE5U1NVwGpMicYpbUwTK4WyFrHC,Arcane,4,HELIUS_METADATA_BASELINE
HzAVZHKzF1jLtUUZ1WTHJMphN34xpLY2RSC4LrYaAdwS,Silver,2,HELIUS_METADATA_BASELINE
HzDPGkcgcddZipayPH1AcptPaMATSMKh8Qwh2UERB1ZH,Bronze,1,HELIUS_METADATA_BASELINE
HzHDz4W8ER3wzyNjhrx1XtcPLQmQzkAFAjpXH3hCaGxS,Bronze,1,HELIUS_METADATA_BASELINE
HzHNNRrS3LHr16wfZ4bNvmwdcc7fETLWMLpcQSsQJJz7,Silver,2,HELIUS_METADATA_BASELINE
Hzda6mGFMDVoLchdJdcCusPwwrJTJy7CnZHTkiRGDkJS,Arcane,4,HELIUS_METADATA_BASELINE
Hzg2XSprznP9pXkbFpyhXs4ib1C8LKe6oAGaQdnbsg13,Bronze,1,HELIUS_METADATA_BASELINE
HzhLXWqctHue9u9r48mXz2JhoT7QDVYciWeQwCCuQtaG,Bronze,1,HELIUS_METADATA_BASELINE
HzjNbrgM7ft1uA6ondsVvwgYC79UkkSehwPifNhXVbhR,Elven,5,HELIUS_METADATA_BASELINE
Hzmu6c33YxeprBZYxEx3AFbWYZyACw6NFD34BtA3YutL,Bronze,1,HELIUS_METADATA_BASELINE
Hzn9dohKeU9prPLsuHQdyru8BAf37aR5yPWrK1qXwHoo,Silver,2,HELIUS_METADATA_BASELINE
HzvnwNUJBKrhUSi4qTkcEmWhjzzrvTK6o3HYfKdxun6D,Gold,3,HELIUS_METADATA_BASELINE
Hzy5AF8uh6KTDuYdaZtAWJhdke14BvnLbBaEpzYQb13p,Bronze,1,HELIUS_METADATA_BASELINE
J1H1HEsYWXfdENZdHJvGbYrkGsrDpuqehL1Erbdk2wwk,Gold,3,HELIUS_METADATA_BASELINE
J1M4RUvDzZNWjLos22z2z2sa4k7uJKpajb1mqHpPvN44,Gold,3,HELIUS_METADATA_BASELINE
J1cGpfSLeWggGneLE46Ex1xgy2ShN1Bqju14shmNAGWJ,Arcane,4,HELIUS_METADATA_BASELINE
J1gyRTqa6GqmvzaZUbpLNrGzCseuLy5wFy81myd45XwE,Gold,3,HELIUS_METADATA_BASELINE
J1hU9TvV2V5zo7e9zJDNbfeuuvCQjc3CzxmT9efFhpkS,Gold,3,HELIUS_METADATA_BASELINE
J1ijUFnX2pFqJsPW3FkHFWkUox2khszXFk9Bo7JBQU8W,Silver,2,HELIUS_METADATA_BASELINE
J1o8dRZoegdhG837rt5q7ChzcpJTzB4ALHfUPam4TgKd,Gold,3,HELIUS_METADATA_BASELINE
J1qwtG6UmS8VazuZFkwGZ6Rw3iXhuzFHmHJFNdagZhbB,Gold,3,HELIUS_METADATA_BASELINE
J1vhFrghHyG4UCq2fosVbwgtTP2N462C9RRvArZAYHcX,Gold,3,HELIUS_METADATA_BASELINE
J2CaoGSNwU1cPPn5NTUAtzihPkp34Rgxg6uoc3ar9ruy,Bronze,1,HELIUS_METADATA_BASELINE
J2DB8RXdv9bZdezV6LBVnR4cSpucKE629UAM5ZXHSnfn,Arcane,4,HELIUS_METADATA_BASELINE
J2G4wpL31HRoEVkBfcDrqVFgWmiXTEWSse6r9Pdx8t1Z,Bronze,1,HELIUS_METADATA_BASELINE
J2JqrdDrXNivL96NgbUvHc2WaHvE9YLLE7nCnRrAiZzC,Bronze,1,HELIUS_METADATA_BASELINE
J2bb8VaWUpnSVyB8ihNkFwhC5zwh8HQBiyY9gWzZyiP7,Silver,2,HELIUS_METADATA_BASELINE
J2mQGHFrGLEHyA3Sm7j5df7eA4JWuscEty4Fa7azbNPG,Bronze,1,HELIUS_METADATA_BASELINE
J2oH3NDGrijrQGi8fTtGXbb8ZcdUm4rRKtHiHeMiCfW,Silver,2,HELIUS_METADATA_BASELINE
J31ovVVzAxiyvSnZLvNx1PxGtXUuwTdHSHBZfNAdQAC5,Silver,2,HELIUS_METADATA_BASELINE
J367h5QW3wNP88nHhVTVYnevwX6SdSpjvGAuXLnZNKA5,Gold,3,HELIUS_METADATA_BASELINE
J36YoiAoN5tUs7YMNJAAvt2CPUFotitrd2mMVkxe2Umb,Silver,2,HELIUS_METADATA_BASELINE
J3Ft8dUhQFiBNajvnNMjmBpK8dhjCKcvwtTAttEMEwWB,Bronze,1,HELIUS_METADATA_BASELINE
J3P2ZHZPqxMVZb2Hr8WpfhRkUZHhmJFBHXBEojPS6bS7,Gold,3,HELIUS_METADATA_BASELINE
J3VQ7YrTCJbwwuUKj2dSjQU39hzXqxZH5TKw3rPxTWmJ,Bronze,1,HELIUS_METADATA_BASELINE
J3eTJU7MTZZvCp5aB3V1p5vn1A4iSpyrWto5Sdp7eaNk,Silver,2,HELIUS_METADATA_BASELINE
J3jDjsX9v67GnyNP6Zo8MgnKcivqRv23GknifwkV5ENN,Bronze,1,HELIUS_METADATA_BASELINE
J3mw8igsoqiGhx6jb47wi2nbzpftCMGLpBknUs7fvJHj,Arcane,4,HELIUS_METADATA_BASELINE
J3pq1n9Ce7DDEkX9fq1ZtmP68ez8LKRLEUcPzcAPVmFd,Gold,3,HELIUS_METADATA_BASELINE
J42SZCcHoSiWzGoVxuAoiJe6sFhSndggYmRBrZ7oMT2b,Arcane,4,HELIUS_METADATA_BASELINE
J4G8d3qtmt6492u1qPTufNWkaJvpyZKpwWcJz1ZDxNCz,Bronze,1,HELIUS_METADATA_BASELINE
J4PTmrDfeWCyFZs5g6Muh41hN2hvRS89khLzPqpT43ZN,Bronze,1,HELIUS_METADATA_BASELINE
J4R88Rn5yi5oWvep5j1vGuuqJgvr4JxxWE2uEfe6uDi3,Gold,3,HELIUS_METADATA_BASELINE
J4WMz1KhUqMJWuHemKYCGJraguLrAUthNkj3LqTNZumU,Bronze,1,HELIUS_METADATA_BASELINE
J4aA64pWa3yZvzp8Ds3fTNQUUEGVe2E3BZEerMc5PZUo,Silver,2,HELIUS_METADATA_BASELINE
J4c4HNBzG9qeyHf7HGecrqaZWCcZtWsrFEX2toWfXu7N,Arcane,4,HELIUS_METADATA_BASELINE
J4dfETv4jZjfHQeGtHuCTNDRo2epG25Lb6nfnQ1TX14E,Gold,3,HELIUS_METADATA_BASELINE
J4du81PHeugk9XPUoM3AsofjQi879CGmyRuV7HeriX51,Bronze,1,HELIUS_METADATA_BASELINE
J4hDWz6dqVGeSDRxZ7cA7ox1JXgYXxR1wt7W9tordQqR,Bronze,1,HELIUS_METADATA_BASELINE
J4ig2KUrWsh5CPJy86o6ZfnLNaksfp71McbxiTKutVfW,Bronze,1,HELIUS_METADATA_BASELINE
J4jaGg3qTLMWYotANr8PSyEyGQ28CP47KV7HUy94tRSD,Silver,2,HELIUS_METADATA_BASELINE
J4kDcfJAxpjDgdskT3tfqTjmJDTxw3xTCY66sqhW8aTH,Elven,5,HELIUS_METADATA_BASELINE
J4rSV54DxoJCJxc5sVN9gU85teAUss6c8hvYXGkNocqE,Bronze,1,HELIUS_METADATA_BASELINE
J4vCJ5nCw9BB4CaGYoeYGZ2Vh2eKUWxwQ6LqqhPyCU8q,Silver,2,HELIUS_METADATA_BASELINE
J4xsAyA8uKdCDVbJKvZatPNxJ6syoJakkD5L1vVjTRyB,Silver,2,HELIUS_METADATA_BASELINE
J528uLkw3Jy3P1Cos1RWsSq5FE1cfwu254gLmZhKZiSx,Silver,2,HELIUS_METADATA_BASELINE
J5GaJUqcZNhF6aDKuEKfwu1Yh6PHtLezMgWixkmirVZH,Bronze,1,HELIUS_METADATA_BASELINE
J5PcrXysEyrke3vYKKYaCFjzxuJjMPX7U4uLUtFeCnR1,Bronze,1,HELIUS_METADATA_BASELINE
J5XsJX7aCijdok9ip5uzoqWmgP5rTNxiJ9MkUcWbd9wM,Bronze,1,HELIUS_METADATA_BASELINE
J5e53FR3K2vTwR4bSHtdfnoHcqEk5r8ReBxKuQ8Lu79R,Bronze,1,HELIUS_METADATA_BASELINE
J5kEurDvoqs7yFjE421UqUt5eKKazpzEPj4FwhjT1tYv,Silver,2,HELIUS_METADATA_BASELINE
J5r7Dm3Zbp9d3eyHwsSbYVtmmc4TevJqsPNZcDbj2M6a,Silver,2,HELIUS_METADATA_BASELINE
J5rkydQm8V8dvaT6z2Qn18jZVSmiCmLuXE8jLx2nYFMg,Arcane,4,HELIUS_METADATA_BASELINE
J5sHUyLcWgp2LCECrDw3ecSb1w1vXP5DNQXEZ4MP2hTw,Gold,3,HELIUS_METADATA_BASELINE
J5xx29bLrCuKiX4AwCYihKoWDdEvN4sKsTo9jqxvCjnY,Bronze,1,HELIUS_METADATA_BASELINE
J61B9DMGMsQ5h7jWz1VajCdY6uwCsakhwpQ6eQ32ptLx,Bronze,1,HELIUS_METADATA_BASELINE
J64Nt3jUbkJFGmCQZRy1UdFgMn4S7p6YeuuCcA13bnNr,Silver,2,HELIUS_METADATA_BASELINE
J6KFqSeZb3aPLLtc8qwhi8f8fUk43yNsL3VCFKjTdfwL,Bronze,1,HELIUS_METADATA_BASELINE
J6dNGBdXsm9tM6e77SK8ii2aNx7GmfoCqdVmKJbaTSoJ,Gold,3,HELIUS_METADATA_BASELINE
J6usaT9F5FeNNtuw9TVPoD78YJjaxxVyK4NzxCWFdwHm,Arcane,4,HELIUS_METADATA_BASELINE
J6ut9YmNW3p8fbuyu9kELP99xJ46obq5L42J6Wvpc1qj,Bronze,1,HELIUS_METADATA_BASELINE
J6wDibUuhQRd8t9r76isr6uNzMeQVh7Jh72ZfLevpbGd,Elven,5,HELIUS_METADATA_BASELINE
J7ACE55jXEvm9bdtj3ij3cExvtJ6Bq3pQNTBCK48LC3x,Bronze,1,HELIUS_METADATA_BASELINE
J7FRZULAw8LkigTL9FhZM6p2mShA41rqY9tdHMTWMGFg,Silver,2,HELIUS_METADATA_BASELINE
J7WhUVrWuVfgsBbUX3RthWANjxSijAuRtWJSnoTNm6UV,Gold,3,HELIUS_METADATA_BASELINE
J7oQomdAvsGrcbbbBrRBs2fUmKZcJH2Ue6ADbuX4FBx7,Bronze,1,HELIUS_METADATA_BASELINE
J7oVJxHFAe64W4dPbuG4bESh7TfFuj13Q8h6KJ2uasuh,Bronze,1,HELIUS_METADATA_BASELINE
J7rABQ8M6U4aa4d3YYg7wuE3jANeymSzZLWfLn2PdA6R,Gold,3,HELIUS_METADATA_BASELINE
J7wk7pYDHnkL2Nk4Mh8by9xm8ZYETt4K4ovC6idCga9E,Arcane,4,HELIUS_METADATA_BASELINE
J7wrdiCMXdDBC1P6HD6b4NV4DuMfShzNLnMDAHmrQ96t,Gold,3,HELIUS_METADATA_BASELINE
J8Q5gPRwaUAe6YVo3fCG8Qcxfeqframtp8PhwuNZCqWJ,Bronze,1,HELIUS_METADATA_BASELINE
J8U8xmvXr1Gt8rii8oaaEDKEi6nQRPjTFGu3nDwrbCnS,Bronze,1,HELIUS_METADATA_BASELINE
J8cbQePZvmRzvDoCPBdPkCvuEYWLsxQoXRQeNqWrvdxt,Silver,2,HELIUS_METADATA_BASELINE
J8f2aCbsFJGoaRBc6BjpjstRfTtbqQtiZ47142vuQgzM,Bronze,1,HELIUS_METADATA_BASELINE
J8p9vutFnvzSxPp6m8bbbiKUuCr3HRXNxepxHkj99LkQ,Bronze,1,HELIUS_METADATA_BASELINE
J92LhcY7ySEHFdVmstnD9Tp4auRX6trR15R8jmaUYqZE,Bronze,1,HELIUS_METADATA_BASELINE
J92LrnXpFWL9i3wSv7HiWtkTCcT96FdPaBuL9zCJtM5b,Bronze,1,HELIUS_METADATA_BASELINE
J9DKqJ9xTYSm9RKeaTniviAfmgngpfaHZdFmUmTTSNCP,Bronze,1,HELIUS_METADATA_BASELINE
J9G1GkYAePeDa8ZJzjK3Td5yXvwA2y8MsL1ipZukhVST,Bronze,1,HELIUS_METADATA_BASELINE
J9JekSTcPyxEJpvTAwwMjMP1bznKW6tH4FedwH3e2WtY,Gold,3,HELIUS_METADATA_BASELINE
J9LJt9CZAxRQvpgDQkBcTtFSaftwZXbHSt85ywbnUZiP,Bronze,1,HELIUS_METADATA_BASELINE
J9RZh6qjsdLzUcGkNriNg2qUgFCCWp8VBycrkJ83yquc,Bronze,1,HELIUS_METADATA_BASELINE
J9S88BHM9SkQ1pdjpk8AdHrFxFZtBDqXeRfuWCQteHA6,Bronze,1,HELIUS_METADATA_BASELINE
J9d1aK4JzUP8wPsjZQm7wWUiG9Ta13eFJuAuVgrdDz72,Silver,2,HELIUS_METADATA_BASELINE
J9dywVAfzcRhY841qviJTrh8dLjHAd31KNtc986YZfLY,Arcane,4,HELIUS_METADATA_BASELINE
J9iyVKkDtW52KxnHHfEn5id3DUuwk98iA2MkuQUfjUjs,Arcane,4,HELIUS_METADATA_BASELINE
J9kPsoLMLDWjw5VzFFwDaW41PiAkHQ2ctCapyFrzTcpy,Silver,2,HELIUS_METADATA_BASELINE
J9kwMQB7UPRxy6NhKXmHwtPLgdBVkCygvhqs1Qbtsify,Bronze,1,HELIUS_METADATA_BASELINE
J9qk8gnUAJ3f9ppbzivUSZk5esSdw68VbgeEF54NEUiG,Bronze,1,HELIUS_METADATA_BASELINE
J9wLUvWux4xRNibAcUcPCsn3QkEirH13FheFs1nNZj7T,Bronze,1,HELIUS_METADATA_BASELINE
J9wbAHT1hFo9CprYuJYxt3jQSakdx3YKEk6HRgMA7UfS,Silver,2,HELIUS_METADATA_BASELINE
JA2PbM6YskWb6JTDcuVHXFuujp2K52AfCuJ3q9iM3Poo,Silver,2,HELIUS_METADATA_BASELINE
JALMADtxKHczJQ4ioxd9A3WxWgwj3sMdRsEKopNoUCTC,Bronze,1,HELIUS_METADATA_BASELINE
JAN8NPcXtz2eVVhPTjQu3hZjpZeyoEER67Vg1YFN7yvS,Elven,5,HELIUS_METADATA_BASELINE
JANd149xw52G3EmjjGsPpXT3tWDPPoeiDbYzsKEmi5Rw,Bronze,1,HELIUS_METADATA_BASELINE
JAZorULo5fFMnW2P16x6PFuM5AWMUL1eDfYnf3prd91p,Bronze,1,HELIUS_METADATA_BASELINE
JAa9vn3tqWDZxCDTqv93vJdsDCJBvz9dok7shHQ9mXvC,Gold,3,HELIUS_METADATA_BASELINE
JAaXjbp6DZbLXmpYM5yjoaCQYcfJWEwbedRrmXVo7sPH,Elven,5,HELIUS_METADATA_BASELINE
JAbM2P2zcVDURVKrKyL4TrWWHWocNnrqs7E7ZZ6pmE6X,Bronze,1,HELIUS_METADATA_BASELINE
JAcea5VTAnucjmmym5oyvsZGLwyZ2D424Ubb44XRLEZA,Gold,3,HELIUS_METADATA_BASELINE
JAms39M8gJkCcHH59U66SFpaypfbtB8B9AnqLmJ6rmXm,Bronze,1,HELIUS_METADATA_BASELINE
JAoLbRzX9ez1iZ3M72jRAbHUBsVeJankeCkd1cLwv9XE,Bronze,1,HELIUS_METADATA_BASELINE
JApwSaUk1Y9ew44Gyx59dxRuYPqH5FJxx7zXvxyNto3U,Bronze,1,HELIUS_METADATA_BASELINE
JAqEsCwWeRpe3R4zfZnCxXazXKMT5eb69P5tudgDMnW8,Arcane,4,HELIUS_METADATA_BASELINE
JAvTZShc6XiWr7w5zBL95uzywrzk5xQae9Q5t8TFeTLf,Bronze,1,HELIUS_METADATA_BASELINE
JAypFFB4iFUf6cDN4SU6k9ojZ6To8hd1ngTfamVaDfeE,Arcane,4,HELIUS_METADATA_BASELINE
JB1mzkgxWo8UxBu4eRkWtPNTzaF3RmVWVtP9xe3XYug1,Silver,2,HELIUS_METADATA_BASELINE
JB2xABFk9bmfTWY1pCmL9Dit1cNSFwtbpDDMf3pdwoNa,Bronze,1,HELIUS_METADATA_BASELINE
JB5PekMdzFFmRRhdzyWah5Hj7Ufarwkhkk3SCwgoFu5R,Silver,2,HELIUS_METADATA_BASELINE
JBNgfd26CdUfvKvYEGUY46RHYrNtepJVH7mB2oVcHEm,Bronze,1,HELIUS_METADATA_BASELINE
JBUXjagbz6hrnGo4Tz1vxJuKtnf9FHaKjUB4qcgp9F9T,Silver,2,HELIUS_METADATA_BASELINE
JBVQE3yEM51Re976tZa8HRScZpLa4HyBWXkbRB3bFZXw,Silver,2,HELIUS_METADATA_BASELINE
JBYTv1h7AGGwDTdSHVq6p93aqW55RsN9EsRPuQsRLsft,Bronze,1,HELIUS_METADATA_BASELINE
JBgydcjezwwQckzYmrrs8rdugoYn2RvEe2aBJCXBvunp,Bronze,1,HELIUS_METADATA_BASELINE
JBqiqQ1vs6V47LXxBebB1YDu5jktDFg8pyKKAiQ5gA2z,Silver,2,HELIUS_METADATA_BASELINE
JBv9B6wgPgMFcWWaPxgoZWKGXCoBZeM9pPkv3qbDUtXi,Silver,2,HELIUS_METADATA_BASELINE
JBxKokWoytrHjW8XQRnGKSEw3pz9iq56yXTe7Pdeeo2y,Gold,3,HELIUS_METADATA_BASELINE
JBxjYLvn9DQtFjLjNjUnDEVBtsBh6PNymmPuYAgH7QqB,Bronze,1,HELIUS_METADATA_BASELINE
JC3b8tavmUMCTxeNcTQ1NcbUAv1r59SYLF2SGZtMkKCr,Bronze,1,HELIUS_METADATA_BASELINE
JC4aZiq3WR4FiTyw8TRH5MryS8TM1ccixJrXSUBNXrHH,Bronze,1,HELIUS_METADATA_BASELINE
JC4opgqpZtLwssYMRW2JqUJfwKMmsMwvEeji1h9CBWHu,Arcane,4,HELIUS_METADATA_BASELINE
JC5AbzgcHnwNNzcPoPRnwFvvMBSNpFBnVuYyQyVSFAix,Bronze,1,HELIUS_METADATA_BASELINE
JC9q57mD6Ge5M3wJm6E2cZYz8MNzZfZS3X84tfFyLzMS,Bronze,1,HELIUS_METADATA_BASELINE
JCHcZuVKNdJvgxodjru44phoesD7ga224ZVDxdgjLoW5,Elven,5,HELIUS_METADATA_BASELINE
JCJ6SzZJt6mtiaHa8j2YHzoxNUkb9vQSaZVcV7Wjn7cj,Gold,3,HELIUS_METADATA_BASELINE
JCUrickcZDGS78BAuhgwLCjgevotKyWoMENnJo2ehjsW,Bronze,1,HELIUS_METADATA_BASELINE
JCWzxqbifm9q14bE85KtCoJwEJ4n1nbcp6BzMDfmSAsF,Bronze,1,HELIUS_METADATA_BASELINE
JCYHGFYB5jEvoUDrTLYVw6edzafBXa9sdpANLUYPtDPG,Silver,2,HELIUS_METADATA_BASELINE
JCZgCxb2cabokhja6X73kZ35tqDHqDNXBgg7CTSgUvko,Bronze,1,HELIUS_METADATA_BASELINE
JCb1XLTeuyioUorFfSoE7iXEdHrrsYJYUZbE9N1LEFzC,Bronze,1,HELIUS_METADATA_BASELINE
JCdUZNkMh1n8qvbcPzRGpppDrhcDDh1s3o7Ka1uhES85,Silver,2,HELIUS_METADATA_BASELINE
JChhdVv6N5y9ghdx6eunGQGnaA6Fpgo6k7cGPHvrfHK2,Bronze,1,HELIUS_METADATA_BASELINE
JCisdwU2YXdbArx1J8BvdNJw8aBN9iugFpBFjzLSwxFY,Gold,3,HELIUS_METADATA_BASELINE
JD99Ro4NVYBzGT9ADcmcetLWHp9Vjc3geSuSyUABU1m1,Bronze,1,HELIUS_METADATA_BASELINE
JDJiMM9RxUGD9bFBNW3RzR8P8QqQmX6qMHqRUrQ5fozw,Silver,2,HELIUS_METADATA_BASELINE
JDPWuLqUsh9CSzndH3NaU8jmFK4gxCovtN5d2gtNvL5E,Silver,2,HELIUS_METADATA_BASELINE
JDTTDdtSUgL7diuVgbG1imKpH9zQXTWAzQ6EygcKj5yh,Bronze,1,HELIUS_METADATA_BASELINE
JDdopudrmySYCzxNJ3A6A8B4iAqJsxA5rBpfi6UzcAtm,Gold,3,HELIUS_METADATA_BASELINE
JDhq8djewcmFb7n6sKSoQbK7aTAMe8PyqxQPBD8YYGUP,Gold,3,HELIUS_METADATA_BASELINE
JDmEbdNzv6VWK3ycokLgEJpDQAsd5tgZqJBedHeH3ETe,Bronze,1,HELIUS_METADATA_BASELINE
JDxc4YvYLAzvgAhhoRZBa1e5LcEkr3DYUfVxwyYaHXDz,Silver,2,HELIUS_METADATA_BASELINE
JDzQSXFGT6HMPs1Q3fSDXGocvUSf5UfhxsfufpJvSFfY,Bronze,1,HELIUS_METADATA_BASELINE
JE3XPTwXkaAYBQAaNSehVyQmcoM1ZyiaJXkcM6NVy2H9,Bronze,1,HELIUS_METADATA_BASELINE
JE8xfCKnJUEH54M9wstnpiFrz1YY68cF5QJ1UynfthXQ,Bronze,1,HELIUS_METADATA_BASELINE
JE9B8vqYTYkkiCndKbpYjwrDJUfKGcuhgsnAyJPksP9X,Silver,2,HELIUS_METADATA_BASELINE
JEAc3MGLaTwtFTF58r9SkajTqFXKGyxbr6Yiwx5LwoJi,Gold,3,HELIUS_METADATA_BASELINE
JGUjkpwbfPdExrnzJgvXNWQ2iRjtBW88UPeGbjaPAsc,Gold,3,HELIUS_METADATA_BASELINE
JMU2cTM1GMuaqMdHWSaKcVh4ouSNHXEZuhYbw93e6TG,Bronze,1,HELIUS_METADATA_BASELINE
JQAhEA24yQ3qjAmSpH3XsVVUBtRxZh18wknbn5Ahdcc,Bronze,1,HELIUS_METADATA_BASELINE
JRruvkrRhzxyAG59hs93UEuuuzuaiK9qCgoCRP5MDsr,Gold,3,HELIUS_METADATA_BASELINE
JSDk57Hf1F6ySe6rGxfziqBbxCko66igkB1q6Zd4zuC,Bronze,1,HELIUS_METADATA_BASELINE
JX8C34fDDW2vqSH3nFuRbucAUgHXARwen2zAQJCQ6oA,Gold,3,HELIUS_METADATA_BASELINE
JzB2C9tMs4JdobQqveD771r8RFHrdmxUWmfJpVDUzHw,Bronze,1,HELIUS_METADATA_BASELINE
K53HDGj6VLKfDLLRgQn2An82jvtSwdhbEFZC753TiZG,Silver,2,HELIUS_METADATA_BASELINE
K7yaTGT764n8TYEC6mD8rVunw4PSSBH2DvzQ2UfFnAR,Silver,2,HELIUS_METADATA_BASELINE
K8SNMwjek3352eqRaV8Sfg8TEXtnMSRKf8tWVgTFJrW,Bronze,1,HELIUS_METADATA_BASELINE
KCiqcH1iB2yTVVd69qYJbJopAbXc6dGropHbNminfn8,Silver,2,HELIUS_METADATA_BASELINE
KL7Hn4x8sgrAgRNxa6yeMSaZn73V5s5Q2vj3z2odWg6,Gold,3,HELIUS_METADATA_BASELINE
KN6L6ihjvDf4JwfNETi3MALuoH56RrSGFy9t1oXYc6u,Arcane,4,HELIUS_METADATA_BASELINE
KPn9WgTbGghprX5bzvuUoorJShukhbCAEggNB58gBmx,Gold,3,HELIUS_METADATA_BASELINE
KTcg8QFuw5TK19eX8TMKVnjgCzXFuwBuGTM75gMYYKP,Silver,2,HELIUS_METADATA_BASELINE
KToULKsg3AHukQBL3f9vvEwk4hToFjfkMh4HrQ963oR,Bronze,1,HELIUS_METADATA_BASELINE
KVvMh2sC86twzjdpiEF327yYCFy3sZaw2qRSGPFXktR,Silver,2,HELIUS_METADATA_BASELINE
KeCC7Ltkmje7wLyBckAsob2tSA3DGcavwHHH1QWuznC,Elven,5,HELIUS_METADATA_BASELINE
KvCYe2MU2VFfYNNHFpZHu46d944wmvsGXsC6i2namYQ,Silver,2,HELIUS_METADATA_BASELINE
L2gNVfVrEPSvN9rsNdvNsRyL95CtsbehLojD8m3yEXD,Silver,2,HELIUS_METADATA_BASELINE
L8Rj4chbTULj6Dmuw3gbKj8YUkaYt5NDJjgDhCck9Jn,Silver,2,HELIUS_METADATA_BASELINE
L8rmv5pSQzDUvYanSAu7KY2mCyFnQpina3XXbG2bvCD,Bronze,1,HELIUS_METADATA_BASELINE
LVbEMoLRt4EPkBxrd3iGVRdsVtHMambvWnaKKX7kaYT,Silver,2,HELIUS_METADATA_BASELINE
Lws8NvKiAoVJxD2pkqK4reRAfEVaJsCq7MDrPgP4WQB,Arcane,4,HELIUS_METADATA_BASELINE
M1KCGaLBJTWva47WjZFUBv4AxLy45uqnC7fPz5PGPZn,Silver,2,HELIUS_METADATA_BASELINE
M7CN2Y9HwtvkFKRXuB4VSaTLvrsG98yhuV273yiFAqF,Elven,5,HELIUS_METADATA_BASELINE
MDr2LNxFDsu4Dh9dtA5tCrkhNWsFGSsMBZe66pEuENH,Elven,5,HELIUS_METADATA_BASELINE
MFJjJzs8swv1fWQnVQ2tevffyr9XYRWFMjq3UMMRWRf,Silver,2,HELIUS_METADATA_BASELINE
MGsXWwD4wbasabTnPGyb64TWpXoYaApWZdyV8oqa5Xm,Bronze,1,HELIUS_METADATA_BASELINE
MJk7XPbXN9uTfJ2hnWib5KDhqDVWfr2nXsk59wMAMST,Bronze,1,HELIUS_METADATA_BASELINE
MPaPL4KRU5sVecqw17rr1jHfzzibTKhECK2Wc4FWeuF,Gold,3,HELIUS_METADATA_BASELINE
MWxP5qvSv4bWFUDd39usAR5AWKgvw24uubY6oQvUuKF,Gold,3,HELIUS_METADATA_BASELINE
MbQDMc5oczV8mAhGDMEi6pcg4hwMQoVAZJ5TU5vs4US,Silver,2,HELIUS_METADATA_BASELINE
Mxic3HtbzqBTKfPJBCpu5LWoCtTRJ5CmP8tMiS1WDu6,Silver,2,HELIUS_METADATA_BASELINE
NYRKVzQgES4ZaL5KzB48oCthVqau7BoptzqHAYtHRkt,Silver,2,HELIUS_METADATA_BASELINE
Nbp7otHowiZM9wAurAiz5gYvii1YmHx4Xq9Y4khuTe4,Arcane,4,HELIUS_METADATA_BASELINE
Nf7tjsdDDnTRqwVHQFQeWwjxzJ6u9yjUXfkVBmKZyuf,Silver,2,HELIUS_METADATA_BASELINE
NfX4rkZT5jvUXe1iAZpccEdSSFkGBDu7S4nXZo52PZM,Arcane,4,HELIUS_METADATA_BASELINE
NiU23KomitTMZtfKdMXyPJVF5CKnZxzC4HMAXN2obLR,Bronze,1,HELIUS_METADATA_BASELINE
Nn5hBvFk4XkQUXGRsP3fqFJzUkTNsofyGKZg2bJjTym,Silver,2,HELIUS_METADATA_BASELINE
Nvj2DfbHpvuFZ6eUMRLgsMvp6bPD6BS3GoatcxXuik9,Bronze,1,HELIUS_METADATA_BASELINE
NzmkMbZiz27cRzrdZxZoeRDiwK2NhgJWv3TuQP9DgLu,Silver,2,HELIUS_METADATA_BASELINE
P4fp7Rwi27JLCBzD9NFAazwqTETsuaeGZnkajMB25oR,Silver,2,HELIUS_METADATA_BASELINE
P8ZGwW5LWg9fNREJ8ndXY97CpSS5VMCRbJMwVTed2zg,Bronze,1,HELIUS_METADATA_BASELINE
PJDgVBH2s38b8L4hJfpxh9jZKeo77qET4pKA48CnXmS,Bronze,1,HELIUS_METADATA_BASELINE
PSaEmrSbU6R4q8FCDvQLDPmBpVNxREi4z92P2hvi2aC,Arcane,4,HELIUS_METADATA_BASELINE
Pcptxcep95yaqMRktj63PdE6TMnbMwTGKo96b7ZDxQn,Silver,2,HELIUS_METADATA_BASELINE
PhDDiDXNUtHYGmnaaFWg26H7A9r2UxkZ5pXT3hydVAx,Bronze,1,HELIUS_METADATA_BASELINE
PhqdTEqRbTFvqYEeNFuT88abQaPDPueXHHEZnu81Tpi,Gold,3,HELIUS_METADATA_BASELINE
PsXKY4Jp6VQy74mdMvXdtwJZhrSMV4aiPRcQoZY58GZ,Bronze,1,HELIUS_METADATA_BASELINE
PvoihvDd9HA4aJ8C1Vdi5PNjBbMHpsRkr7LAQjDDM28,Bronze,1,HELIUS_METADATA_BASELINE
PwTLqAS1tHy1kNdR76amURU4FFC4KaxG5hEpoM9E6hP,Bronze,1,HELIUS_METADATA_BASELINE
Q7GAgsorZ8aJKy8Wok37NqCmVHnX5G64rHg3We6ehf5,Gold,3,HELIUS_METADATA_BASELINE
QFddvCr8djNbhujCdjSdEpb2S9y8i9uvQpnCJ7uUvHB,Elven,5,HELIUS_METADATA_BASELINE
QGbDdLJbGDqfJTHnbYLmKrigkHunHMy6VCcRZddDnDD,Bronze,1,HELIUS_METADATA_BASELINE
QT625fnYe44z7WHJCk8hBjsWEkik6yS6gxdCJn4ApVN,Gold,3,HELIUS_METADATA_BASELINE
QWPJroAXPq5xs9H555srrYvZve3tmASQX6iBeT3bc2A,Bronze,1,HELIUS_METADATA_BASELINE
QZGQqHGvpVscb7yHBBRx5kM1twfmiBcbL8B7Lc7VQcr,Bronze,1,HELIUS_METADATA_BASELINE
QaWhMfxtunwCuNRVthg5jWGMZt89ZHYiLGY44xZpkyM,Gold,3,HELIUS_METADATA_BASELINE
QhotPNNMovmp5KA1eTC3tvyhR1ArbidHoseUfyaSCpB,Bronze,1,HELIUS_METADATA_BASELINE
Qi97aqntXeXw3ZpUGuu5qf2A7snrarLwdUc76VvDP4q,Bronze,1,HELIUS_METADATA_BASELINE
QiKskTvPWxjVua1MBdoAeHKAasLP8enWeYXcWAjwutT,Arcane,4,HELIUS_METADATA_BASELINE
QnVHDHQG3AqCCdTuBqthA3yPnhA2C7xCPuyAxbtpVHt,Bronze,1,HELIUS_METADATA_BASELINE
QsGKALdvrkgWmNjYs9AYqKJFzPyT7iuAGdAyRfP6evF,Gold,3,HELIUS_METADATA_BASELINE
R61gXsfnUnqG8vJUkSCxAzMrscBBLTKGdz2QyMn4BqA,Bronze,1,HELIUS_METADATA_BASELINE
R9bENFa18p9iJ58bLHP6U1p21frHSq7znVrVhf2kXVX,Bronze,1,HELIUS_METADATA_BASELINE
RFtKrRwo1JT9CVGq2KmY4f4ra99BQui9eXSrjUaA7jg,Bronze,1,HELIUS_METADATA_BASELINE
RJkUVypvQ6VLYpaPExMUKBWND7NDQwi5iPkxSDxJWVk,Bronze,1,HELIUS_METADATA_BASELINE
RS1GdpNyB5UUBURDSEGXEPXLv9FQUaY1ZfCTpE5LvKQ,Gold,3,HELIUS_METADATA_BASELINE
RSV3mcVznATz5J2Ez6sHY7u4aAoTdZdFg9v1mspGtaL,Silver,2,HELIUS_METADATA_BASELINE
RWNq62ihXCVhBuYj1n3DtBhGyTF65A9B8LqCHqaspwu,Silver,2,HELIUS_METADATA_BASELINE
RdqXxKDiA1EdjF9wpvapuCNsVN4zTLSGGpAFsYVRFH1,Silver,2,HELIUS_METADATA_BASELINE
ReB9tRfYhNabrFgFJST2JBMNLyWUiCmT9fkcqzJuyyN,Silver,2,HELIUS_METADATA_BASELINE
RgPyQoab1Xiepk5MppiSHxGcS5NhH4vQ9MJtH3j7rpB,Silver,2,HELIUS_METADATA_BASELINE
Rk5Q52XcFbv8bgC98utRH8QNwF1DwJszQ92ePkhffo3,Bronze,1,HELIUS_METADATA_BASELINE
Rq1XwptZvvxCFeiAWJtCedqdCavJryXnhq4WEBUTvpi,Bronze,1,HELIUS_METADATA_BASELINE
Rr4dS18AbKqao2EC3VNWBfsJZq7KhidLwWCyZc5Seb1,Gold,3,HELIUS_METADATA_BASELINE
RtE8WoT52QD87gc2fZ5YXXGFgKR2EzkskRdCnu1hm5a,Bronze,1,HELIUS_METADATA_BASELINE
RxQ9p7o9Jo1onZAaFBZymKacqecfQ7kdRK25iQjdkcC,Bronze,1,HELIUS_METADATA_BASELINE
S6Se5x2GNniuvNrRGrRcZUWeQEfNntEaTjQYty8uVmF,Bronze,1,HELIUS_METADATA_BASELINE
SAo2Ey5TSqi6YWgCmy2pHPJGSeMwJRLBzu9WvnR45PU,Arcane,4,HELIUS_METADATA_BASELINE
SJKEznYgJnfkATXmGhM1Xfq6DofZQvoQEQ3195jbZa2,Bronze,1,HELIUS_METADATA_BASELINE
SJfnhCAygg2LLSy5YQrH5YzsNCakPKmF8sF5WHq6quu,Gold,3,HELIUS_METADATA_BASELINE
ST1DtbTp9srNXes8QSU6vpA4djhpzteh4F6gc2yNGrA,Gold,3,HELIUS_METADATA_BASELINE
SYkoN1BHYk32Yjbr9AMzvSbQt7TP3ZomcNuSLxhX9Fn,Gold,3,HELIUS_METADATA_BASELINE
SdeApp22J9tf5swKNh33j6iXkVKyPWV8Gm58rMnaJbm,Silver,2,HELIUS_METADATA_BASELINE
Sed25ycFPj8QzfKhXHJvmh5CAszqTPKzFALyS2omUcf,Bronze,1,HELIUS_METADATA_BASELINE
Sg2b9TKu2c24nEYyozc3dHMmSJePCUxHgiDjNgTPwkD,Bronze,1,HELIUS_METADATA_BASELINE
T1GwpdrUup6gktebBhF82fW3ZAKiHrhuciaKorQuhdw,Bronze,1,HELIUS_METADATA_BASELINE
T9rtRyXVsu3g6Vyo1dxcdq9X8WovnZiG4TXw43fEuht,Gold,3,HELIUS_METADATA_BASELINE
TR8KQGjiH8P3s7szFjFMu5knzMevctoF6qLnyXNvKVE,Gold,3,HELIUS_METADATA_BASELINE
TTg6juQrXob7oCpPTZDXKtGDDQrvaocd22S5qnXpTLx,Gold,3,HELIUS_METADATA_BASELINE
TUzzh8soqTpGSGiWGpAnybf7hvUMYWTNTSTMN9c8KAC,Bronze,1,HELIUS_METADATA_BASELINE
TcFd43MHW9cYcbTFjqN8xVsgCz253ZDpYXp56eqGv8o,Bronze,1,HELIUS_METADATA_BASELINE
Tqk5CTikvKYjYXk2rD6ZMh9LB2jca2UmP9q5mt3UQRf,Silver,2,HELIUS_METADATA_BASELINE
TvMkgXKDDBD2KxnoXx5pDZ8rWK21vyyPG3M64k2EEZr,Bronze,1,HELIUS_METADATA_BASELINE
TymtNtsZAU85VHirf39LVnQi6FVv354ue62XcyqwKaS,Gold,3,HELIUS_METADATA_BASELINE
U36trYM3xz1hDvBuCRcQu8JuH2W5Rb2hgCSbiLs5AAk,Bronze,1,HELIUS_METADATA_BASELINE
U3a8a7La3Q3R2pRW8ovdUyriTRqXwUmMTZM3BA1T7PN,Bronze,1,HELIUS_METADATA_BASELINE
UHmt1y7sCTYXcemtAk29B3ZWAfNVvbpEj9UU5oS5YjQ,Gold,3,HELIUS_METADATA_BASELINE
ULLM5a4got4cj8JRDQyx8hgTSzyHZJ55TdcyQGV4MEs,Bronze,1,HELIUS_METADATA_BASELINE
UXyFk9vkJYbBTEx7rgqrXmsDEv3at5g9X9FbGmg9Gh4,Silver,2,HELIUS_METADATA_BASELINE
UadjChcPFJt4TZ7PhVTs7VPaw36hmXVCQKdFWSe7QPh,Bronze,1,HELIUS_METADATA_BASELINE
Uc6SCV7G6rfAeR39AmteqXnhdAdj2dnQrdpTuzMuQhX,Silver,2,HELIUS_METADATA_BASELINE
UdfpgfUuAkjLhvbKqXACgPs3M3s9Rz3VhCTHJ57gyMG,Bronze,1,HELIUS_METADATA_BASELINE
UxLtCJLFq6NBYxGmAXHpy5BT7uJ5kp421RQcnNYBPdi,Elven,5,HELIUS_METADATA_BASELINE
Uzs7zc1jLWTZKhyKWUbJTaSPxUVfWsk3XruTcchjQVw,Silver,2,HELIUS_METADATA_BASELINE
VLYrUPtWEVAyjweJUMbeLNPSqitANdGSGaHJ3jLUvun,Gold,3,HELIUS_METADATA_BASELINE
VXL6CBy3eDZnDvojRkPugg56hsnzAvst9gukcpXrfQh,Gold,3,HELIUS_METADATA_BASELINE
VpQ9U3RprPzqHN55ipMhQMNpjH65cXPFQwSDaK1kDKe,Bronze,1,HELIUS_METADATA_BASELINE
VuYTf72hbL5NnGVBu6ZWzQtHbQbSC6S5sMGhRvgVvH5,Bronze,1,HELIUS_METADATA_BASELINE
VxLmVHQiGXSZEAGHKWnpGg3S4tb4uZEPtPYHCPF4oaj,Silver,2,HELIUS_METADATA_BASELINE
W6KsBFnFGLFY9vD5r1UC1cAhpsC9z7W4PAqTjcLAAKd,Bronze,1,HELIUS_METADATA_BASELINE
WCZsJzbSmvPvRKxA7dvxWmLNDY9CyerMb2NTB2q215G,Silver,2,HELIUS_METADATA_BASELINE
WGyZbu1tbvU9mgc9nneLNs51dqg9u66cxAaPdsEGcxc,Silver,2,HELIUS_METADATA_BASELINE
WKoKjozC87NGvEt4xPi9E3yZZCi3qHoMoYMYvcnxRRr,Bronze,1,HELIUS_METADATA_BASELINE
WbVCdZ8Zn3ucytoQPDP6p3qr7SnkDq1euzJW2GycnX3,Bronze,1,HELIUS_METADATA_BASELINE
WfTsAwdqP1AQVN7YKQ2QoAK9nqGh94ZbzbWmuWaqLsV,Bronze,1,HELIUS_METADATA_BASELINE
WqpxxwmMgDmohVmrxHm1w19XyZeNFrfgj3G1ng7g6ds,Silver,2,HELIUS_METADATA_BASELINE
WypFnmmVJeJqpmpkDJBzxf16NgBRqbfXqkPsrMwtWYM,Silver,2,HELIUS_METADATA_BASELINE
XCpB9dJgCT5uZnn5q5rfnn3DRPSqQnBn65Ys1ApiJm8,Bronze,1,HELIUS_METADATA_BASELINE
XEacCPbYXb2LwqoRnjNNfcuHu5wmMzcghVe3BwYGmPG,Bronze,1,HELIUS_METADATA_BASELINE
XRh9f1vNXkwuBn1gj9kfvC7iH1mvV9QwpGFomcYgeCC,Silver,2,HELIUS_METADATA_BASELINE
XVfukKeMDh7sPmw8ssGs4LpXhS3bJ57dMpHd4tUxevk,Bronze,1,HELIUS_METADATA_BASELINE
XZTj4Z9YpTh3zEB5zNEDNDau4QHtZvWGokBQyoY4zjH,Bronze,1,HELIUS_METADATA_BASELINE
XdiqtrFdWNnvDrjD8YdhD4HGcNKiHpy8Z7idkozxiab,Arcane,4,HELIUS_METADATA_BASELINE
XkbmQ7PzSPU7dXMvJpURutJMQ8Uss5gNBb9rWEECcBM,Gold,3,HELIUS_METADATA_BASELINE
XzkMFPpRvYT363hxiXFFLE9eQqE4xA3CDDboSdy94Nd,Gold,3,HELIUS_METADATA_BASELINE
Y29yB5KxbsmHibKSiQKTskhR6hSD4W9LNBe4v6jiUGF,Bronze,1,HELIUS_METADATA_BASELINE
YCk97pdhS44Phm89jocb3bW4Boqn1bxkHnnupsWBGQa,Bronze,1,HELIUS_METADATA_BASELINE
YPEsxY8TyucQ3PGWm76HNN9L6kdkr8geiXgt6JVWofK,Silver,2,HELIUS_METADATA_BASELINE
YTje7HgV5BJ9QL3zJxYtLvfk41npXmRTMm5sp4LjxGb,Silver,2,HELIUS_METADATA_BASELINE
YUhn68xNNEPNzTCJDTXR8PE22WvgTjgp8zWruYE2z91,Silver,2,HELIUS_METADATA_BASELINE
YWg61iK98YdxCPdzuaCTar9vKye5BCwaWGyttJgE8AC,Bronze,1,HELIUS_METADATA_BASELINE
YYZvBZopRso2SWKM4JbgKEMakovXcs3A2KajVyoFkiX,Arcane,4,HELIUS_METADATA_BASELINE
YjyVqchLFKAVEUsE4bfA1t5Xrvda5HJ81CnGZHVgj5S,Bronze,1,HELIUS_METADATA_BASELINE
YokEZanG7NcYtFqHdWQWCuGBziMSPthDg6iCU5XBTXk,Gold,3,HELIUS_METADATA_BASELINE
Z81yu41hhPmbASq8EUiADbT11816FDjeUUE4Lv8E8QX,Arcane,4,HELIUS_METADATA_BASELINE
Z8QgRYkYbykBen8gHFqXjXNWBQiLRasUxV36jfTWdpn,Gold,3,HELIUS_METADATA_BASELINE
Z9zFtSXcBnzAD5ujZgyuTxjCxwzAcNZP5tQF6Dvtn7W,Bronze,1,HELIUS_METADATA_BASELINE
ZFm3V7enGSejDMv64XrkBbwHQyDQz3Vo674ZeRBG7DP,Silver,2,HELIUS_METADATA_BASELINE
ZQr8Ta3SPvzY7c5y1px7qHsMSKpLMNfV8sKewUFFwoT,Arcane,4,HELIUS_METADATA_BASELINE
ZYQpYF9SxXtP7f41NHHGdCYgUuHDfgRuYa7ZdDU5Gqx,Bronze,1,HELIUS_METADATA_BASELINE
ZbDxNFUSLEPy8irucASzTN3z4wCUDUcU8EHKrACsmDr,Bronze,1,HELIUS_METADATA_BASELINE
ZfSvNr41WzyFXkgfqgEKQi8QoRfkWtQ7ptKP54dzUnt,Bronze,1,HELIUS_METADATA_BASELINE
ZfVZ7obDLJGzBGxUdgGQwJLAosoZ1xkewHhiNU6JknT,Silver,2,HELIUS_METADATA_BASELINE
ZjhP9hdAanWUobSQ3eoAFUPNYY7EnT2XTJQrXDYedVD,Silver,2,HELIUS_METADATA_BASELINE
ZmUprLUSwYr19jWZiBgDRtqV3SoxivUvKTq8RSutMzU,Bronze,1,HELIUS_METADATA_BASELINE
ZnTeCVrLkmhXEPXuAM176hes1B3CdbXpsSuTyQ8cw68,Bronze,1,HELIUS_METADATA_BASELINE
ZsGMvwLxvcwZ6gbQoT2K4qcyG6GcbuXRoXFHwhUZSXm,Bronze,1,HELIUS_METADATA_BASELINE
ZwRy9DdWcKgvpUu9tF2MgFrceXTDurFcK4djtZuwbUT,Silver,2,HELIUS_METADATA_BASELINE
a1PryKaHz8EsD836VNLLwEr9BopxyaphVeZHnaPpbTi,Silver,2,HELIUS_METADATA_BASELINE
a7ami3cwpXaKUzKhv6XaoqSkFBLHbsGqTWov4xbMG52,Bronze,1,HELIUS_METADATA_BASELINE
aHm1Yuc2vp8NbrvxkT13AbkXhhnSRxjbJpcoUL3vbkU,Gold,3,HELIUS_METADATA_BASELINE
aLjdqcgxnuw5PaXZgK2SvE1SS5QpFMfQt7SfLNEQV5X,Silver,2,HELIUS_METADATA_BASELINE
aYoW3tG9CyZbCNmxqpy3GMvUGttLybMH74ejdvAK2ai,Arcane,4,HELIUS_METADATA_BASELINE
afg5ihXr1bZgdwyBWPEefvYM4tTxX5XU1dQ3khY4UCB,Bronze,1,HELIUS_METADATA_BASELINE
anSRwG452XXWqP1uzmebDfoYmfGsDWQUWXkwGChhSDV,Bronze,1,HELIUS_METADATA_BASELINE
azjgHZ4Etzc3aGCirbrMSVx1epRJoV6VeDw3HtmZou1,Gold,3,HELIUS_METADATA_BASELINE
b8bed4kLAqrGXVA2T88q66PAM97WMpKrYjFAQMnyXQ4,Arcane,4,HELIUS_METADATA_BASELINE
bAsQqnTjNckBiwTwchSFLBuriPoyZCTxF5t9AgSf5fS,Arcane,4,HELIUS_METADATA_BASELINE
bMdgt95Lf6XS5c3c9g8t5q2Kvh4VKamjEZ3mLWMyba7,Bronze,1,HELIUS_METADATA_BASELINE
bW7YBKjg1vAUsbUtyqqQg89Bcr7m2g6cK5DLGQqxxqi,Gold,3,HELIUS_METADATA_BASELINE
baY92EGz9KpY4uvve65VkMibFeGQL1SoWLqYb52qHef,Gold,3,HELIUS_METADATA_BASELINE
bcT1SQ3hsCdP2ccLepMQjf4AwuApCjkCtUT3wJP4wHf,Bronze,1,HELIUS_METADATA_BASELINE
bg8gf6H6fxKFyc7gKsiViN51GjuJz3HR6TN8knFyBU9,Bronze,1,HELIUS_METADATA_BASELINE
bhsW5WcxNEy9kytrYPsEjTCDEopLTwvA5AXS1a9e3rV,Bronze,1,HELIUS_METADATA_BASELINE
bogaZAmhQvTg31v6tqwKfLm8V2yca3Y1WrMsRR6Abmu,Gold,3,HELIUS_METADATA_BASELINE
bqjy2YijAsb12WoGDgFrQW2eeNDc2eWNYGWH5K1nC99,Silver,2,HELIUS_METADATA_BASELINE
bvcMdbwWcdKMXsxfcDXL7NG3hRJezgqWUGdmBGnaptc,Bronze,1,HELIUS_METADATA_BASELINE
bySNEqXjux4dGnzdjEqz4CZNXYTzbq8BYQEKzvozDuv,Gold,3,HELIUS_METADATA_BASELINE
cDPvnz8zD45nAYGUvXGsgCXZrbLpTfVA4YWM5jHDZ1N,Silver,2,HELIUS_METADATA_BASELINE
cG5TkE3Zsq5Pt5gqtGbpRernNmZ9Bs8wa7qZXb5wUZg,Bronze,1,HELIUS_METADATA_BASELINE
cJyAdtxEoanB3JevW7hB9v1uEcFctZREAMRFEmoKmHb,Arcane,4,HELIUS_METADATA_BASELINE
cLHDuQoGUa3Uzttw1qT7wngi1Ww8edJoCpr1D1TJJPh,Bronze,1,HELIUS_METADATA_BASELINE
cVKZGkejLa4FxraVK3j5Fa9KbmKjmABHgypeJwo8vTN,Bronze,1,HELIUS_METADATA_BASELINE
cVbzCdsJEjtYFM4sApYgLtMQ62xr9D7VhL5XpyyHX2Y,Bronze,1,HELIUS_METADATA_BASELINE
cWwrZWSMXNdkH9cwAkYtagXQibMuhXG77XJRUNKWzrq,Silver,2,HELIUS_METADATA_BASELINE
cYZPaJYJNxSo122XQtS66y6bXgEVbGm8rXuFCDXWAix,Arcane,4,HELIUS_METADATA_BASELINE
cZnK1T5HW26GmXibU4DeKtQJtnJcFDsCf1cgD2SE94G,Bronze,1,HELIUS_METADATA_BASELINE
cbBk8FJcfk6NnZx5txQDMDJ1y2C4ohFN6tSfDyWgwuc,Arcane,4,HELIUS_METADATA_BASELINE
cj7RZKfNeiDoFrWYWd2S6L4JyFkJzLz8j2zS5qJG67b,Silver,2,HELIUS_METADATA_BASELINE
d49KabkTGQj81PknsN2tncXQKSpc1cWV3qdMyuLHWMi,Bronze,1,HELIUS_METADATA_BASELINE
dMuagaHrQ3Km3LQwRXNde9hjf67pmTanMtgJ2tPJpYv,Bronze,1,HELIUS_METADATA_BASELINE
dWn4Z8FYJnfd3jBJaoT8xBneV5MSvwywEmZVe4SB4iy,Bronze,1,HELIUS_METADATA_BASELINE
dWutCJYG3yuPpedj6CnVosMrLcMhdqfLoct94xGgsSB,Bronze,1,HELIUS_METADATA_BASELINE
dY2DLz6c1pL2GajUjsekgvLNKiNHZQ4pHM8yHWKmpV7,Bronze,1,HELIUS_METADATA_BASELINE
dYFEw5zo3TyEgS1QHiBvhLErNCiMyQvXsbs3U5WgXZV,Bronze,1,HELIUS_METADATA_BASELINE
dhQz8cwBRwkGC2LHXb15tnDJSKVL65FGhhEjzrjPMqb,Bronze,1,HELIUS_METADATA_BASELINE
di2fUNywxkSxp31m19vjJamihLKK7ghBH73Z8XRp9Zn,Gold,3,HELIUS_METADATA_BASELINE
dkngfnTuiwy2FixvjWX17tpsbeEnLdocdVkn7cuYCne,Silver,2,HELIUS_METADATA_BASELINE
dpaGGQBuSi3zp2HE2YAFqFQovvqbMxeSweh7Q3wgN3e,Bronze,1,HELIUS_METADATA_BASELINE
duW2w5WLZEbr5ZGkPfwtd6hLBpvkojguXNVq1hDACsh,Silver,2,HELIUS_METADATA_BASELINE
dug1LZEYL3yMTXYaKxxen7wmusXktXQMFqG62bPE754,Gold,3,HELIUS_METADATA_BASELINE
e31rc1dEn7Prucoz8QaRzX941oMR97mutningpkyXXW,Bronze,1,HELIUS_METADATA_BASELINE
e8qBJ6Be5yPCxBJP7EKFnJ6oFNFkgHjEd1afxo99DRe,Silver,2,HELIUS_METADATA_BASELINE
e9m1o49jTGH4iTMMuSbjttNY7zUbaw4Fn1Jtt4gHqDU,Silver,2,HELIUS_METADATA_BASELINE
eEXRizUwsoV9w4GqwgmgBRDCLtU3uHBjb2KwkfxzmAS,Silver,2,HELIUS_METADATA_BASELINE
eFZzgZyVLNKY544Ng28WtD3uRytrDTBzmdjwQ6E3PqL,Silver,2,HELIUS_METADATA_BASELINE
eGP3b6psB1tNWqWyEaXqSPKNqHxxEVwubqwojwqhzTV,Bronze,1,HELIUS_METADATA_BASELINE
eJYtRP1x7pUgkZH3yENgoqF5Y2MM83gkixVSP6b9fVc,Silver,2,HELIUS_METADATA_BASELINE
eQWgUfbSQ5Yjvab6QDwMkyX3URVKkTmn7sqkdP6NeyG,Silver,2,HELIUS_METADATA_BASELINE
es9xBMEJqPoUb7jsMq8ik4nhBAtSbcVhnSz3uLai9jD,Bronze,1,HELIUS_METADATA_BASELINE
ezGNRRhsisRupNeUUNg4p6B2C6XYwzJ16X9WSBYnb4y,Gold,3,HELIUS_METADATA_BASELINE
f3AEE5WG2pUKEkD6Z1kXF1QH79giiohg3mcybjdezoY,Gold,3,HELIUS_METADATA_BASELINE
fLNMqK4djxkYG682G7prF7WLdxmKfqHU8EXopJdDkJ1,Bronze,1,HELIUS_METADATA_BASELINE
fPjYQTVJWwDdG8veEY29H2GnCpboxcGfdHYWZxqyTX4,Bronze,1,HELIUS_METADATA_BASELINE
fWhfFU1MmyiNKAJPWhZ2NnL1mDwFxmLw5DF692i86LH,Gold,3,HELIUS_METADATA_BASELINE
fXZc1UcZ3r6kChQD5uyiKeVksTpiJe1daH857wxc9kQ,Bronze,1,HELIUS_METADATA_BASELINE
fYBRn6UuMmHq343BfA3HgVn6TcNHjUbUmLP5hp6Pcmv,Gold,3,HELIUS_METADATA_BASELINE
fbGiMGsZxn4oKa3Kxma36ifovXMmSuhuFMsjb6cGUEH,Silver,2,HELIUS_METADATA_BASELINE
fwwYdsdmFNEdHfZLN3qtqaYJG7b1LooK7Mq18TpgZki,Bronze,1,HELIUS_METADATA_BASELINE
g5bD8RAuq33ukeT5S9FU6jm3SMA6bZSQtocJrBCr3r6,Bronze,1,HELIUS_METADATA_BASELINE
g8FGU6N7LQWXabBaJrgdGoD2EKoVhcqaBeBJWeqTr3z,Bronze,1,HELIUS_METADATA_BASELINE
gA1vT5GqNtH6wuq4ZzLRYeSJYz11jQKqXrS1k8rTCRY,Silver,2,HELIUS_METADATA_BASELINE
gJeFcr5Qhw81YXDM8WFLUoL1RzBKzyiSehnySdn6NL7,Silver,2,HELIUS_METADATA_BASELINE
gKrdH7B5skJJpf2tYAJ15VUgW4fhqpE2Vb98cZQ9DTW,Bronze,1,HELIUS_METADATA_BASELINE
gQKeUa8A2QVEeftpZyQm7xXTkuo5KrNnLNML4NmkZtr,Bronze,1,HELIUS_METADATA_BASELINE
ggWsJZLv6CCZW2sJVWg4kFJwzjmFynrdmeNfczxcMgL,Bronze,1,HELIUS_METADATA_BASELINE
gorqtkrS9eWYsVXCJBsJr3q6rSAwCaXPScryGWeF1WT,Gold,3,HELIUS_METADATA_BASELINE
goye1TqAGTCgYRUK8Jc2tFe325a8WNJ3i62zpq8to5v,Bronze,1,HELIUS_METADATA_BASELINE
guHdZjj2TQtkEY2mJnmjPDX12v83yiaZkmiix3fFQdY,Arcane,4,HELIUS_METADATA_BASELINE
h3GypLD54scRT24S5SRAgXWrg5GkBhmJZinS1MxJDhc,Bronze,1,HELIUS_METADATA_BASELINE
h8c5F64LisHRdS2AcXWpaStLZMSSoE4R24ZwboFJYHB,Arcane,4,HELIUS_METADATA_BASELINE
hGXQbVwV9eo8sgT7uG8fVNf8S87imAr1tttgsgYPJuW,Silver,2,HELIUS_METADATA_BASELINE
hGtavwRGkCrnbZcfxYQUt8fqN7j69mVRa9CyJHswXUM,Bronze,1,HELIUS_METADATA_BASELINE
hS6zNWAVC9akySPdkMWdwiHRdZhu8fqjJNuke1c3mBi,Bronze,1,HELIUS_METADATA_BASELINE
hTjaA8VgqwALnLd8CqMqNizYWSVkaaxH2mSp1ae4APM,Bronze,1,HELIUS_METADATA_BASELINE
hdxN2rvzPWrTgFk6k6YVHTxKW89s6S7U7zUZiLM26mc,Gold,3,HELIUS_METADATA_BASELINE
hkDqrLsKojgDcJN8XZ968yTmqEu2yxoBnecKaSMiP59,Silver,2,HELIUS_METADATA_BASELINE
hnH1sc695cpguNiyGbTt1uBZwie7Tm51M4stnJBW4gT,Silver,2,HELIUS_METADATA_BASELINE
hrYBtc1aJykv9hQ9Av3ixHdVnBUy9MDcys33J4zxyEE,Bronze,1,HELIUS_METADATA_BASELINE
hwQLF9L3W5oXUYZJLviBR7Nzzuy5L2xz3gcrcgqesiH,Arcane,4,HELIUS_METADATA_BASELINE
hxLxnETJonRoQM1V1mSxqKGzsAMg8bFGRSnJJMgEegX,Gold,3,HELIUS_METADATA_BASELINE
hz98JaH66poAkHfCTkgTLQ8ZcRQGLQ4VVkPE4YExhBj,Silver,2,HELIUS_METADATA_BASELINE
i4YqTJVbz7ePWKjfHVsoQfZYD8867ct39HMiN5b3Dnq,Bronze,1,HELIUS_METADATA_BASELINE
i4aEXHsBF9kVmthQnjVJ9iFsWVtvR4iWRMKsUp5kMfN,Bronze,1,HELIUS_METADATA_BASELINE
iKMvtgi8Eqoak4s3176erwiGkQgT9ZQdSSAqbuipEgo,Gold,3,HELIUS_METADATA_BASELINE
iKyUWqnLcR78vxuxeoQkLERfzVgRbKYqJzDmswACsjW,Bronze,1,HELIUS_METADATA_BASELINE
iRDmEz7FizQ37nHVhwjp7q24foq9mssPQMX7j9dNwvU,Arcane,4,HELIUS_METADATA_BASELINE
iWazyps7Q4kYr6sA8fbbjBU6SLcubiBnvY2PErJuqgk,Bronze,1,HELIUS_METADATA_BASELINE
ia9kQ2zYa3oLpzTTDmYncMJqpjsMXojzLdhLBiGqqNB,Bronze,1,HELIUS_METADATA_BASELINE
ihpW4D5y164h8FwEZBxEGDBLL5W72VJ34yxZQ6jdaSK,Bronze,1,HELIUS_METADATA_BASELINE
jCCNJSEtpEEnXVuF4dVcELNgfN2oYW3EGnoxeQP8aY3,Bronze,1,HELIUS_METADATA_BASELINE
jKUZNTgxA47q9cX1xKZihjJGK3busSmJZtruvnuQ9Mi,Gold,3,HELIUS_METADATA_BASELINE
jLfnqudVtCGFFLnf7x685RRzsYMaeMfN9cMjck6UEia,Gold,3,HELIUS_METADATA_BASELINE
jRp4q1Tsk6tUdCB1HpdLDW3XfgeTAi4n4VBWL6dYDpE,Arcane,4,HELIUS_METADATA_BASELINE
jWonePTNgviVFc7gSyHAMbkdEgset1HmMGkxdvAWMa3,Gold,3,HELIUS_METADATA_BASELINE
jWtg7WVXAXKxqjoYgPEghWZ9vzRiYMxvxaBjBbJt8tf,Bronze,1,HELIUS_METADATA_BASELINE
jbtyfKvYz5B5U4u1PqMZyjGj7mwWudncbfwxHsXM83i,Gold,3,HELIUS_METADATA_BASELINE
jbvMdN6zEujMFLXByGULJyqxEsZdiZhznfY1A6ezt4p,Bronze,1,HELIUS_METADATA_BASELINE
jnzdmxAx3bDPWVs8QnQRvSq3GpZqr1NxWhhbns3UzQS,Bronze,1,HELIUS_METADATA_BASELINE
jsJVwhqGeFqq5fYvFU2yLKKTfhhVYMW1nrnT4SXJ9Zn,Gold,3,HELIUS_METADATA_BASELINE
k3doWpgjCv9QKyjsXrbFKPYg8r6RBp98Pu5KigoqdPJ,Bronze,1,HELIUS_METADATA_BASELINE
kDZYERPFTWwK2Uc7JapDDACMVkXKFmGH271bgZmgH6g,Gold,3,HELIUS_METADATA_BASELINE
kDvfkxgG3dhGTfTEY8rTy1B4BLYEewPgDkdV3WZJXp4,Gold,3,HELIUS_METADATA_BASELINE
kV6cforZiv7LqaaA8eGeVKRePEcSzntwUUowQ5j5EQe,Silver,2,HELIUS_METADATA_BASELINE
kYERTeqJ3yetwoQwLLsVDhTtNHzRnwuvSZ39NK8JrER,Arcane,4,HELIUS_METADATA_BASELINE
kj3cGwcKoknHLZdMzGDNYyDhb8EnVtdZCGPqdLaWHDX,Bronze,1,HELIUS_METADATA_BASELINE
m8rwSQyqvCTFG91cSN3sD7GWiG544nuRMCtLcfMdehC,Bronze,1,HELIUS_METADATA_BASELINE
mM1y3ryGHx58e1rmLMioi121CJYPLPEJvUb3dFw78sb,Gold,3,HELIUS_METADATA_BASELINE
mSWmREupYqBgJ6vbh5gUyTsVqVvWcXdqjYHMMdJ78Bs,Gold,3,HELIUS_METADATA_BASELINE
mUNP2S3CtvNpXXhenVCfEQR8KudqQ9tCpM589tk6g8V,Silver,2,HELIUS_METADATA_BASELINE
mdaeWt15WW3p8GWf3csganFVbiwoJCdWuBFcxyY3v9w,Gold,3,HELIUS_METADATA_BASELINE
mpHt7iQFuxDBTi6LMsJvzV3ErGumgVmfFwKaYxbsNFL,Bronze,1,HELIUS_METADATA_BASELINE
msF64W9TPkvFEZ6YXdf93VSusAS7xTxCR3v7iEDY6kU,Silver,2,HELIUS_METADATA_BASELINE
mzaLrcSMiS96qmJKnTAtD1FCKGsNGKhM2SWYKegFHB2,Elven,5,HELIUS_METADATA_BASELINE
n2XQnt2U6pYq3ZRujSLehqoJFv57rstgqBiAN4T3ynF,Bronze,1,HELIUS_METADATA_BASELINE
nDJVMtRkGdYmLtio39LviwYRjyqstuRbXy48bnTJpzH,Gold,3,HELIUS_METADATA_BASELINE
nRocCyCvp3yWSGhMTzYoVEqBGR1FNHSTFaTeShQ1vZr,Bronze,1,HELIUS_METADATA_BASELINE
nUmJcB9U46g5uSt9r5Nn3qY6rSkgA222T2XBX8pVMgS,Bronze,1,HELIUS_METADATA_BASELINE
nXGqUX6dETeJbht2XEraRSXycbQTQnYArdvfUsym46e,Silver,2,HELIUS_METADATA_BASELINE
nYPJ6RqjWbTfrhGnxuD4eB27KZBaekkGXhpRMY8DzDy,Bronze,1,HELIUS_METADATA_BASELINE
nbXrxqSLLuWhTE9G8nRn6tqBQVA7tqMjyQuhvzhGXwZ,Silver,2,HELIUS_METADATA_BASELINE
ndHD2Qx2jXPY9HGtHQW3Q5cASG1gmR68q1j1BhGM85d,Silver,2,HELIUS_METADATA_BASELINE
nfhFMUwngA7u8jSpJDHSaBq3VdR8ehU4G64kSQP27rh,Silver,2,HELIUS_METADATA_BASELINE
ngGRJtrumL29ShbGta5qgcJ95wySWgj6wGXJpaiZr9k,Bronze,1,HELIUS_METADATA_BASELINE
npfmCemxUYLTSQwqLCRXFvTzQMMjHNZgyKyYxZ7XJZ9,Bronze,1,HELIUS_METADATA_BASELINE
nrrxtcXscWvpXnbL5S97o33ReEQjZxjyVYesSPCYwtQ,Silver,2,HELIUS_METADATA_BASELINE
nscmkWNKocaeK6ef1nDDYPuc5TeSaSnsFq9nonFSTTc,Bronze,1,HELIUS_METADATA_BASELINE
o3TERxeNQGoPJ7eWgf85iw6mqz19QNNk2BunW2szLr9,Arcane,4,HELIUS_METADATA_BASELINE
oG4ABkQBwC9XPzCSnuT2zuHKMChZTLU8SBM7RjPi92J,Bronze,1,HELIUS_METADATA_BASELINE
oNoSnBSQe42x8aY5V8uRGY9gVwj2XQJiDqXWFAyjF7x,Gold,3,HELIUS_METADATA_BASELINE
oRF25D6BpkuwFtSggadgtRAySG58WsfMAUH9D5KwmHj,Gold,3,HELIUS_METADATA_BASELINE
oRvSDkxJhBFbdrfsvQaNW2EThnX8bdqSij8Sg3VjqTX,Bronze,1,HELIUS_METADATA_BASELINE
oTEtMzub7BEqoNgVYAomCcFk5ZC4Kkb9qEAdEGroxdh,Silver,2,HELIUS_METADATA_BASELINE
ogWoT1qR75KFcPqQ5VnqaRk486LMassex1yrjeSsjKn,Gold,3,HELIUS_METADATA_BASELINE
os5XmHmZEBXEcVzcGoX8wYzaxJLeBT5QBK3UyyKRypL,Bronze,1,HELIUS_METADATA_BASELINE
ovtfVvckPqjY935PALz4vD89te1XJ71sBnctivEpWGW,Silver,2,HELIUS_METADATA_BASELINE
oyWA2wAkTY16pN5jg4YhhNkq3qALj49WkdgoRct4w7F,Silver,2,HELIUS_METADATA_BASELINE
pALTV1y2XEfbPE1wBJZ6wdV5YU3P8DurXxNkL2nmtd7,Elven,5,HELIUS_METADATA_BASELINE
pDcGusZMC2FUHrQ53v7AZHi7y7dSRNcqwDGUpBZ7uPh,Arcane,4,HELIUS_METADATA_BASELINE
pKfNUhnYhFLhk9jjWcubCGwDBcxNioFLEcRWkDQgKyV,Bronze,1,HELIUS_METADATA_BASELINE
pfGXg8U5KNyTErm1KNgscgnNkkqUoWqEpHqgUpRVwNX,Bronze,1,HELIUS_METADATA_BASELINE
pjLhWejicnRoX1zPjp3hJf2Fg1CxbGdUya17YrvPGWT,Bronze,1,HELIUS_METADATA_BASELINE
qJNGcESYGXa9A98DoSjUxs7d1i9RFFU9Lai3Qzrx5mD,Bronze,1,HELIUS_METADATA_BASELINE
qJZDMqagtxXBdNq24nFCZnVszPZQT9WYEruCthisgYk,Silver,2,HELIUS_METADATA_BASELINE
qM2qqhwYa8nQfvssAB2QTxXt4YhrV7uVLZ8kgK62YqV,Bronze,1,HELIUS_METADATA_BASELINE
qPpB6tJTWh9KMmdiYXMcfWDbNFNop3wRZxmamwxGpxK,Silver,2,HELIUS_METADATA_BASELINE
qXyw7kyJw9NZNgnCwPydrtnXxxHkf3tF8vx9DvfnqMW,Bronze,1,HELIUS_METADATA_BASELINE
qtFGfaKph6xH9iPtFZ4p9SEZRVVHcBsTZgfe9NK3f6H,Silver,2,HELIUS_METADATA_BASELINE
qtfxf8tszXLzq8DUsmJZJ37bG9XGRP3CEb4Ms8dCuNS,Silver,2,HELIUS_METADATA_BASELINE
qwRhswPCJn6fjGrVuemZxverhXEFeN61CzbDTSCEzjT,Arcane,4,HELIUS_METADATA_BASELINE
qwm4eCqSd1Lqpp46jaJSJmSLv7VkwtcujK3bGJxMugb,Bronze,1,HELIUS_METADATA_BASELINE
r2eYwagz2jrRRrD4zKbA6D7XAXTUEn4igHvt1SEcKEK,Arcane,4,HELIUS_METADATA_BASELINE
r4AfRnaNb2QV4VckKtYcfhmaDQEDXu26pEfqb6r8bat,Gold,3,HELIUS_METADATA_BASELINE
r9X99rXgDs57X3eU1WVR8tzcWoFPUUc6N6J6Qq3tPfG,Gold,3,HELIUS_METADATA_BASELINE
rEYsWGfGWfzVtbEEXXVKgmZ9qrhewthSE5Xr5LBD1Ji,Arcane,4,HELIUS_METADATA_BASELINE
rJizAYHrqr9Wn5QZiYmU93v8VHJWFpwSPXYephLjgTN,Gold,3,HELIUS_METADATA_BASELINE
rT1xu3vjpMXvtER7uq9gRq1W17xfs1qwYs8M5zponCv,Gold,3,HELIUS_METADATA_BASELINE
rZuMu58tmwAPUV9ELV25xc54wExEYYXkhPadNiiNAuj,Bronze,1,HELIUS_METADATA_BASELINE
rbj4NWmPA5x7QxHxip8wztVhgUabd9f5mZW9fhhT2GV,Arcane,4,HELIUS_METADATA_BASELINE
rdVDbhtqGa7AyXW778F9NgiaBGypZ4ocHKTRKvWqyQX,Silver,2,HELIUS_METADATA_BASELINE
rfMtvN3MWZpdahSFwabZDKzKpNu2RSKuHgcgVoRpDh8,Bronze,1,HELIUS_METADATA_BASELINE
rjLc2wKrR18YyHc3o1J4sfjb1qA3DoWkvVRJDnXh5H9,Bronze,1,HELIUS_METADATA_BASELINE
rp4EbuXQMhCXiSXnMNPdorid6ec2BeR1yvvFoNAxwuT,Silver,2,HELIUS_METADATA_BASELINE
rwQDZLBG5cpP888v5D8BKX3UohNbgWQnfPAFLoxV9pX,Bronze,1,HELIUS_METADATA_BASELINE
s15spcsE84hFgB9rttmTP3GG4tatSt4MURzBxVe76F8,Bronze,1,HELIUS_METADATA_BASELINE
sAm45tVC7oys4zewrYK71WDaLBb1xnoMMCXB39gh7Vx,Bronze,1,HELIUS_METADATA_BASELINE
sFPfLwPKyFthwH8teU78jLPndhmYBzePHg5CWa7Xr9J,Elven,5,HELIUS_METADATA_BASELINE
sKFe6qk6wfExRu7z92KggU9YAuPQSs4tyjN9eyyEhNZ,Silver,2,HELIUS_METADATA_BASELINE
sKT7D15a16qEj2M7xCFf68H9Z3URwCTtFoCPtieXDbJ,Gold,3,HELIUS_METADATA_BASELINE
sPteEPynES7rucn6Z1nMxiqjDB4H9zYntMzdQcMFo1o,Bronze,1,HELIUS_METADATA_BASELINE
sSgJuorJbciauafUCz3eqWm3pwi53UoKpkTH1fkkwGw,Silver,2,HELIUS_METADATA_BASELINE
sgsADKBPJ27Msv7xZHUQ43qqoULJPX8ErAM5oiqUFu2,Bronze,1,HELIUS_METADATA_BASELINE
snfd6iNeHh8CRCPJa9xqEAvSVk3kVSpLkyvdbwLcVg1,Silver,2,HELIUS_METADATA_BASELINE
sqd9WsWsT4UkLA9TPBKnsqtLw8qHyKoR6WA5twdTTcQ,Silver,2,HELIUS_METADATA_BASELINE
srLKUP8A5ENYTp4V6PgX6kHcYGYRDbBEMwhpwP1FXgy,Silver,2,HELIUS_METADATA_BASELINE
t7gDNJCkMDQH7FAw6hAZ3DiTkZMmGUrDCfuz468dS2V,Bronze,1,HELIUS_METADATA_BASELINE
t9yczjumUCggsBatabfqPQucqTAMdxN251BoxgcAT2J,Gold,3,HELIUS_METADATA_BASELINE
tBX266nYMm4nM4tXwUTGWYQVos7qtR8uvwQUW16LJyC,Gold,3,HELIUS_METADATA_BASELINE
tS7QAmqRk4Z24tBrQZLTUQCRjCykL21DGKQv2N5gaDj,Gold,3,HELIUS_METADATA_BASELINE
tSZepeydbsAJZ85rAUo3YWHS2N8ZcHwbv62V2yzMLPY,Bronze,1,HELIUS_METADATA_BASELINE
tVHsSxa2N8JknpFz2VKiTQqLcHeSmkD5TjsuZBoSC2M,Gold,3,HELIUS_METADATA_BASELINE
tf6WzXmzmPCog5XYrP4QznMbDZa5jAUeWSonvukGJQN,Silver,2,HELIUS_METADATA_BASELINE
u45vvMBhftANw2Z8De4jcz2uQPNbTCRe3tiuVe7yDQP,Gold,3,HELIUS_METADATA_BASELINE
u4TDYfnuax9CLgctyvSCsJtQo5QcizZLifvtL4ake1t,Silver,2,HELIUS_METADATA_BASELINE
u7TavRPcTR3X6taCXnXt8FqqLNEPTdbYbAuwMh3GTyg,Arcane,4,HELIUS_METADATA_BASELINE
uF3R4kJNxCj3NyqU5nWaoqDTfv7RturRdt4M6gWjcAd,Silver,2,HELIUS_METADATA_BASELINE
uHGmG8EKFWMqykARGyANew4FnZ9F1b4okAcBvVfbpsC,Bronze,1,HELIUS_METADATA_BASELINE
uHRaVvJjRpdAJLf8Gzm18QgMH7vvRnwas7eZgz5SdRH,Silver,2,HELIUS_METADATA_BASELINE
uQoAy8K4ME4pnvU2erBa1VNx2RYRfcgXq2kuMKsidbq,Gold,3,HELIUS_METADATA_BASELINE
uS6dMTueuVLePb2B6LkkaGxKP8EiYCjqGNKdBMmsLja,Bronze,1,HELIUS_METADATA_BASELINE
uZ1xUzKhrAy1UTjUGEEwU6JuPB52qDGuFJ1xC2yqfRv,Bronze,1,HELIUS_METADATA_BASELINE
ugx3ZwvJ1c6kV4w7Hi9eSMvd4uk4mjnKdcp3YXaSvjx,Arcane,4,HELIUS_METADATA_BASELINE
ui53DcKxJEtVjHBgWiyEZYSSzR6yyPK1V2ffSbALPis,Bronze,1,HELIUS_METADATA_BASELINE
un1f5Nj8DpG3byXpcwukDokprDnz6uanzdo3jQ8U18u,Bronze,1,HELIUS_METADATA_BASELINE
ut3XteXrjmMXP3iNWTwddSzYoouHQaxcmW5b6o29JgH,Gold,3,HELIUS_METADATA_BASELINE
vHwSYg9QvUu83QHhDbfnWNd13ZxnTJuptGfGeveANaR,Bronze,1,HELIUS_METADATA_BASELINE
vJEMbS2b1ann823g4tYQVPqPLDN3SfkhtCMaaeisHYe,Bronze,1,HELIUS_METADATA_BASELINE
vQXZbB61ga7GengQNsGeGzHdopaP3i1DNtY7CxenanD,Silver,2,HELIUS_METADATA_BASELINE
vShBhLGmFQHxPTXDZ1brDtBrx4ECTaXLWMkkftb5P7H,Bronze,1,HELIUS_METADATA_BASELINE
vVb9jTkz9h1jQFuVEL3bv3wTGY6ajWv84HizBrjoGec,Bronze,1,HELIUS_METADATA_BASELINE
vX6mTbyDatjS67yT16CXV5QV2AA5jsSE2CKCWREAn6T,Gold,3,HELIUS_METADATA_BASELINE
vXzMXjDTyQVyeiUUdHkomWULMoYpWBTRYFhf4X9Spjg,Gold,3,HELIUS_METADATA_BASELINE
vYrc3Qd2iCWKWQVsQZ5saBwYFNhANuTDday2BbpsxXT,Bronze,1,HELIUS_METADATA_BASELINE
va7jq9HN8sxgiyK1LnMFTpVtWhaGPBbDu8C4z8ZxKmK,Elven,5,HELIUS_METADATA_BASELINE
vbep4jLafsG814Wv44g8DzxbTMaqsmuUPr6L13oByUA,Silver,2,HELIUS_METADATA_BASELINE
vcT9pCSuunsKYKFuND5Xrnu1ohmVcmZC4CKp9AEr9z8,Bronze,1,HELIUS_METADATA_BASELINE
vkNjvvRdPj97nnFejKSwv3CfSGvVZerFrA89hqUuUPS,Bronze,1,HELIUS_METADATA_BASELINE
vyA3UPUVLRkBHzjjkuWtMDieJL5vbCpqGsN2DpThSVF,Silver,2,HELIUS_METADATA_BASELINE
w4uiHMMY2zWczTjgfZwqtz1BitBQWYujpN82WzXW2Vh,Gold,3,HELIUS_METADATA_BASELINE
wAYY1Rwso4E4VbYP2kEGwZcu3GWmwE9GvGLXM5sq1qG,Bronze,1,HELIUS_METADATA_BASELINE
wRbGeHkuTkoAnzWfn7JNPUPFyR9A9DSKosjo7Loo3ij,Bronze,1,HELIUS_METADATA_BASELINE
wZNJD4uwBcdt72n2aRQDnQzE3DfU2oQ1iB7VyKYzo2Z,Silver,2,HELIUS_METADATA_BASELINE
wnfHpeUrUVJ8z1iQLKE1TBbSArkxSaj5QM8efqKomzY,Bronze,1,HELIUS_METADATA_BASELINE
wqG9ERmjQvJZbPH1EEXXntB9Jb3Aidg5XJRohsEULjX,Arcane,4,HELIUS_METADATA_BASELINE
wqW9n3T9qDsKUY3jfgiCBvoBVqXbffL9GDJTTD3RCHZ,Bronze,1,HELIUS_METADATA_BASELINE
wxCWffcqpJMBdYDCLTYdV11FXLXoPXjayuKoKgdSyWb,Silver,2,HELIUS_METADATA_BASELINE
wzovu1z1Ght7JNaMGDstVkfJL6WjikWy4SSi1WphQZi,Elven,5,HELIUS_METADATA_BASELINE
x7vzx7ukdtMz7vWirPcJd4vm3WeLib8GmRTMAxsQ3Vr,Bronze,1,HELIUS_METADATA_BASELINE
xAg2ydrQZWBZbzgASiDP2X3vy3R6SX2wD6aiN7Vpe1u,Bronze,1,HELIUS_METADATA_BASELINE
xPkUpgCGdgQ6pAT8Jq5CZPdeJ14VyinmezPTroteck2,Bronze,1,HELIUS_METADATA_BASELINE
xUuAAchGCny3hHt9sG1qrPoimuBEHoYedrLJmZkKjhp,Silver,2,HELIUS_METADATA_BASELINE
xeZXbYV7yJpe8AZ8hqA24mLyWmjCQuowh1xvem4GmqX,Bronze,1,HELIUS_METADATA_BASELINE
xiphQ3dseqBhAjhcFnUaazzQQJ3coFZg6G1ZpzXkD27,Silver,2,HELIUS_METADATA_BASELINE
xmQbreDGyebq21xDqFQ1vh1FB8rJRW6UzRv8FPPqAKE,Silver,2,HELIUS_METADATA_BASELINE
xn3QkDs8metSfPYEduTug2iLaVjtrkj8oW86We6FRJD,Gold,3,HELIUS_METADATA_BASELINE
xxX8RUoyH8JuVqCTe5p242YeA8SZ2jZ1iszLLBzW8X3,Bronze,1,HELIUS_METADATA_BASELINE
xzzsbt5vn9ykAFvnwW2zwc4w4Tt95eetzTQMgkw7wXJ,Bronze,1,HELIUS_METADATA_BASELINE
y6pwq6qGJ5mrat5nWCpgUQoDAfdQdjZ89es2r2wmAjY,Gold,3,HELIUS_METADATA_BASELINE
y7VJtcJpBo2jL9vtqBsmiNHgghsUJgCuvy2C8xmJeQg,Gold,3,HELIUS_METADATA_BASELINE
yGQW2cFXgwjMhdP8bjSmcHqDpfnpXoui2uNmZ7Dg67v,Bronze,1,HELIUS_METADATA_BASELINE
yJrf1rQ5zCp547mDNoSdx1NZFHKscMEbnjLJUxE6C9U,Silver,2,HELIUS_METADATA_BASELINE
yToMLrWmo19A5MyfAemVv6bupnwtfYTiNq8XyiAaWod,Gold,3,HELIUS_METADATA_BASELINE
ymaQETrMAXcvfSZtHtBRN3nRqHc4cF4xNbJPvNcBrpz,Bronze,1,HELIUS_METADATA_BASELINE
ymysMNK7yASgHTqfLkiok3QPwou2jfL2Jfmt8xgvPTR,Bronze,1,HELIUS_METADATA_BASELINE
yuvtQ6DBWnMzNpVqNFosMPzA63FPon1z5vMkxiYer3K,Silver,2,HELIUS_METADATA_BASELINE
yvqeZdWbQ1XzfhV7G1VyxVcw9dTo9qGhCuVDATgaMNq,Bronze,1,HELIUS_METADATA_BASELINE
z3HmimZSmuCZqaFFEsxPHzqz6S4bUxyutNkRdR6PA8b,Bronze,1,HELIUS_METADATA_BASELINE
z7tgmpw4gHoWkeX6jKRAmwUoyL2xbYdEC7NPYwopgQd,Gold,3,HELIUS_METADATA_BASELINE
zAnGwpTZuUcrpTRwpS9gBbfBVr5aS9dfNGaCKCfSM66,Silver,2,HELIUS_METADATA_BASELINE
zUrt1xzzbasPbq5k3TdUgd1aHA79Qojwk8w2eS1Hy9c,Bronze,1,HELIUS_METADATA_BASELINE
zYv4pciUgFHsvvNrPAtsLU3k59NSrh7ovXFt3gtEyVt,Gold,3,HELIUS_METADATA_BASELINE
zd9bCDuDQipkaqtEvTHgJce4yEP5a1kmXoF1J2NsiJE,Bronze,1,HELIUS_METADATA_BASELINE
zj651hJDXqS1VKfEYFGWy6UbQZTYPtv38b81JqiYWJK,Silver,2,HELIUS_METADATA_BASELINE
zkX9cY7m4Qxm4695JE13AikwfvvgGmeZzxMy98Z3SHY,Bronze,1,HELIUS_METADATA_BASELINE
